Customer_ID,Last_Purchase_Date,Frequency,Monetary,Recency,Average_Order_Value,R_Score,F_Score,M_Score,RFM_Score,RFM_Total,Segment
CUST00001,2025-12-22,10,404803.60000000003,191,40480.36,2,4,4,244,10,At Risk
CUST00002,2026-06-25,9,223568.30000000002,6,24840.922222222223,5,3,3,533,11,Potential Loyalists
CUST00003,2025-08-09,5,49185.4,326,9837.08,1,2,1,121,4,Lost Customers
CUST00004,2026-03-27,26,1390888.5,96,53495.71153846154,3,5,5,355,13,Loyal Customers
CUST00005,2026-02-14,7,150572.4,137,21510.342857142856,3,3,2,332,8,Others
CUST00006,2026-01-16,4,52893.85,166,13223.4625,2,2,1,221,5,Lost Customers
CUST00007,2025-10-01,5,247822.65,273,49564.53,2,2,3,223,7,Others
CUST00008,2026-06-11,11,524098.4,20,47645.30909090909,5,4,4,544,13,Champions
CUST00009,2026-06-16,10,514580.7,15,51458.07,5,4,4,544,13,Champions
CUST00010,2026-01-13,1,54606.0,169,54606.0,2,1,1,211,4,Lost Customers
CUST00011,2026-06-25,5,305266.8,6,61053.36,5,2,3,523,10,Potential Loyalists
CUST00012,2026-02-14,11,650487.5499999999,137,59135.23181818181,3,4,5,345,12,Loyal Customers
CUST00013,2026-06-17,14,577711.0,14,41265.07142857143,5,5,4,554,14,Champions
CUST00014,2025-07-12,4,233897.0,354,58474.25,1,2,3,123,6,Others
CUST00015,2025-04-24,6,287446.3,433,47907.71666666667,1,3,3,133,7,At Risk
CUST00016,2026-01-30,9,324040.35,152,36004.48333333333,2,3,4,234,9,At Risk
CUST00017,2026-05-30,11,194521.15,32,17683.74090909091,4,4,3,443,11,Loyal Customers
CUST00018,2026-05-19,4,121651.7,43,30412.925,4,2,2,422,8,Potential Loyalists
CUST00019,2026-01-05,5,166364.25,177,33272.85,2,2,2,222,6,Lost Customers
CUST00020,2025-09-07,6,172646.7,297,28774.45,2,3,3,233,8,At Risk
CUST00021,2026-04-01,6,286768.05,91,47794.674999999996,3,3,3,333,9,Others
CUST00022,2026-05-24,11,736788.5,38,66980.77272727272,4,4,5,445,13,Champions
CUST00023,2026-06-29,7,154841.6,2,22120.22857142857,5,3,2,532,10,Potential Loyalists
CUST00024,2026-04-17,18,427088.35,75,23727.130555555555,3,5,4,354,12,Loyal Customers
CUST00025,2024-08-19,1,720.0,681,720.0,1,1,1,111,3,Lost Customers
CUST00026,2026-01-07,13,394919.5,175,30378.423076923078,2,4,4,244,10,At Risk
CUST00027,2024-12-07,2,25620.0,571,12810.0,1,1,1,111,3,Lost Customers
CUST00028,2024-10-09,3,148466.19999999998,630,49488.73333333333,1,1,2,112,4,Lost Customers
CUST00029,2026-04-20,7,341962.55,72,48851.79285714286,3,3,4,334,10,Others
CUST00030,2026-06-13,15,451094.5,18,30072.966666666667,5,5,4,554,14,Champions
CUST00031,2026-06-05,9,270898.4,26,30099.822222222225,5,3,3,533,11,Potential Loyalists
CUST00032,2026-04-20,3,126421.7,72,42140.566666666666,3,1,2,312,6,Others
CUST00033,2026-05-17,8,127734.35,45,15966.79375,4,3,2,432,9,Potential Loyalists
CUST00034,2025-08-10,3,47159.7,325,15719.9,1,1,1,111,3,Lost Customers
CUST00035,2026-01-30,9,179332.1,152,19925.78888888889,2,3,3,233,8,At Risk
CUST00036,2024-10-11,1,15116.4,628,15116.4,1,1,1,111,3,Lost Customers
CUST00037,2026-04-27,7,233578.55,65,33368.364285714284,4,3,3,433,10,Potential Loyalists
CUST00038,2026-04-27,17,662360.9,65,38962.40588235294,4,5,5,455,14,Champions
CUST00039,2025-12-15,1,49098.85,198,49098.85,2,1,1,211,4,Lost Customers
CUST00040,2025-11-22,2,117304.2,221,58652.1,2,1,2,212,5,Lost Customers
CUST00041,2025-02-11,3,43198.35,505,14399.449999999999,1,1,1,111,3,Lost Customers
CUST00042,2026-01-16,3,101234.6,166,33744.86666666667,2,1,2,212,5,Lost Customers
CUST00043,2026-03-23,8,257414.65000000002,100,32176.831250000003,3,3,3,333,9,Others
CUST00044,2026-06-16,6,103931.9,15,17321.983333333334,5,3,2,532,10,Potential Loyalists
CUST00045,2025-02-08,3,95903.1,508,31967.7,1,1,2,112,4,Lost Customers
CUST00046,2024-07-23,2,33260.0,708,16630.0,1,1,1,111,3,Lost Customers
CUST00047,2025-12-26,3,5547.7,187,1849.2333333333333,2,1,1,211,4,Lost Customers
CUST00048,2026-06-25,13,750682.0,6,57744.769230769234,5,4,5,545,14,Champions
CUST00049,2026-05-06,9,304562.85,56,33840.316666666666,4,3,3,433,10,Potential Loyalists
CUST00050,2026-05-31,16,738405.75,31,46150.359375,4,5,5,455,14,Champions
CUST00051,2024-10-27,1,75112.0,612,75112.0,1,1,2,112,4,Lost Customers
CUST00052,2025-11-10,1,1632.6,233,1632.6,2,1,1,211,4,Lost Customers
CUST00053,2024-11-25,3,4989.75,583,1663.25,1,1,1,111,3,Lost Customers
CUST00054,2026-05-20,10,492738.7,42,49273.87,4,4,4,444,12,Champions
CUST00055,2025-01-22,4,195877.7,525,48969.425,1,2,3,123,6,Others
CUST00056,2026-04-27,11,642113.0,65,58373.90909090909,4,4,5,445,13,Champions
CUST00057,2025-01-14,4,255082.25,533,63770.5625,1,2,3,123,6,Others
CUST00058,2026-06-13,12,403423.15,18,33618.59583333333,5,4,4,544,13,Champions
CUST00059,2026-06-18,22,1140747.7,13,51852.16818181818,5,5,5,555,15,Champions
CUST00060,2024-10-12,2,25042.4,627,12521.2,1,1,1,111,3,Lost Customers
CUST00061,2026-02-14,4,138959.2,137,34739.8,3,2,2,322,7,Others
CUST00062,2026-03-04,12,520041.6,119,43336.799999999996,3,4,4,344,11,Loyal Customers
CUST00063,2026-04-21,22,1075465.75,71,48884.806818181816,3,5,5,355,13,Loyal Customers
CUST00064,2026-05-09,28,1659531.05,53,59268.96607142857,4,5,5,455,14,Champions
CUST00065,2026-05-18,5,195703.55,44,39140.71,4,2,3,423,9,Potential Loyalists
CUST00066,2026-06-15,13,459603.95,16,35354.15,5,4,4,544,13,Champions
CUST00067,2024-11-11,1,17668.8,597,17668.8,1,1,1,111,3,Lost Customers
CUST00068,2026-06-04,8,627506.9,27,78438.3625,5,3,5,535,13,Potential Loyalists
CUST00069,2026-06-20,3,44665.7,11,14888.566666666666,5,1,1,511,7,Others
CUST00070,2026-04-16,5,223886.85,76,44777.37,3,2,3,323,8,Others
CUST00071,2026-05-13,9,243971.2,49,27107.911111111112,4,3,3,433,10,Potential Loyalists
CUST00072,2026-03-28,4,74153.2,95,18538.3,3,2,2,322,7,Others
CUST00073,2026-04-02,13,946250.75,90,72788.51923076923,3,4,5,345,12,Loyal Customers
CUST00074,2025-06-15,3,166797.0,381,55599.0,1,1,2,112,4,Lost Customers
CUST00075,2026-05-26,8,158283.55,36,19785.44375,4,3,2,432,9,Potential Loyalists
CUST00076,2024-06-29,2,4489.25,732,2244.625,1,1,1,111,3,Lost Customers
CUST00077,2026-02-13,12,291650.2,138,24304.183333333334,3,4,3,343,10,Loyal Customers
CUST00078,2025-04-04,5,164788.3,453,32957.659999999996,1,2,2,122,5,Lost Customers
CUST00079,2026-03-11,7,226873.4,112,32410.485714285714,3,3,3,333,9,Others
CUST00080,2025-06-05,3,150523.45,391,50174.48333333334,1,1,2,112,4,Lost Customers
CUST00081,2026-05-07,13,465590.05,55,35814.61923076923,4,4,4,444,12,Champions
CUST00082,2026-06-30,3,119031.04999999999,1,39677.01666666666,5,1,2,512,8,Others
CUST00083,2026-03-15,6,415857.8,108,69309.63333333333,3,3,4,334,10,Others
CUST00084,2026-03-06,5,208889.3,117,41777.86,3,2,3,323,8,Others
CUST00085,2026-05-15,12,134284.45,47,11190.370833333334,4,4,2,442,10,Loyal Customers
CUST00086,2026-05-26,10,425985.19999999995,36,42598.52,4,4,4,444,12,Champions
CUST00087,2025-08-29,10,512219.75,306,51221.975,2,4,4,244,10,At Risk
CUST00088,2026-06-22,14,1188402.75,9,84885.91071428571,5,5,5,555,15,Champions
CUST00089,2025-02-08,2,42976.0,508,21488.0,1,1,1,111,3,Lost Customers
CUST00090,2026-04-10,11,348063.2,82,31642.109090909093,3,4,4,344,11,Loyal Customers
CUST00091,2026-02-26,2,100492.2,125,50246.1,3,1,2,312,6,Others
CUST00092,2026-06-25,13,312979.9,6,24075.376923076925,5,4,3,543,12,Loyal Customers
CUST00093,2026-05-18,12,646520.2,44,53876.68333333333,4,4,5,445,13,Champions
CUST00094,2026-05-27,4,131293.1,35,32823.275,4,2,2,422,8,Potential Loyalists
CUST00095,2025-02-10,5,292540.0,506,58508.0,1,2,3,123,6,Others
CUST00096,2026-05-04,7,290664.65,58,41523.52142857143,4,3,3,433,10,Potential Loyalists
CUST00097,2025-09-23,6,166975.2,281,27829.2,2,3,2,232,7,At Risk
CUST00098,2025-06-12,4,29667.7,384,7416.925,1,2,1,121,4,Lost Customers
CUST00099,2025-08-23,3,80058.4,312,26686.13333333333,2,1,2,212,5,Lost Customers
CUST00100,2026-05-13,10,150041.4,49,15004.14,4,4,2,442,10,Loyal Customers
CUST00101,2026-05-26,11,246491.15,36,22408.28636363636,4,4,3,443,11,Loyal Customers
CUST00102,2025-07-20,4,203593.85,346,50898.4625,1,2,3,123,6,Others
CUST00103,2026-05-14,10,515476.4,48,51547.64,4,4,4,444,12,Champions
CUST00104,2025-11-26,7,235031.4,217,33575.91428571429,2,3,3,233,8,At Risk
CUST00105,2025-10-15,5,52122.299999999996,259,10424.46,2,2,1,221,5,Lost Customers
CUST00106,2026-05-05,7,367442.9,57,52491.84285714286,4,3,4,434,11,Potential Loyalists
CUST00107,2026-06-12,18,1045767.15,19,58098.175,5,5,5,555,15,Champions
CUST00108,2026-06-08,18,1303994.3,23,72444.12777777779,5,5,5,555,15,Champions
CUST00109,2026-06-12,4,56422.35,19,14105.5875,5,2,1,521,8,Potential Loyalists
CUST00110,2025-12-27,8,148027.7,186,18503.4625,2,3,2,232,7,At Risk
CUST00111,2025-10-19,5,356992.4,255,71398.48000000001,2,2,4,224,8,Others
CUST00112,2026-04-23,7,448566.45,69,64080.92142857143,4,3,4,434,11,Potential Loyalists
CUST00113,2024-08-09,3,220916.0,691,73638.66666666667,1,1,3,113,5,Others
CUST00114,2026-03-20,5,78016.9,103,15603.38,3,2,2,322,7,Others
CUST00115,2024-10-17,2,5912.0,622,2956.0,1,1,1,111,3,Lost Customers
CUST00116,2026-05-07,24,1237818.4,55,51575.76666666666,4,5,5,455,14,Champions
CUST00117,2024-06-27,1,89316.0,734,89316.0,1,1,2,112,4,Lost Customers
CUST00118,2024-12-21,1,37482.0,557,37482.0,1,1,1,111,3,Lost Customers
CUST00119,2024-12-07,2,36926.05,571,18463.025,1,1,1,111,3,Lost Customers
CUST00120,2026-06-29,22,1012646.65,2,46029.39318181818,5,5,5,555,15,Champions
CUST00121,2026-05-25,5,174084.8,37,34816.96,4,2,3,423,9,Potential Loyalists
CUST00122,2026-01-10,3,42010.15,172,14003.383333333333,2,1,1,211,4,Lost Customers
CUST00123,2026-03-15,4,28526.0,108,7131.5,3,2,1,321,6,Others
CUST00124,2025-03-25,1,3969.0,463,3969.0,1,1,1,111,3,Lost Customers
CUST00125,2026-03-20,11,151129.3,103,13739.027272727271,3,4,2,342,9,Loyal Customers
CUST00126,2026-05-14,5,140082.95,48,28016.590000000004,4,2,2,422,8,Potential Loyalists
CUST00127,2026-05-24,8,298082.0,38,37260.25,4,3,3,433,10,Potential Loyalists
CUST00128,2024-10-30,4,112814.75,609,28203.6875,1,2,2,122,5,Lost Customers
CUST00129,2026-02-19,11,727722.7,132,66156.60909090909,3,4,5,345,12,Loyal Customers
CUST00130,2026-04-07,12,619753.1,85,51646.09166666667,3,4,5,345,12,Loyal Customers
CUST00131,2024-07-29,3,101342.9,702,33780.96666666667,1,1,2,112,4,Lost Customers
CUST00132,2025-08-06,7,307262.8,329,43894.68571428571,1,3,3,133,7,At Risk
CUST00133,2026-05-30,7,147776.9,32,21110.985714285714,4,3,2,432,9,Potential Loyalists
CUST00134,2026-06-18,16,864265.45,13,54016.590625,5,5,5,555,15,Champions
CUST00135,2024-11-08,2,116289.7,600,58144.85,1,1,2,112,4,Lost Customers
CUST00136,2026-05-08,13,407462.45,54,31343.265384615384,4,4,4,444,12,Champions
CUST00137,2026-04-22,5,124112.2,70,24822.44,3,2,2,322,7,Others
CUST00138,2026-05-26,20,747415.15,36,37370.7575,4,5,5,455,14,Champions
CUST00139,2025-11-19,6,453573.30000000005,224,75595.55,2,3,4,234,9,At Risk
CUST00140,2026-06-06,14,680028.65,25,48573.475,5,5,5,555,15,Champions
CUST00141,2026-04-08,4,218154.6,84,54538.65,3,2,3,323,8,Others
CUST00142,2026-04-28,7,306868.45,64,43838.35,4,3,3,433,10,Potential Loyalists
CUST00143,2026-04-12,5,651658.2,80,130331.63999999998,3,2,5,325,10,Others
CUST00144,2026-05-31,14,568879.65,31,40634.260714285716,4,5,4,454,13,Champions
CUST00145,2025-10-04,5,84686.05,270,16937.21,2,2,2,222,6,Lost Customers
CUST00146,2026-06-18,13,466241.4,13,35864.72307692308,5,4,4,544,13,Champions
CUST00147,2026-05-10,12,373988.35,52,31165.69583333333,4,4,4,444,12,Champions
CUST00148,2026-02-07,12,477467.3,144,39788.941666666666,3,4,4,344,11,Loyal Customers
CUST00149,2024-12-27,1,99062.4,551,99062.4,1,1,2,112,4,Lost Customers
CUST00150,2026-02-16,3,127404.65000000001,135,42468.21666666667,3,1,2,312,6,Others
CUST00151,2026-06-16,12,356898.2,15,29741.516666666666,5,4,4,544,13,Champions
CUST00152,2026-06-22,16,779620.55,9,48726.284375,5,5,5,555,15,Champions
CUST00153,2026-03-09,9,332693.0,114,36965.88888888889,3,3,4,334,10,Others
CUST00154,2026-04-10,11,415903.75,82,37809.431818181816,3,4,4,344,11,Loyal Customers
CUST00155,2025-04-13,2,8077.05,444,4038.525,1,1,1,111,3,Lost Customers
CUST00156,2026-06-24,16,800448.2,7,50028.0125,5,5,5,555,15,Champions
CUST00157,2025-09-20,6,364494.0,284,60749.0,2,3,4,234,9,At Risk
CUST00158,2025-07-01,3,9748.2,365,3249.4,1,1,1,111,3,Lost Customers
CUST00159,2026-06-23,4,199328.7,8,49832.175,5,2,3,523,10,Potential Loyalists
CUST00160,2026-05-31,11,417689.10000000003,31,37971.736363636366,4,4,4,444,12,Champions
CUST00161,2025-06-21,4,78405.1,375,19601.275,1,2,2,122,5,Lost Customers
CUST00162,2026-04-21,2,9871.7,71,4935.85,3,1,1,311,5,Others
CUST00163,2026-03-31,7,442373.5,92,63196.21428571428,3,3,4,334,10,Others
CUST00164,2026-05-22,7,243809.35,40,34829.90714285714,4,3,3,433,10,Potential Loyalists
CUST00165,2026-05-30,6,211871.8,32,35311.96666666667,4,3,3,433,10,Potential Loyalists
CUST00166,2025-06-02,2,53645.399999999994,394,26822.699999999997,1,1,1,111,3,Lost Customers
CUST00167,2026-05-13,18,1338701.25,49,74372.29166666667,4,5,5,455,14,Champions
CUST00168,2026-05-01,7,246734.80000000002,61,35247.828571428574,4,3,3,433,10,Potential Loyalists
CUST00169,2025-11-30,5,179372.85,213,35874.57,2,2,3,223,7,Others
CUST00170,2025-10-26,2,25765.2,248,12882.6,2,1,1,211,4,Lost Customers
CUST00171,2026-05-10,27,1538811.1,52,56993.003703703704,4,5,5,455,14,Champions
CUST00172,2026-04-05,10,407969.1,87,40796.909999999996,3,4,4,344,11,Loyal Customers
CUST00173,2026-06-06,5,227054.25,25,45410.85,5,2,3,523,10,Potential Loyalists
CUST00174,2025-07-21,6,69270.45,345,11545.074999999999,1,3,1,131,5,At Risk
CUST00175,2026-06-01,15,1042309.95,30,69487.33,4,5,5,455,14,Champions
CUST00176,2026-06-19,14,805488.5,12,57534.892857142855,5,5,5,555,15,Champions
CUST00177,2026-02-04,8,379179.8,147,47397.475,2,3,4,234,9,At Risk
CUST00178,2024-11-03,2,19917.9,605,9958.95,1,1,1,111,3,Lost Customers
CUST00179,2026-03-20,12,631707.6,103,52642.299999999996,3,4,5,345,12,Loyal Customers
CUST00180,2026-05-23,4,76950.65,39,19237.6625,4,2,2,422,8,Potential Loyalists
CUST00181,2025-08-27,11,166905.3,308,15173.20909090909,2,4,2,242,8,At Risk
CUST00182,2026-04-08,6,154004.95,84,25667.49166666667,3,3,2,332,8,Others
CUST00183,2025-08-22,10,251187.75,313,25118.775,2,4,3,243,9,At Risk
CUST00184,2026-05-21,7,267459.0,41,38208.42857142857,4,3,3,433,10,Potential Loyalists
CUST00185,2026-06-02,10,277812.6,29,27781.26,5,4,3,543,12,Loyal Customers
CUST00186,2026-02-20,15,610409.1000000001,131,40693.94000000001,3,5,5,355,13,Loyal Customers
CUST00187,2026-06-16,8,412813.85,15,51601.73125,5,3,4,534,12,Potential Loyalists
CUST00188,2026-05-22,19,831421.8,40,43759.04210526316,4,5,5,455,14,Champions
CUST00189,2026-03-22,9,203834.94999999998,101,22648.327777777777,3,3,3,333,9,Others
CUST00190,2026-02-09,4,189306.4,142,47326.6,3,2,3,323,8,Others
CUST00191,2026-06-18,11,423891.9,13,38535.62727272727,5,4,4,544,13,Champions
CUST00192,2026-06-22,8,414846.1,9,51855.7625,5,3,4,534,12,Potential Loyalists
CUST00193,2026-05-25,15,418551.05,37,27903.403333333332,4,5,4,454,13,Champions
CUST00194,2026-06-06,13,901805.15,25,69369.62692307692,5,4,5,545,14,Champions
CUST00195,2026-03-17,10,440559.35,106,44055.935,3,4,4,344,11,Loyal Customers
CUST00196,2025-06-10,1,6650.0,386,6650.0,1,1,1,111,3,Lost Customers
CUST00197,2025-04-16,3,40642.2,441,13547.4,1,1,1,111,3,Lost Customers
CUST00198,2026-06-07,12,969787.55,24,80815.62916666667,5,4,5,545,14,Champions
CUST00199,2026-04-30,2,48137.2,62,24068.6,4,1,1,411,6,Others
CUST00200,2026-05-24,11,400363.1,38,36396.645454545454,4,4,4,444,12,Champions
CUST00201,2025-06-11,3,306953.15,385,102317.71666666667,1,1,3,113,5,Others
CUST00202,2025-12-24,3,186222.2,189,62074.06666666667,2,1,3,213,6,Others
CUST00203,2025-08-31,1,14560.5,304,14560.5,2,1,1,211,4,Lost Customers
CUST00204,2026-03-13,4,154521.0,110,38630.25,3,2,2,322,7,Others
CUST00205,2026-05-21,15,1192337.8,41,79489.18666666668,4,5,5,455,14,Champions
CUST00206,2025-01-13,3,112562.9,534,37520.96666666667,1,1,2,112,4,Lost Customers
CUST00207,2026-06-10,11,200121.45,21,18192.859090909093,5,4,3,543,12,Loyal Customers
CUST00208,2026-03-08,18,746890.9500000001,115,41493.94166666667,3,5,5,355,13,Loyal Customers
CUST00209,2026-04-06,3,221186.69999999998,86,73728.9,3,1,3,313,7,Others
CUST00210,2026-02-20,6,210372.74999999997,131,35062.12499999999,3,3,3,333,9,Others
CUST00211,2026-06-13,19,982662.0,18,51719.05263157895,5,5,5,555,15,Champions
CUST00212,2026-06-17,14,462249.35,14,33017.81071428571,5,5,4,554,14,Champions
CUST00213,2025-04-12,2,48092.4,445,24046.2,1,1,1,111,3,Lost Customers
CUST00214,2025-09-26,6,255378.84999999998,278,42563.14166666666,2,3,3,233,8,At Risk
CUST00215,2026-01-26,2,64882.25,156,32441.125,2,1,1,211,4,Lost Customers
CUST00216,2026-04-29,23,1580438.1,63,68714.7,4,5,5,455,14,Champions
CUST00217,2025-07-30,5,111118.5,336,22223.7,1,2,2,122,5,Lost Customers
CUST00218,2025-08-16,4,188702.85,319,47175.7125,1,2,3,123,6,Others
CUST00219,2026-06-13,1,9988.2,18,9988.2,5,1,1,511,7,Others
CUST00220,2026-06-02,25,894905.9,29,35796.236000000004,5,5,5,555,15,Champions
CUST00221,2024-09-07,1,111670.0,662,111670.0,1,1,2,112,4,Lost Customers
CUST00222,2025-12-15,2,82718.0,198,41359.0,2,1,2,212,5,Lost Customers
CUST00223,2026-05-27,6,416721.25,35,69453.54166666667,4,3,4,434,11,Potential Loyalists
CUST00224,2026-02-17,4,325054.6,134,81263.65,3,2,4,324,9,Others
CUST00225,2025-12-20,3,26571.25,193,8857.083333333334,2,1,1,211,4,Lost Customers
CUST00226,2026-03-17,10,274606.85,106,27460.684999999998,3,4,3,343,10,Loyal Customers
CUST00227,2025-12-23,8,212198.95,190,26524.86875,2,3,3,233,8,At Risk
CUST00228,2026-06-10,13,926398.7,21,71261.43846153846,5,4,5,545,14,Champions
CUST00229,2026-04-02,4,56651.3,90,14162.825,3,2,1,321,6,Others
CUST00230,2026-06-02,9,304241.95,29,33804.66111111111,5,3,3,533,11,Potential Loyalists
CUST00231,2026-05-05,20,732766.2,57,36638.31,4,5,5,455,14,Champions
CUST00232,2026-03-22,9,524020.35,101,58224.48333333333,3,3,4,334,10,Others
CUST00233,2025-12-23,12,722109.15,190,60175.762500000004,2,4,5,245,11,At Risk
CUST00234,2026-01-31,8,375458.8,151,46932.35,2,3,4,234,9,At Risk
CUST00235,2026-06-26,11,426681.75,5,38789.25,5,4,4,544,13,Champions
CUST00236,2026-06-03,12,780598.5,28,65049.875,5,4,5,545,14,Champions
CUST00237,2026-03-19,16,1003424.4,104,62714.025,3,5,5,355,13,Loyal Customers
CUST00238,2026-05-09,6,212633.80000000002,53,35438.96666666667,4,3,3,433,10,Potential Loyalists
CUST00239,2024-12-04,3,60892.95,574,20297.649999999998,1,1,1,111,3,Lost Customers
CUST00240,2026-05-07,2,31992.2,55,15996.1,4,1,1,411,6,Others
CUST00241,2026-01-29,8,139322.1,153,17415.2625,2,3,2,232,7,At Risk
CUST00242,2026-05-09,17,766885.15,53,45110.89117647059,4,5,5,455,14,Champions
CUST00243,2026-05-31,7,152618.0,31,21802.571428571428,4,3,2,432,9,Potential Loyalists
CUST00244,2026-05-23,20,831622.6,39,41581.13,4,5,5,455,14,Champions
CUST00245,2026-06-23,16,571529.1,8,35720.56875,5,5,4,554,14,Champions
CUST00246,2026-02-21,7,180848.5,130,25835.5,3,3,3,333,9,Others
CUST00247,2026-05-02,26,735281.0,60,28280.03846153846,4,5,5,455,14,Champions
CUST00248,2026-04-24,9,194472.5,68,21608.055555555555,4,3,3,433,10,Potential Loyalists
CUST00249,2026-05-05,9,315624.5,57,35069.38888888889,4,3,3,433,10,Potential Loyalists
CUST00250,2026-02-10,2,81528.35,141,40764.175,3,1,2,312,6,Others
CUST00251,2026-06-10,9,293005.1,21,32556.12222222222,5,3,3,533,11,Potential Loyalists
CUST00252,2024-05-18,2,51169.5,774,25584.75,1,1,1,111,3,Lost Customers
CUST00253,2026-05-01,13,876537.8,61,67425.98461538462,4,4,5,445,13,Champions
CUST00254,2026-02-21,3,186255.34999999998,130,62085.11666666666,3,1,3,313,7,Others
CUST00255,2026-01-24,9,313857.95,158,34873.10555555556,2,3,3,233,8,At Risk
CUST00256,2026-05-02,5,250184.4,60,50036.88,4,2,3,423,9,Potential Loyalists
CUST00257,2026-05-03,9,348605.3,59,38733.92222222222,4,3,4,434,11,Potential Loyalists
CUST00258,2026-05-31,31,1522573.55,31,49115.27580645162,4,5,5,455,14,Champions
CUST00259,2026-06-09,17,771795.5,22,45399.73529411765,5,5,5,555,15,Champions
CUST00260,2026-03-22,5,274700.55,101,54940.11,3,2,3,323,8,Others
CUST00261,2026-04-11,4,265164.6,81,66291.15,3,2,3,323,8,Others
CUST00262,2025-11-24,6,271405.0,219,45234.166666666664,2,3,3,233,8,At Risk
CUST00263,2025-09-06,3,79831.6,298,26610.533333333336,2,1,2,212,5,Lost Customers
CUST00264,2026-05-24,3,123345.5,38,41115.166666666664,4,1,2,412,7,Others
CUST00265,2026-05-16,15,706974.4500000001,46,47131.630000000005,4,5,5,455,14,Champions
CUST00266,2026-04-11,10,414982.55,81,41498.255,3,4,4,344,11,Loyal Customers
CUST00267,2025-11-03,5,87363.05,240,17472.61,2,2,2,222,6,Lost Customers
CUST00268,2025-08-20,1,113972.4,315,113972.4,1,1,2,112,4,Lost Customers
CUST00269,2025-03-16,1,36286.4,472,36286.4,1,1,1,111,3,Lost Customers
CUST00270,2025-11-10,11,585632.4,233,53239.30909090909,2,4,4,244,10,At Risk
CUST00271,2025-09-09,5,46139.9,295,9227.98,2,2,1,221,5,Lost Customers
CUST00272,2025-05-18,3,78250.6,409,26083.533333333336,1,1,2,112,4,Lost Customers
CUST00273,2026-06-20,10,249257.8,11,24925.78,5,4,3,543,12,Loyal Customers
CUST00274,2026-04-07,14,571086.55,85,40791.89642857143,3,5,4,354,12,Loyal Customers
CUST00275,2025-12-01,4,206681.0,212,51670.25,2,2,3,223,7,Others
CUST00276,2026-01-11,11,548765.65,171,49887.78636363637,2,4,4,244,10,At Risk
CUST00277,2025-10-02,9,309585.85000000003,272,34398.42777777778,2,3,3,233,8,At Risk
CUST00278,2026-02-19,12,407841.15,132,33986.762500000004,3,4,4,344,11,Loyal Customers
CUST00279,2025-09-12,3,19887.4,292,6629.133333333334,2,1,1,211,4,Lost Customers
CUST00280,2026-05-04,15,570624.15,58,38041.61,4,5,4,454,13,Champions
CUST00281,2025-07-06,5,110027.0,360,22005.4,1,2,2,122,5,Lost Customers
CUST00282,2025-05-29,7,233727.1,398,33389.58571428571,1,3,3,133,7,At Risk
CUST00283,2026-03-24,10,389737.89999999997,99,38973.78999999999,3,4,4,344,11,Loyal Customers
CUST00284,2025-08-19,2,4934.65,316,2467.325,1,1,1,111,3,Lost Customers
CUST00285,2024-11-09,3,3991.0,599,1330.3333333333333,1,1,1,111,3,Lost Customers
CUST00286,2025-10-14,5,317630.4,260,63526.08,2,2,3,223,7,Others
CUST00287,2026-06-14,4,64036.65,17,16009.1625,5,2,1,521,8,Potential Loyalists
CUST00288,2025-12-30,5,48938.299999999996,183,9787.66,2,2,1,221,5,Lost Customers
CUST00289,2026-06-25,30,1278723.1500000001,6,42624.105,5,5,5,555,15,Champions
CUST00290,2026-05-02,7,154520.09999999998,60,22074.299999999996,4,3,2,432,9,Potential Loyalists
CUST00291,2025-11-19,4,63164.05,224,15791.0125,2,2,1,221,5,Lost Customers
CUST00292,2025-06-28,4,197479.5,368,49369.875,1,2,3,123,6,Others
CUST00293,2026-06-29,16,606344.7,2,37896.54375,5,5,5,555,15,Champions
CUST00294,2026-03-25,21,820666.5,98,39079.357142857145,3,5,5,355,13,Loyal Customers
CUST00295,2026-03-03,11,154440.35,120,14040.031818181818,3,4,2,342,9,Loyal Customers
CUST00296,2026-05-21,6,56020.65,41,9336.775,4,3,1,431,8,Potential Loyalists
CUST00297,2024-09-01,2,13453.2,668,6726.6,1,1,1,111,3,Lost Customers
CUST00298,2026-05-08,7,663542.85,54,94791.83571428571,4,3,5,435,12,Potential Loyalists
CUST00299,2026-02-08,3,89342.79999999999,143,29780.93333333333,3,1,2,312,6,Others
CUST00300,2025-07-21,1,8304.9,345,8304.9,1,1,1,111,3,Lost Customers
CUST00301,2026-06-22,19,624209.85,9,32853.15,5,5,5,555,15,Champions
CUST00302,2026-02-25,6,260976.6,126,43496.1,3,3,3,333,9,Others
CUST00303,2025-06-09,5,107791.3,387,21558.260000000002,1,2,2,122,5,Lost Customers
CUST00304,2025-02-22,3,154419.80000000002,494,51473.26666666667,1,1,2,112,4,Lost Customers
CUST00305,2025-10-16,4,14422.25,258,3605.5625,2,2,1,221,5,Lost Customers
CUST00306,2026-03-16,9,364079.85000000003,107,40453.31666666667,3,3,4,334,10,Others
CUST00307,2026-04-24,11,213285.55,68,19389.595454545455,4,4,3,443,11,Loyal Customers
CUST00308,2025-10-03,7,353251.45,271,50464.49285714286,2,3,4,234,9,At Risk
CUST00309,2026-06-13,22,1005486.95,18,45703.95227272727,5,5,5,555,15,Champions
CUST00310,2025-12-28,15,890485.35,185,59365.689999999995,2,5,5,255,12,At Risk
CUST00311,2026-06-24,17,717208.95,7,42188.76176470588,5,5,5,555,15,Champions
CUST00312,2025-10-24,2,37721.4,250,18860.7,2,1,1,211,4,Lost Customers
CUST00313,2026-03-05,8,211680.1,118,26460.0125,3,3,3,333,9,Others
CUST00314,2026-05-30,15,552870.2,32,36858.01333333333,4,5,4,454,13,Champions
CUST00315,2026-03-23,6,79527.5,100,13254.583333333334,3,3,2,332,8,Others
CUST00316,2025-07-06,3,32692.6,360,10897.533333333333,1,1,1,111,3,Lost Customers
CUST00317,2026-05-29,5,417161.2,33,83432.24,4,2,4,424,10,Potential Loyalists
CUST00318,2025-12-31,11,559042.5,182,50822.045454545456,2,4,4,244,10,At Risk
CUST00319,2026-03-25,5,155066.75,98,31013.35,3,2,2,322,7,Others
CUST00320,2026-06-04,12,451163.65,27,37596.97083333333,5,4,4,544,13,Champions
CUST00321,2026-06-16,10,483971.0,15,48397.1,5,4,4,544,13,Champions
CUST00322,2026-04-28,20,675215.3,64,33760.765,4,5,5,455,14,Champions
CUST00323,2024-11-22,2,42027.700000000004,586,21013.850000000002,1,1,1,111,3,Lost Customers
CUST00324,2026-03-29,7,133991.6,94,19141.657142857144,3,3,2,332,8,Others
CUST00325,2026-04-20,9,401805.45,72,44645.05,3,3,4,334,10,Others
CUST00326,2026-05-29,14,325380.35,33,23241.45357142857,4,5,4,454,13,Champions
CUST00327,2024-11-10,2,37730.7,598,18865.35,1,1,1,111,3,Lost Customers
CUST00328,2025-09-25,1,26042.4,279,26042.4,2,1,1,211,4,Lost Customers
CUST00329,2026-05-30,32,1326882.55,32,41465.0796875,4,5,5,455,14,Champions
CUST00330,2026-01-22,9,605226.25,160,67247.36111111111,2,3,5,235,10,At Risk
CUST00331,2026-05-14,13,380749.5,48,29288.423076923078,4,4,4,444,12,Champions
CUST00332,2026-01-31,11,369817.0,151,33619.72727272727,2,4,4,244,10,At Risk
CUST00333,2026-06-15,12,532459.45,16,44371.62083333333,5,4,4,544,13,Champions
CUST00334,2025-11-25,10,173425.0,218,17342.5,2,4,3,243,9,At Risk
CUST00335,2026-03-06,2,102197.6,117,51098.8,3,1,2,312,6,Others
CUST00336,2026-04-23,13,621806.65,69,47831.28076923077,4,4,5,445,13,Champions
CUST00337,2026-03-25,10,191089.5,98,19108.95,3,4,3,343,10,Loyal Customers
CUST00338,2026-02-06,10,358652.05,145,35865.205,3,4,4,344,11,Loyal Customers
CUST00339,2026-06-13,12,897449.95,18,74787.49583333333,5,4,5,545,14,Champions
CUST00340,2026-01-11,5,103469.1,171,20693.82,2,2,2,222,6,Lost Customers
CUST00341,2024-06-12,5,172478.15000000002,749,34495.630000000005,1,2,3,123,6,Others
CUST00342,2025-01-14,5,265577.8,533,53115.56,1,2,3,123,6,Others
CUST00343,2026-02-01,4,3805.2,150,951.3,2,2,1,221,5,Lost Customers
CUST00344,2025-06-22,1,27244.8,374,27244.8,1,1,1,111,3,Lost Customers
CUST00345,2026-05-15,9,280624.55,47,31180.505555555555,4,3,3,433,10,Potential Loyalists
CUST00346,2026-04-07,7,110098.5,85,15728.357142857143,3,3,2,332,8,Others
CUST00347,2026-01-08,9,411417.5,174,45713.055555555555,2,3,4,234,9,At Risk
CUST00348,2026-06-10,5,186183.2,21,37236.64,5,2,3,523,10,Potential Loyalists
CUST00349,2026-02-26,10,207005.15,125,20700.515,3,4,3,343,10,Loyal Customers
CUST00350,2025-08-22,5,99861.09999999999,313,19972.219999999998,2,2,2,222,6,Lost Customers
CUST00351,2026-02-03,3,59005.85,148,19668.616666666665,2,1,1,211,4,Lost Customers
CUST00352,2025-10-28,6,254118.55000000002,246,42353.09166666667,2,3,3,233,8,At Risk
CUST00353,2025-12-27,6,197851.35,186,32975.225,2,3,3,233,8,At Risk
CUST00354,2026-06-26,5,147822.80000000002,5,29564.560000000005,5,2,2,522,9,Potential Loyalists
CUST00355,2026-02-19,13,797610.0,132,61354.61538461538,3,4,5,345,12,Loyal Customers
CUST00356,2026-06-17,9,690410.2,14,76712.24444444444,5,3,5,535,13,Potential Loyalists
CUST00357,2026-02-12,11,510967.8,139,46451.61818181818,3,4,4,344,11,Loyal Customers
CUST00358,2026-06-18,12,802984.9,13,66915.40833333334,5,4,5,545,14,Champions
CUST00359,2026-04-22,13,268305.45,70,20638.88076923077,3,4,3,343,10,Loyal Customers
CUST00360,2026-06-30,4,411251.05,1,102812.7625,5,2,4,524,11,Potential Loyalists
CUST00361,2025-09-18,3,102034.0,286,34011.333333333336,2,1,2,212,5,Lost Customers
CUST00362,2026-05-20,6,113575.6,42,18929.266666666666,4,3,2,432,9,Potential Loyalists
CUST00363,2026-05-07,10,368647.9,55,36864.79,4,4,4,444,12,Champions
CUST00364,2026-02-16,5,153256.40000000002,135,30651.280000000006,3,2,2,322,7,Others
CUST00365,2026-01-21,3,90861.95,161,30287.316666666666,2,1,2,212,5,Lost Customers
CUST00366,2026-05-03,10,255306.1,59,25530.61,4,4,3,443,11,Loyal Customers
CUST00367,2026-05-20,11,443991.9,42,40362.9,4,4,4,444,12,Champions
CUST00368,2025-01-20,2,44216.7,527,22108.35,1,1,1,111,3,Lost Customers
CUST00369,2024-05-31,1,5360.85,761,5360.85,1,1,1,111,3,Lost Customers
CUST00370,2025-11-22,1,2640.05,221,2640.05,2,1,1,211,4,Lost Customers
CUST00371,2026-04-11,14,375808.75,81,26843.48214285714,3,5,4,354,12,Loyal Customers
CUST00372,2026-05-05,5,105041.6,57,21008.32,4,2,2,422,8,Potential Loyalists
CUST00373,2026-03-25,15,679997.95,98,45333.19666666666,3,5,5,355,13,Loyal Customers
CUST00374,2026-05-26,26,1288730.55,36,49566.55961538462,4,5,5,455,14,Champions
CUST00375,2026-06-28,12,585118.95,3,48759.9125,5,4,4,544,13,Champions
CUST00376,2026-04-15,10,577878.25,77,57787.825,3,4,4,344,11,Loyal Customers
CUST00377,2026-05-18,14,474184.95,44,33870.353571428575,4,5,4,454,13,Champions
CUST00378,2026-05-30,4,79536.3,32,19884.075,4,2,2,422,8,Potential Loyalists
CUST00379,2025-11-02,6,118423.0,241,19737.166666666668,2,3,2,232,7,At Risk
CUST00380,2026-04-14,12,243355.05,78,20279.587499999998,3,4,3,343,10,Loyal Customers
CUST00381,2025-11-01,23,1358501.15,242,59065.26739130435,2,5,5,255,12,At Risk
CUST00382,2025-06-24,10,415704.8,372,41570.479999999996,1,4,4,144,9,At Risk
CUST00383,2025-11-21,18,795122.35,222,44173.46388888889,2,5,5,255,12,At Risk
CUST00384,2026-05-04,25,1439384.85,58,57575.394,4,5,5,455,14,Champions
CUST00385,2025-10-09,3,29359.1,265,9786.366666666667,2,1,1,211,4,Lost Customers
CUST00386,2026-02-17,11,593303.9,134,53936.718181818185,3,4,5,345,12,Loyal Customers
CUST00387,2026-01-26,6,170471.5,156,28411.916666666668,2,3,2,232,7,At Risk
CUST00388,2026-04-07,8,168011.35,85,21001.41875,3,3,2,332,8,Others
CUST00389,2025-02-28,5,53997.2,488,10799.439999999999,1,2,1,121,4,Lost Customers
CUST00390,2026-04-30,2,24098.1,62,12049.05,4,1,1,411,6,Others
CUST00391,2025-08-19,4,196695.8,316,49173.95,1,2,3,123,6,Others
CUST00392,2026-06-18,15,688696.35,13,45913.09,5,5,5,555,15,Champions
CUST00393,2026-04-13,18,667098.65,79,37061.03611111111,3,5,5,355,13,Loyal Customers
CUST00394,2026-06-10,9,566153.75,21,62905.97222222222,5,3,4,534,12,Potential Loyalists
CUST00395,2026-06-29,17,829788.55,2,48811.09117647059,5,5,5,555,15,Champions
CUST00396,2026-04-13,8,269762.35,79,33720.29375,3,3,3,333,9,Others
CUST00397,2026-04-11,3,11705.85,81,3901.9500000000003,3,1,1,311,5,Others
CUST00398,2026-06-21,5,103245.15000000001,10,20649.030000000002,5,2,2,522,9,Potential Loyalists
CUST00399,2026-04-04,18,638539.65,88,35474.425,3,5,5,355,13,Loyal Customers
CUST00400,2026-06-16,26,1189506.55,15,45750.251923076925,5,5,5,555,15,Champions
CUST00401,2026-06-03,30,1499681.9,28,49989.39666666666,5,5,5,555,15,Champions
CUST00402,2026-04-04,9,293492.55,88,32610.283333333333,3,3,3,333,9,Others
CUST00403,2025-08-15,2,76409.3,320,38204.65,1,1,2,112,4,Lost Customers
CUST00404,2026-05-25,5,118905.75,37,23781.15,4,2,2,422,8,Potential Loyalists
CUST00405,2026-06-11,8,213946.05,20,26743.25625,5,3,3,533,11,Potential Loyalists
CUST00406,2025-07-16,4,93227.7,350,23306.925,1,2,2,122,5,Lost Customers
CUST00407,2026-03-17,7,121244.7,106,17320.67142857143,3,3,2,332,8,Others
CUST00408,2026-04-08,14,727548.0,84,51967.71428571428,3,5,5,355,13,Loyal Customers
CUST00409,2026-06-22,5,142920.75,9,28584.15,5,2,2,522,9,Potential Loyalists
CUST00410,2026-05-12,14,434770.55,50,31055.039285714283,4,5,4,454,13,Champions
CUST00411,2024-09-22,1,17572.9,647,17572.9,1,1,1,111,3,Lost Customers
CUST00412,2026-04-09,11,361247.9,83,32840.718181818185,3,4,4,344,11,Loyal Customers
CUST00413,2024-08-15,1,8117.25,685,8117.25,1,1,1,111,3,Lost Customers
CUST00414,2025-10-11,6,38658.2,263,6443.033333333333,2,3,1,231,6,At Risk
CUST00415,2025-10-29,7,267226.0,245,38175.142857142855,2,3,3,233,8,At Risk
CUST00416,2026-04-29,5,65130.5,63,13026.1,4,2,1,421,7,Potential Loyalists
CUST00417,2025-09-06,3,231380.0,298,77126.66666666667,2,1,3,213,6,Others
CUST00418,2026-05-30,7,119676.30000000002,32,17096.614285714288,4,3,2,432,9,Potential Loyalists
CUST00419,2025-11-27,4,318094.0,216,79523.5,2,2,3,223,7,Others
CUST00420,2026-04-05,12,894310.8,87,74525.90000000001,3,4,5,345,12,Loyal Customers
CUST00421,2026-06-25,5,110750.55,6,22150.11,5,2,2,522,9,Potential Loyalists
CUST00422,2026-06-10,7,158266.75,21,22609.535714285714,5,3,2,532,10,Potential Loyalists
CUST00423,2026-05-27,13,546489.8,35,42037.67692307693,4,4,4,444,12,Champions
CUST00424,2026-04-17,8,536053.15,75,67006.64375,3,3,4,334,10,Others
CUST00425,2026-06-17,5,244647.1,14,48929.42,5,2,3,523,10,Potential Loyalists
CUST00426,2026-03-06,15,972923.85,117,64861.59,3,5,5,355,13,Loyal Customers
CUST00427,2026-02-27,5,69161.75,124,13832.35,3,2,1,321,6,Others
CUST00428,2026-05-14,30,1773059.55,48,59101.985,4,5,5,455,14,Champions
CUST00429,2026-04-21,9,436044.65,71,48449.40555555556,3,3,4,334,10,Others
CUST00430,2026-05-09,18,616043.6,53,34224.64444444444,4,5,5,455,14,Champions
CUST00431,2026-04-04,7,118625.1,88,16946.442857142858,3,3,2,332,8,Others
CUST00432,2026-04-15,7,598815.9,77,85545.12857142858,3,3,5,335,11,Others
CUST00433,2026-05-23,12,245298.65,39,20441.554166666665,4,4,3,443,11,Loyal Customers
CUST00434,2025-05-16,4,44938.1,411,11234.525,1,2,1,121,4,Lost Customers
CUST00435,2026-06-20,11,524296.2,11,47663.2909090909,5,4,4,544,13,Champions
CUST00436,2024-08-01,2,41212.5,699,20606.25,1,1,1,111,3,Lost Customers
CUST00437,2026-02-04,6,272552.2,147,45425.36666666667,2,3,3,233,8,At Risk
CUST00438,2025-04-14,4,26966.05,443,6741.5125,1,2,1,121,4,Lost Customers
CUST00439,2025-06-05,4,52077.899999999994,391,13019.474999999999,1,2,1,121,4,Lost Customers
CUST00440,2025-10-20,13,456639.0,254,35126.07692307692,2,4,4,244,10,At Risk
CUST00441,2025-12-07,6,197726.8,206,32954.46666666667,2,3,3,233,8,At Risk
CUST00442,2026-05-07,7,251743.3,55,35963.32857142857,4,3,3,433,10,Potential Loyalists
CUST00443,2026-04-24,13,743896.05,68,57222.773076923084,4,4,5,445,13,Champions
CUST00444,2024-08-01,2,174750.85,699,87375.425,1,1,3,113,5,Others
CUST00445,2026-02-02,3,67408.65,149,22469.55,2,1,1,211,4,Lost Customers
CUST00446,2026-06-19,27,2582155.15,12,95635.37592592592,5,5,5,555,15,Champions
CUST00447,2026-06-11,6,240929.8,20,40154.96666666667,5,3,3,533,11,Potential Loyalists
CUST00448,2026-06-16,17,694168.95,15,40833.467647058824,5,5,5,555,15,Champions
CUST00449,2025-11-23,5,51929.9,220,10385.98,2,2,1,221,5,Lost Customers
CUST00450,2026-06-12,11,744133.9,19,67648.53636363636,5,4,5,545,14,Champions
CUST00451,2026-06-26,6,180275.0,5,30045.833333333332,5,3,3,533,11,Potential Loyalists
CUST00452,2026-06-22,5,38402.6,9,7680.5199999999995,5,2,1,521,8,Potential Loyalists
CUST00453,2026-05-22,16,1198412.45,40,74900.778125,4,5,5,455,14,Champions
CUST00454,2025-12-19,5,186769.65,194,37353.93,2,2,3,223,7,Others
CUST00455,2026-03-17,10,173958.25,106,17395.825,3,4,3,343,10,Loyal Customers
CUST00456,2026-04-13,8,266011.6,79,33251.45,3,3,3,333,9,Others
CUST00457,2026-06-20,9,445010.15,11,49445.572222222225,5,3,4,534,12,Potential Loyalists
CUST00458,2026-05-06,13,531028.75,56,40848.36538461538,4,4,4,444,12,Champions
CUST00459,2026-06-07,21,751849.45,24,35802.35476190476,5,5,5,555,15,Champions
CUST00460,2026-03-20,11,477381.75,103,43398.34090909091,3,4,4,344,11,Loyal Customers
CUST00461,2026-04-11,8,329847.35,81,41230.91875,3,3,4,334,10,Others
CUST00462,2026-03-12,8,386456.2,111,48307.025,3,3,4,334,10,Others
CUST00463,2025-04-10,6,170744.6,447,28457.433333333334,1,3,2,132,6,At Risk
CUST00464,2024-07-20,1,832.5,711,832.5,1,1,1,111,3,Lost Customers
CUST00465,2026-05-12,7,518073.15,50,74010.45,4,3,4,434,11,Potential Loyalists
CUST00466,2026-03-20,4,161587.0,103,40396.75,3,2,2,322,7,Others
CUST00467,2025-12-28,4,405951.7,185,101487.925,2,2,4,224,8,Others
CUST00468,2025-07-23,2,29537.75,343,14768.875,1,1,1,111,3,Lost Customers
CUST00469,2026-06-14,5,404098.3,17,80819.66,5,2,4,524,11,Potential Loyalists
CUST00470,2026-03-20,16,705057.1,103,44066.06875,3,5,5,355,13,Loyal Customers
CUST00471,2026-06-12,6,103898.2,19,17316.366666666665,5,3,2,532,10,Potential Loyalists
CUST00472,2026-04-04,14,1273181.3,88,90941.52142857143,3,5,5,355,13,Loyal Customers
CUST00473,2025-07-14,1,9374.4,352,9374.4,1,1,1,111,3,Lost Customers
CUST00474,2026-06-11,13,526557.4,20,40504.415384615386,5,4,4,544,13,Champions
CUST00475,2026-04-18,3,33606.0,74,11202.0,3,1,1,311,5,Others
CUST00476,2025-12-20,4,151109.4,193,37777.35,2,2,2,222,6,Lost Customers
CUST00477,2026-01-29,2,29165.6,153,14582.8,2,1,1,211,4,Lost Customers
CUST00478,2026-02-09,5,294514.0,142,58902.8,3,2,3,323,8,Others
CUST00479,2026-05-27,10,844993.2,35,84499.31999999999,4,4,5,445,13,Champions
CUST00480,2026-06-06,16,993342.45,25,62083.903125,5,5,5,555,15,Champions
CUST00481,2025-12-15,11,460155.65,198,41832.33181818182,2,4,4,244,10,At Risk
CUST00482,2026-06-05,5,110199.15,26,22039.829999999998,5,2,2,522,9,Potential Loyalists
CUST00483,2026-05-31,24,1124632.15,31,46859.67291666666,4,5,5,455,14,Champions
CUST00484,2026-01-25,13,372505.55,157,28654.273076923077,2,4,4,244,10,At Risk
CUST00485,2026-06-25,12,451175.2,6,37597.933333333334,5,4,4,544,13,Champions
CUST00486,2026-04-12,4,71510.0,80,17877.5,3,2,1,321,6,Others
CUST00487,2025-11-28,2,121706.0,215,60853.0,2,1,2,212,5,Lost Customers
CUST00488,2026-04-30,10,391299.25,62,39129.925,4,4,4,444,12,Champions
CUST00489,2025-11-13,4,413341.15,230,103335.2875,2,2,4,224,8,Others
CUST00490,2025-05-25,4,100057.9,402,25014.475,1,2,2,122,5,Lost Customers
CUST00491,2026-04-12,6,299369.95,80,49894.99166666667,3,3,3,333,9,Others
CUST00492,2025-09-10,5,115845.84999999999,294,23169.17,2,2,2,222,6,Lost Customers
CUST00493,2025-12-09,15,516370.85,204,34424.723333333335,2,5,4,254,11,At Risk
CUST00494,2026-06-26,19,797306.1,5,41963.47894736842,5,5,5,555,15,Champions
CUST00495,2026-05-07,5,96994.0,55,19398.8,4,2,2,422,8,Potential Loyalists
CUST00496,2026-03-26,2,11454.2,97,5727.1,3,1,1,311,5,Others
CUST00497,2025-04-13,3,58069.1,444,19356.366666666665,1,1,1,111,3,Lost Customers
CUST00498,2026-06-21,14,366387.2,10,26170.514285714286,5,5,4,554,14,Champions
CUST00499,2026-05-07,10,299744.75,55,29974.475,4,4,3,443,11,Loyal Customers
CUST00500,2025-10-20,4,108965.9,254,27241.475,2,2,2,222,6,Lost Customers
CUST00501,2025-11-04,4,22496.75,239,5624.1875,2,2,1,221,5,Lost Customers
CUST00502,2026-05-11,8,302322.0,51,37790.25,4,3,3,433,10,Potential Loyalists
CUST00503,2025-10-22,11,236917.7,252,21537.97272727273,2,4,3,243,9,At Risk
CUST00504,2026-06-08,17,1448927.2,23,85231.01176470588,5,5,5,555,15,Champions
CUST00505,2026-03-08,5,190695.90000000002,115,38139.18000000001,3,2,3,323,8,Others
CUST00506,2026-06-11,9,314336.75,20,34926.305555555555,5,3,3,533,11,Potential Loyalists
CUST00507,2025-09-16,4,187183.55,288,46795.8875,2,2,3,223,7,Others
CUST00508,2026-05-30,19,721441.75,32,37970.61842105263,4,5,5,455,14,Champions
CUST00509,2026-05-16,14,610222.45,46,43587.31785714285,4,5,5,455,14,Champions
CUST00510,2025-09-14,6,298740.0,290,49790.0,2,3,3,233,8,At Risk
CUST00511,2025-01-29,2,29812.399999999998,518,14906.199999999999,1,1,1,111,3,Lost Customers
CUST00512,2026-01-22,4,111883.19999999998,160,27970.799999999996,2,2,2,222,6,Lost Customers
CUST00513,2026-04-08,9,455959.85,84,50662.205555555556,3,3,4,334,10,Others
CUST00514,2025-09-19,4,121450.3,285,30362.575,2,2,2,222,6,Lost Customers
CUST00515,2026-06-17,18,759358.1,14,42186.56111111111,5,5,5,555,15,Champions
CUST00516,2026-05-01,12,835950.5,61,69662.54166666667,4,4,5,445,13,Champions
CUST00517,2026-02-27,9,407000.9,124,45222.322222222225,3,3,4,334,10,Others
CUST00518,2026-04-08,13,877371.7,84,67490.13076923076,3,4,5,345,12,Loyal Customers
CUST00519,2026-04-30,8,153755.09999999998,62,19219.387499999997,4,3,2,432,9,Potential Loyalists
CUST00520,2024-12-16,4,40549.95,562,10137.4875,1,2,1,121,4,Lost Customers
CUST00521,2025-10-15,11,471232.85000000003,259,42839.350000000006,2,4,4,244,10,At Risk
CUST00522,2026-04-20,10,795621.7,72,79562.17,3,4,5,345,12,Loyal Customers
CUST00523,2025-05-10,5,141567.3,417,28313.46,1,2,2,122,5,Lost Customers
CUST00524,2025-09-22,5,72690.8,282,14538.16,2,2,2,222,6,Lost Customers
CUST00525,2026-06-01,5,109447.15,30,21889.43,4,2,2,422,8,Potential Loyalists
CUST00526,2026-05-09,15,720882.75,53,48058.85,4,5,5,455,14,Champions
CUST00527,2026-01-28,9,272558.95,154,30284.32777777778,2,3,3,233,8,At Risk
CUST00528,2026-06-22,8,240027.35,9,30003.41875,5,3,3,533,11,Potential Loyalists
CUST00529,2026-03-21,8,548206.2,102,68525.775,3,3,4,334,10,Others
CUST00530,2026-01-08,10,324404.8,174,32440.48,2,4,4,244,10,At Risk
CUST00531,2026-01-21,12,1067643.0,161,88970.25,2,4,5,245,11,At Risk
CUST00532,2026-05-12,6,104390.75,50,17398.458333333332,4,3,2,432,9,Potential Loyalists
CUST00533,2026-03-20,16,930508.0,103,58156.75,3,5,5,355,13,Loyal Customers
CUST00534,2026-04-26,13,638905.25,66,49146.557692307695,4,4,5,445,13,Champions
CUST00535,2026-06-09,4,192171.9,22,48042.975,5,2,3,523,10,Potential Loyalists
CUST00536,2026-06-09,24,1614214.3,22,67258.92916666667,5,5,5,555,15,Champions
CUST00537,2025-06-06,2,19476.0,390,9738.0,1,1,1,111,3,Lost Customers
CUST00538,2026-06-08,9,264343.89999999997,23,29371.54444444444,5,3,3,533,11,Potential Loyalists
CUST00539,2025-08-01,9,298396.64999999997,334,33155.18333333333,1,3,3,133,7,At Risk
CUST00540,2026-04-24,12,698886.55,68,58240.54583333334,4,4,5,445,13,Champions
CUST00541,2026-06-10,22,1206315.35,21,54832.515909090915,5,5,5,555,15,Champions
CUST00542,2026-03-01,20,1055126.35,122,52756.317500000005,3,5,5,355,13,Loyal Customers
CUST00543,2026-04-18,8,207715.2,74,25964.4,3,3,3,333,9,Others
CUST00544,2025-05-24,2,32985.1,403,16492.55,1,1,1,111,3,Lost Customers
CUST00545,2026-03-19,4,119625.05,104,29906.2625,3,2,2,322,7,Others
CUST00546,2024-10-03,1,2316.6,636,2316.6,1,1,1,111,3,Lost Customers
CUST00547,2026-05-27,24,585227.3,35,24384.470833333336,4,5,4,454,13,Champions
CUST00548,2025-11-04,3,113312.55,239,37770.85,2,1,2,212,5,Lost Customers
CUST00549,2024-11-26,3,99723.9,582,33241.299999999996,1,1,2,112,4,Lost Customers
CUST00550,2026-04-21,8,187622.90000000002,71,23452.862500000003,3,3,3,333,9,Others
CUST00551,2026-02-05,10,250677.25,146,25067.725,3,4,3,343,10,Loyal Customers
CUST00552,2026-05-10,10,329247.7,52,32924.770000000004,4,4,4,444,12,Champions
CUST00553,2026-02-19,6,181103.85,132,30183.975000000002,3,3,3,333,9,Others
CUST00554,2024-02-11,1,4992.0,871,4992.0,1,1,1,111,3,Lost Customers
CUST00555,2026-04-25,4,233011.6,67,58252.9,4,2,3,423,9,Potential Loyalists
CUST00556,2026-06-15,20,836849.75,16,41842.4875,5,5,5,555,15,Champions
CUST00557,2026-03-20,4,126937.4,103,31734.35,3,2,2,322,7,Others
CUST00558,2026-06-25,10,308153.8,6,30815.379999999997,5,4,3,543,12,Loyal Customers
CUST00559,2026-05-10,3,35435.9,52,11811.966666666667,4,1,1,411,6,Others
CUST00560,2025-09-25,3,56941.399999999994,279,18980.466666666664,2,1,1,211,4,Lost Customers
CUST00561,2026-05-17,12,247910.1,45,20659.175,4,4,3,443,11,Loyal Customers
CUST00562,2024-09-09,1,27271.2,660,27271.2,1,1,1,111,3,Lost Customers
CUST00563,2025-01-20,3,10871.1,527,3623.7000000000003,1,1,1,111,3,Lost Customers
CUST00564,2026-05-26,6,226983.4,36,37830.566666666666,4,3,3,433,10,Potential Loyalists
CUST00565,2026-04-04,9,200913.84999999998,88,22323.761111111107,3,3,3,333,9,Others
CUST00566,2026-02-28,8,380260.3,123,47532.5375,3,3,4,334,10,Others
CUST00567,2026-03-30,2,51598.45,93,25799.225,3,1,1,311,5,Others
CUST00568,2026-05-16,13,242325.75,46,18640.44230769231,4,4,3,443,11,Loyal Customers
CUST00569,2026-02-17,9,515614.0,134,57290.444444444445,3,3,4,334,10,Others
CUST00570,2026-06-08,9,653235.1,23,72581.67777777778,5,3,5,535,13,Potential Loyalists
CUST00571,2025-03-29,2,2918.1,459,1459.05,1,1,1,111,3,Lost Customers
CUST00572,2024-02-28,1,1581.3,854,1581.3,1,1,1,111,3,Lost Customers
CUST00573,2026-04-27,22,911932.3,65,41451.468181818185,4,5,5,455,14,Champions
CUST00574,2026-06-25,24,1465677.2,6,61069.88333333333,5,5,5,555,15,Champions
CUST00575,2025-10-31,4,32359.7,243,8089.925,2,2,1,221,5,Lost Customers
CUST00576,2026-06-25,25,1332666.3,6,53306.652,5,5,5,555,15,Champions
CUST00577,2026-04-12,6,270786.35,80,45131.05833333333,3,3,3,333,9,Others
CUST00578,2025-12-29,8,203134.6,184,25391.825,2,3,3,233,8,At Risk
CUST00579,2026-04-25,16,964300.2,67,60268.7625,4,5,5,455,14,Champions
CUST00580,2026-05-09,1,7040.8,53,7040.8,4,1,1,411,6,Others
CUST00581,2026-04-20,6,235843.5,72,39307.25,3,3,3,333,9,Others
CUST00582,2026-04-22,16,523760.15,70,32735.009375,3,5,4,354,12,Loyal Customers
CUST00583,2025-11-13,7,87094.75,230,12442.107142857143,2,3,2,232,7,At Risk
CUST00584,2026-06-03,16,1010868.65,28,63179.290625,5,5,5,555,15,Champions
CUST00585,2025-12-28,4,185301.85,185,46325.4625,2,2,3,223,7,Others
CUST00586,2026-05-30,5,65544.9,32,13108.98,4,2,1,421,7,Potential Loyalists
CUST00587,2025-05-01,6,264510.39999999997,426,44085.06666666666,1,3,3,133,7,At Risk
CUST00588,2026-04-18,1,19004.4,74,19004.4,3,1,1,311,5,Others
CUST00589,2025-09-23,1,7841.6,281,7841.6,2,1,1,211,4,Lost Customers
CUST00590,2026-06-24,10,190315.7,7,19031.57,5,4,3,543,12,Loyal Customers
CUST00591,2026-02-16,2,39630.0,135,19815.0,3,1,1,311,5,Others
CUST00592,2026-03-17,15,642456.7,106,42830.44666666666,3,5,5,355,13,Loyal Customers
CUST00593,2026-06-21,13,468181.65,10,36013.97307692308,5,4,4,544,13,Champions
CUST00594,2025-07-22,5,181580.15,344,36316.03,1,2,3,123,6,Others
CUST00595,2026-01-16,6,171309.1,166,28551.516666666666,2,3,2,232,7,At Risk
CUST00596,2025-05-04,5,92158.7,423,18431.739999999998,1,2,2,122,5,Lost Customers
CUST00597,2025-11-05,2,34259.75,238,17129.875,2,1,1,211,4,Lost Customers
CUST00598,2026-06-25,18,1328242.0,6,73791.22222222222,5,5,5,555,15,Champions
CUST00599,2025-12-04,9,182648.0,209,20294.222222222223,2,3,3,233,8,At Risk
CUST00600,2025-11-05,6,123202.79999999999,238,20533.8,2,3,2,232,7,At Risk
CUST00601,2024-11-22,1,22519.9,586,22519.9,1,1,1,111,3,Lost Customers
CUST00602,2025-08-28,3,105588.7,307,35196.23333333333,2,1,2,212,5,Lost Customers
CUST00603,2024-03-01,1,8848.5,852,8848.5,1,1,1,111,3,Lost Customers
CUST00604,2026-01-20,3,51594.1,162,17198.033333333333,2,1,1,211,4,Lost Customers
CUST00605,2026-03-04,9,352685.2,119,39187.24444444445,3,3,4,334,10,Others
CUST00606,2025-12-27,6,336181.55000000005,186,56030.25833333334,2,3,4,234,9,At Risk
CUST00607,2025-02-18,2,26163.45,498,13081.725,1,1,1,111,3,Lost Customers
CUST00608,2025-09-21,4,188572.5,283,47143.125,2,2,3,223,7,Others
CUST00609,2026-05-18,10,200047.15,44,20004.715,4,4,3,443,11,Loyal Customers
CUST00610,2026-05-31,3,40137.75,31,13379.25,4,1,1,411,6,Others
CUST00611,2026-06-16,18,407268.35,15,22626.019444444442,5,5,4,554,14,Champions
CUST00612,2026-04-22,6,117438.59999999999,70,19573.1,3,3,2,332,8,Others
CUST00613,2026-05-05,4,34837.4,57,8709.35,4,2,1,421,7,Potential Loyalists
CUST00614,2026-01-16,6,93579.25,166,15596.541666666666,2,3,2,232,7,At Risk
CUST00615,2026-06-16,9,478886.4,15,53209.600000000006,5,3,4,534,12,Potential Loyalists
CUST00616,2026-05-23,5,75651.1,39,15130.220000000001,4,2,2,422,8,Potential Loyalists
CUST00617,2026-05-03,9,177834.7,59,19759.411111111112,4,3,3,433,10,Potential Loyalists
CUST00618,2026-05-03,17,483238.35,59,28425.785294117646,4,5,4,454,13,Champions
CUST00619,2026-06-18,10,423800.6,13,42380.06,5,4,4,544,13,Champions
CUST00620,2025-09-25,2,94981.55,279,47490.775,2,1,2,212,5,Lost Customers
CUST00621,2026-03-03,7,354126.1,120,50589.44285714285,3,3,4,334,10,Others
CUST00622,2026-03-17,21,618365.7,106,29445.98571428571,3,5,5,355,13,Loyal Customers
CUST00623,2025-08-14,4,198582.2,321,49645.55,1,2,3,123,6,Others
CUST00624,2026-05-31,10,381950.5,31,38195.05,4,4,4,444,12,Champions
CUST00625,2026-06-17,10,309730.5,14,30973.05,5,4,3,543,12,Loyal Customers
CUST00626,2025-03-20,2,184369.5,468,92184.75,1,1,3,113,5,Others
CUST00627,2026-06-07,10,393970.95,24,39397.095,5,4,4,544,13,Champions
CUST00628,2026-02-24,4,131868.65,127,32967.1625,3,2,2,322,7,Others
CUST00629,2026-06-30,16,1194278.85,1,74642.428125,5,5,5,555,15,Champions
CUST00630,2025-12-25,7,345258.25,188,49322.607142857145,2,3,4,234,9,At Risk
CUST00631,2026-01-13,3,272657.4,169,90885.8,2,1,3,213,6,Others
CUST00632,2026-05-08,10,396934.15,54,39693.415,4,4,4,444,12,Champions
CUST00633,2026-01-23,8,418166.5,159,52270.8125,2,3,4,234,9,At Risk
CUST00634,2026-05-07,8,378588.2,55,47323.525,4,3,4,434,11,Potential Loyalists
CUST00635,2025-03-11,14,940595.65,477,67185.40357142857,1,5,5,155,11,At Risk
CUST00636,2026-06-07,3,101763.20000000001,24,33921.06666666667,5,1,2,512,8,Others
CUST00637,2024-06-30,1,44611.05,731,44611.05,1,1,1,111,3,Lost Customers
CUST00638,2026-01-15,2,92131.95,167,46065.975,2,1,2,212,5,Lost Customers
CUST00639,2026-01-24,9,378485.6,158,42053.955555555556,2,3,4,234,9,At Risk
CUST00640,2026-05-20,1,2245.6,42,2245.6,4,1,1,411,6,Others
CUST00641,2026-04-24,6,445724.2,68,74287.36666666667,4,3,4,434,11,Potential Loyalists
CUST00642,2026-05-07,13,511797.25,55,39369.019230769234,4,4,4,444,12,Champions
CUST00643,2025-10-23,2,157152.0,251,78576.0,2,1,2,212,5,Lost Customers
CUST00644,2026-06-27,7,239050.2,4,34150.02857142857,5,3,3,533,11,Potential Loyalists
CUST00645,2026-05-09,4,69242.8,53,17310.7,4,2,1,421,7,Potential Loyalists
CUST00646,2026-05-17,14,958741.25,45,68481.51785714286,4,5,5,455,14,Champions
CUST00647,2025-11-22,1,97395.75,221,97395.75,2,1,2,212,5,Lost Customers
CUST00648,2026-01-29,12,443834.8,153,36986.23333333333,2,4,4,244,10,At Risk
CUST00649,2025-10-01,1,71852.3,273,71852.3,2,1,2,212,5,Lost Customers
CUST00650,2026-02-10,10,805298.3,141,80529.83,3,4,5,345,12,Loyal Customers
CUST00651,2026-04-26,7,425627.75,66,60803.96428571428,4,3,4,434,11,Potential Loyalists
CUST00652,2025-03-02,3,66543.3,486,22181.100000000002,1,1,1,111,3,Lost Customers
CUST00653,2026-05-05,10,381688.8,57,38168.88,4,4,4,444,12,Champions
CUST00654,2026-06-01,9,372662.85,30,41406.98333333333,4,3,4,434,11,Potential Loyalists
CUST00655,2026-06-12,12,600787.7,19,50065.64166666666,5,4,5,545,14,Champions
CUST00656,2026-03-10,12,468722.25,113,39060.1875,3,4,4,344,11,Loyal Customers
CUST00657,2026-02-06,10,263928.25,145,26392.825,3,4,3,343,10,Loyal Customers
CUST00658,2026-02-07,3,59724.15,144,19908.05,3,1,1,311,5,Others
CUST00659,2026-06-17,20,706676.55,14,35333.8275,5,5,5,555,15,Champions
CUST00660,2026-05-21,8,151009.95,41,18876.24375,4,3,2,432,9,Potential Loyalists
CUST00661,2026-06-22,16,896020.8,9,56001.3,5,5,5,555,15,Champions
CUST00662,2026-02-01,6,87698.85,150,14616.475,2,3,2,232,7,At Risk
CUST00663,2026-02-04,7,438166.3,147,62595.18571428571,2,3,4,234,9,At Risk
CUST00664,2025-01-13,6,300452.0,534,50075.333333333336,1,3,3,133,7,At Risk
CUST00665,2025-04-21,9,261185.55000000002,436,29020.61666666667,1,3,3,133,7,At Risk
CUST00666,2026-03-07,12,442838.9,116,36903.24166666667,3,4,4,344,11,Loyal Customers
CUST00667,2025-12-04,6,621717.0,209,103619.5,2,3,5,235,10,At Risk
CUST00668,2026-06-04,8,256749.55,27,32093.69375,5,3,3,533,11,Potential Loyalists
CUST00669,2026-06-20,20,797367.05,11,39868.3525,5,5,5,555,15,Champions
CUST00670,2025-08-20,2,21663.65,315,10831.825,1,1,1,111,3,Lost Customers
CUST00671,2025-04-09,2,124739.8,448,62369.9,1,1,2,112,4,Lost Customers
CUST00672,2025-10-12,9,276991.3,262,30776.81111111111,2,3,3,233,8,At Risk
CUST00673,2024-03-06,1,12769.55,847,12769.55,1,1,1,111,3,Lost Customers
CUST00674,2024-12-12,3,62574.75,566,20858.25,1,1,1,111,3,Lost Customers
CUST00675,2025-07-12,4,165728.40000000002,354,41432.100000000006,1,2,2,122,5,Lost Customers
CUST00676,2026-02-17,6,116418.40000000001,134,19403.06666666667,3,3,2,332,8,Others
CUST00677,2026-06-17,7,356140.05,14,50877.15,5,3,4,534,12,Potential Loyalists
CUST00678,2025-06-19,2,117385.5,377,58692.75,1,1,2,112,4,Lost Customers
CUST00679,2026-01-19,4,39599.049999999996,163,9899.762499999999,2,2,1,221,5,Lost Customers
CUST00680,2026-03-20,11,677200.25,103,61563.65909090909,3,4,5,345,12,Loyal Customers
CUST00681,2026-06-05,7,198051.65,26,28293.092857142856,5,3,3,533,11,Potential Loyalists
CUST00682,2026-05-25,20,1038957.15,37,51947.8575,4,5,5,455,14,Champions
CUST00683,2026-06-29,8,323212.3,2,40401.5375,5,3,4,534,12,Potential Loyalists
CUST00684,2025-03-04,4,55861.3,484,13965.325,1,2,1,121,4,Lost Customers
CUST00685,2026-06-21,10,469515.65,10,46951.565,5,4,4,544,13,Champions
CUST00686,2026-06-20,17,306963.85,11,18056.697058823527,5,5,3,553,13,Loyal Customers
CUST00687,2026-06-21,9,302158.0,10,33573.11111111111,5,3,3,533,11,Potential Loyalists
CUST00688,2025-09-21,9,280589.0,283,31176.555555555555,2,3,3,233,8,At Risk
CUST00689,2026-05-25,8,174691.35,37,21836.41875,4,3,3,433,10,Potential Loyalists
CUST00690,2026-05-19,10,682703.95,43,68270.39499999999,4,4,5,445,13,Champions
CUST00691,2026-06-24,4,62233.0,7,15558.25,5,2,1,521,8,Potential Loyalists
CUST00692,2026-05-26,21,943655.1000000001,36,44935.95714285715,4,5,5,455,14,Champions
CUST00693,2026-01-11,2,12293.3,171,6146.65,2,1,1,211,4,Lost Customers
CUST00694,2026-05-08,12,367902.55,54,30658.545833333334,4,4,4,444,12,Champions
CUST00695,2026-05-26,18,621675.3,36,34537.51666666667,4,5,5,455,14,Champions
CUST00696,2026-04-12,9,811116.8999999999,80,90124.09999999999,3,3,5,335,11,Others
CUST00697,2026-06-26,5,196733.4,5,39346.68,5,2,3,523,10,Potential Loyalists
CUST00698,2026-05-22,11,272460.3,40,24769.11818181818,4,4,3,443,11,Loyal Customers
CUST00699,2025-08-15,4,241096.8,320,60274.2,1,2,3,123,6,Others
CUST00700,2026-06-13,14,703947.7999999999,18,50281.98571428571,5,5,5,555,15,Champions
CUST00701,2026-03-21,2,156240.65,102,78120.325,3,1,2,312,6,Others
CUST00702,2025-01-13,3,93080.0,534,31026.666666666668,1,1,2,112,4,Lost Customers
CUST00703,2026-02-21,20,1290283.95,130,64514.197499999995,3,5,5,355,13,Loyal Customers
CUST00704,2026-04-27,14,536576.65,65,38326.90357142857,4,5,4,454,13,Champions
CUST00705,2025-09-21,3,50268.1,283,16756.033333333333,2,1,1,211,4,Lost Customers
CUST00706,2024-09-29,2,18679.9,640,9339.95,1,1,1,111,3,Lost Customers
CUST00707,2026-04-21,16,699892.9,71,43743.30625,3,5,5,355,13,Loyal Customers
CUST00708,2025-10-10,7,317969.3,264,45424.18571428571,2,3,3,233,8,At Risk
CUST00709,2026-06-03,11,335154.2,28,30468.563636363637,5,4,4,544,13,Champions
CUST00710,2026-03-29,12,576827.5,94,48068.958333333336,3,4,4,344,11,Loyal Customers
CUST00711,2025-02-22,3,28146.5,494,9382.166666666666,1,1,1,111,3,Lost Customers
CUST00712,2026-03-01,2,62440.5,122,31220.25,3,1,1,311,5,Others
CUST00713,2025-11-25,1,35895.75,218,35895.75,2,1,1,211,4,Lost Customers
CUST00714,2025-05-10,2,19120.9,417,9560.45,1,1,1,111,3,Lost Customers
CUST00715,2026-06-17,8,434390.9,14,54298.8625,5,3,4,534,12,Potential Loyalists
CUST00716,2026-06-17,12,429347.85000000003,14,35778.9875,5,4,4,544,13,Champions
CUST00717,2026-06-06,5,139238.7,25,27847.74,5,2,2,522,9,Potential Loyalists
CUST00718,2026-01-22,2,28368.1,160,14184.05,2,1,1,211,4,Lost Customers
CUST00719,2026-05-20,15,979063.5,42,65270.9,4,5,5,455,14,Champions
CUST00720,2026-03-13,19,753627.3,110,39664.59473684211,3,5,5,355,13,Loyal Customers
CUST00721,2026-04-26,6,147783.34999999998,66,24630.55833333333,4,3,2,432,9,Potential Loyalists
CUST00722,2025-06-04,7,173840.0,392,24834.285714285714,1,3,3,133,7,At Risk
CUST00723,2026-05-03,17,894325.35,59,52607.373529411765,4,5,5,455,14,Champions
CUST00724,2026-03-02,9,187388.0,121,20820.88888888889,3,3,3,333,9,Others
CUST00725,2026-06-08,13,745984.8,23,57383.446153846155,5,4,5,545,14,Champions
CUST00726,2026-05-29,13,808795.9,33,62215.06923076923,4,4,5,445,13,Champions
CUST00727,2025-02-17,2,10107.7,499,5053.85,1,1,1,111,3,Lost Customers
CUST00728,2025-06-10,4,51820.25000000001,386,12955.062500000002,1,2,1,121,4,Lost Customers
CUST00729,2026-06-10,2,94765.3,21,47382.65,5,1,2,512,8,Others
CUST00730,2025-08-06,6,75879.15000000001,329,12646.525000000001,1,3,2,132,6,At Risk
CUST00731,2026-03-24,20,899289.05,99,44964.4525,3,5,5,355,13,Loyal Customers
CUST00732,2026-05-22,13,713341.4,40,54872.415384615386,4,4,5,445,13,Champions
CUST00733,2026-06-14,8,173051.75,17,21631.46875,5,3,3,533,11,Potential Loyalists
CUST00734,2026-03-20,3,126342.6,103,42114.200000000004,3,1,2,312,6,Others
CUST00735,2026-06-28,7,438240.3,3,62605.75714285714,5,3,4,534,12,Potential Loyalists
CUST00736,2025-02-18,5,82490.65,498,16498.129999999997,1,2,2,122,5,Lost Customers
CUST00737,2026-05-17,12,469036.35,45,39086.362499999996,4,4,4,444,12,Champions
CUST00738,2026-03-26,2,58909.85,97,29454.925,3,1,1,311,5,Others
CUST00739,2026-06-12,13,269177.3,19,20705.946153846155,5,4,3,543,12,Loyal Customers
CUST00740,2026-03-07,14,216666.9,116,15476.207142857142,3,5,3,353,11,Loyal Customers
CUST00741,2026-01-26,10,543309.0,156,54330.9,2,4,4,244,10,At Risk
CUST00742,2025-06-10,4,96544.85,386,24136.2125,1,2,2,122,5,Lost Customers
CUST00743,2026-05-20,7,597096.2,42,85299.45714285714,4,3,5,435,12,Potential Loyalists
CUST00744,2024-12-21,3,51956.1,557,17318.7,1,1,1,111,3,Lost Customers
CUST00745,2025-02-24,4,76167.5,492,19041.875,1,2,2,122,5,Lost Customers
CUST00746,2026-02-24,5,258853.5,127,51770.7,3,2,3,323,8,Others
CUST00747,2025-05-06,3,57192.7,421,19064.233333333334,1,1,1,111,3,Lost Customers
CUST00748,2026-04-10,7,205529.95,82,29361.42142857143,3,3,3,333,9,Others
CUST00749,2026-06-26,11,559752.4,5,50886.58181818182,5,4,4,544,13,Champions
CUST00750,2026-06-20,7,81805.40000000001,11,11686.485714285716,5,3,2,532,10,Potential Loyalists
CUST00751,2025-02-23,1,10245.6,493,10245.6,1,1,1,111,3,Lost Customers
CUST00752,2025-07-17,3,49779.3,349,16593.100000000002,1,1,1,111,3,Lost Customers
CUST00753,2024-08-22,1,248.8,678,248.8,1,1,1,111,3,Lost Customers
CUST00754,2025-04-24,1,8392.3,433,8392.3,1,1,1,111,3,Lost Customers
CUST00755,2026-04-23,8,264067.3,69,33008.4125,4,3,3,433,10,Potential Loyalists
CUST00756,2026-02-19,8,585607.05,132,73200.88125,3,3,4,334,10,Others
CUST00757,2026-05-19,6,440699.35000000003,43,73449.89166666668,4,3,4,434,11,Potential Loyalists
CUST00758,2026-04-15,9,372810.2,77,41423.35555555556,3,3,4,334,10,Others
CUST00759,2026-03-09,3,297349.8,114,99116.59999999999,3,1,3,313,7,Others
CUST00760,2026-01-11,10,518805.2,171,51880.520000000004,2,4,4,244,10,At Risk
CUST00761,2024-04-26,1,40663.8,796,40663.8,1,1,1,111,3,Lost Customers
CUST00762,2026-05-22,17,773426.0,40,45495.64705882353,4,5,5,455,14,Champions
CUST00763,2025-12-30,2,26279.1,183,13139.55,2,1,1,211,4,Lost Customers
CUST00764,2024-09-23,2,45789.15,646,22894.575,1,1,1,111,3,Lost Customers
CUST00765,2026-01-08,7,185611.05,174,26515.864285714284,2,3,3,233,8,At Risk
CUST00766,2025-02-06,1,347.4,510,347.4,1,1,1,111,3,Lost Customers
CUST00767,2025-12-13,5,65310.899999999994,200,13062.179999999998,2,2,1,221,5,Lost Customers
CUST00768,2026-03-02,10,228794.35,121,22879.435,3,4,3,343,10,Loyal Customers
CUST00769,2025-11-22,6,84933.55,221,14155.591666666667,2,3,2,232,7,At Risk
CUST00770,2026-04-02,6,163285.5,90,27214.25,3,3,2,332,8,Others
CUST00771,2026-04-17,9,215291.85,75,23921.316666666666,3,4,3,343,10,Loyal Customers
CUST00772,2024-06-27,1,32123.7,734,32123.7,1,1,1,111,3,Lost Customers
CUST00773,2026-06-18,4,130367.45,13,32591.8625,5,2,2,522,9,Potential Loyalists
CUST00774,2026-05-31,20,1180377.35,31,59018.86750000001,4,5,5,455,14,Champions
CUST00775,2025-03-28,4,156990.4,460,39247.6,1,2,2,122,5,Lost Customers
CUST00776,2026-04-26,7,249198.0,66,35599.71428571428,4,3,3,433,10,Potential Loyalists
CUST00777,2024-12-08,4,106288.70000000001,570,26572.175000000003,1,2,2,122,5,Lost Customers
CUST00778,2025-11-16,4,248627.0,227,62156.75,2,2,3,223,7,Others
CUST00779,2025-11-29,5,159090.05,214,31818.01,2,2,2,222,6,Lost Customers
CUST00780,2025-09-30,5,141776.7,274,28355.340000000004,2,2,2,222,6,Lost Customers
CUST00781,2026-02-28,6,94351.3,123,15725.216666666667,3,3,2,332,8,Others
CUST00782,2026-06-14,16,688590.3,17,43036.89375,5,5,5,555,15,Champions
CUST00783,2025-01-15,4,191156.8,532,47789.2,1,2,3,123,6,Others
CUST00784,2026-05-02,11,243233.80000000002,60,22112.16363636364,4,4,3,443,11,Loyal Customers
CUST00785,2026-04-16,12,529037.15,76,44086.42916666667,3,4,4,344,11,Loyal Customers
CUST00786,2026-06-22,7,405840.2,9,57977.17142857143,5,3,4,534,12,Potential Loyalists
CUST00787,2025-12-17,2,173193.0,196,86596.5,2,1,3,213,6,Others
CUST00788,2026-02-24,16,1042998.7,127,65187.41875,3,5,5,355,13,Loyal Customers
CUST00789,2026-05-21,15,665019.0499999999,41,44334.603333333325,4,5,5,455,14,Champions
CUST00790,2026-06-02,20,1202205.05,29,60110.2525,5,5,5,555,15,Champions
CUST00791,2026-06-05,8,302845.4,26,37855.675,5,3,3,533,11,Potential Loyalists
CUST00792,2026-01-31,3,193158.3,151,64386.1,2,1,3,213,6,Others
CUST00793,2026-05-14,12,270426.15,48,22535.5125,4,4,3,443,11,Loyal Customers
CUST00794,2026-02-10,7,232686.80000000002,141,33240.97142857143,3,3,3,333,9,Others
CUST00795,2026-05-29,9,309411.6,33,34379.066666666666,4,4,3,443,11,Loyal Customers
CUST00796,2026-06-06,23,689874.45,25,29994.541304347826,5,5,5,555,15,Champions
CUST00797,2024-12-30,1,39779.0,548,39779.0,1,1,1,111,3,Lost Customers
CUST00798,2024-11-28,3,122918.6,580,40972.86666666667,1,1,2,112,4,Lost Customers
CUST00799,2026-05-28,10,389412.8,34,38941.28,4,4,4,444,12,Champions
CUST00800,2026-06-22,21,816979.05,9,38903.764285714286,5,5,5,555,15,Champions
CUST00801,2026-03-01,5,338321.85000000003,122,67664.37000000001,3,2,4,324,9,Others
CUST00802,2026-02-21,11,247347.34999999998,130,22486.122727272726,3,4,3,343,10,Loyal Customers
CUST00803,2026-04-20,17,552011.75,72,32471.279411764706,3,5,4,354,12,Loyal Customers
CUST00804,2025-07-18,10,360649.45,348,36064.945,1,4,4,144,9,At Risk
CUST00805,2024-08-04,2,29944.6,696,14972.3,1,1,1,111,3,Lost Customers
CUST00806,2026-06-07,13,419792.95,24,32291.765384615384,5,4,4,544,13,Champions
CUST00807,2025-07-05,2,61775.65,361,30887.825,1,1,1,111,3,Lost Customers
CUST00808,2026-05-05,5,117415.5,57,23483.1,4,2,2,422,8,Potential Loyalists
CUST00809,2025-12-15,9,418569.1,198,46507.677777777775,2,4,4,244,10,At Risk
CUST00810,2026-02-26,21,930598.5499999999,125,44314.21666666666,3,5,5,355,13,Loyal Customers
CUST00811,2025-12-08,5,295883.45,205,59176.69,2,2,3,223,7,Others
CUST00812,2026-02-26,4,156369.0,125,39092.25,3,2,2,322,7,Others
CUST00813,2026-04-14,5,366907.25,78,73381.45,3,2,4,324,9,Others
CUST00814,2026-03-13,7,198173.0,110,28310.428571428572,3,3,3,333,9,Others
CUST00815,2025-01-27,1,25882.0,520,25882.0,1,1,1,111,3,Lost Customers
CUST00816,2026-04-09,9,680345.85,83,75593.98333333334,3,4,5,345,12,Loyal Customers
CUST00817,2026-04-10,9,466588.0,82,51843.11111111111,3,4,4,344,11,Loyal Customers
CUST00818,2026-03-22,12,494347.0,101,41195.583333333336,3,4,4,344,11,Loyal Customers
CUST00819,2026-01-10,33,1355498.0,172,41075.69696969697,2,5,5,255,12,At Risk
CUST00820,2026-06-21,9,307925.4,10,34213.933333333334,5,4,3,543,12,Loyal Customers
CUST00821,2026-04-30,8,574311.0,62,71788.875,4,3,4,434,11,Potential Loyalists
CUST00822,2026-02-26,4,135592.85,125,33898.2125,3,2,2,322,7,Others
CUST00823,2026-01-30,7,437068.75,152,62438.392857142855,2,3,4,234,9,At Risk
CUST00824,2026-02-26,15,551128.7,125,36741.91333333333,3,5,4,354,12,Loyal Customers
CUST00825,2026-03-14,5,163300.3,109,32660.059999999998,3,2,2,322,7,Others
CUST00826,2026-06-23,28,1535397.4,8,54835.62142857142,5,5,5,555,15,Champions
CUST00827,2026-05-05,6,134012.35,57,22335.391666666666,4,3,2,432,9,Potential Loyalists
CUST00828,2024-12-04,1,11069.55,574,11069.55,1,1,1,111,3,Lost Customers
CUST00829,2026-06-26,12,737084.75,5,61423.729166666664,5,4,5,545,14,Champions
CUST00830,2026-04-28,9,274198.4,64,30466.488888888893,4,4,3,443,11,Loyal Customers
CUST00831,2025-09-15,3,37731.75,289,12577.25,2,1,1,211,4,Lost Customers
CUST00832,2026-03-10,7,450773.05,113,64396.15,3,3,4,334,10,Others
CUST00833,2025-09-18,4,106595.7,286,26648.925,2,2,2,222,6,Lost Customers
CUST00834,2026-01-21,6,441484.35,161,73580.72499999999,2,3,4,234,9,At Risk
CUST00835,2026-06-04,9,777999.5,27,86444.38888888889,5,4,5,545,14,Champions
CUST00836,2026-04-28,8,163893.25,64,20486.65625,4,3,2,432,9,Potential Loyalists
CUST00837,2025-10-12,6,187429.25,262,31238.208333333332,2,3,3,233,8,At Risk
CUST00838,2025-08-20,1,42799.4,315,42799.4,1,1,1,111,3,Lost Customers
CUST00839,2026-06-25,11,745113.2999999999,6,67737.57272727272,5,4,5,545,14,Champions
CUST00840,2026-06-18,12,283626.5,13,23635.541666666668,5,4,3,543,12,Loyal Customers
CUST00841,2025-05-10,4,63446.2,417,15861.55,1,2,1,121,4,Lost Customers
CUST00842,2025-08-05,6,64076.600000000006,330,10679.433333333334,1,3,1,131,5,At Risk
CUST00843,2026-06-30,22,834210.2,1,37918.645454545454,5,5,5,555,15,Champions
CUST00844,2025-12-16,2,266340.69999999995,197,133170.34999999998,2,1,3,213,6,Others
CUST00845,2026-06-11,10,416074.5,20,41607.45,5,4,4,544,13,Champions
CUST00846,2025-09-02,4,65258.25,302,16314.5625,2,2,1,221,5,Lost Customers
CUST00847,2026-04-23,11,473790.45,69,43071.85909090909,4,4,4,444,12,Champions
CUST00848,2026-04-17,2,14755.9,75,7377.95,3,1,1,311,5,Others
CUST00849,2026-06-08,20,688688.05,23,34434.402500000004,5,5,5,555,15,Champions
CUST00850,2026-06-12,9,270090.8,19,30010.088888888888,5,4,3,543,12,Loyal Customers
CUST00851,2025-07-25,3,81949.6,341,27316.533333333336,1,1,2,112,4,Lost Customers
CUST00852,2024-09-22,2,61032.200000000004,647,30516.100000000002,1,1,1,111,3,Lost Customers
CUST00853,2026-05-01,4,106595.75,61,26648.9375,4,2,2,422,8,Potential Loyalists
CUST00854,2026-06-06,2,34177.25,25,17088.625,5,1,1,511,7,Others
CUST00855,2026-06-30,11,419343.0,1,38122.09090909091,5,4,4,544,13,Champions
CUST00856,2026-04-07,9,249043.30000000002,85,27671.477777777778,3,4,3,343,10,Loyal Customers
CUST00857,2026-04-13,8,208592.8,79,26074.1,3,3,3,333,9,Others
CUST00858,2026-06-29,12,385275.85,2,32106.32083333333,5,4,4,544,13,Champions
CUST00859,2026-05-23,9,741390.6,39,82376.73333333334,4,4,5,445,13,Champions
CUST00860,2024-12-15,3,35652.0,563,11884.0,1,1,1,111,3,Lost Customers
CUST00861,2026-06-16,13,392535.75,15,30195.05769230769,5,4,4,544,13,Champions
CUST00862,2025-01-05,4,152359.25,542,38089.8125,1,2,2,122,5,Lost Customers
CUST00863,2026-05-31,12,646319.0,31,53859.916666666664,4,4,5,445,13,Champions
CUST00864,2026-04-04,13,967730.2,88,74440.78461538462,3,4,5,345,12,Loyal Customers
CUST00865,2026-05-11,8,139333.3,51,17416.6625,4,3,2,432,9,Potential Loyalists
CUST00866,2026-06-23,13,710506.1,8,54654.31538461538,5,4,5,545,14,Champions
CUST00867,2026-01-07,1,31920.0,175,31920.0,2,1,1,211,4,Lost Customers
CUST00868,2025-12-09,10,228427.9,204,22842.79,2,4,3,243,9,At Risk
CUST00869,2026-05-14,9,345909.7,48,38434.41111111111,4,4,4,444,12,Champions
CUST00870,2026-02-03,10,256508.8,148,25650.879999999997,2,4,3,243,9,At Risk
CUST00871,2026-06-28,13,328356.05,3,25258.15769230769,5,4,4,544,13,Champions
CUST00872,2026-05-22,23,850229.4,40,36966.495652173915,4,5,5,455,14,Champions
CUST00873,2025-12-07,6,187674.6,206,31279.100000000002,2,3,3,233,8,At Risk
CUST00874,2025-01-16,3,233249.1,531,77749.7,1,1,3,113,5,Others
CUST00875,2025-04-06,5,153182.45,451,30636.49,1,2,2,122,5,Lost Customers
CUST00876,2026-04-21,11,360632.3,71,32784.75454545455,3,4,4,344,11,Loyal Customers
CUST00877,2026-05-22,23,1102790.25,40,47947.40217391304,4,5,5,455,14,Champions
CUST00878,2025-12-22,5,88752.65,191,17750.53,2,2,2,222,6,Lost Customers
CUST00879,2026-06-06,15,1083128.8,25,72208.58666666667,5,5,5,555,15,Champions
CUST00880,2025-10-29,5,205297.8,245,41059.56,2,2,3,223,7,Others
CUST00881,2026-05-14,3,3665.5,48,1221.8333333333333,4,1,1,411,6,Others
CUST00882,2026-05-27,23,711941.1,35,30953.960869565217,4,5,5,455,14,Champions
CUST00883,2024-12-28,6,234950.3,550,39158.38333333333,1,3,3,133,7,At Risk
CUST00884,2026-06-12,4,46175.0,19,11543.75,5,2,1,521,8,Potential Loyalists
CUST00885,2025-01-30,3,5396.9,517,1798.9666666666665,1,1,1,111,3,Lost Customers
CUST00886,2024-05-08,1,3034.4,784,3034.4,1,1,1,111,3,Lost Customers
CUST00887,2026-04-19,6,314740.15,73,52456.69166666667,3,3,3,333,9,Others
CUST00888,2025-11-04,3,72463.3,239,24154.433333333334,2,1,2,212,5,Lost Customers
CUST00889,2026-04-06,13,627272.5,86,48251.730769230766,3,4,5,345,12,Loyal Customers
CUST00890,2026-01-13,21,1121752.8,169,53416.8,2,5,5,255,12,At Risk
CUST00891,2026-05-21,10,282584.9,41,28258.49,4,4,3,443,11,Loyal Customers
CUST00892,2026-04-05,5,314978.4,87,62995.68000000001,3,2,3,323,8,Others
CUST00893,2026-06-13,17,937761.8,18,55162.458823529414,5,5,5,555,15,Champions
CUST00894,2025-12-09,6,84975.3,204,14162.550000000001,2,3,2,232,7,At Risk
CUST00895,2026-01-10,7,148609.55,172,21229.93571428571,2,3,2,232,7,At Risk
CUST00896,2026-04-07,7,160092.25,85,22870.321428571428,3,3,2,332,8,Others
CUST00897,2025-08-22,2,11933.2,313,5966.6,2,1,1,211,4,Lost Customers
CUST00898,2025-07-04,5,48525.2,362,9705.039999999999,1,2,1,121,4,Lost Customers
CUST00899,2026-06-01,14,511716.55,30,36551.18214285714,4,5,4,454,13,Champions
CUST00900,2026-05-28,25,1267317.45,34,50692.698,4,5,5,455,14,Champions
CUST00901,2026-03-20,7,372877.0,103,53268.142857142855,3,3,4,334,10,Others
CUST00902,2026-06-30,11,575937.2,1,52357.92727272727,5,4,4,544,13,Champions
CUST00903,2024-05-18,2,127389.4,774,63694.7,1,1,2,112,4,Lost Customers
CUST00904,2026-04-05,13,374720.15,87,28824.626923076925,3,4,4,344,11,Loyal Customers
CUST00905,2024-12-22,2,170698.5,556,85349.25,1,1,2,112,4,Lost Customers
CUST00906,2025-09-02,1,67500.0,302,67500.0,2,1,1,211,4,Lost Customers
CUST00907,2026-06-17,17,841418.3,14,49495.194117647065,5,5,5,555,15,Champions
CUST00908,2026-06-30,14,543289.35,1,38806.38214285714,5,5,4,554,14,Champions
CUST00909,2025-05-24,6,70422.5,403,11737.083333333334,1,3,1,131,5,At Risk
CUST00910,2026-03-23,11,308108.25,100,28009.840909090908,3,4,3,343,10,Loyal Customers
CUST00911,2026-04-15,7,163417.05,77,23345.292857142857,3,3,2,332,8,Others
CUST00912,2026-01-30,8,111355.75,152,13919.46875,2,3,2,232,7,At Risk
CUST00913,2026-05-16,11,574452.55,46,52222.9590909091,4,4,4,444,12,Champions
CUST00914,2026-03-30,9,254962.7,93,28329.18888888889,3,4,3,343,10,Loyal Customers
CUST00915,2026-02-18,6,269152.25,133,44858.708333333336,3,3,3,333,9,Others
CUST00916,2026-04-20,4,48822.65,72,12205.6625,3,2,1,321,6,Others
CUST00917,2025-09-20,5,99982.6,284,19996.52,2,2,2,222,6,Lost Customers
CUST00918,2026-04-24,4,174304.8,68,43576.2,4,2,3,423,9,Potential Loyalists
CUST00919,2025-06-09,4,95980.3,387,23995.075,1,2,2,122,5,Lost Customers
CUST00920,2026-02-27,7,195373.05,124,27910.43571428571,3,3,3,333,9,Others
CUST00921,2025-10-12,5,93631.2,262,18726.239999999998,2,2,2,222,6,Lost Customers
CUST00922,2026-05-03,7,229232.65,59,32747.52142857143,4,3,3,433,10,Potential Loyalists
CUST00923,2026-03-09,12,513785.55,114,42815.4625,3,4,4,344,11,Loyal Customers
CUST00924,2026-02-17,10,437583.15,134,43758.315,3,4,4,344,11,Loyal Customers
CUST00925,2026-06-09,24,1327047.9000000001,22,55293.662500000006,5,5,5,555,15,Champions
CUST00926,2026-02-03,10,254639.2,148,25463.920000000002,2,4,3,243,9,At Risk
CUST00927,2024-08-15,1,9528.5,685,9528.5,1,1,1,111,3,Lost Customers
CUST00928,2025-03-09,3,35556.35,479,11852.116666666667,1,1,1,111,3,Lost Customers
CUST00929,2026-05-13,17,813572.8,49,47857.22352941177,4,5,5,455,14,Champions
CUST00930,2025-08-16,6,334047.65,319,55674.60833333334,1,3,4,134,8,At Risk
CUST00931,2025-02-26,1,1120.05,490,1120.05,1,1,1,111,3,Lost Customers
CUST00932,2026-04-20,21,634470.55,72,30212.883333333335,3,5,5,355,13,Loyal Customers
CUST00933,2026-05-12,4,87092.8,50,21773.2,4,2,2,422,8,Potential Loyalists
CUST00934,2026-06-19,12,518779.8,12,43231.65,5,4,4,544,13,Champions
CUST00935,2026-06-30,17,1262618.2,1,74271.6588235294,5,5,5,555,15,Champions
CUST00936,2026-04-22,9,437576.75,70,48619.63888888889,3,4,4,344,11,Loyal Customers
CUST00937,2026-02-25,5,83089.8,126,16617.96,3,2,2,322,7,Others
CUST00938,2025-11-17,3,17862.95,226,5954.316666666667,2,1,1,211,4,Lost Customers
CUST00939,2026-02-26,5,77816.55,125,15563.310000000001,3,2,2,322,7,Others
CUST00940,2025-07-06,2,28043.5,360,14021.75,1,1,1,111,3,Lost Customers
CUST00941,2025-10-24,2,28825.55,250,14412.775,2,1,1,211,4,Lost Customers
CUST00942,2025-01-15,7,258179.9,532,36882.84285714286,1,3,3,133,7,At Risk
CUST00943,2026-04-14,5,332592.3,78,66518.45999999999,3,2,4,324,9,Others
CUST00944,2026-05-26,2,48977.6,36,24488.8,4,1,1,411,6,Others
CUST00945,2026-05-26,18,1707010.05,36,94833.89166666666,4,5,5,455,14,Champions
CUST00946,2025-10-23,2,55580.25,251,27790.125,2,1,1,211,4,Lost Customers
CUST00947,2026-05-08,14,447700.1,54,31978.57857142857,4,5,4,454,13,Champions
CUST00948,2026-05-02,4,96784.5,60,24196.125,4,2,2,422,8,Potential Loyalists
CUST00949,2026-04-30,4,112508.3,62,28127.075,4,2,2,422,8,Potential Loyalists
CUST00950,2026-02-02,11,250757.94999999998,149,22796.177272727273,2,4,3,243,9,At Risk
CUST00951,2026-05-06,8,526930.9,56,65866.3625,4,3,4,434,11,Potential Loyalists
CUST00952,2026-06-01,10,348862.35,30,34886.235,4,4,4,444,12,Champions
CUST00953,2026-05-01,15,891442.75,61,59429.51666666667,4,5,5,455,14,Champions
CUST00954,2025-12-31,10,443065.64999999997,182,44306.564999999995,2,4,4,244,10,At Risk
CUST00955,2025-07-17,5,129526.4,349,25905.28,1,2,2,122,5,Lost Customers
CUST00956,2025-08-19,1,4386.6,316,4386.6,1,1,1,111,3,Lost Customers
CUST00957,2025-12-09,3,75977.8,204,25325.933333333334,2,1,2,212,5,Lost Customers
CUST00958,2026-04-17,7,273827.95,75,39118.27857142857,3,3,3,333,9,Others
CUST00959,2025-02-11,4,109931.6,505,27482.9,1,2,2,122,5,Lost Customers
CUST00960,2026-03-02,3,63105.3,121,21035.100000000002,3,1,1,311,5,Others
CUST00961,2026-05-02,12,520163.89999999997,60,43346.99166666666,4,4,4,444,12,Champions
CUST00962,2026-01-12,4,39054.55,170,9763.6375,2,2,1,221,5,Lost Customers
CUST00963,2026-06-18,13,308026.05,13,23694.311538461538,5,4,3,543,12,Loyal Customers
CUST00964,2026-05-03,12,488482.7,59,40706.89166666667,4,4,4,444,12,Champions
CUST00965,2026-05-03,7,234111.35,59,33444.478571428575,4,3,3,433,10,Potential Loyalists
CUST00966,2024-07-05,3,9677.25,726,3225.75,1,1,1,111,3,Lost Customers
CUST00967,2026-01-03,3,50371.05,179,16790.350000000002,2,1,1,211,4,Lost Customers
CUST00968,2026-06-21,4,36087.8,10,9021.95,5,2,1,521,8,Potential Loyalists
CUST00969,2026-06-10,13,644543.85,21,49580.29615384615,5,4,5,545,14,Champions
CUST00970,2026-06-20,11,202854.8,11,18441.345454545455,5,4,3,543,12,Loyal Customers
CUST00971,2026-05-27,30,1492269.4,35,49742.31333333333,4,5,5,455,14,Champions
CUST00972,2026-05-25,15,690394.0,37,46026.26666666667,4,5,5,455,14,Champions
CUST00973,2026-01-13,10,244102.75,169,24410.275,2,4,3,243,9,At Risk
CUST00974,2025-11-30,14,833160.45,213,59511.46071428571,2,5,5,255,12,At Risk
CUST00975,2026-01-13,5,157585.4,169,31517.079999999998,2,2,2,222,6,Lost Customers
CUST00976,2025-08-14,5,222469.0,321,44493.8,1,2,3,123,6,Others
CUST00977,2025-10-08,1,9289.8,266,9289.8,2,1,1,211,4,Lost Customers
CUST00978,2026-05-23,3,23734.8,39,7911.599999999999,4,1,1,411,6,Others
CUST00979,2026-04-12,5,59384.3,80,11876.86,3,2,1,321,6,Others
CUST00980,2026-06-20,10,187208.0,11,18720.8,5,4,3,543,12,Loyal Customers
CUST00981,2025-09-23,8,186798.25,281,23349.78125,2,3,3,233,8,At Risk
CUST00982,2026-06-15,23,1603976.7,16,69738.11739130435,5,5,5,555,15,Champions
CUST00983,2025-02-14,5,75503.85,502,15100.77,1,2,2,122,5,Lost Customers
CUST00984,2026-04-18,10,434099.05,74,43409.905,3,4,4,344,11,Loyal Customers
CUST00985,2025-08-18,2,2961.35,317,1480.675,1,1,1,111,3,Lost Customers
CUST00986,2026-04-30,20,899190.9,62,44959.545,4,5,5,455,14,Champions
CUST00987,2026-06-18,16,340181.95,13,21261.371875,5,5,4,554,14,Champions
CUST00988,2026-06-05,4,65227.5,26,16306.875,5,2,1,521,8,Potential Loyalists
CUST00989,2026-02-01,11,786569.95,150,71506.35909090909,2,4,5,245,11,At Risk
CUST00990,2026-05-26,9,238257.55,36,26473.06111111111,4,4,3,443,11,Loyal Customers
CUST00991,2025-12-31,2,3471.6,182,1735.8,2,1,1,211,4,Lost Customers
CUST00992,2026-05-03,5,29192.050000000003,59,5838.410000000001,4,2,1,421,7,Potential Loyalists
CUST00993,2025-05-04,1,53348.0,423,53348.0,1,1,1,111,3,Lost Customers
CUST00994,2026-06-18,17,972435.75,13,57202.10294117647,5,5,5,555,15,Champions
CUST00995,2026-06-29,4,41627.100000000006,2,10406.775000000001,5,2,1,521,8,Potential Loyalists
CUST00996,2026-05-03,6,208219.6,59,34703.26666666667,4,3,3,433,10,Potential Loyalists
CUST00997,2025-07-03,4,133534.0,363,33383.5,1,2,2,122,5,Lost Customers
CUST00998,2026-05-02,6,141298.25,60,23549.708333333332,4,3,2,432,9,Potential Loyalists
CUST00999,2026-04-08,9,509668.5,84,56629.833333333336,3,4,4,344,11,Loyal Customers
CUST01000,2026-01-19,15,783728.5499999999,163,52248.56999999999,2,5,5,255,12,At Risk
CUST01001,2026-06-25,19,911705.2000000001,6,47984.484210526316,5,5,5,555,15,Champions
CUST01002,2025-10-01,1,1536.8,273,1536.8,2,1,1,211,4,Lost Customers
CUST01003,2026-05-12,4,18509.6,50,4627.4,4,2,1,421,7,Potential Loyalists
CUST01004,2026-04-20,7,200746.95,72,28678.135714285716,3,3,3,333,9,Others
CUST01005,2024-01-12,1,31084.2,901,31084.2,1,1,1,111,3,Lost Customers
CUST01006,2024-11-13,1,94208.4,595,94208.4,1,1,2,112,4,Lost Customers
CUST01007,2026-05-25,11,366268.64999999997,37,33297.149999999994,4,4,4,444,12,Champions
CUST01008,2025-11-15,2,116498.8,228,58249.4,2,1,2,212,5,Lost Customers
CUST01009,2026-04-15,15,576961.7,77,38464.11333333333,3,5,4,354,12,Loyal Customers
CUST01010,2025-05-22,4,52256.700000000004,405,13064.175000000001,1,2,1,121,4,Lost Customers
CUST01011,2026-03-31,5,188202.7,92,37640.54,3,2,3,323,8,Others
CUST01012,2025-05-31,4,123799.1,396,30949.775,1,2,2,122,5,Lost Customers
CUST01013,2026-05-08,6,126391.0,54,21065.166666666668,4,3,2,432,9,Potential Loyalists
CUST01014,2025-09-22,13,614875.5,282,47298.11538461538,2,4,5,245,11,At Risk
CUST01015,2025-11-19,5,100617.45,224,20123.489999999998,2,2,2,222,6,Lost Customers
CUST01016,2026-03-12,12,571307.85,111,47608.987499999996,3,4,4,344,11,Loyal Customers
CUST01017,2025-08-25,4,326232.75,310,81558.1875,2,2,4,224,8,Others
CUST01018,2026-04-13,9,201218.45,79,22357.605555555558,3,4,3,343,10,Loyal Customers
CUST01019,2026-04-23,4,149378.44999999998,69,37344.612499999996,4,2,2,422,8,Potential Loyalists
CUST01020,2024-10-15,1,6739.3,624,6739.3,1,1,1,111,3,Lost Customers
CUST01021,2026-06-24,21,944474.9,7,44974.99523809524,5,5,5,555,15,Champions
CUST01022,2026-06-26,18,860272.3,5,47792.90555555556,5,5,5,555,15,Champions
CUST01023,2026-05-17,11,561178.1,45,51016.19090909091,4,4,4,444,12,Champions
CUST01024,2026-02-17,4,129316.7,134,32329.175,3,2,2,322,7,Others
CUST01025,2026-05-22,8,375152.8,40,46894.1,4,3,4,434,11,Potential Loyalists
CUST01026,2026-06-13,14,495421.15,18,35387.225,5,5,4,554,14,Champions
CUST01027,2026-06-29,21,803435.15,2,38258.816666666666,5,5,5,555,15,Champions
CUST01028,2025-11-04,8,153312.65000000002,239,19164.081250000003,2,3,2,232,7,At Risk
CUST01029,2026-06-11,7,320235.7,20,45747.95714285714,5,3,3,533,11,Potential Loyalists
CUST01030,2026-06-03,3,51673.7,28,17224.566666666666,5,1,1,511,7,Others
CUST01031,2025-05-16,5,176886.75,411,35377.35,1,2,3,123,6,Others
CUST01032,2026-03-04,16,1032626.9500000001,119,64539.184375000004,3,5,5,355,13,Loyal Customers
CUST01033,2026-06-29,10,286799.14999999997,2,28679.914999999997,5,4,3,543,12,Loyal Customers
CUST01034,2026-03-02,4,75024.4,121,18756.1,3,2,2,322,7,Others
CUST01035,2026-01-08,7,297976.30000000005,174,42568.042857142864,2,3,3,233,8,At Risk
CUST01036,2025-12-17,2,91182.55,196,45591.275,2,1,2,212,5,Lost Customers
CUST01037,2026-05-28,18,940186.15,34,52232.56388888889,4,5,5,455,14,Champions
CUST01038,2026-03-10,5,168477.3,113,33695.46,3,2,2,322,7,Others
CUST01039,2026-06-08,16,651521.4,23,40720.0875,5,5,5,555,15,Champions
CUST01040,2026-06-11,22,1354198.85,20,61554.49318181819,5,5,5,555,15,Champions
CUST01041,2026-04-15,8,180810.80000000002,77,22601.350000000002,3,3,3,333,9,Others
CUST01042,2026-04-07,8,175957.45,85,21994.68125,3,3,3,333,9,Others
CUST01043,2026-01-06,13,452790.0,176,34830.0,2,4,4,244,10,At Risk
CUST01044,2026-04-27,1,142058.8,65,142058.8,4,1,2,412,7,Others
CUST01045,2026-06-06,20,587047.45,25,29352.372499999998,5,5,5,555,15,Champions
CUST01046,2025-12-27,5,140440.7,186,28088.140000000003,2,2,2,222,6,Lost Customers
CUST01047,2026-01-18,14,573968.25,164,40997.732142857145,2,5,4,254,11,At Risk
CUST01048,2026-06-16,14,1184052.75,15,84575.19642857143,5,5,5,555,15,Champions
CUST01049,2026-04-29,11,509720.1,63,46338.19090909091,4,4,4,444,12,Champions
CUST01050,2025-12-21,6,479404.5,192,79900.75,2,3,4,234,9,At Risk
CUST01051,2026-01-23,7,154202.2,159,22028.885714285716,2,3,2,232,7,At Risk
CUST01052,2026-06-17,4,189218.75,14,47304.6875,5,2,3,523,10,Potential Loyalists
CUST01053,2026-05-10,10,232623.0,52,23262.3,4,4,3,443,11,Loyal Customers
CUST01054,2026-04-15,16,320593.75,77,20037.109375,3,5,3,353,11,Loyal Customers
CUST01055,2026-06-05,8,260434.1,26,32554.2625,5,3,3,533,11,Potential Loyalists
CUST01056,2025-07-14,2,43781.0,352,21890.5,1,1,1,111,3,Lost Customers
CUST01057,2026-06-19,4,116592.4,12,29148.1,5,2,2,522,9,Potential Loyalists
CUST01058,2026-06-17,10,530382.75,14,53038.275,5,4,4,544,13,Champions
CUST01059,2026-02-20,6,160638.25,131,26773.041666666668,3,3,2,332,8,Others
CUST01060,2026-06-26,26,1436016.25,5,55231.394230769234,5,5,5,555,15,Champions
CUST01061,2025-10-04,2,95070.35,270,47535.175,2,1,2,212,5,Lost Customers
CUST01062,2026-02-25,7,361269.8,126,51609.97142857143,3,3,4,334,10,Others
CUST01063,2026-05-11,11,553024.75,51,50274.97727272727,4,4,4,444,12,Champions
CUST01064,2024-03-28,1,111243.1,825,111243.1,1,1,2,112,4,Lost Customers
CUST01065,2026-04-10,10,394590.85000000003,82,39459.08500000001,3,4,4,344,11,Loyal Customers
CUST01066,2024-02-27,1,4582.8,855,4582.8,1,1,1,111,3,Lost Customers
CUST01067,2026-06-30,29,2027228.3,1,69904.42413793104,5,5,5,555,15,Champions
CUST01068,2025-09-29,8,438025.5,275,54753.1875,2,3,4,234,9,At Risk
CUST01069,2026-02-12,1,130082.4,139,130082.4,3,1,2,312,6,Others
CUST01070,2026-04-26,4,194889.95,66,48722.4875,4,2,3,423,9,Potential Loyalists
CUST01071,2026-03-26,6,387652.25,97,64608.708333333336,3,3,4,334,10,Others
CUST01072,2025-12-26,3,100828.5,187,33609.5,2,1,2,212,5,Lost Customers
CUST01073,2026-06-07,9,236559.8,24,26284.42222222222,5,4,3,543,12,Loyal Customers
CUST01074,2024-04-01,2,86637.0,821,43318.5,1,1,2,112,4,Lost Customers
CUST01075,2025-06-10,4,79969.3,386,19992.325,1,2,2,122,5,Lost Customers
CUST01076,2026-06-26,5,41495.25,5,8299.05,5,2,1,521,8,Potential Loyalists
CUST01077,2026-06-14,14,956481.95,17,68320.13928571428,5,5,5,555,15,Champions
CUST01078,2025-06-07,1,11660.3,389,11660.3,1,1,1,111,3,Lost Customers
CUST01079,2026-05-04,24,828812.7,58,34533.862499999996,4,5,5,455,14,Champions
CUST01080,2026-04-02,9,415104.7,90,46122.74444444445,3,4,4,344,11,Loyal Customers
CUST01081,2026-02-18,1,2388.3,133,2388.3,3,1,1,311,5,Others
CUST01082,2025-11-10,5,225119.4,233,45023.88,2,2,3,223,7,Others
CUST01083,2026-06-27,28,1163123.4,4,41540.12142857142,5,5,5,555,15,Champions
CUST01084,2026-05-30,3,286487.3,32,95495.76666666666,4,1,3,413,8,Others
CUST01085,2026-05-17,10,407742.65,45,40774.265,4,4,4,444,12,Champions
CUST01086,2026-01-16,13,836003.9,166,64307.99230769231,2,4,5,245,11,At Risk
CUST01087,2026-05-22,12,710093.0,40,59174.416666666664,4,4,5,445,13,Champions
CUST01088,2026-04-19,10,364429.5,73,36442.95,3,4,4,344,11,Loyal Customers
CUST01089,2026-06-04,12,572542.3,27,47711.85833333334,5,4,4,544,13,Champions
CUST01090,2025-12-08,6,158593.9,205,26432.316666666666,2,3,2,232,7,At Risk
CUST01091,2026-04-14,12,1052543.45,78,87711.95416666666,3,4,5,345,12,Loyal Customers
CUST01092,2024-07-18,2,190587.45,713,95293.725,1,1,3,113,5,Others
CUST01093,2026-02-04,7,195363.9,147,27909.12857142857,2,3,3,233,8,At Risk
CUST01094,2026-01-14,5,21129.45,168,4225.89,2,2,1,221,5,Lost Customers
CUST01095,2026-01-17,3,65661.85,165,21887.283333333336,2,1,1,211,4,Lost Customers
CUST01096,2025-04-10,4,118713.55,447,29678.3875,1,2,2,122,5,Lost Customers
CUST01097,2026-04-01,7,392265.15,91,56037.87857142858,3,3,4,334,10,Others
CUST01098,2026-06-15,8,516017.8,16,64502.225,5,3,4,534,12,Potential Loyalists
CUST01099,2025-07-24,3,237093.3,342,79031.09999999999,1,1,3,113,5,Others
CUST01100,2026-05-20,11,784769.8,42,71342.70909090909,4,4,5,445,13,Champions
CUST01101,2026-05-30,10,455675.25,32,45567.525,4,4,4,444,12,Champions
CUST01102,2026-05-21,7,208673.0,41,29810.428571428572,4,3,3,433,10,Potential Loyalists
CUST01103,2026-06-01,13,467432.8,30,35956.36923076923,4,4,4,444,12,Champions
CUST01104,2026-05-03,3,77265.65000000001,59,25755.21666666667,4,1,2,412,7,Others
CUST01105,2025-06-25,2,5888.15,371,2944.075,1,1,1,111,3,Lost Customers
CUST01106,2026-01-15,4,71851.25,167,17962.8125,2,2,2,222,6,Lost Customers
CUST01107,2025-03-22,5,332447.25,466,66489.45,1,2,4,124,7,Others
CUST01108,2025-12-05,12,520830.2,208,43402.51666666667,2,4,4,244,10,At Risk
CUST01109,2026-01-27,11,587934.45,155,53448.58636363636,2,4,5,245,11,At Risk
CUST01110,2026-04-12,8,191516.05,80,23939.50625,3,3,3,333,9,Others
CUST01111,2025-12-10,5,70485.65,203,14097.13,2,2,1,221,5,Lost Customers
CUST01112,2025-05-02,4,128065.7,425,32016.425,1,2,2,122,5,Lost Customers
CUST01113,2025-12-22,4,152291.65,191,38072.9125,2,2,2,222,6,Lost Customers
CUST01114,2026-05-12,15,783350.2000000001,50,52223.34666666667,4,5,5,455,14,Champions
CUST01115,2026-05-13,6,137844.7,49,22974.11666666667,4,3,2,432,9,Potential Loyalists
CUST01116,2026-06-27,27,880390.95,4,32607.07222222222,5,5,5,555,15,Champions
CUST01117,2026-03-29,10,175471.4,94,17547.14,3,4,3,343,10,Loyal Customers
CUST01118,2025-10-15,1,139938.3,259,139938.3,2,1,2,212,5,Lost Customers
CUST01119,2026-04-17,7,434996.6,75,62142.37142857142,3,3,4,334,10,Others
CUST01120,2026-06-26,9,498032.3,5,55336.92222222222,5,4,4,544,13,Champions
CUST01121,2025-12-05,5,287655.25,208,57531.05,2,2,3,223,7,Others
CUST01122,2026-06-18,10,448658.85,13,44865.884999999995,5,4,4,544,13,Champions
CUST01123,2026-04-06,10,463510.75,86,46351.075,3,4,4,344,11,Loyal Customers
CUST01124,2026-05-03,17,1270711.1,59,74747.71176470589,4,5,5,455,14,Champions
CUST01125,2026-01-31,3,45621.0,151,15207.0,2,1,1,211,4,Lost Customers
CUST01126,2025-07-21,2,50612.0,345,25306.0,1,1,1,111,3,Lost Customers
CUST01127,2026-03-25,3,40297.2,98,13432.4,3,1,1,311,5,Others
CUST01128,2024-12-17,4,105733.9,561,26433.475,1,2,2,122,5,Lost Customers
CUST01129,2026-06-08,6,162863.3,23,27143.88333333333,5,3,2,532,10,Potential Loyalists
CUST01130,2025-12-12,9,183153.25,201,20350.36111111111,2,4,3,243,9,At Risk
CUST01131,2026-04-16,10,342552.64999999997,76,34255.265,3,4,4,344,11,Loyal Customers
CUST01132,2026-03-13,5,111753.75,110,22350.75,3,2,2,322,7,Others
CUST01133,2024-08-11,1,59567.4,689,59567.4,1,1,1,111,3,Lost Customers
CUST01134,2026-02-28,8,298638.05,123,37329.75625,3,3,3,333,9,Others
CUST01135,2026-06-22,7,425270.8,9,60752.97142857143,5,3,4,534,12,Potential Loyalists
CUST01136,2026-06-01,25,1436200.75,30,57448.03,4,5,5,455,14,Champions
CUST01137,2026-05-28,12,282476.35000000003,34,23539.695833333335,4,4,3,443,11,Loyal Customers
CUST01138,2026-06-30,19,926188.8,1,48746.778947368424,5,5,5,555,15,Champions
CUST01139,2025-08-12,3,30748.45,323,10249.483333333334,1,1,1,111,3,Lost Customers
CUST01140,2025-02-03,4,41917.95,513,10479.4875,1,2,1,121,4,Lost Customers
CUST01141,2026-03-15,6,354300.85,108,59050.14166666666,3,3,4,334,10,Others
CUST01142,2026-05-27,9,638695.75,35,70966.19444444444,4,4,5,445,13,Champions
CUST01143,2026-01-05,6,239783.05,177,39963.84166666667,2,3,3,233,8,At Risk
CUST01144,2026-06-15,16,830430.9,16,51901.93125,5,5,5,555,15,Champions
CUST01145,2026-06-19,17,1262640.6,12,74272.97647058824,5,5,5,555,15,Champions
CUST01146,2026-04-30,8,91517.09999999999,62,11439.637499999999,4,3,2,432,9,Potential Loyalists
CUST01147,2026-06-14,9,325024.45,17,36113.82777777778,5,4,4,544,13,Champions
CUST01148,2026-04-10,15,546932.5,82,36462.166666666664,3,5,4,354,12,Loyal Customers
CUST01149,2026-05-23,5,45179.65,39,9035.93,4,2,1,421,7,Potential Loyalists
CUST01150,2025-07-02,1,77108.0,364,77108.0,1,1,2,112,4,Lost Customers
CUST01151,2026-03-07,5,349101.15,116,69820.23000000001,3,2,4,324,9,Others
CUST01152,2026-05-14,22,924882.3,48,42040.104545454546,4,5,5,455,14,Champions
CUST01153,2026-06-01,16,1056653.15,30,66040.821875,4,5,5,455,14,Champions
CUST01154,2026-06-23,8,177307.5,8,22163.4375,5,3,3,533,11,Potential Loyalists
CUST01155,2025-10-06,7,222908.65000000002,268,31844.09285714286,2,3,3,233,8,At Risk
CUST01156,2025-04-27,3,234437.1,430,78145.7,1,1,3,113,5,Others
CUST01157,2026-03-24,5,253116.80000000002,99,50623.36,3,2,3,323,8,Others
CUST01158,2026-06-15,16,465182.55000000005,16,29073.909375000003,5,5,4,554,14,Champions
CUST01159,2026-06-20,11,423482.2,11,38498.38181818182,5,4,4,544,13,Champions
CUST01160,2026-06-08,10,518959.3,23,51895.93,5,4,4,544,13,Champions
CUST01161,2026-06-11,5,321227.8,20,64245.56,5,2,3,523,10,Potential Loyalists
CUST01162,2025-08-05,3,7108.700000000001,330,2369.566666666667,1,1,1,111,3,Lost Customers
CUST01163,2026-06-15,11,590069.75,16,53642.704545454544,5,4,5,545,14,Champions
CUST01164,2026-03-31,3,61076.0,92,20358.666666666668,3,1,1,311,5,Others
CUST01165,2025-06-04,2,23219.0,392,11609.5,1,1,1,111,3,Lost Customers
CUST01166,2026-05-29,9,375298.75,33,41699.86111111111,4,4,4,444,12,Champions
CUST01167,2026-04-16,8,168382.25,76,21047.78125,3,3,2,332,8,Others
CUST01168,2026-04-18,4,76408.65,74,19102.1625,3,2,2,322,7,Others
CUST01169,2026-05-25,19,1042486.95,37,54867.734210526316,4,5,5,455,14,Champions
CUST01170,2024-08-11,2,82024.5,689,41012.25,1,1,2,112,4,Lost Customers
CUST01171,2026-04-22,23,829714.35,70,36074.53695652174,3,5,5,355,13,Loyal Customers
CUST01172,2025-11-16,3,98681.0,227,32893.666666666664,2,1,2,212,5,Lost Customers
CUST01173,2026-01-30,5,485490.19999999995,152,97098.04,2,2,4,224,8,Others
CUST01174,2026-06-27,22,1213175.7,4,55144.35,5,5,5,555,15,Champions
CUST01175,2026-05-21,22,724842.0,41,32947.36363636364,4,5,5,455,14,Champions
CUST01176,2024-12-08,4,55849.65,570,13962.4125,1,2,1,121,4,Lost Customers
CUST01177,2026-06-21,5,219056.9,10,43811.38,5,2,3,523,10,Potential Loyalists
CUST01178,2026-05-13,12,600609.55,49,50050.79583333334,4,4,5,445,13,Champions
CUST01179,2026-04-24,17,622546.4,68,36620.376470588235,4,5,5,455,14,Champions
CUST01180,2026-05-06,13,353027.4,56,27155.953846153847,4,4,4,444,12,Champions
CUST01181,2025-08-19,2,36454.35,316,18227.175,1,1,1,111,3,Lost Customers
CUST01182,2026-04-21,11,886223.55,71,80565.77727272728,3,4,5,345,12,Loyal Customers
CUST01183,2025-12-01,4,149660.90000000002,212,37415.225000000006,2,2,2,222,6,Lost Customers
CUST01184,2025-05-23,5,212610.85,404,42522.17,1,2,3,123,6,Others
CUST01185,2026-05-13,16,885601.45,49,55350.090625,4,5,5,455,14,Champions
CUST01186,2026-04-15,10,284717.75,77,28471.775,3,4,3,343,10,Loyal Customers
CUST01187,2026-06-29,13,1333373.4,2,102567.18461538461,5,4,5,545,14,Champions
CUST01188,2026-05-08,9,270956.5,54,30106.277777777777,4,4,3,443,11,Loyal Customers
CUST01189,2026-06-04,12,324125.25,27,27010.4375,5,4,4,544,13,Champions
CUST01190,2025-12-01,2,30256.199999999997,212,15128.099999999999,2,1,1,211,4,Lost Customers
CUST01191,2026-05-29,4,124074.15,33,31018.5375,4,2,2,422,8,Potential Loyalists
CUST01192,2026-06-26,7,390369.15,5,55767.02142857143,5,3,4,534,12,Potential Loyalists
CUST01193,2024-01-15,1,33171.0,898,33171.0,1,1,1,111,3,Lost Customers
CUST01194,2026-04-25,6,137805.55,67,22967.591666666664,4,3,2,432,9,Potential Loyalists
CUST01195,2026-03-01,10,271331.2,122,27133.120000000003,3,4,3,343,10,Loyal Customers
CUST01196,2026-01-08,2,16270.0,174,8135.0,2,1,1,211,4,Lost Customers
CUST01197,2026-06-18,7,322898.8,13,46128.4,5,3,4,534,12,Potential Loyalists
CUST01198,2026-03-21,5,77909.25,102,15581.85,3,2,2,322,7,Others
CUST01199,2026-05-22,13,284494.55,40,21884.196153846155,4,4,3,443,11,Loyal Customers
CUST01200,2026-02-14,6,114058.55,137,19009.758333333335,3,3,2,332,8,Others
CUST01201,2025-09-28,6,116338.9,276,19389.816666666666,2,3,2,232,7,At Risk
CUST01202,2025-02-17,1,1136.0,499,1136.0,1,1,1,111,3,Lost Customers
CUST01203,2026-02-08,11,181115.0,143,16465.0,3,4,3,343,10,Loyal Customers
CUST01204,2026-06-14,24,1683619.7,17,70150.82083333333,5,5,5,555,15,Champions
CUST01205,2026-02-27,5,185261.25,124,37052.25,3,2,3,323,8,Others
CUST01206,2026-05-07,11,488743.4,55,44431.218181818185,4,4,4,444,12,Champions
CUST01207,2025-11-10,10,421938.95,233,42193.895000000004,2,4,4,244,10,At Risk
CUST01208,2026-06-24,12,221972.8,7,18497.733333333334,5,4,3,543,12,Loyal Customers
CUST01209,2026-06-13,3,242899.9,18,80966.63333333333,5,1,3,513,9,Others
CUST01210,2026-05-19,3,113543.1,43,37847.700000000004,4,1,2,412,7,Others
CUST01211,2025-11-01,6,84081.85,242,14013.641666666668,2,3,2,232,7,At Risk
CUST01212,2026-06-08,4,246721.8,23,61680.45,5,2,3,523,10,Potential Loyalists
CUST01213,2025-03-10,2,13356.8,478,6678.4,1,1,1,111,3,Lost Customers
CUST01214,2026-05-20,25,830386.65,42,33215.466,4,5,5,455,14,Champions
CUST01215,2026-01-26,5,270339.4,156,54067.880000000005,2,2,3,223,7,Others
CUST01216,2026-04-15,12,527770.8,77,43980.9,3,4,4,344,11,Loyal Customers
CUST01217,2026-03-03,9,223957.9,120,24884.21111111111,3,4,3,343,10,Loyal Customers
CUST01218,2026-03-02,13,411470.05,121,31651.542307692307,3,4,4,344,11,Loyal Customers
CUST01219,2026-05-25,23,1492115.75,37,64874.59782608696,4,5,5,455,14,Champions
CUST01220,2025-10-05,8,231682.15000000002,269,28960.268750000003,2,3,3,233,8,At Risk
CUST01221,2025-11-03,13,244619.85,240,18816.91153846154,2,4,3,243,9,At Risk
CUST01222,2026-05-09,9,365864.45,53,40651.60555555556,4,4,4,444,12,Champions
CUST01223,2026-04-10,10,551210.7,82,55121.06999999999,3,4,4,344,11,Loyal Customers
CUST01224,2026-02-22,10,350810.25,129,35081.025,3,4,4,344,11,Loyal Customers
CUST01225,2025-10-06,4,136396.7,268,34099.175,2,2,2,222,6,Lost Customers
CUST01226,2026-03-13,5,28828.2,110,5765.64,3,2,1,321,6,Others
CUST01227,2026-01-22,7,327617.8,160,46802.54285714286,2,3,4,234,9,At Risk
CUST01228,2026-01-31,8,293995.05,151,36749.38125,2,3,3,233,8,At Risk
CUST01229,2025-12-09,10,712943.15,204,71294.315,2,4,5,245,11,At Risk
CUST01230,2026-04-06,2,34320.0,86,17160.0,3,1,1,311,5,Others
CUST01231,2026-05-30,16,375737.5,32,23483.59375,4,5,4,454,13,Champions
CUST01232,2026-06-25,11,814508.75,6,74046.25,5,4,5,545,14,Champions
CUST01233,2026-01-01,2,48407.75,181,24203.875,2,1,1,211,4,Lost Customers
CUST01234,2026-05-07,18,458910.8,55,25495.044444444444,4,5,4,454,13,Champions
CUST01235,2026-06-04,22,856419.4,27,38928.15454545455,5,5,5,555,15,Champions
CUST01236,2025-12-11,9,441529.1,202,49058.788888888885,2,4,4,244,10,At Risk
CUST01237,2026-06-24,25,913070.05,7,36522.802,5,5,5,555,15,Champions
CUST01238,2026-01-03,3,48034.0,179,16011.333333333334,2,1,1,211,4,Lost Customers
CUST01239,2025-06-29,4,143417.8,367,35854.45,1,2,2,122,5,Lost Customers
CUST01240,2025-08-13,1,3967.2,322,3967.2,1,1,1,111,3,Lost Customers
CUST01241,2026-06-18,22,577691.45,13,26258.70227272727,5,5,4,554,14,Champions
CUST01242,2026-05-06,11,502807.8,56,45709.799999999996,4,4,4,444,12,Champions
CUST01243,2026-05-16,19,1178767.4,46,62040.389473684205,4,5,5,455,14,Champions
CUST01244,2026-06-23,8,401522.65,8,50190.33125,5,3,4,534,12,Potential Loyalists
CUST01245,2026-06-08,4,193075.0,23,48268.75,5,2,3,523,10,Potential Loyalists
CUST01246,2026-03-23,6,150298.2,100,25049.7,3,3,2,332,8,Others
CUST01247,2025-07-16,5,102696.3,350,20539.260000000002,1,2,2,122,5,Lost Customers
CUST01248,2025-12-21,5,407052.85,192,81410.56999999999,2,2,4,224,8,Others
CUST01249,2026-05-05,8,616525.3,57,77065.6625,4,3,5,435,12,Potential Loyalists
CUST01250,2025-11-28,4,49206.899999999994,215,12301.724999999999,2,2,1,221,5,Lost Customers
CUST01251,2025-12-30,5,445547.5,183,89109.5,2,2,4,224,8,Others
CUST01252,2026-02-19,4,180079.7,132,45019.925,3,2,3,323,8,Others
CUST01253,2026-06-24,9,160725.05,7,17858.338888888888,5,4,2,542,11,Loyal Customers
CUST01254,2026-04-14,6,182824.95,78,30470.825,3,3,3,333,9,Others
CUST01255,2026-05-28,23,1405997.55,34,61130.328260869566,4,5,5,455,14,Champions
CUST01256,2026-03-24,10,682690.9,99,68269.09,3,4,5,345,12,Loyal Customers
CUST01257,2024-11-18,1,10596.6,590,10596.6,1,1,1,111,3,Lost Customers
CUST01258,2026-06-13,21,1326002.35,18,63142.96904761905,5,5,5,555,15,Champions
CUST01259,2024-01-30,1,1937.15,883,1937.15,1,1,1,111,3,Lost Customers
CUST01260,2025-07-07,3,93267.75,359,31089.25,1,1,2,112,4,Lost Customers
CUST01261,2026-05-29,6,132858.65,33,22143.108333333334,4,3,2,432,9,Potential Loyalists
CUST01262,2026-05-21,8,267537.25,41,33442.15625,4,3,3,433,10,Potential Loyalists
CUST01263,2025-07-14,7,309341.25,352,44191.607142857145,1,3,3,133,7,At Risk
CUST01264,2025-03-08,1,990.0,480,990.0,1,1,1,111,3,Lost Customers
CUST01265,2026-06-28,3,77703.15,3,25901.05,5,1,2,512,8,Others
CUST01266,2026-04-04,16,451453.75,88,28215.859375,3,5,4,354,12,Loyal Customers
CUST01267,2026-05-15,12,324198.45,47,27016.537500000002,4,4,4,444,12,Champions
CUST01268,2026-06-21,16,550413.6,10,34400.85,5,5,4,554,14,Champions
CUST01269,2025-12-04,2,54085.5,209,27042.75,2,1,1,211,4,Lost Customers
CUST01270,2026-05-15,10,185882.4,47,18588.239999999998,4,4,3,443,11,Loyal Customers
CUST01271,2025-09-20,9,497010.85,284,55223.427777777775,2,4,4,244,10,At Risk
CUST01272,2026-06-06,9,352827.55,25,39203.06111111111,5,4,4,544,13,Champions
CUST01273,2025-10-27,4,57678.2,247,14419.55,2,2,1,221,5,Lost Customers
CUST01274,2026-04-30,12,289072.6,62,24089.38333333333,4,4,3,443,11,Loyal Customers
CUST01275,2026-05-24,9,555488.45,38,61720.938888888886,4,4,4,444,12,Champions
CUST01276,2025-05-18,5,92551.7,409,18510.34,1,2,2,122,5,Lost Customers
CUST01277,2026-06-18,6,101075.7,13,16845.95,5,3,2,532,10,Potential Loyalists
CUST01278,2026-04-25,12,351409.9,67,29284.158333333336,4,4,4,444,12,Champions
CUST01279,2026-04-02,6,73551.8,90,12258.633333333333,3,3,2,332,8,Others
CUST01280,2025-08-13,4,163965.9,322,40991.475,1,2,2,122,5,Lost Customers
CUST01281,2026-04-01,12,442684.9,91,36890.40833333333,3,4,4,344,11,Loyal Customers
CUST01282,2026-01-04,5,381331.7,178,76266.34,2,2,4,224,8,Others
CUST01283,2026-02-12,1,20201.1,139,20201.1,3,1,1,311,5,Others
CUST01284,2026-04-20,3,47175.6,72,15725.199999999999,3,1,1,311,5,Others
CUST01285,2026-04-26,9,104857.95000000001,66,11650.883333333335,4,4,2,442,10,Loyal Customers
CUST01286,2026-06-30,15,442368.7,1,29491.246666666666,5,5,4,554,14,Champions
CUST01287,2026-06-09,8,604350.4,22,75543.8,5,3,5,535,13,Potential Loyalists
CUST01288,2025-10-24,2,67477.0,250,33738.5,2,1,1,211,4,Lost Customers
CUST01289,2026-03-29,2,18106.8,94,9053.4,3,1,1,311,5,Others
CUST01290,2026-01-30,9,202628.40000000002,152,22514.26666666667,2,4,3,243,9,At Risk
CUST01291,2026-06-12,9,201562.75,19,22395.86111111111,5,4,3,543,12,Loyal Customers
CUST01292,2025-08-09,4,132711.5,326,33177.875,1,2,2,122,5,Lost Customers
CUST01293,2025-07-10,5,126778.7,356,25355.739999999998,1,2,2,122,5,Lost Customers
CUST01294,2025-04-23,6,74860.9,434,12476.816666666666,1,3,2,132,6,At Risk
CUST01295,2025-03-15,4,102091.15,473,25522.7875,1,2,2,122,5,Lost Customers
CUST01296,2026-05-06,8,204707.6,56,25588.45,4,3,3,433,10,Potential Loyalists
CUST01297,2026-06-14,6,358493.8,17,59748.96666666667,5,3,4,534,12,Potential Loyalists
CUST01298,2026-03-20,5,210561.5,103,42112.3,3,2,3,323,8,Others
CUST01299,2025-12-09,5,416204.05,204,83240.81,2,2,4,224,8,Others
CUST01300,2026-01-16,10,495811.55,166,49581.155,2,4,4,244,10,At Risk
CUST01301,2026-06-11,16,467683.6,20,29230.225,5,5,4,554,14,Champions
CUST01302,2026-06-22,7,262977.45,9,37568.20714285714,5,3,3,533,11,Potential Loyalists
CUST01303,2026-04-24,8,250251.40000000002,68,31281.425000000003,4,3,3,433,10,Potential Loyalists
CUST01304,2025-12-31,5,120521.2,182,24104.239999999998,2,2,2,222,6,Lost Customers
CUST01305,2025-03-25,3,41777.9,463,13925.966666666667,1,1,1,111,3,Lost Customers
CUST01306,2025-08-07,3,37174.95,328,12391.65,1,1,1,111,3,Lost Customers
CUST01307,2026-01-03,1,34475.4,179,34475.4,2,1,1,211,4,Lost Customers
CUST01308,2026-05-14,7,233150.55,48,33307.22142857143,4,3,3,433,10,Potential Loyalists
CUST01309,2026-05-08,24,1093670.65,54,45569.61041666666,4,5,5,455,14,Champions
CUST01310,2026-05-20,8,143042.5,42,17880.3125,4,3,2,432,9,Potential Loyalists
CUST01311,2026-04-09,13,689646.9,83,53049.76153846154,3,4,5,345,12,Loyal Customers
CUST01312,2026-02-16,6,321108.7,135,53518.11666666667,3,3,3,333,9,Others
CUST01313,2026-06-26,17,574575.4,5,33798.55294117647,5,5,4,554,14,Champions
CUST01314,2025-11-27,4,272963.95,216,68240.9875,2,2,3,223,7,Others
CUST01315,2025-06-25,2,132012.6,371,66006.3,1,1,2,112,4,Lost Customers
CUST01316,2026-06-29,8,241568.44999999998,2,30196.056249999998,5,3,3,533,11,Potential Loyalists
CUST01317,2025-06-20,2,72264.6,376,36132.3,1,1,2,112,4,Lost Customers
CUST01318,2026-05-02,5,162866.85,60,32573.370000000003,4,2,2,422,8,Potential Loyalists
CUST01319,2026-06-02,8,175863.25,29,21982.90625,5,3,3,533,11,Potential Loyalists
CUST01320,2026-04-29,26,1167044.3,63,44886.31923076923,4,5,5,455,14,Champions
CUST01321,2025-12-20,6,83815.95,193,13969.324999999999,2,3,2,232,7,At Risk
CUST01322,2026-03-08,9,259783.65,115,28864.85,3,4,3,343,10,Loyal Customers
CUST01323,2026-03-01,6,57266.3,122,9544.383333333333,3,3,1,331,7,Others
CUST01324,2026-05-28,8,288965.05,34,36120.63125,4,3,3,433,10,Potential Loyalists
CUST01325,2024-11-10,1,18813.0,598,18813.0,1,1,1,111,3,Lost Customers
CUST01326,2025-12-03,10,470231.3,210,47023.13,2,4,4,244,10,At Risk
CUST01327,2026-06-13,5,194221.9,18,38844.38,5,2,3,523,10,Potential Loyalists
CUST01328,2025-06-29,6,67851.35,367,11308.558333333334,1,3,1,131,5,At Risk
CUST01329,2026-05-26,11,394124.5,36,35829.5,4,4,4,444,12,Champions
CUST01330,2026-05-10,12,143543.1,52,11961.925000000001,4,4,2,442,10,Loyal Customers
CUST01331,2026-02-02,10,512699.55,149,51269.955,2,4,4,244,10,At Risk
CUST01332,2026-05-11,6,121073.84999999999,51,20178.975,4,3,2,432,9,Potential Loyalists
CUST01333,2026-01-11,4,15458.35,171,3864.5875,2,2,1,221,5,Lost Customers
CUST01334,2025-12-30,5,55946.35,183,11189.27,2,2,1,221,5,Lost Customers
CUST01335,2026-03-24,4,149917.2,99,37479.3,3,2,2,322,7,Others
CUST01336,2026-02-15,12,534009.6,136,44500.799999999996,3,4,4,344,11,Loyal Customers
CUST01337,2026-05-16,23,802883.15,46,34907.96304347826,4,5,5,455,14,Champions
CUST01338,2026-06-13,21,1314576.5,18,62598.880952380954,5,5,5,555,15,Champions
CUST01339,2025-07-30,2,4833.3,336,2416.65,1,1,1,111,3,Lost Customers
CUST01340,2025-09-06,3,4058.3,298,1352.7666666666667,2,1,1,211,4,Lost Customers
CUST01341,2026-03-16,14,620565.7,107,44326.12142857142,3,5,5,355,13,Loyal Customers
CUST01342,2026-06-16,12,509538.45,15,42461.5375,5,4,4,544,13,Champions
CUST01343,2026-06-09,19,1308062.3,22,68845.38421052632,5,5,5,555,15,Champions
CUST01344,2026-06-17,10,447635.6,14,44763.56,5,4,4,544,13,Champions
CUST01345,2026-06-23,3,5294.1,8,1764.7,5,1,1,511,7,Others
CUST01346,2026-04-27,27,803385.75,65,29755.027777777777,4,5,5,455,14,Champions
CUST01347,2026-06-28,26,1200734.5,3,46182.096153846156,5,5,5,555,15,Champions
CUST01348,2026-01-15,2,87072.15,167,43536.075,2,1,2,212,5,Lost Customers
CUST01349,2024-12-25,2,8907.85,553,4453.925,1,1,1,111,3,Lost Customers
CUST01350,2026-04-22,4,118829.95,70,29707.4875,3,2,2,322,7,Others
CUST01351,2024-06-24,1,1416.1,737,1416.1,1,1,1,111,3,Lost Customers
CUST01352,2025-04-06,4,42428.55,451,10607.1375,1,2,1,121,4,Lost Customers
CUST01353,2026-06-16,26,1111847.1,15,42763.350000000006,5,5,5,555,15,Champions
CUST01354,2026-04-18,15,472299.5,74,31486.633333333335,3,5,4,354,12,Loyal Customers
CUST01355,2025-04-15,5,118886.25,442,23777.25,1,2,2,122,5,Lost Customers
CUST01356,2025-08-19,3,55313.8,316,18437.933333333334,1,1,1,111,3,Lost Customers
CUST01357,2026-04-06,9,407695.5,86,45299.5,3,4,4,344,11,Loyal Customers
CUST01358,2025-10-02,5,80734.3,272,16146.86,2,2,2,222,6,Lost Customers
CUST01359,2026-04-26,9,219549.75,66,24394.416666666668,4,4,3,443,11,Loyal Customers
CUST01360,2024-10-30,3,16223.25,609,5407.75,1,1,1,111,3,Lost Customers
CUST01361,2025-06-29,1,858.8,367,858.8,1,1,1,111,3,Lost Customers
CUST01362,2025-08-22,5,52111.850000000006,313,10422.37,2,2,1,221,5,Lost Customers
CUST01363,2026-06-01,19,931575.55,30,49030.29210526316,4,5,5,455,14,Champions
CUST01364,2026-03-25,5,58186.0,98,11637.2,3,2,1,321,6,Others
CUST01365,2026-06-30,6,426189.85,1,71031.64166666666,5,3,4,534,12,Potential Loyalists
CUST01366,2026-06-28,7,276230.65,3,39461.52142857143,5,3,3,533,11,Potential Loyalists
CUST01367,2025-06-06,1,2471.8,390,2471.8,1,1,1,111,3,Lost Customers
CUST01368,2025-08-04,5,95423.0,331,19084.6,1,2,2,122,5,Lost Customers
CUST01369,2026-06-09,21,638521.35,22,30405.77857142857,5,5,5,555,15,Champions
CUST01370,2026-02-23,10,272380.0,128,27238.0,3,4,3,343,10,Loyal Customers
CUST01371,2025-02-14,1,19332.4,502,19332.4,1,1,1,111,3,Lost Customers
CUST01372,2024-09-23,2,57517.9,646,28758.95,1,1,1,111,3,Lost Customers
CUST01373,2025-10-01,5,314623.5,273,62924.7,2,2,3,223,7,Others
CUST01374,2026-03-03,17,792095.7,120,46593.86470588235,3,5,5,355,13,Loyal Customers
CUST01375,2025-08-30,4,121161.15,305,30290.2875,2,2,2,222,6,Lost Customers
CUST01376,2026-03-28,12,442432.75,95,36869.395833333336,3,4,4,344,11,Loyal Customers
CUST01377,2025-10-13,5,141067.1,261,28213.420000000002,2,2,2,222,6,Lost Customers
CUST01378,2025-09-13,5,80964.3,291,16192.86,2,2,2,222,6,Lost Customers
CUST01379,2026-05-03,11,207567.5,59,18869.772727272728,4,4,3,443,11,Loyal Customers
CUST01380,2026-03-16,23,1231387.55,107,53538.58913043478,3,5,5,355,13,Loyal Customers
CUST01381,2026-06-25,7,468958.39999999997,6,66994.05714285714,5,3,4,534,12,Potential Loyalists
CUST01382,2025-05-02,2,33320.5,425,16660.25,1,1,1,111,3,Lost Customers
CUST01383,2026-03-03,11,393196.05,120,35745.09545454545,3,4,4,344,11,Loyal Customers
CUST01384,2026-06-22,3,69728.8,9,23242.933333333334,5,1,1,511,7,Others
CUST01385,2025-04-05,2,16036.2,452,8018.1,1,1,1,111,3,Lost Customers
CUST01386,2025-12-01,3,130594.55,212,43531.51666666667,2,1,2,212,5,Lost Customers
CUST01387,2026-04-12,7,346484.35,80,49497.764285714286,3,3,4,334,10,Others
CUST01388,2026-06-05,5,106196.25,26,21239.25,5,2,2,522,9,Potential Loyalists
CUST01389,2025-01-03,4,207850.45,544,51962.6125,1,2,3,123,6,Others
CUST01390,2025-01-26,3,44904.3,521,14968.1,1,1,1,111,3,Lost Customers
CUST01391,2025-05-02,5,165626.0,425,33125.2,1,2,2,122,5,Lost Customers
CUST01392,2025-11-21,9,204101.05,222,22677.894444444442,2,4,3,243,9,At Risk
CUST01393,2025-09-09,3,156507.3,295,52169.1,2,1,2,212,5,Lost Customers
CUST01394,2026-06-20,3,174722.25,11,58240.75,5,1,3,513,9,Others
CUST01395,2026-05-22,21,1368660.0999999999,40,65174.29047619047,4,5,5,455,14,Champions
CUST01396,2025-06-18,4,167739.35,378,41934.8375,1,2,2,122,5,Lost Customers
CUST01397,2026-05-13,5,121796.4,49,24359.28,4,2,2,422,8,Potential Loyalists
CUST01398,2026-06-18,5,77893.8,13,15578.76,5,2,2,522,9,Potential Loyalists
CUST01399,2026-01-24,3,24482.9,158,8160.966666666667,2,1,1,211,4,Lost Customers
CUST01400,2026-06-26,15,642065.6,5,42804.37333333333,5,5,5,555,15,Champions
CUST01401,2026-05-19,6,212218.5,43,35369.75,4,3,3,433,10,Potential Loyalists
CUST01402,2026-05-28,6,265127.14999999997,34,44187.85833333333,4,3,3,433,10,Potential Loyalists
CUST01403,2026-06-22,9,124943.34999999999,9,13882.594444444443,5,4,2,542,11,Loyal Customers
CUST01404,2025-12-15,3,166421.69999999998,198,55473.899999999994,2,1,2,212,5,Lost Customers
CUST01405,2026-05-23,12,758391.25,39,63199.270833333336,4,4,5,445,13,Champions
CUST01406,2026-03-21,4,43301.1,102,10825.275,3,2,1,321,6,Others
CUST01407,2025-07-12,1,15692.4,354,15692.4,1,1,1,111,3,Lost Customers
CUST01408,2026-06-19,8,704336.55,12,88042.06875,5,3,5,535,13,Potential Loyalists
CUST01409,2024-02-10,1,6358.85,872,6358.85,1,1,1,111,3,Lost Customers
CUST01410,2025-06-23,9,260028.59999999998,373,28892.066666666666,1,4,3,143,8,At Risk
CUST01411,2026-06-14,25,1755433.9,17,70217.356,5,5,5,555,15,Champions
CUST01412,2026-05-29,5,167402.65,33,33480.53,4,2,2,422,8,Potential Loyalists
CUST01413,2026-03-19,6,256291.59999999998,104,42715.26666666666,3,3,3,333,9,Others
CUST01414,2026-03-13,4,240112.5,110,60028.125,3,2,3,323,8,Others
CUST01415,2026-06-25,10,384121.1,6,38412.11,5,4,4,544,13,Champions
CUST01416,2026-06-04,10,549384.85,27,54938.485,5,4,4,544,13,Champions
CUST01417,2026-06-23,24,1140567.95,8,47523.66458333333,5,5,5,555,15,Champions
CUST01418,2026-06-29,21,1672052.0,2,79621.52380952382,5,5,5,555,15,Champions
CUST01419,2025-03-22,2,98079.8,466,49039.9,1,1,2,112,4,Lost Customers
CUST01420,2026-06-22,7,427098.8,9,61014.114285714284,5,3,4,534,12,Potential Loyalists
CUST01421,2025-06-06,2,45745.45,390,22872.725,1,1,1,111,3,Lost Customers
CUST01422,2026-06-06,8,249876.7,25,31234.5875,5,3,3,533,11,Potential Loyalists
CUST01423,2026-05-28,6,204035.25,34,34005.875,4,3,3,433,10,Potential Loyalists
CUST01424,2025-12-02,4,81387.3,211,20346.825,2,2,2,222,6,Lost Customers
CUST01425,2024-04-11,1,46845.0,811,46845.0,1,1,1,111,3,Lost Customers
CUST01426,2026-05-05,23,1215914.1,57,52865.83043478261,4,5,5,455,14,Champions
CUST01427,2026-02-26,6,71550.20000000001,125,11925.033333333335,3,3,1,331,7,Others
CUST01428,2024-11-19,4,20735.85,589,5183.9625,1,2,1,121,4,Lost Customers
CUST01429,2026-02-01,6,178295.4,150,29715.899999999998,2,3,3,233,8,At Risk
CUST01430,2024-10-23,1,25497.6,616,25497.6,1,1,1,111,3,Lost Customers
CUST01431,2025-11-17,18,1263123.25,226,70173.51388888889,2,5,5,255,12,At Risk
CUST01432,2026-01-26,5,160265.69999999998,156,32053.139999999996,2,2,2,222,6,Lost Customers
CUST01433,2025-01-15,3,150241.59999999998,532,50080.533333333326,1,1,2,112,4,Lost Customers
CUST01434,2026-05-29,9,444378.9,33,49375.433333333334,4,4,4,444,12,Champions
CUST01435,2026-05-19,13,455278.05,43,35021.38846153846,4,4,4,444,12,Champions
CUST01436,2025-10-11,2,44645.5,263,22322.75,2,1,1,211,4,Lost Customers
CUST01437,2026-05-06,15,775369.55,56,51691.30333333334,4,5,5,455,14,Champions
CUST01438,2025-11-05,6,205104.84999999998,238,34184.14166666666,2,3,3,233,8,At Risk
CUST01439,2026-04-22,17,757029.35,70,44531.138235294115,3,5,5,355,13,Loyal Customers
CUST01440,2026-01-10,12,396855.85,172,33071.32083333333,2,4,4,244,10,At Risk
CUST01441,2025-09-30,5,98338.9,274,19667.78,2,2,2,222,6,Lost Customers
CUST01442,2025-08-17,7,546728.7,318,78104.09999999999,1,3,4,134,8,At Risk
CUST01443,2026-05-19,19,797364.55,43,41966.5552631579,4,5,5,455,14,Champions
CUST01444,2025-06-26,1,720.0,370,720.0,1,1,1,111,3,Lost Customers
CUST01445,2026-04-30,6,317049.75,62,52841.625,4,3,3,433,10,Potential Loyalists
CUST01446,2026-06-18,7,128790.45,13,18398.635714285712,5,3,2,532,10,Potential Loyalists
CUST01447,2025-09-23,6,64730.45,281,10788.408333333333,2,3,1,231,6,At Risk
CUST01448,2026-06-01,13,278000.15,30,21384.626923076925,4,4,3,443,11,Loyal Customers
CUST01449,2026-06-14,5,347438.25,17,69487.65,5,2,4,524,11,Potential Loyalists
CUST01450,2025-12-16,2,12508.35,197,6254.175,2,1,1,211,4,Lost Customers
CUST01451,2026-01-01,6,216835.9,181,36139.316666666666,2,3,3,233,8,At Risk
CUST01452,2026-02-24,4,184240.25,127,46060.0625,3,2,3,323,8,Others
CUST01453,2025-12-02,5,115552.5,211,23110.5,2,2,2,222,6,Lost Customers
CUST01454,2025-12-22,3,346062.0,191,115354.0,2,1,4,214,7,Others
CUST01455,2025-09-16,4,141051.90000000002,288,35262.975000000006,2,2,2,222,6,Lost Customers
CUST01456,2026-01-07,9,410759.6,175,45639.955555555556,2,4,4,244,10,At Risk
CUST01457,2026-01-26,2,35070.7,156,17535.35,2,1,1,211,4,Lost Customers
CUST01458,2026-04-04,6,133856.35,88,22309.391666666666,3,3,2,332,8,Others
CUST01459,2025-11-21,6,315026.4,222,52504.4,2,3,3,233,8,At Risk
CUST01460,2025-11-05,4,40338.75,238,10084.6875,2,2,1,221,5,Lost Customers
CUST01461,2025-09-06,9,451209.05,298,50134.33888888889,2,4,4,244,10,At Risk
CUST01462,2026-05-27,19,423770.0,35,22303.684210526317,4,5,4,454,13,Champions
CUST01463,2026-06-28,9,226680.35,3,25186.705555555556,5,4,3,543,12,Loyal Customers
CUST01464,2026-06-22,15,823363.5,9,54890.9,5,5,5,555,15,Champions
CUST01465,2026-05-28,8,268278.6,34,33534.825,4,3,3,433,10,Potential Loyalists
CUST01466,2025-05-07,4,119474.5,420,29868.625,1,2,2,122,5,Lost Customers
CUST01467,2026-06-22,17,489403.25,9,28788.426470588234,5,5,4,554,14,Champions
CUST01468,2024-03-01,1,3400.0,852,3400.0,1,1,1,111,3,Lost Customers
CUST01469,2026-04-27,29,1271589.0,65,43847.89655172414,4,5,5,455,14,Champions
CUST01470,2026-05-18,8,731474.0,44,91434.25,4,3,5,435,12,Potential Loyalists
CUST01471,2026-02-07,3,41761.05,144,13920.35,3,1,1,311,5,Others
CUST01472,2026-05-26,22,568725.5,36,25851.159090909092,4,5,4,454,13,Champions
CUST01473,2026-05-02,8,290855.9,60,36356.9875,4,3,3,433,10,Potential Loyalists
CUST01474,2026-06-02,10,358591.15,29,35859.115000000005,5,4,4,544,13,Champions
CUST01475,2026-05-06,8,174227.65,56,21778.45625,4,3,3,433,10,Potential Loyalists
CUST01476,2026-06-19,6,184219.15,12,30703.191666666666,5,3,3,533,11,Potential Loyalists
CUST01477,2025-12-09,7,127678.0,204,18239.714285714286,2,3,2,232,7,At Risk
CUST01478,2026-01-18,5,132880.15,164,26576.03,2,2,2,222,6,Lost Customers
CUST01479,2026-05-16,5,96567.1,46,19313.420000000002,4,2,2,422,8,Potential Loyalists
CUST01480,2025-10-10,3,241439.8,264,80479.93333333333,2,1,3,213,6,Others
CUST01481,2024-10-26,1,102601.9,613,102601.9,1,1,2,112,4,Lost Customers
CUST01482,2026-01-22,2,22071.5,160,11035.75,2,1,1,211,4,Lost Customers
CUST01483,2026-06-20,20,928683.2999999999,11,46434.16499999999,5,5,5,555,15,Champions
CUST01484,2025-07-04,2,9293.2,362,4646.6,1,1,1,111,3,Lost Customers
CUST01485,2026-06-21,18,716409.6,10,39800.53333333333,5,5,5,555,15,Champions
CUST01486,2025-12-05,6,80459.85,208,13409.975,2,3,2,232,7,At Risk
CUST01487,2025-07-15,5,173264.0,351,34652.8,1,2,3,123,6,Others
CUST01488,2025-12-09,10,346972.65,204,34697.265,2,4,4,244,10,At Risk
CUST01489,2025-08-19,4,216266.8,316,54066.7,1,2,3,123,6,Others
CUST01490,2025-05-20,5,304925.3,407,60985.06,1,2,3,123,6,Others
CUST01491,2024-02-07,2,69758.25,875,34879.125,1,1,1,111,3,Lost Customers
CUST01492,2026-03-29,10,231880.25,94,23188.025,3,4,3,343,10,Loyal Customers
CUST01493,2026-01-16,14,697244.5,166,49803.17857142857,2,5,5,255,12,At Risk
CUST01494,2026-05-26,7,357051.9,36,51007.41428571429,4,3,4,434,11,Potential Loyalists
CUST01495,2026-05-07,5,245724.3,55,49144.86,4,2,3,423,9,Potential Loyalists
CUST01496,2026-03-26,12,241868.1,97,20155.675,3,4,3,343,10,Loyal Customers
CUST01497,2025-09-08,7,287963.6,296,41137.65714285714,2,3,3,233,8,At Risk
CUST01498,2025-12-03,2,123223.0,210,61611.5,2,1,2,212,5,Lost Customers
CUST01499,2026-05-18,16,654656.9,44,40916.05625,4,5,5,455,14,Champions
CUST01500,2026-03-12,2,17584.6,111,8792.3,3,1,1,311,5,Others
CUST01501,2026-02-03,5,225593.15,148,45118.63,2,2,3,223,7,Others
CUST01502,2026-06-02,12,204161.7,29,17013.475000000002,5,4,3,543,12,Loyal Customers
CUST01503,2026-05-08,4,158087.9,54,39521.975,4,2,2,422,8,Potential Loyalists
CUST01504,2026-05-02,21,1179064.15,60,56145.9119047619,4,5,5,455,14,Champions
CUST01505,2026-06-06,13,795957.3,25,61227.484615384616,5,4,5,545,14,Champions
CUST01506,2026-03-11,3,251816.1,112,83938.7,3,1,3,313,7,Others
CUST01507,2026-03-08,16,522187.2,115,32636.7,3,5,4,354,12,Loyal Customers
CUST01508,2026-03-14,11,194444.5,109,17676.772727272728,3,4,3,343,10,Loyal Customers
CUST01509,2025-11-01,4,154899.3,242,38724.825,2,2,2,222,6,Lost Customers
CUST01510,2026-04-19,2,13970.7,73,6985.35,3,1,1,311,5,Others
CUST01511,2026-01-30,2,22429.2,152,11214.6,2,1,1,211,4,Lost Customers
CUST01512,2026-06-23,10,282981.55,8,28298.155,5,4,3,543,12,Loyal Customers
CUST01513,2026-02-14,1,7259.85,137,7259.85,3,1,1,311,5,Others
CUST01514,2026-03-21,16,414964.45,102,25935.278125,3,5,4,354,12,Loyal Customers
CUST01515,2026-05-08,14,602369.5,54,43026.392857142855,4,5,5,455,14,Champions
CUST01516,2026-01-18,12,623206.85,164,51933.90416666667,2,4,5,245,11,At Risk
CUST01517,2025-06-22,4,109900.8,374,27475.2,1,2,2,122,5,Lost Customers
CUST01518,2026-06-11,22,1337147.4,20,60779.42727272727,5,5,5,555,15,Champions
CUST01519,2026-03-21,9,499239.15,102,55471.01666666667,3,4,4,344,11,Loyal Customers
CUST01520,2026-03-04,14,513842.3,119,36703.021428571425,3,5,4,354,12,Loyal Customers
CUST01521,2026-05-18,17,934692.2,44,54981.894117647054,4,5,5,455,14,Champions
CUST01522,2026-03-28,9,646700.65,95,71855.62777777779,3,4,5,345,12,Loyal Customers
CUST01523,2025-12-27,11,423258.45,186,38478.04090909091,2,4,4,244,10,At Risk
CUST01524,2026-06-03,6,212050.75,28,35341.791666666664,5,3,3,533,11,Potential Loyalists
CUST01525,2026-01-06,5,102714.4,176,20542.879999999997,2,2,2,222,6,Lost Customers
CUST01526,2025-12-23,4,18333.3,190,4583.325,2,2,1,221,5,Lost Customers
CUST01527,2025-10-22,4,236057.55,252,59014.3875,2,2,3,223,7,Others
CUST01528,2026-06-20,9,126917.05,11,14101.894444444444,5,4,2,542,11,Loyal Customers
CUST01529,2025-11-06,8,207318.44999999998,237,25914.806249999998,2,3,3,233,8,At Risk
CUST01530,2026-05-07,7,315858.5,55,45122.642857142855,4,3,3,433,10,Potential Loyalists
CUST01531,2026-01-17,5,95531.45,165,19106.29,2,2,2,222,6,Lost Customers
CUST01532,2026-04-05,6,237767.30000000002,87,39627.88333333334,3,3,3,333,9,Others
CUST01533,2026-06-01,12,249802.25,30,20816.854166666668,4,4,3,443,11,Loyal Customers
CUST01534,2026-06-26,13,561533.25,5,43194.86538461538,5,4,4,544,13,Champions
CUST01535,2026-06-12,3,75594.29999999999,19,25198.099999999995,5,1,2,512,8,Others
CUST01536,2026-05-18,15,786245.1,44,52416.34,4,5,5,455,14,Champions
CUST01537,2025-03-06,2,45282.8,482,22641.4,1,1,1,111,3,Lost Customers
CUST01538,2025-08-21,4,170980.9,314,42745.225,1,2,2,122,5,Lost Customers
CUST01539,2026-03-04,3,24576.8,119,8192.266666666666,3,1,1,311,5,Others
CUST01540,2026-05-30,7,90466.0,32,12923.714285714286,4,3,2,432,9,Potential Loyalists
CUST01541,2026-06-02,12,332716.25,29,27726.354166666668,5,4,4,544,13,Champions
CUST01542,2026-04-29,14,550694.3,63,39335.30714285715,4,5,4,454,13,Champions
CUST01543,2025-09-28,5,63857.75,276,12771.55,2,2,1,221,5,Lost Customers
CUST01544,2026-05-12,24,547616.4,50,22817.350000000002,4,5,4,454,13,Champions
CUST01545,2025-01-02,3,72813.6,545,24271.2,1,1,2,112,4,Lost Customers
CUST01546,2026-04-02,5,96990.1,90,19398.02,3,2,2,322,7,Others
CUST01547,2026-06-02,31,1694260.9,29,54653.577419354835,5,5,5,555,15,Champions
CUST01548,2026-06-07,9,561096.95,24,62344.10555555555,5,4,4,544,13,Champions
CUST01549,2026-02-20,13,681025.25,131,52386.557692307695,3,4,5,345,12,Loyal Customers
CUST01550,2026-05-13,13,202703.3,49,15592.561538461538,4,4,3,443,11,Loyal Customers
CUST01551,2024-09-30,1,2338.0,639,2338.0,1,1,1,111,3,Lost Customers
CUST01552,2025-06-22,4,47300.55,374,11825.1375,1,2,1,121,4,Lost Customers
CUST01553,2026-06-13,4,74631.6,18,18657.9,5,2,2,522,9,Potential Loyalists
CUST01554,2026-02-11,10,750733.05,140,75073.30500000001,3,4,5,345,12,Loyal Customers
CUST01555,2026-06-15,12,289636.4,16,24136.36666666667,5,4,3,543,12,Loyal Customers
CUST01556,2026-04-24,6,167472.85,68,27912.141666666666,4,3,2,432,9,Potential Loyalists
CUST01557,2025-04-14,3,56480.799999999996,443,18826.93333333333,1,1,1,111,3,Lost Customers
CUST01558,2026-04-03,6,120278.9,89,20046.483333333334,3,3,2,332,8,Others
CUST01559,2026-01-25,5,87198.15,157,17439.629999999997,2,2,2,222,6,Lost Customers
CUST01560,2025-07-22,2,107921.1,344,53960.55,1,1,2,112,4,Lost Customers
CUST01561,2026-06-24,16,913190.8,7,57074.425,5,5,5,555,15,Champions
CUST01562,2026-04-05,5,155066.35,87,31013.27,3,2,2,322,7,Others
CUST01563,2026-04-15,20,1089064.3,77,54453.215000000004,3,5,5,355,13,Loyal Customers
CUST01564,2026-06-01,9,217250.09999999998,30,24138.899999999998,4,4,3,443,11,Loyal Customers
CUST01565,2025-09-05,8,261349.5,299,32668.6875,2,3,3,233,8,At Risk
CUST01566,2026-06-29,8,256859.35,2,32107.41875,5,3,3,533,11,Potential Loyalists
CUST01567,2026-05-25,6,217585.2,37,36264.200000000004,4,3,3,433,10,Potential Loyalists
CUST01568,2026-06-25,21,750752.6,6,35750.12380952381,5,5,5,555,15,Champions
CUST01569,2026-06-12,19,902377.1,19,47493.53157894737,5,5,5,555,15,Champions
CUST01570,2025-11-29,6,332433.4,214,55405.56666666667,2,3,4,234,9,At Risk
CUST01571,2025-12-27,3,245469.2,186,81823.06666666667,2,1,3,213,6,Others
CUST01572,2026-06-12,25,1051354.05,19,42054.162000000004,5,5,5,555,15,Champions
CUST01573,2025-11-17,2,14511.75,226,7255.875,2,1,1,211,4,Lost Customers
CUST01574,2025-09-23,4,323281.6,281,80820.4,2,2,4,224,8,Others
CUST01575,2026-04-28,13,751118.3,64,57778.33076923077,4,4,5,445,13,Champions
CUST01576,2026-01-08,3,42165.0,174,14055.0,2,1,1,211,4,Lost Customers
CUST01577,2024-12-16,3,96665.25,562,32221.75,1,1,2,112,4,Lost Customers
CUST01578,2026-06-15,11,149963.75,16,13633.068181818182,5,4,2,542,11,Loyal Customers
CUST01579,2026-03-03,6,51949.35,120,8658.225,3,3,1,331,7,Others
CUST01580,2026-06-16,8,212622.5,15,26577.8125,5,3,3,533,11,Potential Loyalists
CUST01581,2026-04-25,14,500662.55,67,35761.610714285714,4,5,4,454,13,Champions
CUST01582,2026-06-27,24,1240185.5,4,51674.395833333336,5,5,5,555,15,Champions
CUST01583,2026-06-07,19,686926.55,24,36154.028947368424,5,5,5,555,15,Champions
CUST01584,2026-06-18,5,184291.3,13,36858.259999999995,5,2,3,523,10,Potential Loyalists
CUST01585,2025-12-18,2,23019.2,195,11509.6,2,1,1,211,4,Lost Customers
CUST01586,2025-01-30,3,4329.1,517,1443.0333333333335,1,1,1,111,3,Lost Customers
CUST01587,2025-12-23,5,125029.85,190,25005.97,2,2,2,222,6,Lost Customers
CUST01588,2026-03-25,23,960163.8,98,41746.252173913046,3,5,5,355,13,Loyal Customers
CUST01589,2026-05-25,7,399387.94999999995,37,57055.42142857142,4,3,4,434,11,Potential Loyalists
CUST01590,2026-05-28,10,526350.3,34,52635.030000000006,4,4,4,444,12,Champions
CUST01591,2026-03-13,17,748003.65,110,44000.214705882354,3,5,5,355,13,Loyal Customers
CUST01592,2026-05-06,5,251785.8,56,50357.159999999996,4,2,3,423,9,Potential Loyalists
CUST01593,2024-06-01,1,4514.0,760,4514.0,1,1,1,111,3,Lost Customers
CUST01594,2026-06-16,17,999003.5,15,58764.91176470588,5,5,5,555,15,Champions
CUST01595,2026-05-27,15,909867.1,35,60657.806666666664,4,5,5,455,14,Champions
CUST01596,2025-12-26,3,13332.0,187,4444.0,2,1,1,211,4,Lost Customers
CUST01597,2025-12-29,11,319765.0,184,29069.545454545456,2,4,3,243,9,At Risk
CUST01598,2026-02-04,14,406425.35,147,29030.382142857143,2,5,4,254,11,At Risk
CUST01599,2024-12-12,3,118103.8,566,39367.933333333334,1,1,2,112,4,Lost Customers
CUST01600,2026-02-16,4,133977.95,135,33494.4875,3,2,2,322,7,Others
CUST01601,2025-12-16,7,152196.75,197,21742.39285714286,2,3,2,232,7,At Risk
CUST01602,2026-01-17,2,15459.0,165,7729.5,2,1,1,211,4,Lost Customers
CUST01603,2026-01-10,11,251664.4,172,22878.581818181818,2,4,3,243,9,At Risk
CUST01604,2026-06-24,13,407475.2,7,31344.246153846154,5,4,4,544,13,Champions
CUST01605,2026-05-21,13,404383.95,41,31106.457692307693,4,4,4,444,12,Champions
CUST01606,2026-02-16,7,75987.8,135,10855.4,3,3,2,332,8,Others
CUST01607,2026-03-14,14,575141.85,109,41081.56071428571,3,5,4,354,12,Loyal Customers
CUST01608,2025-05-18,1,2419.95,409,2419.95,1,1,1,111,3,Lost Customers
CUST01609,2025-10-31,17,910269.8,243,53545.282352941176,2,5,5,255,12,At Risk
CUST01610,2026-03-09,1,34665.6,114,34665.6,3,1,1,311,5,Others
CUST01611,2026-06-24,8,419166.55,7,52395.81875,5,3,4,534,12,Potential Loyalists
CUST01612,2025-09-15,8,377152.39999999997,289,47144.049999999996,2,3,4,234,9,At Risk
CUST01613,2025-10-03,6,159484.8,271,26580.8,2,3,2,232,7,At Risk
CUST01614,2025-11-13,6,171903.3,230,28650.55,2,3,2,232,7,At Risk
CUST01615,2025-10-15,7,138126.7,259,19732.385714285716,2,3,2,232,7,At Risk
CUST01616,2026-04-20,10,651829.95,72,65182.994999999995,3,4,5,345,12,Loyal Customers
CUST01617,2026-03-05,21,958533.05,118,45644.43095238096,3,5,5,355,13,Loyal Customers
CUST01618,2026-06-22,12,985311.5,9,82109.29166666667,5,4,5,545,14,Champions
CUST01619,2025-12-18,5,310304.95,195,62060.990000000005,2,2,3,223,7,Others
CUST01620,2026-02-14,11,716703.75,137,65154.88636363636,3,4,5,345,12,Loyal Customers
CUST01621,2025-09-06,2,184537.4,298,92268.7,2,1,3,213,6,Others
CUST01622,2026-02-07,6,81678.54999999999,144,13613.091666666665,3,3,2,332,8,Others
CUST01623,2026-04-02,14,467925.45,90,33423.24642857143,3,5,4,354,12,Loyal Customers
CUST01624,2026-03-02,13,412013.85,121,31693.373076923075,3,4,4,344,11,Loyal Customers
CUST01625,2026-06-22,8,333105.85,9,41638.23125,5,3,4,534,12,Potential Loyalists
CUST01626,2026-06-30,8,291881.2,1,36485.15,5,3,3,533,11,Potential Loyalists
CUST01627,2026-05-19,7,247966.05,43,35423.72142857143,4,3,3,433,10,Potential Loyalists
CUST01628,2025-08-31,4,245636.2,304,61409.05,2,2,3,223,7,Others
CUST01629,2026-06-24,15,448714.5,7,29914.3,5,5,4,554,14,Champions
CUST01630,2026-06-20,11,342306.65,11,31118.786363636365,5,4,4,544,13,Champions
CUST01631,2026-05-07,3,39994.8,55,13331.6,4,1,1,411,6,Others
CUST01632,2025-06-30,1,38697.3,366,38697.3,1,1,1,111,3,Lost Customers
CUST01633,2025-10-23,2,30703.45,251,15351.725,2,1,1,211,4,Lost Customers
CUST01634,2026-05-24,3,89444.65000000001,38,29814.883333333335,4,1,2,412,7,Others
CUST01635,2026-05-20,12,474118.6,42,39509.88333333333,4,4,4,444,12,Champions
CUST01636,2026-04-13,16,314028.25,79,19626.765625,3,5,3,353,11,Loyal Customers
CUST01637,2026-06-19,5,215480.55,12,43096.11,5,2,3,523,10,Potential Loyalists
CUST01638,2026-05-31,10,466290.60000000003,31,46629.060000000005,4,4,4,444,12,Champions
CUST01639,2025-01-09,1,29663.75,538,29663.75,1,1,1,111,3,Lost Customers
CUST01640,2026-06-26,10,404058.75,5,40405.875,5,4,4,544,13,Champions
CUST01641,2026-06-29,11,488876.3,2,44443.299999999996,5,4,4,544,13,Champions
CUST01642,2025-11-14,10,149538.25,229,14953.825,2,4,2,242,8,At Risk
CUST01643,2025-10-27,4,90792.85,247,22698.2125,2,2,2,222,6,Lost Customers
CUST01644,2026-06-08,15,872221.1,23,58148.073333333334,5,5,5,555,15,Champions
CUST01645,2026-03-23,7,299729.9,100,42818.55714285715,3,3,3,333,9,Others
CUST01646,2026-04-08,5,180089.25,84,36017.85,3,2,3,323,8,Others
CUST01647,2026-05-22,7,259111.4,40,37015.91428571429,4,3,3,433,10,Potential Loyalists
CUST01648,2025-10-22,2,3995.0,252,1997.5,2,1,1,211,4,Lost Customers
CUST01649,2024-11-02,1,146915.6,606,146915.6,1,1,2,112,4,Lost Customers
CUST01650,2026-03-12,6,527159.9500000001,111,87859.99166666668,3,3,4,334,10,Others
CUST01651,2025-05-29,1,351.0,398,351.0,1,1,1,111,3,Lost Customers
CUST01652,2026-04-23,6,122661.79999999999,69,20443.63333333333,4,3,2,432,9,Potential Loyalists
CUST01653,2026-06-11,6,204526.8,20,34087.799999999996,5,3,3,533,11,Potential Loyalists
CUST01654,2026-01-14,4,65963.05,168,16490.7625,2,2,1,221,5,Lost Customers
CUST01655,2025-06-03,4,105195.1,393,26298.775,1,2,2,122,5,Lost Customers
CUST01656,2026-03-10,7,396092.39999999997,113,56584.62857142857,3,3,4,334,10,Others
CUST01657,2025-01-25,2,17759.7,522,8879.85,1,1,1,111,3,Lost Customers
CUST01658,2026-03-14,2,39923.2,109,19961.6,3,1,1,311,5,Others
CUST01659,2026-06-22,12,398555.75,9,33212.979166666664,5,4,4,544,13,Champions
CUST01660,2026-02-06,7,152897.5,145,21842.5,3,3,2,332,8,Others
CUST01661,2026-05-24,5,191053.2,38,38210.64,4,2,3,423,9,Potential Loyalists
CUST01662,2026-06-20,11,283354.9,11,25759.536363636365,5,4,3,543,12,Loyal Customers
CUST01663,2025-12-09,6,168789.65000000002,204,28131.608333333337,2,3,2,232,7,At Risk
CUST01664,2026-06-22,10,737647.75,9,73764.775,5,4,5,545,14,Champions
CUST01665,2026-06-12,16,1089865.05,19,68116.565625,5,5,5,555,15,Champions
CUST01666,2024-12-11,1,6571.35,567,6571.35,1,1,1,111,3,Lost Customers
CUST01667,2026-05-21,6,212092.65000000002,41,35348.775,4,3,3,433,10,Potential Loyalists
CUST01668,2026-04-22,20,1021727.8999999999,70,51086.395,3,5,5,355,13,Loyal Customers
CUST01669,2025-12-16,1,10049.4,197,10049.4,2,1,1,211,4,Lost Customers
CUST01670,2025-04-09,5,97763.7,448,19552.739999999998,1,2,2,122,5,Lost Customers
CUST01671,2025-09-07,4,52066.55,297,13016.6375,2,2,1,221,5,Lost Customers
CUST01672,2026-05-20,4,308001.0,42,77000.25,4,2,3,423,9,Potential Loyalists
CUST01673,2026-03-20,11,390720.0,103,35520.0,3,4,4,344,11,Loyal Customers
CUST01674,2026-05-16,11,464307.35,46,42209.75909090909,4,4,4,444,12,Champions
CUST01675,2026-06-21,8,490244.35,10,61280.54375,5,3,4,534,12,Potential Loyalists
CUST01676,2025-12-09,7,213501.85,204,30500.264285714286,2,3,3,233,8,At Risk
CUST01677,2026-01-09,14,625529.05,173,44680.64642857143,2,5,5,255,12,At Risk
CUST01678,2026-03-24,13,515118.7,99,39624.515384615384,3,4,4,344,11,Loyal Customers
CUST01679,2026-05-29,12,302528.10000000003,33,25210.675000000003,4,4,3,443,11,Loyal Customers
CUST01680,2026-04-10,15,880638.7,82,58709.246666666666,3,5,5,355,13,Loyal Customers
CUST01681,2026-02-15,2,241956.5,136,120978.25,3,1,3,313,7,Others
CUST01682,2026-06-12,23,1021227.15,19,44401.18043478261,5,5,5,555,15,Champions
CUST01683,2026-06-30,12,484764.7,1,40397.058333333334,5,4,4,544,13,Champions
CUST01684,2026-05-03,7,275840.0,59,39405.71428571428,4,3,3,433,10,Potential Loyalists
CUST01685,2026-06-06,20,1224570.45,25,61228.5225,5,5,5,555,15,Champions
CUST01686,2026-06-16,23,944840.9500000001,15,41080.041304347826,5,5,5,555,15,Champions
CUST01687,2025-05-14,5,276229.0,413,55245.8,1,2,3,123,6,Others
CUST01688,2026-04-08,21,1112400.55,84,52971.454761904766,3,5,5,355,13,Loyal Customers
CUST01689,2026-05-23,11,415959.7,39,37814.51818181818,4,4,4,444,12,Champions
CUST01690,2026-05-18,10,455514.35,44,45551.435,4,4,4,444,12,Champions
CUST01691,2026-03-17,8,149701.35,106,18712.66875,3,3,2,332,8,Others
CUST01692,2026-03-06,5,84922.95,117,16984.59,3,2,2,322,7,Others
CUST01693,2026-04-28,12,362973.35000000003,64,30247.77916666667,4,4,4,444,12,Champions
CUST01694,2026-06-10,21,1744163.3,21,83055.39523809524,5,5,5,555,15,Champions
CUST01695,2026-04-13,4,170411.55,79,42602.8875,3,2,2,322,7,Others
CUST01696,2026-06-18,21,1125742.9,13,53606.80476190476,5,5,5,555,15,Champions
CUST01697,2025-04-09,4,85003.5,448,21250.875,1,2,2,122,5,Lost Customers
CUST01698,2026-05-15,13,612669.0,47,47128.38461538462,4,4,5,445,13,Champions
CUST01699,2026-06-21,18,673436.2,10,37413.12222222222,5,5,5,555,15,Champions
CUST01700,2024-12-21,2,10219.6,557,5109.8,1,1,1,111,3,Lost Customers
CUST01701,2026-06-28,12,470353.3,3,39196.10833333333,5,4,4,544,13,Champions
CUST01702,2026-06-11,18,522619.3,20,29034.405555555553,5,5,4,554,14,Champions
CUST01703,2026-06-08,5,155612.75,23,31122.55,5,2,2,522,9,Potential Loyalists
CUST01704,2025-09-17,3,37268.75,287,12422.916666666666,2,1,1,211,4,Lost Customers
CUST01705,2026-05-29,10,241180.09999999998,33,24118.01,4,4,3,443,11,Loyal Customers
CUST01706,2026-06-21,10,246202.55,10,24620.254999999997,5,4,3,543,12,Loyal Customers
CUST01707,2026-05-21,11,275793.8,41,25072.163636363635,4,4,3,443,11,Loyal Customers
CUST01708,2026-04-18,19,932144.85,74,49060.255263157895,3,5,5,355,13,Loyal Customers
CUST01709,2026-05-19,17,600357.45,43,35315.144117647054,4,5,5,455,14,Champions
CUST01710,2025-07-21,7,261717.5,345,37388.21428571428,1,3,3,133,7,At Risk
CUST01711,2026-03-17,8,392137.7,106,49017.2125,3,3,4,334,10,Others
CUST01712,2026-04-13,12,787987.1,79,65665.59166666666,3,4,5,345,12,Loyal Customers
CUST01713,2026-04-15,7,172422.95,77,24631.850000000002,3,3,3,333,9,Others
CUST01714,2026-06-27,25,1429678.85,4,57187.154,5,5,5,555,15,Champions
CUST01715,2026-06-30,15,593018.5,1,39534.566666666666,5,5,5,555,15,Champions
CUST01716,2026-03-09,5,107239.1,114,21447.82,3,2,2,322,7,Others
CUST01717,2025-12-12,7,161081.95,201,23011.707142857143,2,3,2,232,7,At Risk
CUST01718,2026-06-18,8,243359.5,13,30419.9375,5,3,3,533,11,Potential Loyalists
CUST01719,2026-05-01,14,744137.75,61,53152.69642857143,4,5,5,455,14,Champions
CUST01720,2026-02-25,4,493310.0,126,123327.5,3,2,4,324,9,Others
CUST01721,2026-04-04,4,101369.4,88,25342.35,3,2,2,322,7,Others
CUST01722,2026-06-24,25,1054502.0,7,42180.08,5,5,5,555,15,Champions
CUST01723,2026-04-09,9,787121.25,83,87457.91666666667,3,4,5,345,12,Loyal Customers
CUST01724,2025-07-10,2,20186.7,356,10093.35,1,1,1,111,3,Lost Customers
CUST01725,2026-01-13,6,312797.1,169,52132.85,2,3,3,233,8,At Risk
CUST01726,2026-06-22,14,394021.5,9,28144.39285714286,5,5,4,554,14,Champions
CUST01727,2026-04-15,5,139633.8,77,27926.76,3,2,2,322,7,Others
CUST01728,2026-05-26,22,1148565.55,36,52207.525,4,5,5,455,14,Champions
CUST01729,2026-03-27,7,477714.55,96,68244.93571428572,3,3,4,334,10,Others
CUST01730,2025-03-30,4,183439.55,458,45859.8875,1,2,3,123,6,Others
CUST01731,2026-03-16,12,373908.05,107,31159.004166666666,3,4,4,344,11,Loyal Customers
CUST01732,2026-05-20,10,452679.35000000003,42,45267.935000000005,4,4,4,444,12,Champions
CUST01733,2026-05-11,4,107321.79999999999,51,26830.449999999997,4,2,2,422,8,Potential Loyalists
CUST01734,2026-04-12,12,518252.2,80,43187.683333333334,3,4,4,344,11,Loyal Customers
CUST01735,2025-09-28,6,106766.75,276,17794.458333333332,2,3,2,232,7,At Risk
CUST01736,2025-08-10,3,21241.850000000002,325,7080.616666666668,1,1,1,111,3,Lost Customers
CUST01737,2024-04-14,1,160371.4,808,160371.4,1,1,2,112,4,Lost Customers
CUST01738,2025-10-17,3,215430.4,257,71810.13333333333,2,1,3,213,6,Others
CUST01739,2025-11-16,9,748427.9,227,83158.65555555555,2,4,5,245,11,At Risk
CUST01740,2026-01-21,11,346470.15,161,31497.286363636365,2,4,4,244,10,At Risk
CUST01741,2026-05-13,14,618962.2999999999,49,44211.59285714285,4,5,5,455,14,Champions
CUST01742,2026-06-21,15,537276.7,10,35818.44666666666,5,5,4,554,14,Champions
CUST01743,2026-01-30,4,61488.0,152,15372.0,2,2,1,221,5,Lost Customers
CUST01744,2026-06-07,7,403904.55,24,57700.65,5,3,4,534,12,Potential Loyalists
CUST01745,2026-02-28,7,565303.7999999999,123,80757.6857142857,3,3,4,334,10,Others
CUST01746,2025-09-13,3,82454.25,291,27484.75,2,1,2,212,5,Lost Customers
CUST01747,2026-04-01,8,437714.35000000003,91,54714.293750000004,3,3,4,334,10,Others
CUST01748,2026-05-25,1,42750.0,37,42750.0,4,1,1,411,6,Others
CUST01749,2026-06-11,13,832978.75,20,64075.28846153846,5,4,5,545,14,Champions
CUST01750,2026-05-30,22,650057.9,32,29548.086363636365,4,5,5,455,14,Champions
CUST01751,2025-10-06,4,144107.95,268,36026.9875,2,2,2,222,6,Lost Customers
CUST01752,2026-06-28,8,722546.6000000001,3,90318.32500000001,5,3,5,535,13,Potential Loyalists
CUST01753,2025-12-29,10,603955.75,184,60395.575,2,4,5,245,11,At Risk
CUST01754,2026-05-12,12,543507.2000000001,50,45292.26666666667,4,4,4,444,12,Champions
CUST01755,2026-05-29,8,223853.0,33,27981.625,4,3,3,433,10,Potential Loyalists
CUST01756,2024-05-29,1,1833.0,763,1833.0,1,1,1,111,3,Lost Customers
CUST01757,2025-11-11,4,76415.25,232,19103.8125,2,2,2,222,6,Lost Customers
CUST01758,2026-01-18,4,79855.45,164,19963.8625,2,2,2,222,6,Lost Customers
CUST01759,2025-12-20,12,318334.0,193,26527.833333333332,2,4,3,243,9,At Risk
CUST01760,2025-05-17,3,88284.25,410,29428.083333333332,1,1,2,112,4,Lost Customers
CUST01761,2026-06-13,4,159803.8,18,39950.95,5,2,2,522,9,Potential Loyalists
CUST01762,2026-02-04,10,609196.1,147,60919.61,2,4,5,245,11,At Risk
CUST01763,2025-11-09,7,601117.35,234,85873.90714285713,2,3,5,235,10,At Risk
CUST01764,2026-03-14,13,647376.65,109,49798.20384615385,3,4,5,345,12,Loyal Customers
CUST01765,2026-02-01,3,42467.8,150,14155.933333333334,2,1,1,211,4,Lost Customers
CUST01766,2025-02-23,5,213903.4,493,42780.68,1,2,3,123,6,Others
CUST01767,2026-04-16,30,684964.1,76,22832.136666666665,3,5,5,355,13,Loyal Customers
CUST01768,2026-01-13,12,430953.39999999997,169,35912.78333333333,2,4,4,244,10,At Risk
CUST01769,2025-12-24,2,18308.4,189,9154.2,2,1,1,211,4,Lost Customers
CUST01770,2025-09-18,11,553365.4500000001,286,50305.950000000004,2,4,4,244,10,At Risk
CUST01771,2026-04-25,12,639124.5,67,53260.375,4,4,5,445,13,Champions
CUST01772,2026-06-13,2,83549.45,18,41774.725,5,1,2,512,8,Others
CUST01773,2026-05-23,14,1172011.85,39,83715.13214285715,4,5,5,455,14,Champions
CUST01774,2024-09-24,3,20409.199999999997,645,6803.066666666666,1,1,1,111,3,Lost Customers
CUST01775,2026-01-29,22,1158545.5,153,52661.15909090909,2,5,5,255,12,At Risk
CUST01776,2025-08-25,1,133894.9,310,133894.9,2,1,2,212,5,Lost Customers
CUST01777,2026-05-16,4,216461.1,46,54115.275,4,2,3,423,9,Potential Loyalists
CUST01778,2025-10-24,5,79307.55,250,15861.51,2,2,2,222,6,Lost Customers
CUST01779,2026-06-27,14,1161903.6,4,82993.1142857143,5,5,5,555,15,Champions
CUST01780,2024-12-22,2,4393.25,556,2196.625,1,1,1,111,3,Lost Customers
CUST01781,2026-06-04,13,324119.05,27,24932.234615384616,5,4,4,544,13,Champions
CUST01782,2025-12-27,9,206521.85,186,22946.872222222224,2,4,3,243,9,At Risk
CUST01783,2026-01-11,6,196788.90000000002,171,32798.15,2,3,3,233,8,At Risk
CUST01784,2026-05-10,8,366807.7,52,45850.9625,4,3,4,434,11,Potential Loyalists
CUST01785,2026-06-04,14,1225609.75,27,87543.55357142857,5,5,5,555,15,Champions
CUST01786,2025-06-08,4,137478.75,388,34369.6875,1,2,2,122,5,Lost Customers
CUST01787,2026-06-14,8,318255.6,17,39781.95,5,3,3,533,11,Potential Loyalists
CUST01788,2025-08-15,3,62623.75,320,20874.583333333332,1,1,1,111,3,Lost Customers
CUST01789,2026-06-25,7,239507.9,6,34215.41428571429,5,3,3,533,11,Potential Loyalists
CUST01790,2026-02-25,7,144707.4,126,20672.485714285714,3,3,2,332,8,Others
CUST01791,2026-06-21,9,361527.55,10,40169.72777777778,5,4,4,544,13,Champions
CUST01792,2026-04-23,13,835476.5,69,64267.42307692308,4,4,5,445,13,Champions
CUST01793,2026-05-07,11,144812.35,55,13164.759090909092,4,4,2,442,10,Loyal Customers
CUST01794,2025-02-12,4,82462.6,504,20615.65,1,2,2,122,5,Lost Customers
CUST01795,2025-12-14,9,119826.59999999999,199,13314.066666666666,2,4,2,242,8,At Risk
CUST01796,2024-08-08,5,48218.9,692,9643.78,1,2,1,121,4,Lost Customers
CUST01797,2026-03-23,8,125544.1,100,15693.0125,3,3,2,332,8,Others
CUST01798,2026-06-04,4,115710.59999999999,27,28927.649999999998,5,2,2,522,9,Potential Loyalists
CUST01799,2026-05-05,19,938899.45,57,49415.76052631579,4,5,5,455,14,Champions
CUST01800,2026-05-16,23,1080516.3,46,46978.96956521739,4,5,5,455,14,Champions
CUST01801,2026-06-25,12,664989.65,6,55415.80416666667,5,4,5,545,14,Champions
CUST01802,2026-05-25,3,217383.30000000002,37,72461.1,4,1,3,413,8,Others
CUST01803,2026-06-10,12,140558.45,21,11713.204166666668,5,4,2,542,11,Loyal Customers
CUST01804,2026-05-16,11,752930.4,46,68448.21818181819,4,4,5,445,13,Champions
CUST01805,2026-05-27,15,362036.25,35,24135.75,4,5,4,454,13,Champions
CUST01806,2026-05-31,10,206320.5,31,20632.05,4,4,3,443,11,Loyal Customers
CUST01807,2026-01-02,6,377511.2,180,62918.53333333333,2,3,4,234,9,At Risk
CUST01808,2026-03-04,4,40830.149999999994,119,10207.537499999999,3,2,1,321,6,Others
CUST01809,2025-08-29,4,61718.85,306,15429.7125,2,2,1,221,5,Lost Customers
CUST01810,2026-05-15,12,428119.2,47,35676.6,4,4,4,444,12,Champions
CUST01811,2026-02-03,6,155950.0,148,25991.666666666668,2,3,2,232,7,At Risk
CUST01812,2026-06-23,17,735682.35,8,43275.43235294118,5,5,5,555,15,Champions
CUST01813,2026-05-28,4,98880.55,34,24720.1375,4,2,2,422,8,Potential Loyalists
CUST01814,2026-06-27,6,229763.95,4,38293.99166666667,5,3,3,533,11,Potential Loyalists
CUST01815,2026-01-02,8,331330.3,180,41416.2875,2,3,4,234,9,At Risk
CUST01816,2025-08-08,4,98615.45000000001,327,24653.862500000003,1,2,2,122,5,Lost Customers
CUST01817,2025-01-02,3,96099.3,545,32033.100000000002,1,1,2,112,4,Lost Customers
CUST01818,2024-10-15,3,130295.8,624,43431.933333333334,1,1,2,112,4,Lost Customers
CUST01819,2026-06-21,15,608582.75,10,40572.183333333334,5,5,5,555,15,Champions
CUST01820,2026-05-08,4,160268.59999999998,54,40067.149999999994,4,2,2,422,8,Potential Loyalists
CUST01821,2026-01-23,7,425324.89999999997,159,60760.7,2,3,4,234,9,At Risk
CUST01822,2026-04-07,8,406084.45,85,50760.55625,3,3,4,334,10,Others
CUST01823,2026-06-30,8,445346.1,1,55668.2625,5,3,4,534,12,Potential Loyalists
CUST01824,2026-05-14,14,610925.35,48,43637.525,4,5,5,455,14,Champions
CUST01825,2026-05-04,15,640327.65,58,42688.51,4,5,5,455,14,Champions
CUST01826,2026-06-22,14,1102016.75,9,78715.48214285714,5,5,5,555,15,Champions
CUST01827,2025-08-07,2,136418.0,328,68209.0,1,1,2,112,4,Lost Customers
CUST01828,2025-11-05,4,57497.45,238,14374.3625,2,2,1,221,5,Lost Customers
CUST01829,2026-06-04,12,761302.45,27,63441.87083333333,5,4,5,545,14,Champions
CUST01830,2026-04-12,6,262670.5,80,43778.416666666664,3,3,3,333,9,Others
CUST01831,2026-05-30,17,886045.35,32,52120.31470588235,4,5,5,455,14,Champions
CUST01832,2026-02-28,8,330775.45,123,41346.93125,3,3,4,334,10,Others
CUST01833,2026-05-29,5,144074.1,33,28814.82,4,2,2,422,8,Potential Loyalists
CUST01834,2026-03-11,14,625607.8,112,44686.27142857143,3,5,5,355,13,Loyal Customers
CUST01835,2026-04-27,15,496264.0,65,33084.26666666667,4,5,4,454,13,Champions
CUST01836,2026-02-23,5,139979.2,128,27995.840000000004,3,2,2,322,7,Others
CUST01837,2025-10-26,10,484022.64999999997,248,48402.265,2,4,4,244,10,At Risk
CUST01838,2026-05-16,7,404563.0,46,57794.71428571428,4,3,4,434,11,Potential Loyalists
CUST01839,2024-11-08,2,21303.7,600,10651.85,1,1,1,111,3,Lost Customers
CUST01840,2026-06-06,17,330422.2,25,19436.600000000002,5,5,4,554,14,Champions
CUST01841,2025-11-18,3,45971.1,225,15323.699999999999,2,1,1,211,4,Lost Customers
CUST01842,2025-05-19,5,364049.4,408,72809.88,1,2,4,124,7,Others
CUST01843,2026-06-05,24,2027459.6,26,84477.48333333334,5,5,5,555,15,Champions
CUST01844,2025-07-08,8,384154.95,358,48019.36875,1,3,4,134,8,At Risk
CUST01845,2025-04-06,7,252550.55,451,36078.65,1,3,3,133,7,At Risk
CUST01846,2026-06-18,6,297830.05,13,49638.34166666667,5,3,3,533,11,Potential Loyalists
CUST01847,2026-05-25,23,687913.35,37,29909.27608695652,4,5,5,455,14,Champions
CUST01848,2025-08-06,7,458571.25,329,65510.17857142857,1,3,4,134,8,At Risk
CUST01849,2026-06-24,5,45932.4,7,9186.48,5,2,1,521,8,Potential Loyalists
CUST01850,2026-04-15,5,49276.55,77,9855.310000000001,3,2,1,321,6,Others
CUST01851,2026-03-22,13,569743.9,101,43826.45384615385,3,4,4,344,11,Loyal Customers
CUST01852,2026-05-13,21,1434055.7,49,68288.36666666667,4,5,5,455,14,Champions
CUST01853,2026-06-26,13,378577.4,5,29121.338461538464,5,4,4,544,13,Champions
CUST01854,2025-04-16,1,4559.4,441,4559.4,1,1,1,111,3,Lost Customers
CUST01855,2026-04-10,13,700517.15,82,53885.93461538462,3,4,5,345,12,Loyal Customers
CUST01856,2026-05-06,8,162130.7,56,20266.3375,4,3,2,432,9,Potential Loyalists
CUST01857,2025-12-31,7,335447.2,182,47921.02857142857,2,3,4,234,9,At Risk
CUST01858,2025-01-29,4,249241.9,518,62310.475,1,2,3,123,6,Others
CUST01859,2025-09-11,4,226566.2,293,56641.55,2,2,3,223,7,Others
CUST01860,2025-06-25,4,168760.4,371,42190.1,1,2,2,122,5,Lost Customers
CUST01861,2025-10-05,5,53946.149999999994,269,10789.23,2,2,1,221,5,Lost Customers
CUST01862,2024-05-31,1,510.0,761,510.0,1,1,1,111,3,Lost Customers
CUST01863,2025-12-23,13,329293.0,190,25330.23076923077,2,4,4,244,10,At Risk
CUST01864,2026-01-23,13,363000.0,159,27923.076923076922,2,4,4,244,10,At Risk
CUST01865,2025-12-27,8,455812.3,186,56976.5375,2,3,4,234,9,At Risk
CUST01866,2025-12-06,3,52118.0,207,17372.666666666668,2,1,1,211,4,Lost Customers
CUST01867,2025-03-31,2,24988.0,457,12494.0,1,1,1,111,3,Lost Customers
CUST01868,2026-02-28,2,34445.4,123,17222.7,3,1,1,311,5,Others
CUST01869,2026-06-25,22,821458.55,6,37339.025,5,5,5,555,15,Champions
CUST01870,2024-06-17,3,131360.6,744,43786.86666666667,1,1,2,112,4,Lost Customers
CUST01871,2026-04-06,4,127685.6,86,31921.4,3,2,2,322,7,Others
CUST01872,2026-06-30,15,813616.8,1,54241.12,5,5,5,555,15,Champions
CUST01873,2024-08-18,1,7000.0,682,7000.0,1,1,1,111,3,Lost Customers
CUST01874,2024-12-01,1,2146.5,577,2146.5,1,1,1,111,3,Lost Customers
CUST01875,2026-06-21,22,1148281.2,10,52194.6,5,5,5,555,15,Champions
CUST01876,2025-01-23,5,81272.1,524,16254.420000000002,1,2,2,122,5,Lost Customers
CUST01877,2025-12-15,5,116368.65,198,23273.73,2,2,2,222,6,Lost Customers
CUST01878,2026-02-19,4,215232.4,132,53808.1,3,2,3,323,8,Others
CUST01879,2026-03-28,1,2955.2,95,2955.2,3,1,1,311,5,Others
CUST01880,2026-06-24,4,315802.3,7,78950.575,5,2,3,523,10,Potential Loyalists
CUST01881,2026-04-03,6,45469.1,89,7578.183333333333,3,3,1,331,7,Others
CUST01882,2026-03-02,10,933253.7999999999,121,93325.37999999999,3,4,5,345,12,Loyal Customers
CUST01883,2026-04-17,10,603422.45,75,60342.244999999995,3,4,5,345,12,Loyal Customers
CUST01884,2026-05-08,12,367644.15,54,30637.0125,4,4,4,444,12,Champions
CUST01885,2026-04-24,12,966662.5,68,80555.20833333333,4,4,5,445,13,Champions
CUST01886,2025-12-10,10,329227.1,203,32922.71,2,4,4,244,10,At Risk
CUST01887,2026-05-27,16,559207.95,35,34950.496875,4,5,4,454,13,Champions
CUST01888,2026-06-24,11,482026.35,7,43820.57727272727,5,4,4,544,13,Champions
CUST01889,2026-01-14,3,36684.0,168,12228.0,2,1,1,211,4,Lost Customers
CUST01890,2026-05-10,24,929301.2,52,38720.88333333333,4,5,5,455,14,Champions
CUST01891,2026-06-22,2,156105.6,9,78052.8,5,1,2,512,8,Others
CUST01892,2026-06-23,11,784567.2,8,71324.29090909091,5,4,5,545,14,Champions
CUST01893,2025-11-16,6,264288.9,227,44048.15,2,3,3,233,8,At Risk
CUST01894,2025-09-09,5,160380.8,295,32076.159999999996,2,2,2,222,6,Lost Customers
CUST01895,2026-02-21,7,422291.25,130,60327.32142857143,3,3,4,334,10,Others
CUST01896,2026-06-21,23,1260840.1,10,54819.1347826087,5,5,5,555,15,Champions
CUST01897,2026-04-19,4,66244.1,73,16561.025,3,2,1,321,6,Others
CUST01898,2025-12-07,4,73391.7,206,18347.925,2,2,2,222,6,Lost Customers
CUST01899,2026-02-07,10,459372.7,144,45937.270000000004,3,4,4,344,11,Loyal Customers
CUST01900,2025-02-28,5,187993.55,488,37598.71,1,2,3,123,6,Others
CUST01901,2026-04-03,7,129805.4,89,18543.62857142857,3,3,2,332,8,Others
CUST01902,2026-06-25,7,518000.80000000005,6,74000.1142857143,5,3,4,534,12,Potential Loyalists
CUST01903,2025-06-28,5,99615.4,368,19923.079999999998,1,2,2,122,5,Lost Customers
CUST01904,2026-03-12,11,340126.7,111,30920.609090909093,3,4,4,344,11,Loyal Customers
CUST01905,2025-12-06,6,142421.25,207,23736.875,2,3,2,232,7,At Risk
CUST01906,2026-04-10,10,182416.2,82,18241.620000000003,3,4,3,343,10,Loyal Customers
CUST01907,2025-12-31,9,327070.65,182,36341.183333333334,2,4,4,244,10,At Risk
CUST01908,2026-06-23,9,427935.6,8,47548.399999999994,5,4,4,544,13,Champions
CUST01909,2025-05-27,4,55567.25,400,13891.8125,1,2,1,121,4,Lost Customers
CUST01910,2026-05-02,4,78103.3,60,19525.825,4,2,2,422,8,Potential Loyalists
CUST01911,2026-04-26,10,267623.95,66,26762.395,4,4,3,443,11,Loyal Customers
CUST01912,2026-01-03,5,463929.7,179,92785.94,2,2,4,224,8,Others
CUST01913,2026-06-07,9,157652.5,24,17516.944444444445,5,4,2,542,11,Loyal Customers
CUST01914,2026-05-03,20,959950.05,59,47997.5025,4,5,5,455,14,Champions
CUST01915,2025-01-19,2,9705.8,528,4852.9,1,1,1,111,3,Lost Customers
CUST01916,2026-05-07,15,499180.25,55,33278.683333333334,4,5,4,454,13,Champions
CUST01917,2026-05-28,5,10000.25,34,2000.05,4,2,1,421,7,Potential Loyalists
CUST01918,2026-01-06,5,48092.45,176,9618.49,2,2,1,221,5,Lost Customers
CUST01919,2026-02-02,9,193498.40000000002,149,21499.822222222225,2,4,3,243,9,At Risk
CUST01920,2026-03-27,3,56113.85,96,18704.616666666665,3,1,1,311,5,Others
CUST01921,2026-05-12,10,450627.2,50,45062.72,4,4,4,444,12,Champions
CUST01922,2026-06-14,19,1028120.85,17,54111.62368421053,5,5,5,555,15,Champions
CUST01923,2026-06-20,5,110757.4,11,22151.48,5,2,2,522,9,Potential Loyalists
CUST01924,2026-04-08,23,1339117.95,84,58222.519565217386,3,5,5,355,13,Loyal Customers
CUST01925,2026-04-21,8,271245.1,71,33905.6375,3,3,3,333,9,Others
CUST01926,2026-06-03,8,466817.95,28,58352.24375,5,3,4,534,12,Potential Loyalists
CUST01927,2026-03-15,19,934137.65,108,49165.13947368421,3,5,5,355,13,Loyal Customers
CUST01928,2025-02-02,3,51246.6,514,17082.2,1,1,1,111,3,Lost Customers
CUST01929,2026-03-13,5,135831.80000000002,110,27166.360000000004,3,2,2,322,7,Others
CUST01930,2026-04-14,19,921920.4,78,48522.12631578947,3,5,5,355,13,Loyal Customers
CUST01931,2024-11-14,2,5824.65,594,2912.325,1,1,1,111,3,Lost Customers
CUST01932,2026-05-16,22,846080.45,46,38458.20227272727,4,5,5,455,14,Champions
CUST01933,2026-06-24,15,1272592.3,7,84839.48666666666,5,5,5,555,15,Champions
CUST01934,2026-04-19,14,678598.95,73,48471.35357142857,3,5,5,355,13,Loyal Customers
CUST01935,2026-03-03,10,325598.55,120,32559.855,3,4,4,344,11,Loyal Customers
CUST01936,2026-02-22,15,632448.1,129,42163.206666666665,3,5,5,355,13,Loyal Customers
CUST01937,2026-06-14,3,80480.75,17,26826.916666666668,5,1,2,512,8,Others
CUST01938,2026-06-19,12,593912.5,12,49492.708333333336,5,4,5,545,14,Champions
CUST01939,2026-04-01,26,1171279.7,91,45049.21923076923,3,5,5,355,13,Loyal Customers
CUST01940,2026-03-05,12,266227.05,118,22185.587499999998,3,4,3,343,10,Loyal Customers
CUST01941,2026-04-22,9,150882.8,70,16764.755555555555,3,4,2,342,9,Loyal Customers
CUST01942,2026-06-02,15,523071.3,29,34871.42,5,5,4,554,14,Champions
CUST01943,2026-06-24,20,630488.7000000001,7,31524.435000000005,5,5,5,555,15,Champions
CUST01944,2025-11-08,3,268806.25,235,89602.08333333333,2,1,3,213,6,Others
CUST01945,2026-06-26,20,1110818.85,5,55540.942500000005,5,5,5,555,15,Champions
CUST01946,2026-01-17,6,112073.0,165,18678.833333333332,2,3,2,232,7,At Risk
CUST01947,2026-02-01,10,368709.2,150,36870.92,2,4,4,244,10,At Risk
CUST01948,2026-01-11,7,173950.85,171,24850.12142857143,2,3,3,233,8,At Risk
CUST01949,2025-05-12,4,44851.5,415,11212.875,1,2,1,121,4,Lost Customers
CUST01950,2026-06-10,12,394037.2,21,32836.433333333334,5,4,4,544,13,Champions
CUST01951,2026-06-06,11,494076.75,25,44916.068181818184,5,4,4,544,13,Champions
CUST01952,2026-06-18,18,680278.75,13,37793.26388888889,5,5,5,555,15,Champions
CUST01953,2025-09-01,1,3771.9,303,3771.9,2,1,1,211,4,Lost Customers
CUST01954,2026-05-06,4,133457.65,56,33364.4125,4,2,2,422,8,Potential Loyalists
CUST01955,2025-02-07,4,107818.7,509,26954.675,1,2,2,122,5,Lost Customers
CUST01956,2026-02-21,9,303209.75,130,33689.97222222222,3,4,3,343,10,Loyal Customers
CUST01957,2025-11-01,5,283324.2,242,56664.840000000004,2,2,3,223,7,Others
CUST01958,2025-07-13,3,297217.5,353,99072.5,1,1,3,113,5,Others
CUST01959,2026-03-24,5,158075.85,99,31615.170000000002,3,2,2,322,7,Others
CUST01960,2026-05-07,6,203347.44999999998,55,33891.24166666666,4,3,3,433,10,Potential Loyalists
CUST01961,2024-06-08,1,41753.45,753,41753.45,1,1,1,111,3,Lost Customers
CUST01962,2025-11-24,11,379673.95,219,34515.81363636364,2,4,4,244,10,At Risk
CUST01963,2026-06-08,6,361982.95,23,60330.49166666667,5,3,4,534,12,Potential Loyalists
CUST01964,2026-05-21,11,548615.7,41,49874.15454545454,4,4,4,444,12,Champions
CUST01965,2026-05-28,5,151721.0,34,30344.2,4,2,2,422,8,Potential Loyalists
CUST01966,2026-06-25,14,759401.45,6,54242.96071428571,5,5,5,555,15,Champions
CUST01967,2026-06-17,21,1184962.0,14,56426.76190476191,5,5,5,555,15,Champions
CUST01968,2026-05-04,6,185246.8,58,30874.466666666664,4,3,3,433,10,Potential Loyalists
CUST01969,2024-12-26,2,105270.0,552,52635.0,1,1,2,112,4,Lost Customers
CUST01970,2024-08-20,3,84100.4,680,28033.466666666664,1,1,2,112,4,Lost Customers
CUST01971,2025-05-18,3,15719.7,409,5239.900000000001,1,1,1,111,3,Lost Customers
CUST01972,2025-08-13,4,83659.1,322,20914.775,1,2,2,122,5,Lost Customers
CUST01973,2024-03-26,1,34200.0,827,34200.0,1,1,1,111,3,Lost Customers
CUST01974,2024-11-18,1,1603.95,590,1603.95,1,1,1,111,3,Lost Customers
CUST01975,2026-03-07,4,50946.2,116,12736.55,3,2,1,321,6,Others
CUST01976,2025-12-04,5,33936.35,209,6787.2699999999995,2,2,1,221,5,Lost Customers
CUST01977,2026-02-08,3,33267.25,143,11089.083333333334,3,1,1,311,5,Others
CUST01978,2026-03-04,5,173855.7,119,34771.14,3,2,3,323,8,Others
CUST01979,2026-05-15,14,781143.6,47,55795.97142857143,4,5,5,455,14,Champions
CUST01980,2024-09-19,1,66720.4,650,66720.4,1,1,1,111,3,Lost Customers
CUST01981,2025-09-20,3,139967.75,284,46655.916666666664,2,1,2,212,5,Lost Customers
CUST01982,2026-05-02,15,909907.35,60,60660.49,4,5,5,455,14,Champions
CUST01983,2026-06-14,15,710621.8,17,47374.78666666667,5,5,5,555,15,Champions
CUST01984,2026-05-31,5,371702.7,31,74340.54000000001,4,2,4,424,10,Potential Loyalists
CUST01985,2025-11-08,3,75018.6,235,25006.2,2,1,2,212,5,Lost Customers
CUST01986,2025-11-21,9,274767.1,222,30529.677777777775,2,4,3,243,9,At Risk
CUST01987,2026-03-16,8,218270.2,107,27283.775,3,3,3,333,9,Others
CUST01988,2025-02-28,3,112054.95,488,37351.65,1,1,2,112,4,Lost Customers
CUST01989,2026-05-26,1,232.75,36,232.75,4,1,1,411,6,Others
CUST01990,2026-01-27,3,40549.35,155,13516.449999999999,2,1,1,211,4,Lost Customers
CUST01991,2026-04-01,7,223707.6,91,31958.22857142857,3,3,3,333,9,Others
CUST01992,2026-06-06,9,483904.55,25,53767.17222222222,5,4,4,544,13,Champions
CUST01993,2026-06-10,4,93077.90000000001,21,23269.475000000002,5,2,2,522,9,Potential Loyalists
CUST01994,2026-05-03,10,229049.4,59,22904.94,4,4,3,443,11,Loyal Customers
CUST01995,2025-06-08,2,147772.2,388,73886.1,1,1,2,112,4,Lost Customers
CUST01996,2026-04-01,9,306239.2,91,34026.57777777778,3,4,3,343,10,Loyal Customers
CUST01997,2025-07-04,3,35740.9,362,11913.633333333333,1,1,1,111,3,Lost Customers
CUST01998,2025-07-23,4,78929.9,343,19732.475,1,2,2,122,5,Lost Customers
CUST01999,2026-06-11,5,73473.70000000001,20,14694.740000000002,5,2,2,522,9,Potential Loyalists
CUST02000,2026-05-13,9,252116.5,49,28012.944444444445,4,4,3,443,11,Loyal Customers
CUST02001,2025-02-27,4,59617.0,489,14904.25,1,2,1,121,4,Lost Customers
CUST02002,2025-11-22,6,203669.1,221,33944.85,2,3,3,233,8,At Risk
CUST02003,2024-09-27,3,80678.75,642,26892.916666666668,1,1,2,112,4,Lost Customers
CUST02004,2026-04-06,14,380643.7,86,27188.835714285717,3,5,4,354,12,Loyal Customers
CUST02005,2025-08-29,2,125146.8,306,62573.4,2,1,2,212,5,Lost Customers
CUST02006,2026-05-03,8,733314.85,59,91664.35625,4,3,5,435,12,Potential Loyalists
CUST02007,2025-10-06,5,42699.2,268,8539.84,2,2,1,221,5,Lost Customers
CUST02008,2026-06-11,13,523728.1,20,40286.77692307692,5,4,4,544,13,Champions
CUST02009,2026-05-05,9,207119.9,57,23013.32222222222,4,4,3,443,11,Loyal Customers
CUST02010,2026-05-15,9,596592.0499999999,47,66288.00555555554,4,4,5,445,13,Champions
CUST02011,2026-06-05,9,190014.7,26,21112.744444444445,5,4,3,543,12,Loyal Customers
CUST02012,2026-05-21,10,606351.0,41,60635.1,4,4,5,445,13,Champions
CUST02013,2026-03-27,11,295408.45,96,26855.313636363637,3,4,3,343,10,Loyal Customers
CUST02014,2025-04-06,1,116009.7,451,116009.7,1,1,2,112,4,Lost Customers
CUST02015,2026-02-27,4,251510.3,124,62877.575,3,2,3,323,8,Others
CUST02016,2026-03-13,8,329067.7,110,41133.4625,3,3,4,334,10,Others
CUST02017,2026-04-24,1,2390.2,68,2390.2,4,1,1,411,6,Others
CUST02018,2025-12-29,6,181253.0,184,30208.833333333332,2,3,3,233,8,At Risk
CUST02019,2025-07-24,1,767.0,342,767.0,1,1,1,111,3,Lost Customers
CUST02020,2026-03-29,5,68670.8,94,13734.16,3,2,1,321,6,Others
CUST02021,2025-01-29,5,38069.4,518,7613.88,1,2,1,121,4,Lost Customers
CUST02022,2025-08-26,4,174633.5,309,43658.375,2,2,3,223,7,Others
CUST02023,2026-06-14,24,1281897.6,17,53412.4,5,5,5,555,15,Champions
CUST02024,2025-12-03,4,87433.3,210,21858.325,2,2,2,222,6,Lost Customers
CUST02025,2026-01-25,13,1196683.6,157,92052.58461538462,2,4,5,245,11,At Risk
CUST02026,2026-05-31,9,425005.15,31,47222.794444444444,4,4,4,444,12,Champions
CUST02027,2024-06-01,2,5327.95,760,2663.975,1,1,1,111,3,Lost Customers
CUST02028,2026-06-20,2,19519.0,11,9759.5,5,1,1,511,7,Others
CUST02029,2025-03-20,2,15605.7,468,7802.85,1,1,1,111,3,Lost Customers
CUST02030,2026-05-05,5,326496.9,57,65299.380000000005,4,2,4,424,10,Potential Loyalists
CUST02031,2026-04-18,12,793059.65,74,66088.30416666667,3,4,5,345,12,Loyal Customers
CUST02032,2026-05-14,6,467124.0,48,77854.0,4,3,4,434,11,Potential Loyalists
CUST02033,2025-05-19,5,82461.1,408,16492.22,1,2,2,122,5,Lost Customers
CUST02034,2026-01-14,10,357480.5,168,35748.05,2,4,4,244,10,At Risk
CUST02035,2026-04-01,1,1917.0,91,1917.0,3,1,1,311,5,Others
CUST02036,2026-02-07,15,453110.4,144,30207.36,3,5,4,354,12,Loyal Customers
CUST02037,2026-03-19,10,351501.8,104,35150.18,3,4,4,344,11,Loyal Customers
CUST02038,2026-06-12,15,591455.95,19,39430.39666666666,5,5,5,555,15,Champions
CUST02039,2026-03-25,20,560309.65,98,28015.482500000002,3,5,4,354,12,Loyal Customers
CUST02040,2026-05-09,14,534705.25,53,38193.232142857145,4,5,4,454,13,Champions
CUST02041,2024-04-24,2,49857.3,798,24928.65,1,1,1,111,3,Lost Customers
CUST02042,2026-04-20,16,444790.45,72,27799.403125,3,5,4,354,12,Loyal Customers
CUST02043,2025-08-07,3,89860.90000000001,328,29953.633333333335,1,1,2,112,4,Lost Customers
CUST02044,2026-06-16,11,235008.4,15,21364.399999999998,5,4,3,543,12,Loyal Customers
CUST02045,2026-06-16,11,174443.85,15,15858.531818181818,5,4,3,543,12,Loyal Customers
CUST02046,2026-06-02,8,368221.95,29,46027.74375,5,3,4,534,12,Potential Loyalists
CUST02047,2025-04-16,2,115378.0,441,57689.0,1,1,2,112,4,Lost Customers
CUST02048,2026-03-31,5,126210.9,92,25242.18,3,2,2,322,7,Others
CUST02049,2025-06-10,7,251933.9,386,35990.55714285714,1,3,3,133,7,At Risk
CUST02050,2026-04-08,3,44542.95,84,14847.65,3,1,1,311,5,Others
CUST02051,2025-11-03,6,257101.2,240,42850.200000000004,2,3,3,233,8,At Risk
CUST02052,2026-02-13,14,288289.5,138,20592.10714285714,3,5,3,353,11,Loyal Customers
CUST02053,2026-05-10,17,615127.5,52,36183.970588235294,4,5,5,455,14,Champions
CUST02054,2026-04-11,10,701820.05,81,70182.005,3,4,5,345,12,Loyal Customers
CUST02055,2026-03-16,14,418031.3,107,29859.37857142857,3,5,4,354,12,Loyal Customers
CUST02056,2026-06-23,14,710414.95,8,50743.924999999996,5,5,5,555,15,Champions
CUST02057,2026-06-28,5,75675.6,3,15135.12,5,2,2,522,9,Potential Loyalists
CUST02058,2026-03-03,15,616286.1,120,41085.74,3,5,5,355,13,Loyal Customers
CUST02059,2025-08-21,2,35371.2,314,17685.6,1,1,1,111,3,Lost Customers
CUST02060,2026-06-16,21,1384451.9,15,65926.28095238094,5,5,5,555,15,Champions
CUST02061,2025-08-02,2,26110.25,333,13055.125,1,1,1,111,3,Lost Customers
CUST02062,2026-04-14,5,92893.65,78,18578.73,3,2,2,322,7,Others
CUST02063,2026-05-14,17,832812.85,48,48988.99117647059,4,5,5,455,14,Champions
CUST02064,2026-06-03,11,720686.45,28,65516.95,5,4,5,545,14,Champions
CUST02065,2026-05-16,3,52928.15,46,17642.716666666667,4,1,1,411,6,Others
CUST02066,2026-06-07,13,421032.55,24,32387.11923076923,5,4,4,544,13,Champions
CUST02067,2026-06-24,9,670567.7000000001,7,74507.52222222224,5,4,5,545,14,Champions
CUST02068,2026-01-27,8,410949.55,155,51368.69375,2,3,4,234,9,At Risk
CUST02069,2026-05-26,6,308927.25,36,51487.875,4,3,3,433,10,Potential Loyalists
CUST02070,2024-11-17,2,2732.4,591,1366.2,1,1,1,111,3,Lost Customers
CUST02071,2024-05-01,1,1695.0,791,1695.0,1,1,1,111,3,Lost Customers
CUST02072,2025-11-15,1,51452.95,228,51452.95,2,1,1,211,4,Lost Customers
CUST02073,2025-08-04,4,96047.05,331,24011.7625,1,2,2,122,5,Lost Customers
CUST02074,2026-05-23,8,461930.3,39,57741.2875,4,3,4,434,11,Potential Loyalists
CUST02075,2026-04-27,26,1236455.8,65,47555.99230769231,4,5,5,455,14,Champions
CUST02076,2026-05-31,13,732224.1,31,56324.93076923077,4,4,5,445,13,Champions
CUST02077,2025-09-04,6,149296.9,300,24882.816666666666,2,3,2,232,7,At Risk
CUST02078,2025-06-25,2,48496.5,371,24248.25,1,1,1,111,3,Lost Customers
CUST02079,2026-04-12,7,77541.2,80,11077.314285714285,3,3,2,332,8,Others
CUST02080,2024-12-14,3,47135.0,564,15711.666666666666,1,1,1,111,3,Lost Customers
CUST02081,2026-04-16,12,617706.95,76,51475.57916666666,3,4,5,345,12,Loyal Customers
CUST02082,2026-05-05,19,1250610.9,57,65821.62631578947,4,5,5,455,14,Champions
CUST02083,2024-12-31,2,282198.1,547,141099.05,1,1,3,113,5,Others
CUST02084,2026-03-25,12,705283.3,98,58773.60833333334,3,4,5,345,12,Loyal Customers
CUST02085,2026-05-02,5,51997.4,60,10399.48,4,2,1,421,7,Potential Loyalists
CUST02086,2026-06-10,21,586570.4,21,27931.92380952381,5,5,4,554,14,Champions
CUST02087,2025-12-20,4,120191.35,193,30047.8375,2,2,2,222,6,Lost Customers
CUST02088,2026-02-14,13,940230.9,137,72325.45384615385,3,4,5,345,12,Loyal Customers
CUST02089,2026-02-21,6,261417.19999999998,130,43569.53333333333,3,3,3,333,9,Others
CUST02090,2026-06-28,4,279698.0,3,69924.5,5,2,3,523,10,Potential Loyalists
CUST02091,2025-03-28,2,182358.3,460,91179.15,1,1,3,113,5,Others
CUST02092,2026-04-10,4,33378.95,82,8344.7375,3,2,1,321,6,Others
CUST02093,2025-06-28,1,24939.0,368,24939.0,1,1,1,111,3,Lost Customers
CUST02094,2026-05-15,13,445412.2,47,34262.47692307692,4,4,4,444,12,Champions
CUST02095,2025-08-23,2,66291.15,312,33145.575,2,1,1,211,4,Lost Customers
CUST02096,2026-01-29,5,388102.89999999997,153,77620.57999999999,2,2,4,224,8,Others
CUST02097,2026-06-28,19,1254627.55,3,66033.02894736842,5,5,5,555,15,Champions
CUST02098,2026-01-02,12,341800.89999999997,180,28483.40833333333,2,4,4,244,10,At Risk
CUST02099,2024-06-26,2,32392.75,735,16196.375,1,1,1,111,3,Lost Customers
CUST02100,2025-10-24,3,87506.79999999999,250,29168.93333333333,2,1,2,212,5,Lost Customers
CUST02101,2026-01-17,13,345096.15,165,26545.857692307694,2,4,4,244,10,At Risk
CUST02102,2026-06-14,4,190844.95,17,47711.2375,5,2,3,523,10,Potential Loyalists
CUST02103,2026-06-02,5,199925.45,29,39985.090000000004,5,2,3,523,10,Potential Loyalists
CUST02104,2026-06-30,11,531744.0,1,48340.36363636364,5,4,4,544,13,Champions
CUST02105,2026-03-06,12,406356.45,117,33863.0375,3,4,4,344,11,Loyal Customers
CUST02106,2026-05-18,3,44278.8,44,14759.6,4,1,1,411,6,Others
CUST02107,2024-12-12,5,234319.25,566,46863.85,1,2,3,123,6,Others
CUST02108,2026-05-29,4,309745.0,33,77436.25,4,2,3,423,9,Potential Loyalists
CUST02109,2026-06-22,11,267111.44999999995,9,24282.859090909085,5,4,3,543,12,Loyal Customers
CUST02110,2025-12-29,9,376737.25,184,41859.694444444445,2,4,4,244,10,At Risk
CUST02111,2025-06-14,5,190406.2,382,38081.240000000005,1,2,3,123,6,Others
CUST02112,2026-06-16,20,584902.6,15,29245.129999999997,5,5,4,554,14,Champions
CUST02113,2026-05-18,12,315516.3,44,26293.024999999998,4,4,3,443,11,Loyal Customers
CUST02114,2026-04-11,3,22888.100000000002,81,7629.366666666668,3,1,1,311,5,Others
CUST02115,2026-06-25,11,541340.0,6,49212.72727272727,5,4,4,544,13,Champions
CUST02116,2026-06-19,12,1137757.05,12,94813.08750000001,5,4,5,545,14,Champions
CUST02117,2026-04-18,15,662448.75,74,44163.25,3,5,5,355,13,Loyal Customers
CUST02118,2026-06-15,23,593791.4,16,25817.017391304347,5,5,5,555,15,Champions
CUST02119,2026-04-22,10,598345.6,70,59834.56,3,4,5,345,12,Loyal Customers
CUST02120,2026-03-01,5,40296.3,122,8059.26,3,2,1,321,6,Others
CUST02121,2026-04-06,19,936197.0,86,49273.52631578947,3,5,5,355,13,Loyal Customers
CUST02122,2026-02-04,6,356515.4,147,59419.23333333334,2,3,4,234,9,At Risk
CUST02123,2025-08-21,1,17135.2,314,17135.2,1,1,1,111,3,Lost Customers
CUST02124,2026-04-28,11,584911.8,64,53173.8,4,4,4,444,12,Champions
CUST02125,2026-05-06,16,630181.9,56,39386.36875,4,5,5,455,14,Champions
CUST02126,2025-11-03,3,55806.0,240,18602.0,2,1,1,211,4,Lost Customers
CUST02127,2026-01-25,4,122055.2,157,30513.8,2,2,2,222,6,Lost Customers
CUST02128,2026-05-03,17,775741.05,59,45631.82647058824,4,5,5,455,14,Champions
CUST02129,2026-06-30,7,171023.3,1,24431.899999999998,5,3,2,532,10,Potential Loyalists
CUST02130,2026-05-19,19,745494.45,43,39236.549999999996,4,5,5,455,14,Champions
CUST02131,2024-09-29,1,14953.95,640,14953.95,1,1,1,111,3,Lost Customers
CUST02132,2026-05-03,26,1366995.8,59,52576.76153846154,4,5,5,455,14,Champions
CUST02133,2025-11-17,5,229448.4,226,45889.68,2,2,3,223,7,Others
CUST02134,2026-03-24,3,76032.0,99,25344.0,3,1,2,312,6,Others
CUST02135,2025-03-22,5,182305.5,466,36461.1,1,2,3,123,6,Others
CUST02136,2026-06-09,1,3622.4,22,3622.4,5,1,1,511,7,Others
CUST02137,2025-04-08,2,54891.0,449,27445.5,1,1,1,111,3,Lost Customers
CUST02138,2025-11-07,6,319801.15,236,53300.19166666667,2,3,3,233,8,At Risk
CUST02139,2026-05-16,14,685612.8,46,48972.34285714286,4,5,5,455,14,Champions
CUST02140,2025-12-09,4,109569.5,204,27392.375,2,2,2,222,6,Lost Customers
CUST02141,2024-03-21,1,35026.5,832,35026.5,1,1,1,111,3,Lost Customers
CUST02142,2026-03-05,9,273671.85000000003,118,30407.983333333337,3,4,3,343,10,Loyal Customers
CUST02143,2025-01-11,5,189306.6,536,37861.32,1,2,3,123,6,Others
CUST02144,2026-04-30,10,314560.95,62,31456.095,4,4,3,443,11,Loyal Customers
CUST02145,2026-06-07,8,217090.4,24,27136.3,5,3,3,533,11,Potential Loyalists
CUST02146,2026-04-26,11,444553.1,66,40413.91818181818,4,4,4,444,12,Champions
CUST02147,2026-05-28,14,536965.55,34,38354.68214285715,4,5,4,454,13,Champions
CUST02148,2026-05-26,9,800708.95,36,88967.66111111111,4,4,5,445,13,Champions
CUST02149,2026-06-16,8,339258.35,15,42407.29375,5,3,4,534,12,Potential Loyalists
CUST02150,2026-06-17,17,704899.65,14,41464.68529411765,5,5,5,555,15,Champions
CUST02151,2025-06-18,11,528089.65,378,48008.15,1,4,4,144,9,At Risk
CUST02152,2024-09-05,2,64469.0,664,32234.5,1,1,1,111,3,Lost Customers
CUST02153,2026-01-04,4,123769.09999999999,178,30942.274999999998,2,2,2,222,6,Lost Customers
CUST02154,2026-02-28,20,843001.45,123,42150.072499999995,3,5,5,355,13,Loyal Customers
CUST02155,2025-04-18,4,97575.04999999999,439,24393.762499999997,1,2,2,122,5,Lost Customers
CUST02156,2025-03-15,2,117375.0,473,58687.5,1,1,2,112,4,Lost Customers
CUST02157,2026-05-08,13,554977.15,54,42690.55,4,4,4,444,12,Champions
CUST02158,2026-05-26,13,754142.9,36,58010.99230769231,4,4,5,445,13,Champions
CUST02159,2026-03-27,6,373408.95,96,62234.825000000004,3,3,4,334,10,Others
CUST02160,2025-06-24,4,25399.300000000003,372,6349.825000000001,1,2,1,121,4,Lost Customers
CUST02161,2025-06-17,2,55627.3,379,27813.65,1,1,1,111,3,Lost Customers
CUST02162,2025-09-20,2,18620.9,284,9310.45,2,1,1,211,4,Lost Customers
CUST02163,2026-04-25,7,186837.6,67,26691.085714285717,4,3,3,433,10,Potential Loyalists
CUST02164,2025-09-21,3,237148.4,283,79049.46666666666,2,1,3,213,6,Others
CUST02165,2026-02-20,9,200094.0,131,22232.666666666668,3,4,3,343,10,Loyal Customers
CUST02166,2025-11-29,3,16642.8,214,5547.599999999999,2,1,1,211,4,Lost Customers
CUST02167,2026-05-26,11,257673.3,36,23424.845454545455,4,4,3,443,11,Loyal Customers
CUST02168,2026-05-30,6,153291.75,32,25548.625,4,3,2,432,9,Potential Loyalists
CUST02169,2025-06-16,7,81046.65,380,11578.092857142856,1,3,2,132,6,At Risk
CUST02170,2026-06-04,20,904804.45,27,45240.222499999996,5,5,5,555,15,Champions
CUST02171,2026-01-25,5,237268.15,157,47453.63,2,2,3,223,7,Others
CUST02172,2026-06-09,16,504224.39999999997,22,31514.024999999998,5,5,4,554,14,Champions
CUST02173,2026-06-23,23,575815.5,8,25035.456521739132,5,5,4,554,14,Champions
CUST02174,2025-11-09,1,705.5,234,705.5,2,1,1,211,4,Lost Customers
CUST02175,2026-05-17,7,242362.95,45,34623.27857142857,4,3,3,433,10,Potential Loyalists
CUST02176,2024-06-09,2,21712.6,752,10856.3,1,1,1,111,3,Lost Customers
CUST02177,2025-09-05,5,424186.6,299,84837.31999999999,2,2,4,224,8,Others
CUST02178,2026-03-31,9,363657.85,92,40406.427777777775,3,4,4,344,11,Loyal Customers
CUST02179,2026-02-13,9,263381.55,138,29264.616666666665,3,4,3,343,10,Loyal Customers
CUST02180,2025-03-16,3,139053.1,472,46351.03333333333,1,1,2,112,4,Lost Customers
CUST02181,2026-03-01,14,348810.35,122,24915.024999999998,3,5,4,354,12,Loyal Customers
CUST02182,2025-06-16,2,39953.1,380,19976.55,1,1,1,111,3,Lost Customers
CUST02183,2026-05-20,9,404846.85000000003,42,44982.98333333334,4,4,4,444,12,Champions
CUST02184,2025-04-22,1,2629.6,435,2629.6,1,1,1,111,3,Lost Customers
CUST02185,2026-06-17,11,630270.8,14,57297.34545454546,5,4,5,545,14,Champions
CUST02186,2024-11-06,3,120539.65,602,40179.88333333333,1,1,2,112,4,Lost Customers
CUST02187,2026-04-23,13,708774.5499999999,69,54521.119230769225,4,4,5,445,13,Champions
CUST02188,2026-05-31,5,248930.85,31,49786.17,4,2,3,423,9,Potential Loyalists
CUST02189,2025-12-22,5,268483.6,191,53696.719999999994,2,2,3,223,7,Others
CUST02190,2026-01-17,7,156920.5,165,22417.214285714286,2,3,2,232,7,At Risk
CUST02191,2026-04-27,14,665825.3,65,47558.950000000004,4,5,5,455,14,Champions
CUST02192,2025-10-13,7,199448.75,261,28492.678571428572,2,3,3,233,8,At Risk
CUST02193,2026-04-14,8,384860.9,78,48107.6125,3,3,4,334,10,Others
CUST02194,2025-01-18,2,61824.0,529,30912.0,1,1,1,111,3,Lost Customers
CUST02195,2026-05-02,7,306199.0,60,43742.71428571428,4,3,3,433,10,Potential Loyalists
CUST02196,2025-08-30,4,146031.15,305,36507.7875,2,2,2,222,6,Lost Customers
CUST02197,2026-06-21,11,349049.85,10,31731.804545454543,5,4,4,544,13,Champions
CUST02198,2026-06-14,3,228439.75,17,76146.58333333333,5,1,3,513,9,Others
CUST02199,2026-02-22,6,102484.8,129,17080.8,3,3,2,332,8,Others
CUST02200,2026-02-26,7,149532.9,125,21361.842857142856,3,3,2,332,8,Others
CUST02201,2026-01-24,3,279232.2,158,93077.40000000001,2,1,3,213,6,Others
CUST02202,2026-01-13,1,11793.6,169,11793.6,2,1,1,211,4,Lost Customers
CUST02203,2025-06-26,5,83378.25,370,16675.65,1,2,2,122,5,Lost Customers
CUST02204,2026-03-03,12,348028.5,120,29002.375,3,4,4,344,11,Loyal Customers
CUST02205,2026-05-23,10,406547.5,39,40654.75,4,4,4,444,12,Champions
CUST02206,2026-06-12,5,260050.05,19,52010.009999999995,5,2,3,523,10,Potential Loyalists
CUST02207,2025-04-24,3,126262.04999999999,433,42087.35,1,1,2,112,4,Lost Customers
CUST02208,2026-03-19,13,244695.9,104,18822.76153846154,3,4,3,343,10,Loyal Customers
CUST02209,2026-02-23,5,151881.05,128,30376.21,3,2,2,322,7,Others
CUST02210,2025-01-15,1,551.95,532,551.95,1,1,1,111,3,Lost Customers
CUST02211,2026-01-08,6,250533.0,174,41755.5,2,3,3,233,8,At Risk
CUST02212,2025-10-07,6,277559.5,267,46259.916666666664,2,3,3,233,8,At Risk
CUST02213,2024-11-13,3,139923.8,595,46641.26666666666,1,1,2,112,4,Lost Customers
CUST02214,2026-06-29,11,149976.85,2,13634.259090909092,5,4,2,542,11,Loyal Customers
CUST02215,2026-05-31,22,915396.05,31,41608.91136363637,4,5,5,455,14,Champions
CUST02216,2026-03-18,6,130096.40000000001,105,21682.733333333334,3,3,2,332,8,Others
CUST02217,2025-01-06,4,72760.2,541,18190.05,1,2,2,122,5,Lost Customers
CUST02218,2026-05-16,5,286682.85000000003,46,57336.57000000001,4,2,3,423,9,Potential Loyalists
CUST02219,2026-03-29,18,1194876.15,94,66382.00833333333,3,5,5,355,13,Loyal Customers
CUST02220,2026-06-04,12,344129.85,27,28677.4875,5,4,4,544,13,Champions
CUST02221,2026-06-12,10,268138.8,19,26813.879999999997,5,4,3,543,12,Loyal Customers
CUST02222,2026-06-21,18,975496.25,10,54194.23611111111,5,5,5,555,15,Champions
CUST02223,2024-06-08,1,5885.4,753,5885.4,1,1,1,111,3,Lost Customers
CUST02224,2026-04-18,3,30516.15,74,10172.050000000001,3,1,1,311,5,Others
CUST02225,2026-03-31,16,637093.1,92,39818.31875,3,5,5,355,13,Loyal Customers
CUST02226,2026-06-26,19,710884.4,5,37414.96842105263,5,5,5,555,15,Champions
CUST02227,2025-09-23,11,556830.75,281,50620.97727272727,2,4,4,244,10,At Risk
CUST02228,2025-12-04,8,103492.9,209,12936.6125,2,3,2,232,7,At Risk
CUST02229,2026-05-12,18,587834.9,50,32657.494444444445,4,5,5,455,14,Champions
CUST02230,2025-02-06,2,78831.25,510,39415.625,1,1,2,112,4,Lost Customers
CUST02231,2025-12-30,1,62622.4,183,62622.4,2,1,1,211,4,Lost Customers
CUST02232,2026-05-11,4,278818.35,51,69704.5875,4,2,3,423,9,Potential Loyalists
CUST02233,2026-06-30,8,189029.1,1,23628.6375,5,3,3,533,11,Potential Loyalists
CUST02234,2025-07-31,5,182388.5,335,36477.7,1,2,3,123,6,Others
CUST02235,2026-02-06,6,54465.0,145,9077.5,3,3,1,331,7,Others
CUST02236,2024-05-11,1,41159.7,781,41159.7,1,1,1,111,3,Lost Customers
CUST02237,2026-05-17,18,487834.95,45,27101.941666666666,4,5,4,454,13,Champions
CUST02238,2026-06-14,3,96578.15,17,32192.716666666664,5,1,2,512,8,Others
CUST02239,2025-11-14,5,282227.15,229,56445.43000000001,2,2,3,223,7,Others
CUST02240,2026-06-24,17,660268.35,7,38839.31470588235,5,5,5,555,15,Champions
CUST02241,2026-04-08,6,285775.45,84,47629.24166666667,3,3,3,333,9,Others
CUST02242,2025-06-19,4,180456.95,377,45114.2375,1,2,3,123,6,Others
CUST02243,2026-05-20,14,340029.05,42,24287.789285714283,4,5,4,454,13,Champions
CUST02244,2025-07-11,2,96506.4,355,48253.2,1,1,2,112,4,Lost Customers
CUST02245,2026-04-28,8,393979.6,64,49247.45,4,3,4,434,11,Potential Loyalists
CUST02246,2024-01-18,1,616.25,895,616.25,1,1,1,111,3,Lost Customers
CUST02247,2026-05-01,11,239606.9,61,21782.445454545454,4,4,3,443,11,Loyal Customers
CUST02248,2025-03-04,3,242364.6,484,80788.2,1,1,3,113,5,Others
CUST02249,2025-10-24,3,83869.95,250,27956.649999999998,2,1,2,212,5,Lost Customers
CUST02250,2025-12-20,8,187649.25,193,23456.15625,2,3,3,233,8,At Risk
CUST02251,2025-11-11,4,17183.15,232,4295.7875,2,2,1,221,5,Lost Customers
CUST02252,2026-06-17,12,900021.35,14,75001.77916666666,5,4,5,545,14,Champions
CUST02253,2024-01-09,1,224.4,904,224.4,1,1,1,111,3,Lost Customers
CUST02254,2026-05-21,14,748467.85,41,53461.989285714284,4,5,5,455,14,Champions
CUST02255,2026-03-24,10,375927.8,99,37592.78,3,4,4,344,11,Loyal Customers
CUST02256,2026-03-06,12,397745.5,117,33145.458333333336,3,4,4,344,11,Loyal Customers
CUST02257,2025-11-14,6,76021.55,229,12670.258333333333,2,3,2,232,7,At Risk
CUST02258,2025-12-25,5,179820.05,188,35964.009999999995,2,2,3,223,7,Others
CUST02259,2024-05-07,2,48682.200000000004,785,24341.100000000002,1,1,1,111,3,Lost Customers
CUST02260,2024-07-20,1,80484.0,711,80484.0,1,1,2,112,4,Lost Customers
CUST02261,2025-09-21,3,52043.5,283,17347.833333333332,2,1,1,211,4,Lost Customers
CUST02262,2026-06-04,9,244793.7,27,27199.300000000003,5,4,3,543,12,Loyal Customers
CUST02263,2026-03-01,10,342036.05,122,34203.604999999996,3,4,4,344,11,Loyal Customers
CUST02264,2026-04-25,4,186831.59999999998,67,46707.899999999994,4,2,3,423,9,Potential Loyalists
CUST02265,2026-06-13,13,535965.05,18,41228.08076923077,5,4,4,544,13,Champions
CUST02266,2025-12-02,3,8942.3,211,2980.7666666666664,2,1,1,211,4,Lost Customers
CUST02267,2026-04-23,9,536744.05,69,59638.227777777785,4,4,4,444,12,Champions
CUST02268,2025-05-09,4,76753.15000000001,418,19188.287500000002,1,2,2,122,5,Lost Customers
CUST02269,2026-05-21,27,2106361.85,41,78013.40185185186,4,5,5,455,14,Champions
CUST02270,2025-03-08,4,149999.94999999998,480,37499.987499999996,1,2,2,122,5,Lost Customers
CUST02271,2025-04-11,5,314995.2,446,62999.04,1,2,3,123,6,Others
CUST02272,2025-03-26,4,23631.65,462,5907.9125,1,2,1,121,4,Lost Customers
CUST02273,2026-06-27,26,1855809.35,4,71377.2826923077,5,5,5,555,15,Champions
CUST02274,2026-05-01,16,661429.35,61,41339.334375,4,5,5,455,14,Champions
CUST02275,2026-04-08,6,133384.3,84,22230.716666666664,3,3,2,332,8,Others
CUST02276,2026-06-26,2,75546.85,5,37773.425,5,1,2,512,8,Others
CUST02277,2025-06-16,5,328306.64999999997,380,65661.32999999999,1,2,4,124,7,Others
CUST02278,2026-02-25,6,120672.9,126,20112.149999999998,3,3,2,332,8,Others
CUST02279,2026-06-06,5,34501.5,25,6900.3,5,2,1,521,8,Potential Loyalists
CUST02280,2026-03-20,11,565437.3,103,51403.390909090915,3,4,4,344,11,Loyal Customers
CUST02281,2025-05-16,3,96038.0,411,32012.666666666668,1,1,2,112,4,Lost Customers
CUST02282,2026-06-22,10,121647.5,9,12164.75,5,4,2,542,11,Loyal Customers
CUST02283,2026-06-08,9,301431.0,23,33492.333333333336,5,4,3,543,12,Loyal Customers
CUST02284,2025-11-03,11,524873.65,240,47715.78636363637,2,4,4,244,10,At Risk
CUST02285,2026-04-29,14,635608.2,63,45400.58571428571,4,5,5,455,14,Champions
CUST02286,2026-03-01,3,44060.95,122,14686.983333333332,3,1,1,311,5,Others
CUST02287,2026-06-27,11,715635.9,4,65057.80909090909,5,4,5,545,14,Champions
CUST02288,2026-04-12,6,275801.55,80,45966.924999999996,3,3,3,333,9,Others
CUST02289,2026-05-24,15,599506.95,38,39967.13,4,5,5,455,14,Champions
CUST02290,2026-05-16,7,571670.8,46,81667.25714285715,4,3,4,434,11,Potential Loyalists
CUST02291,2026-04-13,8,388515.35,79,48564.41875,3,3,4,334,10,Others
CUST02292,2026-06-16,7,111454.75,15,15922.107142857143,5,3,2,532,10,Potential Loyalists
CUST02293,2026-06-08,8,474380.65,23,59297.58125,5,3,4,534,12,Potential Loyalists
CUST02294,2026-06-30,25,1794831.6,1,71793.26400000001,5,5,5,555,15,Champions
CUST02295,2025-08-19,6,104081.85,316,17346.975000000002,1,3,2,132,6,At Risk
CUST02296,2026-06-21,23,1521769.8,10,66163.90434782609,5,5,5,555,15,Champions
CUST02297,2025-09-04,5,168373.65,300,33674.729999999996,2,2,2,222,6,Lost Customers
CUST02298,2026-05-07,9,733255.5,55,81472.83333333333,4,4,5,445,13,Champions
CUST02299,2026-03-14,5,24243.1,109,4848.62,3,2,1,321,6,Others
CUST02300,2025-11-23,11,628786.85,220,57162.44090909091,2,4,5,245,11,At Risk
CUST02301,2026-06-29,9,227621.8,2,25291.31111111111,5,4,3,543,12,Loyal Customers
CUST02302,2024-04-06,1,26155.2,816,26155.2,1,1,1,111,3,Lost Customers
CUST02303,2026-01-17,10,152309.0,165,15230.9,2,4,2,242,8,At Risk
CUST02304,2026-06-14,2,9458.0,17,4729.0,5,1,1,511,7,Others
CUST02305,2026-01-15,3,27555.8,167,9185.266666666666,2,1,1,211,4,Lost Customers
CUST02306,2024-10-26,4,270907.6,613,67726.9,1,2,3,123,6,Others
CUST02307,2025-09-18,4,88759.35,286,22189.8375,2,2,2,222,6,Lost Customers
CUST02308,2025-06-07,5,235519.69999999998,389,47103.939999999995,1,2,3,123,6,Others
CUST02309,2026-06-07,12,213485.0,24,17790.416666666668,5,4,3,543,12,Loyal Customers
CUST02310,2026-02-03,10,332017.35,148,33201.735,2,4,4,244,10,At Risk
CUST02311,2025-11-14,12,196087.1,229,16340.591666666667,2,4,3,243,9,At Risk
CUST02312,2025-04-06,3,68894.8,451,22964.933333333334,1,1,1,111,3,Lost Customers
CUST02313,2024-03-30,1,1466.25,823,1466.25,1,1,1,111,3,Lost Customers
CUST02314,2024-07-27,1,38027.7,704,38027.7,1,1,1,111,3,Lost Customers
CUST02315,2026-06-23,5,83950.65,8,16790.129999999997,5,2,2,522,9,Potential Loyalists
CUST02316,2026-04-18,5,57695.8,74,11539.16,3,2,1,321,6,Others
CUST02317,2025-08-04,9,376765.55,331,41862.83888888889,1,4,4,144,9,At Risk
CUST02318,2026-03-05,28,1526285.95,118,54510.2125,3,5,5,355,13,Loyal Customers
CUST02319,2026-04-05,2,23781.3,87,11890.65,3,1,1,311,5,Others
CUST02320,2026-06-16,9,113882.1,15,12653.566666666668,5,4,2,542,11,Loyal Customers
CUST02321,2025-07-30,1,9187.0,336,9187.0,1,1,1,111,3,Lost Customers
CUST02322,2026-06-18,11,374475.60000000003,13,34043.236363636366,5,4,4,544,13,Champions
CUST02323,2026-03-27,9,657856.1,96,73095.12222222221,3,4,5,345,12,Loyal Customers
CUST02324,2026-05-14,25,1423135.8,48,56925.432,4,5,5,455,14,Champions
CUST02325,2026-05-18,21,1214488.6,44,57832.79047619048,4,5,5,455,14,Champions
CUST02326,2026-05-12,11,613371.3,50,55761.027272727275,4,4,5,445,13,Champions
CUST02327,2026-03-21,6,247410.8,102,41235.13333333333,3,3,3,333,9,Others
CUST02328,2026-03-18,6,196654.5,105,32775.75,3,3,3,333,9,Others
CUST02329,2026-05-31,13,277199.65,31,21323.050000000003,4,4,3,443,11,Loyal Customers
CUST02330,2024-08-01,1,900.0,699,900.0,1,1,1,111,3,Lost Customers
CUST02331,2024-09-19,1,19228.95,650,19228.95,1,1,1,111,3,Lost Customers
CUST02332,2026-04-12,6,149175.19999999998,80,24862.53333333333,3,3,2,332,8,Others
CUST02333,2026-02-27,4,176016.1,124,44004.025,3,2,3,323,8,Others
CUST02334,2026-04-16,6,185202.7,76,30867.11666666667,3,3,3,333,9,Others
CUST02335,2026-05-29,10,277468.45,33,27746.845,4,4,3,443,11,Loyal Customers
CUST02336,2026-05-18,19,713151.2,44,37534.27368421052,4,5,5,455,14,Champions
CUST02337,2025-11-03,8,267046.05,240,33380.75625,2,3,3,233,8,At Risk
CUST02338,2026-04-22,15,382864.65,70,25524.31,3,5,4,354,12,Loyal Customers
CUST02339,2026-06-20,8,360642.7,11,45080.3375,5,3,4,534,12,Potential Loyalists
CUST02340,2025-04-17,2,10447.6,440,5223.8,1,1,1,111,3,Lost Customers
CUST02341,2026-03-11,11,829244.15,112,75385.83181818182,3,4,5,345,12,Loyal Customers
CUST02342,2025-10-31,6,184267.05,243,30711.175,2,3,3,233,8,At Risk
CUST02343,2025-06-23,8,291502.60000000003,373,36437.825000000004,1,3,3,133,7,At Risk
CUST02344,2026-05-09,2,117670.1,53,58835.05,4,1,2,412,7,Others
CUST02345,2026-03-24,6,353921.85,99,58986.975,3,3,4,334,10,Others
CUST02346,2024-08-19,2,83847.8,681,41923.9,1,1,2,112,4,Lost Customers
CUST02347,2026-06-24,7,136864.95,7,19552.135714285716,5,3,2,532,10,Potential Loyalists
CUST02348,2026-06-19,14,268520.5,12,19180.035714285714,5,5,3,553,13,Loyal Customers
CUST02349,2025-06-03,5,258949.05000000002,393,51789.810000000005,1,2,3,123,6,Others
CUST02350,2026-04-25,6,170183.1,67,28363.850000000002,4,3,2,432,9,Potential Loyalists
CUST02351,2026-04-21,16,599461.1,71,37466.31875,3,5,5,355,13,Loyal Customers
CUST02352,2026-05-28,5,52081.45,34,10416.289999999999,4,2,1,421,7,Potential Loyalists
CUST02353,2026-02-19,4,65753.9,132,16438.475,3,2,1,321,6,Others
CUST02354,2026-06-10,12,518350.65,21,43195.887500000004,5,4,4,544,13,Champions
CUST02355,2026-05-17,13,645546.2,45,49657.399999999994,4,4,5,445,13,Champions
CUST02356,2025-12-15,3,119186.40000000001,198,39728.8,2,1,2,212,5,Lost Customers
CUST02357,2026-02-03,13,456157.44999999995,148,35089.03461538461,2,4,4,244,10,At Risk
CUST02358,2025-04-18,2,10063.599999999999,439,5031.799999999999,1,1,1,111,3,Lost Customers
CUST02359,2024-06-12,1,35937.6,749,35937.6,1,1,1,111,3,Lost Customers
CUST02360,2024-11-06,2,54231.45,602,27115.725,1,1,1,111,3,Lost Customers
CUST02361,2026-06-21,27,937975.6,10,34739.83703703704,5,5,5,555,15,Champions
CUST02362,2026-06-10,6,130317.45,21,21719.575,5,3,2,532,10,Potential Loyalists
CUST02363,2026-06-15,3,5054.6,16,1684.8666666666668,5,1,1,511,7,Others
CUST02364,2026-06-16,12,415439.6,15,34619.96666666667,5,4,4,544,13,Champions
CUST02365,2026-05-19,13,606573.65,43,46659.51153846154,4,4,5,445,13,Champions
CUST02366,2025-12-21,7,231050.90000000002,192,33007.27142857143,2,3,3,233,8,At Risk
CUST02367,2026-05-13,12,569463.7,49,47455.30833333333,4,4,4,444,12,Champions
CUST02368,2025-06-30,1,1342.15,366,1342.15,1,1,1,111,3,Lost Customers
CUST02369,2026-06-09,14,537633.65,22,38402.40357142857,5,5,4,554,14,Champions
CUST02370,2026-03-02,9,281264.85,121,31251.649999999998,3,4,3,343,10,Loyal Customers
CUST02371,2025-08-13,3,172287.0,322,57429.0,1,1,2,112,4,Lost Customers
CUST02372,2025-10-31,3,29398.25,243,9799.416666666666,2,1,1,211,4,Lost Customers
CUST02373,2026-06-23,13,829948.2999999999,8,63842.17692307692,5,4,5,545,14,Champions
CUST02374,2026-05-13,5,176261.34999999998,49,35252.27,4,2,3,423,9,Potential Loyalists
CUST02375,2025-09-05,4,304544.25,299,76136.0625,2,2,3,223,7,Others
CUST02376,2026-06-04,13,579511.9,27,44577.838461538464,5,4,4,544,13,Champions
CUST02377,2026-06-11,14,502977.3,20,35926.95,5,5,4,554,14,Champions
CUST02378,2026-03-23,2,39411.2,100,19705.6,3,1,1,311,5,Others
CUST02379,2025-05-22,4,46629.6,405,11657.4,1,2,1,121,4,Lost Customers
CUST02380,2025-09-20,1,2250.0,284,2250.0,2,1,1,211,4,Lost Customers
CUST02381,2026-05-30,7,188809.6,32,26972.8,4,3,3,433,10,Potential Loyalists
CUST02382,2026-06-27,11,344059.95,4,31278.177272727273,5,4,4,544,13,Champions
CUST02383,2025-07-15,3,112534.65,351,37511.549999999996,1,1,2,112,4,Lost Customers
CUST02384,2026-04-08,13,354734.75,84,27287.28846153846,3,4,4,344,11,Loyal Customers
CUST02385,2025-12-26,7,198647.05000000002,187,28378.15,2,3,3,233,8,At Risk
CUST02386,2024-02-18,1,900.0,864,900.0,1,1,1,111,3,Lost Customers
CUST02387,2026-04-30,1,54782.7,62,54782.7,4,1,1,411,6,Others
CUST02388,2026-04-13,5,123879.85,79,24775.97,3,2,2,322,7,Others
CUST02389,2026-04-23,6,484697.35000000003,69,80782.89166666668,4,3,4,434,11,Potential Loyalists
CUST02390,2025-11-25,4,61718.45,218,15429.6125,2,2,1,221,5,Lost Customers
CUST02391,2025-11-09,7,168693.55,234,24099.07857142857,2,3,2,232,7,At Risk
CUST02392,2026-04-29,7,245508.65,63,35072.66428571429,4,3,3,433,10,Potential Loyalists
CUST02393,2026-05-04,8,152213.95,58,19026.74375,4,3,2,432,9,Potential Loyalists
CUST02394,2026-05-27,9,782592.75,35,86954.75,4,4,5,445,13,Champions
CUST02395,2025-10-28,2,1890.0,246,945.0,2,1,1,211,4,Lost Customers
CUST02396,2025-07-16,6,148553.9,350,24758.983333333334,1,3,2,132,6,At Risk
CUST02397,2026-06-22,15,639398.9500000001,9,42626.59666666667,5,5,5,555,15,Champions
CUST02398,2026-05-26,22,1277905.8,36,58086.62727272727,4,5,5,455,14,Champions
CUST02399,2025-05-20,4,65095.6,407,16273.9,1,2,1,121,4,Lost Customers
CUST02400,2024-06-11,1,89960.0,750,89960.0,1,1,2,112,4,Lost Customers
CUST02401,2026-06-24,5,341596.6,7,68319.31999999999,5,2,4,524,11,Potential Loyalists
CUST02402,2026-01-09,13,802221.8,173,61709.36923076923,2,4,5,245,11,At Risk
CUST02403,2026-05-02,13,909041.35,60,69926.25769230768,4,4,5,445,13,Champions
CUST02404,2026-05-31,9,221369.7,31,24596.633333333335,4,4,3,443,11,Loyal Customers
CUST02405,2025-07-02,1,13500.0,364,13500.0,1,1,1,111,3,Lost Customers
CUST02406,2026-05-24,9,832702.2,38,92522.46666666666,4,4,5,445,13,Champions
CUST02407,2025-06-17,3,18785.699999999997,379,6261.899999999999,1,1,1,111,3,Lost Customers
CUST02408,2026-01-06,6,126555.7,176,21092.616666666665,2,3,2,232,7,At Risk
CUST02409,2026-06-29,30,1442410.0,2,48080.333333333336,5,5,5,555,15,Champions
CUST02410,2026-04-02,9,356682.64999999997,90,39631.40555555555,3,4,4,344,11,Loyal Customers
CUST02411,2026-05-20,4,206222.9,42,51555.725,4,2,3,423,9,Potential Loyalists
CUST02412,2024-07-07,2,35758.55,724,17879.275,1,1,1,111,3,Lost Customers
CUST02413,2025-10-14,6,269106.39999999997,260,44851.06666666666,2,3,3,233,8,At Risk
CUST02414,2026-06-29,8,193419.5,2,24177.4375,5,3,3,533,11,Potential Loyalists
CUST02415,2026-05-13,5,87656.45000000001,49,17531.29,4,2,2,422,8,Potential Loyalists
CUST02416,2026-06-03,5,130095.65,28,26019.129999999997,5,2,2,522,9,Potential Loyalists
CUST02417,2026-05-19,5,83836.79999999999,43,16767.359999999997,4,2,2,422,8,Potential Loyalists
CUST02418,2024-05-14,1,46233.0,778,46233.0,1,1,1,111,3,Lost Customers
CUST02419,2026-01-23,9,285260.05,159,31695.56111111111,2,4,3,243,9,At Risk
CUST02420,2025-06-21,2,60868.8,375,30434.4,1,1,1,111,3,Lost Customers
CUST02421,2025-09-22,2,175468.4,282,87734.2,2,1,3,213,6,Others
CUST02422,2026-05-27,18,818251.05,35,45458.39166666667,4,5,5,455,14,Champions
CUST02423,2026-05-05,8,351938.0,57,43992.25,4,3,4,434,11,Potential Loyalists
CUST02424,2026-06-30,11,300469.1,1,27315.372727272726,5,4,3,543,12,Loyal Customers
CUST02425,2026-02-16,12,309131.95,135,25760.995833333334,3,4,3,343,10,Loyal Customers
CUST02426,2026-06-29,14,1106431.0,2,79030.78571428571,5,5,5,555,15,Champions
CUST02427,2026-03-24,10,229976.3,99,22997.629999999997,3,4,3,343,10,Loyal Customers
CUST02428,2026-02-14,4,209957.15,137,52489.2875,3,2,3,323,8,Others
CUST02429,2025-06-13,5,182025.05,383,36405.009999999995,1,2,3,123,6,Others
CUST02430,2026-03-19,15,1179367.55,104,78624.50333333334,3,5,5,355,13,Loyal Customers
CUST02431,2026-06-02,15,1145646.4,29,76376.42666666667,5,5,5,555,15,Champions
CUST02432,2025-02-24,5,104816.15,492,20963.23,1,2,2,122,5,Lost Customers
CUST02433,2026-04-27,9,308011.5,65,34223.5,4,4,3,443,11,Loyal Customers
CUST02434,2024-11-29,3,53826.2,579,17942.066666666666,1,1,1,111,3,Lost Customers
CUST02435,2026-03-13,14,200842.75,110,14345.910714285714,3,5,3,353,11,Loyal Customers
CUST02436,2026-02-14,12,317638.8,137,26469.899999999998,3,4,3,343,10,Loyal Customers
CUST02437,2026-05-17,15,601221.3,45,40081.420000000006,4,5,5,455,14,Champions
CUST02438,2025-11-02,7,514408.2,241,73486.88571428572,2,3,4,234,9,At Risk
CUST02439,2026-03-31,8,377477.55,92,47184.69375,3,3,4,334,10,Others
CUST02440,2026-06-11,4,51469.45,20,12867.3625,5,2,1,521,8,Potential Loyalists
CUST02441,2025-07-13,2,20025.9,353,10012.95,1,1,1,111,3,Lost Customers
CUST02442,2026-05-31,3,121506.0,31,40502.0,4,1,2,412,7,Others
CUST02443,2026-05-29,1,49139.2,33,49139.2,4,1,1,411,6,Others
CUST02444,2025-02-02,6,122218.65,514,20369.774999999998,1,3,2,132,6,At Risk
CUST02445,2026-06-20,10,451071.14999999997,11,45107.115,5,4,4,544,13,Champions
CUST02446,2025-05-12,2,15973.5,415,7986.75,1,1,1,111,3,Lost Customers
CUST02447,2026-02-15,12,260145.05,136,21678.754166666666,3,4,3,343,10,Loyal Customers
CUST02448,2026-05-27,13,403897.5,35,31069.03846153846,4,4,4,444,12,Champions
CUST02449,2026-05-10,13,696225.6,52,53555.81538461538,4,4,5,445,13,Champions
CUST02450,2026-06-14,20,981126.1,17,49056.305,5,5,5,555,15,Champions
CUST02451,2026-05-12,6,320005.05,50,53334.174999999996,4,3,3,433,10,Potential Loyalists
CUST02452,2026-04-30,11,486779.35,62,44252.66818181818,4,4,4,444,12,Champions
CUST02453,2026-04-23,7,171924.45,69,24560.635714285716,4,3,2,432,9,Potential Loyalists
CUST02454,2025-11-01,6,204086.19999999998,242,34014.36666666666,2,3,3,233,8,At Risk
CUST02455,2026-03-16,8,197542.8,107,24692.85,3,3,3,333,9,Others
CUST02456,2026-05-21,13,660017.1,41,50770.54615384615,4,4,5,445,13,Champions
CUST02457,2026-04-21,14,482477.60000000003,71,34462.68571428572,3,5,4,354,12,Loyal Customers
CUST02458,2025-10-08,5,61728.6,266,12345.72,2,2,1,221,5,Lost Customers
CUST02459,2026-05-19,7,205878.75,43,29411.25,4,3,3,433,10,Potential Loyalists
CUST02460,2025-07-12,3,15523.45,354,5174.483333333334,1,1,1,111,3,Lost Customers
CUST02461,2026-01-25,12,392072.5,157,32672.708333333332,2,4,4,244,10,At Risk
CUST02462,2026-04-13,11,462406.85,79,42036.98636363636,3,4,4,344,11,Loyal Customers
CUST02463,2026-06-16,6,69876.09999999999,15,11646.016666666665,5,3,1,531,9,Potential Loyalists
CUST02464,2026-04-22,12,267544.6,70,22295.38333333333,3,4,3,343,10,Loyal Customers
CUST02465,2025-11-14,3,29905.95,229,9968.65,2,1,1,211,4,Lost Customers
CUST02466,2026-06-15,13,375966.9,16,28920.530769230772,5,4,4,544,13,Champions
CUST02467,2026-06-21,8,468709.8,10,58588.725,5,3,4,534,12,Potential Loyalists
CUST02468,2026-05-12,14,461253.1,50,32946.65,4,5,4,454,13,Champions
CUST02469,2024-08-26,2,72613.5,674,36306.75,1,1,2,112,4,Lost Customers
CUST02470,2025-04-16,3,114302.8,441,38100.933333333334,1,1,2,112,4,Lost Customers
CUST02471,2026-06-21,12,291545.75,10,24295.479166666668,5,4,3,543,12,Loyal Customers
CUST02472,2026-01-15,1,991.5,167,991.5,2,1,1,211,4,Lost Customers
CUST02473,2025-01-18,3,148457.65,529,49485.88333333333,1,1,2,112,4,Lost Customers
CUST02474,2026-06-05,6,141395.6,26,23565.933333333334,5,3,2,532,10,Potential Loyalists
CUST02475,2026-04-08,13,559655.55,84,43050.42692307693,3,4,4,344,11,Loyal Customers
CUST02476,2026-04-28,23,1120167.4000000001,64,48702.93043478262,4,5,5,455,14,Champions
CUST02477,2026-05-30,5,238176.05,32,47635.21,4,2,3,423,9,Potential Loyalists
CUST02478,2024-03-31,1,112019.4,822,112019.4,1,1,2,112,4,Lost Customers
CUST02479,2025-06-02,3,3903.05,394,1301.0166666666667,1,1,1,111,3,Lost Customers
CUST02480,2026-06-12,6,338587.1,19,56431.18333333333,5,3,4,534,12,Potential Loyalists
CUST02481,2025-04-01,2,16087.300000000001,456,8043.650000000001,1,1,1,111,3,Lost Customers
CUST02482,2025-08-16,3,9464.550000000001,319,3154.8500000000004,1,1,1,111,3,Lost Customers
CUST02483,2026-02-05,13,295344.25,146,22718.78846153846,3,4,3,343,10,Loyal Customers
CUST02484,2025-08-04,5,180061.25,331,36012.25,1,2,3,123,6,Others
CUST02485,2024-12-14,1,4700.8,564,4700.8,1,1,1,111,3,Lost Customers
CUST02486,2026-05-21,10,250875.8,41,25087.579999999998,4,4,3,443,11,Loyal Customers
CUST02487,2026-06-11,7,271391.2,20,38770.17142857143,5,3,3,533,11,Potential Loyalists
CUST02488,2026-01-13,3,110058.8,169,36686.26666666667,2,1,2,212,5,Lost Customers
CUST02489,2026-06-26,2,60253.75,5,30126.875,5,1,1,511,7,Others
CUST02490,2025-06-06,2,29475.3,390,14737.65,1,1,1,111,3,Lost Customers
CUST02491,2026-06-07,13,277896.8,24,21376.67692307692,5,4,3,543,12,Loyal Customers
CUST02492,2026-06-23,13,370896.64999999997,8,28530.511538461535,5,4,4,544,13,Champions
CUST02493,2025-11-08,3,155539.05000000002,235,51846.350000000006,2,1,2,212,5,Lost Customers
CUST02494,2025-04-25,3,107642.05,432,35880.683333333334,1,1,2,112,4,Lost Customers
CUST02495,2025-03-17,1,15629.0,471,15629.0,1,1,1,111,3,Lost Customers
CUST02496,2025-11-22,10,607919.6,221,60791.96,2,4,5,245,11,At Risk
CUST02497,2026-03-26,3,24487.8,97,8162.599999999999,3,1,1,311,5,Others
CUST02498,2025-11-29,5,172341.45,214,34468.29,2,2,2,222,6,Lost Customers
CUST02499,2026-05-02,6,274517.0,60,45752.833333333336,4,3,3,433,10,Potential Loyalists
CUST02500,2026-02-24,5,315533.8,127,63106.759999999995,3,2,3,323,8,Others
CUST02501,2025-08-22,4,80391.6,313,20097.9,2,2,2,222,6,Lost Customers
CUST02502,2026-02-09,6,73568.45,142,12261.408333333333,3,3,2,332,8,Others
CUST02503,2026-06-29,9,199693.55,2,22188.17222222222,5,4,3,543,12,Loyal Customers
CUST02504,2026-06-05,16,566455.8,26,35403.4875,5,5,4,554,14,Champions
CUST02505,2026-05-16,8,147887.05,46,18485.88125,4,3,2,432,9,Potential Loyalists
CUST02506,2026-05-15,11,733074.9,47,66643.17272727273,4,4,5,445,13,Champions
CUST02507,2026-06-19,30,1507930.05,12,50264.335,5,5,5,555,15,Champions
CUST02508,2025-05-06,6,207347.34999999998,421,34557.89166666666,1,3,3,133,7,At Risk
CUST02509,2025-11-12,8,268883.05,231,33610.38125,2,3,3,233,8,At Risk
CUST02510,2026-01-24,8,213906.15,158,26738.26875,2,3,3,233,8,At Risk
CUST02511,2025-03-07,1,16914.6,481,16914.6,1,1,1,111,3,Lost Customers
CUST02512,2024-12-13,3,200826.8,565,66942.26666666666,1,1,3,113,5,Others
CUST02513,2025-05-11,6,399266.89999999997,416,66544.48333333332,1,3,4,134,8,At Risk
CUST02514,2025-10-30,1,897.75,244,897.75,2,1,1,211,4,Lost Customers
CUST02515,2026-06-10,13,633412.0,21,48724.0,5,4,5,545,14,Champions
CUST02516,2025-12-24,5,92257.95000000001,189,18451.590000000004,2,2,2,222,6,Lost Customers
CUST02517,2026-06-09,22,876505.45,22,39841.156818181815,5,5,5,555,15,Champions
CUST02518,2026-06-24,14,636204.9,7,45443.20714285714,5,5,5,555,15,Champions
CUST02519,2026-02-11,3,125676.95,140,41892.316666666666,3,1,2,312,6,Others
CUST02520,2025-08-31,7,286266.85,304,40895.264285714286,2,3,3,233,8,At Risk
CUST02521,2025-04-20,1,79318.6,437,79318.6,1,1,2,112,4,Lost Customers
CUST02522,2026-04-18,8,329820.9,74,41227.6125,3,3,4,334,10,Others
CUST02523,2026-06-16,7,378427.6,15,54061.08571428571,5,3,4,534,12,Potential Loyalists
CUST02524,2026-06-16,22,856135.8,15,38915.26363636364,5,5,5,555,15,Champions
CUST02525,2026-01-28,14,883821.35,154,63130.09642857143,2,5,5,255,12,At Risk
CUST02526,2026-01-16,10,251356.19999999998,166,25135.62,2,4,3,243,9,At Risk
CUST02527,2026-06-10,13,318067.25,21,24466.71153846154,5,4,3,543,12,Loyal Customers
CUST02528,2026-01-10,9,219031.4,172,24336.82222222222,2,4,3,243,9,At Risk
CUST02529,2025-11-30,3,171073.65,213,57024.549999999996,2,1,2,212,5,Lost Customers
CUST02530,2026-05-06,24,964623.3,56,40192.637500000004,4,5,5,455,14,Champions
CUST02531,2026-05-08,16,811493.45,54,50718.340625,4,5,5,455,14,Champions
CUST02532,2025-01-17,4,44974.7,530,11243.675,1,2,1,121,4,Lost Customers
CUST02533,2026-06-19,27,821740.4500000001,12,30434.831481481484,5,5,5,555,15,Champions
CUST02534,2026-02-12,10,652249.8,139,65224.98,3,4,5,345,12,Loyal Customers
CUST02535,2026-04-14,8,109392.75,78,13674.09375,3,3,2,332,8,Others
CUST02536,2024-12-17,3,24771.25,561,8257.083333333334,1,1,1,111,3,Lost Customers
CUST02537,2025-06-21,2,16043.4,375,8021.7,1,1,1,111,3,Lost Customers
CUST02538,2024-12-31,2,9636.4,547,4818.2,1,1,1,111,3,Lost Customers
CUST02539,2026-06-20,7,221233.35,11,31604.764285714286,5,3,3,533,11,Potential Loyalists
CUST02540,2025-01-02,2,16935.3,545,8467.65,1,1,1,111,3,Lost Customers
CUST02541,2026-05-26,14,666287.55,36,47591.96785714286,4,5,5,455,14,Champions
CUST02542,2026-04-21,3,50784.3,71,16928.100000000002,3,1,1,311,5,Others
CUST02543,2026-02-21,16,1029754.7,130,64359.66875,3,5,5,355,13,Loyal Customers
CUST02544,2026-05-08,15,522229.35,54,34815.29,4,5,4,454,13,Champions
CUST02545,2026-05-28,3,158700.0,34,52900.0,4,1,2,412,7,Others
CUST02546,2026-05-18,7,278289.3,44,39755.614285714284,4,3,3,433,10,Potential Loyalists
CUST02547,2025-05-27,5,119594.85,400,23918.97,1,2,2,122,5,Lost Customers
CUST02548,2025-05-03,3,214034.19999999998,424,71344.73333333332,1,1,3,113,5,Others
CUST02549,2026-03-03,7,151194.44999999998,120,21599.20714285714,3,3,2,332,8,Others
CUST02550,2026-04-01,18,884538.45,91,49141.024999999994,3,5,5,355,13,Loyal Customers
CUST02551,2026-05-17,5,218996.05,45,43799.21,4,2,3,423,9,Potential Loyalists
CUST02552,2026-05-30,7,151877.25,32,21696.75,4,3,2,432,9,Potential Loyalists
CUST02553,2026-06-16,5,276595.5,15,55319.1,5,2,3,523,10,Potential Loyalists
CUST02554,2026-06-12,18,1056092.05,19,58671.78055555556,5,5,5,555,15,Champions
CUST02555,2026-04-27,15,430349.05,65,28689.936666666665,4,5,4,454,13,Champions
CUST02556,2026-02-15,7,178613.05000000002,136,25516.15,3,3,3,333,9,Others
CUST02557,2025-07-10,4,245364.75,356,61341.1875,1,2,3,123,6,Others
CUST02558,2025-04-17,2,98329.8,440,49164.9,1,1,2,112,4,Lost Customers
CUST02559,2026-04-12,16,849144.8,80,53071.55,3,5,5,355,13,Loyal Customers
CUST02560,2025-04-04,3,53168.1,453,17722.7,1,1,1,111,3,Lost Customers
CUST02561,2026-05-28,26,1606447.25,34,61786.432692307695,4,5,5,455,14,Champions
CUST02562,2026-04-27,8,357837.05,65,44729.63125,4,3,4,434,11,Potential Loyalists
CUST02563,2025-08-02,5,144811.05,333,28962.21,1,2,2,122,5,Lost Customers
CUST02564,2025-02-04,6,105936.0,512,17656.0,1,3,2,132,6,At Risk
CUST02565,2026-05-19,6,185370.75,43,30895.125,4,3,3,433,10,Potential Loyalists
CUST02566,2025-12-12,5,104968.5,201,20993.7,2,2,2,222,6,Lost Customers
CUST02567,2025-04-11,3,62761.0,446,20920.333333333332,1,1,1,111,3,Lost Customers
CUST02568,2025-08-19,6,19587.75,316,3264.625,1,3,1,131,5,At Risk
CUST02569,2026-02-07,10,493540.85000000003,144,49354.08500000001,3,4,4,344,11,Loyal Customers
CUST02570,2025-11-05,5,114312.05,238,22862.41,2,2,2,222,6,Lost Customers
CUST02571,2026-04-12,3,26617.0,80,8872.333333333334,3,1,1,311,5,Others
CUST02572,2026-04-23,14,526149.2000000001,69,37582.08571428572,4,5,4,454,13,Champions
CUST02573,2026-01-15,4,220741.0,167,55185.25,2,2,3,223,7,Others
CUST02574,2025-07-08,3,22826.2,358,7608.733333333334,1,1,1,111,3,Lost Customers
CUST02575,2024-11-25,5,131816.4,583,26363.28,1,2,2,122,5,Lost Customers
CUST02576,2026-05-11,20,936476.25,51,46823.8125,4,5,5,455,14,Champions
CUST02577,2024-11-10,2,9492.0,598,4746.0,1,1,1,111,3,Lost Customers
CUST02578,2026-05-02,12,178388.2,60,14865.683333333334,4,4,3,443,11,Loyal Customers
CUST02579,2024-04-05,1,2576.4,817,2576.4,1,1,1,111,3,Lost Customers
CUST02580,2025-06-16,3,35796.1,380,11932.033333333333,1,1,1,111,3,Lost Customers
CUST02581,2026-05-12,6,60103.9,50,10017.316666666668,4,3,1,431,8,Potential Loyalists
CUST02582,2026-05-25,10,605153.25,37,60515.325,4,4,5,445,13,Champions
CUST02583,2026-01-29,5,63549.1,153,12709.82,2,2,1,221,5,Lost Customers
CUST02584,2026-05-28,5,201864.1,34,40372.82,4,2,3,423,9,Potential Loyalists
CUST02585,2026-01-09,8,203698.85,173,25462.35625,2,3,3,233,8,At Risk
CUST02586,2026-04-21,10,459026.5,71,45902.65,3,4,4,344,11,Loyal Customers
CUST02587,2026-06-27,21,1213810.7,4,57800.509523809524,5,5,5,555,15,Champions
CUST02588,2026-06-23,3,77226.3,8,25742.100000000002,5,1,2,512,8,Others
CUST02589,2026-04-30,6,150944.9,62,25157.483333333334,4,3,2,432,9,Potential Loyalists
CUST02590,2025-12-06,9,469633.9,207,52181.544444444444,2,4,4,244,10,At Risk
CUST02591,2025-04-04,4,133335.3,453,33333.825,1,2,2,122,5,Lost Customers
CUST02592,2025-10-03,11,340459.5,271,30950.863636363636,2,4,4,244,10,At Risk
CUST02593,2024-04-15,1,7067.7,807,7067.7,1,1,1,111,3,Lost Customers
CUST02594,2025-01-25,3,35655.75,522,11885.25,1,1,1,111,3,Lost Customers
CUST02595,2026-06-09,19,1202068.75,22,63266.77631578947,5,5,5,555,15,Champions
CUST02596,2026-05-25,8,332835.95,37,41604.49375,4,3,4,434,11,Potential Loyalists
CUST02597,2026-05-24,14,555463.05,38,39675.93214285715,4,5,4,454,13,Champions
CUST02598,2026-06-25,9,277316.05,6,30812.894444444442,5,4,3,543,12,Loyal Customers
CUST02599,2026-05-12,7,489747.4,50,69963.91428571429,4,3,4,434,11,Potential Loyalists
CUST02600,2026-04-05,4,165247.1,87,41311.775,3,2,2,322,7,Others
CUST02601,2026-05-14,27,1427584.8,48,52873.51111111111,4,5,5,455,14,Champions
CUST02602,2026-05-24,8,182808.9,38,22851.1125,4,3,3,433,10,Potential Loyalists
CUST02603,2025-01-25,6,351178.15,522,58529.69166666667,1,3,4,134,8,At Risk
CUST02604,2026-06-03,17,1343243.2,28,79014.30588235294,5,5,5,555,15,Champions
CUST02605,2026-01-18,4,289793.95,164,72448.4875,2,2,3,223,7,Others
CUST02606,2026-03-02,8,333267.55,121,41658.44375,3,3,4,334,10,Others
CUST02607,2026-06-22,7,242473.65,9,34639.09285714286,5,3,3,533,11,Potential Loyalists
CUST02608,2025-03-03,3,35027.9,485,11675.966666666667,1,1,1,111,3,Lost Customers
CUST02609,2026-06-12,7,219928.30000000002,19,31418.328571428574,5,3,3,533,11,Potential Loyalists
CUST02610,2026-02-09,23,1219625.45,142,53027.193478260866,3,5,5,355,13,Loyal Customers
CUST02611,2026-05-18,13,419546.85,44,32272.834615384614,4,4,4,444,12,Champions
CUST02612,2026-05-01,5,129127.55000000002,61,25825.510000000002,4,2,2,422,8,Potential Loyalists
CUST02613,2025-10-20,3,17279.7,254,5759.900000000001,2,1,1,211,4,Lost Customers
CUST02614,2025-07-23,4,43052.7,343,10763.175,1,2,1,121,4,Lost Customers
CUST02615,2026-02-08,6,223927.0,143,37321.166666666664,3,3,3,333,9,Others
CUST02616,2026-06-08,5,117913.6,23,23582.72,5,2,2,522,9,Potential Loyalists
CUST02617,2024-12-02,4,140520.3,576,35130.075,1,2,2,122,5,Lost Customers
CUST02618,2026-06-07,10,366891.10000000003,24,36689.11,5,4,4,544,13,Champions
CUST02619,2026-05-22,11,350070.7,40,31824.609090909093,4,4,4,444,12,Champions
CUST02620,2025-05-22,5,125497.55,405,25099.510000000002,1,2,2,122,5,Lost Customers
CUST02621,2026-06-12,7,163889.25,19,23412.75,5,3,2,532,10,Potential Loyalists
CUST02622,2026-06-08,5,259188.15000000002,23,51837.630000000005,5,2,3,523,10,Potential Loyalists
CUST02623,2025-05-24,3,16049.8,403,5349.933333333333,1,1,1,111,3,Lost Customers
CUST02624,2024-02-23,1,25035.9,859,25035.9,1,1,1,111,3,Lost Customers
CUST02625,2026-06-22,14,417851.25,9,29846.51785714286,5,5,4,554,14,Champions
CUST02626,2026-06-28,17,823465.4,3,48439.14117647059,5,5,5,555,15,Champions
CUST02627,2025-09-25,6,128868.05,279,21478.008333333335,2,3,2,232,7,At Risk
CUST02628,2026-04-01,4,158973.7,91,39743.425,3,2,2,322,7,Others
CUST02629,2026-05-20,7,58854.75,42,8407.82142857143,4,3,1,431,8,Potential Loyalists
CUST02630,2026-05-23,10,196272.05,39,19627.204999999998,4,4,3,443,11,Loyal Customers
CUST02631,2026-06-27,24,1746067.15,4,72752.79791666666,5,5,5,555,15,Champions
CUST02632,2026-01-13,4,121984.8,169,30496.2,2,2,2,222,6,Lost Customers
CUST02633,2025-09-03,4,155759.25,301,38939.8125,2,2,2,222,6,Lost Customers
CUST02634,2026-01-17,7,320519.35,165,45788.47857142857,2,3,3,233,8,At Risk
CUST02635,2026-03-14,13,306841.25,109,23603.173076923078,3,4,3,343,10,Loyal Customers
CUST02636,2025-05-11,1,2571.0,416,2571.0,1,1,1,111,3,Lost Customers
CUST02637,2026-05-27,3,77429.05,35,25809.683333333334,4,1,2,412,7,Others
CUST02638,2026-05-09,25,1059831.8,53,42393.272000000004,4,5,5,455,14,Champions
CUST02639,2026-05-06,5,175397.55,56,35079.509999999995,4,2,3,423,9,Potential Loyalists
CUST02640,2026-05-20,16,1041111.55,42,65069.471875,4,5,5,455,14,Champions
CUST02641,2026-04-05,6,273855.1,87,45642.51666666666,3,3,3,333,9,Others
CUST02642,2026-05-29,21,1883971.75,33,89712.94047619047,4,5,5,455,14,Champions
CUST02643,2026-04-18,16,1332863.05,74,83303.940625,3,5,5,355,13,Loyal Customers
CUST02644,2025-07-05,6,37950.05,361,6325.008333333334,1,3,1,131,5,At Risk
CUST02645,2024-05-28,2,47584.5,764,23792.25,1,1,1,111,3,Lost Customers
CUST02646,2026-05-12,24,1190946.75,50,49622.78125,4,5,5,455,14,Champions
CUST02647,2026-01-25,2,9788.3,157,4894.15,2,1,1,211,4,Lost Customers
CUST02648,2026-03-19,6,206409.25,104,34401.541666666664,3,3,3,333,9,Others
CUST02649,2026-05-15,4,60924.25,47,15231.0625,4,2,1,421,7,Potential Loyalists
CUST02650,2025-06-14,1,11737.25,382,11737.25,1,1,1,111,3,Lost Customers
CUST02651,2026-05-06,11,384976.65,56,34997.87727272727,4,4,4,444,12,Champions
CUST02652,2024-12-10,1,89612.1,568,89612.1,1,1,2,112,4,Lost Customers
CUST02653,2026-06-09,6,85336.1,22,14222.683333333334,5,3,2,532,10,Potential Loyalists
CUST02654,2025-08-31,3,49596.4,304,16532.133333333335,2,1,1,211,4,Lost Customers
CUST02655,2025-09-22,2,5779.2,282,2889.6,2,1,1,211,4,Lost Customers
CUST02656,2026-06-12,19,805196.15,19,42378.744736842105,5,5,5,555,15,Champions
CUST02657,2026-04-07,16,787442.85,85,49215.178125,3,5,5,355,13,Loyal Customers
CUST02658,2026-06-04,5,189821.1,27,37964.22,5,2,3,523,10,Potential Loyalists
CUST02659,2025-03-16,3,54562.4,472,18187.466666666667,1,1,1,111,3,Lost Customers
CUST02660,2024-11-28,1,32514.0,580,32514.0,1,1,1,111,3,Lost Customers
CUST02661,2026-06-28,17,585945.55,3,34467.38529411765,5,5,4,554,14,Champions
CUST02662,2025-12-21,5,87165.9,192,17433.18,2,2,2,222,6,Lost Customers
CUST02663,2025-08-23,3,40844.5,312,13614.833333333334,2,1,1,211,4,Lost Customers
CUST02664,2026-05-08,16,729661.7,54,45603.85625,4,5,5,455,14,Champions
CUST02665,2026-06-06,7,151542.05,25,21648.864285714284,5,3,2,532,10,Potential Loyalists
CUST02666,2026-03-07,5,332407.8,116,66481.56,3,2,4,324,9,Others
CUST02667,2026-05-18,11,278088.6,44,25280.781818181815,4,4,3,443,11,Loyal Customers
CUST02668,2024-01-16,1,3623.2,897,3623.2,1,1,1,111,3,Lost Customers
CUST02669,2026-05-05,3,80327.7,57,26775.899999999998,4,1,2,412,7,Others
CUST02670,2026-04-01,10,667859.15,91,66785.91500000001,3,4,5,345,12,Loyal Customers
CUST02671,2024-02-06,2,142483.0,876,71241.5,1,1,2,112,4,Lost Customers
CUST02672,2025-06-18,9,371322.0,378,41258.0,1,4,4,144,9,At Risk
CUST02673,2026-06-14,6,166405.5,17,27734.25,5,3,2,532,10,Potential Loyalists
CUST02674,2025-05-04,4,241107.8,423,60276.95,1,2,3,123,6,Others
CUST02675,2025-07-09,4,185937.4,357,46484.35,1,2,3,123,6,Others
CUST02676,2026-03-02,6,228043.94999999998,121,38007.325,3,3,3,333,9,Others
CUST02677,2026-06-21,22,1363326.55,10,61969.38863636364,5,5,5,555,15,Champions
CUST02678,2026-04-07,8,331199.8,85,41399.975,3,3,4,334,10,Others
CUST02679,2026-03-30,16,701833.2,93,43864.575,3,5,5,355,13,Loyal Customers
CUST02680,2026-04-24,13,817594.6,68,62891.89230769231,4,4,5,445,13,Champions
CUST02681,2025-09-05,11,326977.95,299,29725.268181818185,2,4,4,244,10,At Risk
CUST02682,2026-02-05,5,97531.05,146,19506.21,3,2,2,322,7,Others
CUST02683,2025-05-18,3,67844.2,409,22614.733333333334,1,1,1,111,3,Lost Customers
CUST02684,2026-03-14,3,131055.75,109,43685.25,3,1,2,312,6,Others
CUST02685,2026-03-01,7,115905.7,122,16557.957142857143,3,3,2,332,8,Others
CUST02686,2026-06-08,9,1025718.3,23,113968.70000000001,5,4,5,545,14,Champions
CUST02687,2026-02-16,13,698875.75,135,53759.67307692308,3,4,5,345,12,Loyal Customers
CUST02688,2026-03-25,16,500879.9,98,31304.99375,3,5,4,354,12,Loyal Customers
CUST02689,2024-03-09,1,69373.0,844,69373.0,1,1,1,111,3,Lost Customers
CUST02690,2025-10-19,11,964293.5,255,87663.04545454546,2,4,5,245,11,At Risk
CUST02691,2026-06-12,20,1405656.55,19,70282.8275,5,5,5,555,15,Champions
CUST02692,2026-04-05,3,57860.15,87,19286.716666666667,3,1,1,311,5,Others
CUST02693,2025-11-23,6,243333.05,220,40555.50833333333,2,3,3,233,8,At Risk
CUST02694,2026-06-17,13,683370.05,14,52566.92692307693,5,4,5,545,14,Champions
CUST02695,2026-03-30,3,77038.4,93,25679.466666666664,3,1,2,312,6,Others
CUST02696,2026-05-26,16,1097392.7,36,68587.04375,4,5,5,455,14,Champions
CUST02697,2025-05-20,6,285681.95,407,47613.65833333333,1,3,3,133,7,At Risk
CUST02698,2026-03-03,7,189958.45,120,27136.92142857143,3,3,3,333,9,Others
CUST02699,2026-06-30,5,322296.05,1,64459.21,5,2,3,523,10,Potential Loyalists
CUST02700,2025-07-30,2,61919.8,336,30959.9,1,1,1,111,3,Lost Customers
CUST02701,2025-12-19,13,933595.0,194,71815.0,2,4,5,245,11,At Risk
CUST02702,2026-03-26,18,1191518.85,97,66195.49166666667,3,5,5,355,13,Loyal Customers
CUST02703,2026-05-19,9,143860.3,43,15984.477777777776,4,4,2,442,10,Loyal Customers
CUST02704,2026-06-23,19,513247.0,8,27013.0,5,5,4,554,14,Champions
CUST02705,2025-10-26,6,75105.5,248,12517.583333333334,2,3,2,232,7,At Risk
CUST02706,2025-09-15,2,26609.0,289,13304.5,2,1,1,211,4,Lost Customers
CUST02707,2026-03-31,9,635026.6,92,70558.5111111111,3,4,5,345,12,Loyal Customers
CUST02708,2025-04-22,5,137959.95,435,27591.99,1,2,2,122,5,Lost Customers
CUST02709,2026-06-30,10,357522.05000000005,1,35752.205,5,4,4,544,13,Champions
CUST02710,2025-12-22,6,151887.69999999998,191,25314.616666666665,2,3,2,232,7,At Risk
CUST02711,2026-03-31,5,90480.6,92,18096.120000000003,3,2,2,322,7,Others
CUST02712,2026-04-30,17,902025.45,62,53060.32058823529,4,5,5,455,14,Champions
CUST02713,2025-11-01,11,543490.3,242,49408.2090909091,2,4,4,244,10,At Risk
CUST02714,2026-05-19,9,486958.35,43,54106.48333333333,4,4,4,444,12,Champions
CUST02715,2025-11-05,8,191660.4,238,23957.55,2,3,3,233,8,At Risk
CUST02716,2026-03-14,11,543362.15,109,49396.55909090909,3,4,4,344,11,Loyal Customers
CUST02717,2026-03-30,3,5777.1,93,1925.7,3,1,1,311,5,Others
CUST02718,2025-03-25,1,30499.0,463,30499.0,1,1,1,111,3,Lost Customers
CUST02719,2026-05-01,6,506136.05,61,84356.00833333333,4,3,4,434,11,Potential Loyalists
CUST02720,2024-06-05,2,108211.75,756,54105.875,1,1,2,112,4,Lost Customers
CUST02721,2024-11-28,3,88274.1,580,29424.7,1,1,2,112,4,Lost Customers
CUST02722,2026-02-28,12,253348.69999999998,123,21112.391666666666,3,4,3,343,10,Loyal Customers
CUST02723,2026-06-26,3,55012.2,5,18337.399999999998,5,1,1,511,7,Others
CUST02724,2025-08-10,11,374324.65,325,34029.51363636364,1,4,4,144,9,At Risk
CUST02725,2025-05-23,2,130384.05,404,65192.025,1,1,2,112,4,Lost Customers
CUST02726,2025-11-28,1,953.8,215,953.8,2,1,1,211,4,Lost Customers
CUST02727,2026-04-18,11,171410.5,74,15582.772727272728,3,4,2,342,9,Loyal Customers
CUST02728,2026-06-24,19,1105984.95,7,58209.734210526316,5,5,5,555,15,Champions
CUST02729,2025-07-03,4,25733.2,363,6433.3,1,2,1,121,4,Lost Customers
CUST02730,2026-03-23,8,896444.9,100,112055.6125,3,3,5,335,11,Others
CUST02731,2024-06-18,2,48245.0,743,24122.5,1,1,1,111,3,Lost Customers
CUST02732,2025-04-05,5,146371.7,452,29274.340000000004,1,2,2,122,5,Lost Customers
CUST02733,2026-05-05,15,303229.4,57,20215.293333333335,4,5,3,453,12,Loyal Customers
CUST02734,2026-06-21,17,1050250.2,10,61779.42352941176,5,5,5,555,15,Champions
CUST02735,2024-12-31,4,284557.4,547,71139.35,1,2,3,123,6,Others
CUST02736,2026-01-12,3,41995.600000000006,170,13998.533333333335,2,1,1,211,4,Lost Customers
CUST02737,2026-06-29,13,698194.3,2,53707.25384615385,5,4,5,545,14,Champions
CUST02738,2026-05-02,14,607924.55,60,43423.18214285715,4,5,5,455,14,Champions
CUST02739,2026-02-18,6,523341.55,133,87223.59166666666,3,3,4,334,10,Others
CUST02740,2025-08-29,5,84842.3,306,16968.46,2,2,2,222,6,Lost Customers
CUST02741,2026-04-22,24,1145834.75,70,47743.114583333336,3,5,5,355,13,Loyal Customers
CUST02742,2025-12-17,3,102517.6,196,34172.53333333333,2,1,2,212,5,Lost Customers
CUST02743,2025-09-17,5,186557.3,287,37311.46,2,2,3,223,7,Others
CUST02744,2026-06-13,7,535963.15,18,76566.16428571429,5,3,4,534,12,Potential Loyalists
CUST02745,2025-12-26,9,182828.6,187,20314.28888888889,2,4,3,243,9,At Risk
CUST02746,2026-05-27,5,91234.3,35,18246.86,4,2,2,422,8,Potential Loyalists
CUST02747,2026-03-30,4,241667.8,93,60416.95,3,2,3,323,8,Others
CUST02748,2025-07-19,5,173264.2,347,34652.840000000004,1,2,3,123,6,Others
CUST02749,2026-02-25,9,151824.9,126,16869.433333333334,3,4,2,342,9,Loyal Customers
CUST02750,2026-02-07,11,341279.5,144,31025.409090909092,3,4,4,344,11,Loyal Customers
CUST02751,2025-02-26,2,10903.300000000001,490,5451.650000000001,1,1,1,111,3,Lost Customers
CUST02752,2026-03-28,4,144282.85,95,36070.7125,3,2,2,322,7,Others
CUST02753,2026-06-24,15,638689.8,7,42579.32,5,5,5,555,15,Champions
CUST02754,2026-05-25,16,1115675.7,37,69729.73125,4,5,5,455,14,Champions
CUST02755,2026-06-02,6,142324.4,29,23720.733333333334,5,3,2,532,10,Potential Loyalists
CUST02756,2026-06-02,15,450048.0,29,30003.2,5,5,4,554,14,Champions
CUST02757,2026-04-21,12,598751.6,71,49895.96666666667,3,4,5,345,12,Loyal Customers
CUST02758,2026-05-22,7,349706.3,40,49958.04285714286,4,3,4,434,11,Potential Loyalists
CUST02759,2026-06-18,5,91131.6,13,18226.32,5,2,2,522,9,Potential Loyalists
CUST02760,2025-04-06,2,12290.9,451,6145.45,1,1,1,111,3,Lost Customers
CUST02761,2026-06-19,18,498045.0,12,27669.166666666668,5,5,4,554,14,Champions
CUST02762,2024-06-28,1,2935.5,733,2935.5,1,1,1,111,3,Lost Customers
CUST02763,2026-06-18,24,851386.35,13,35474.43125,5,5,5,555,15,Champions
CUST02764,2026-05-02,4,28936.5,60,7234.125,4,2,1,421,7,Potential Loyalists
CUST02765,2026-03-31,17,782613.95,92,46036.11470588235,3,5,5,355,13,Loyal Customers
CUST02766,2026-05-25,3,15738.0,37,5246.0,4,1,1,411,6,Others
CUST02767,2025-03-25,2,204459.8,463,102229.9,1,1,3,113,5,Others
CUST02768,2026-06-27,6,300686.0,4,50114.333333333336,5,3,3,533,11,Potential Loyalists
CUST02769,2025-12-08,10,780861.45,205,78086.14499999999,2,4,5,245,11,At Risk
CUST02770,2026-05-09,9,223106.75,53,24789.63888888889,4,4,3,443,11,Loyal Customers
CUST02771,2026-04-13,9,236079.94999999998,79,26231.105555555554,3,4,3,343,10,Loyal Customers
CUST02772,2025-11-16,4,225249.9,227,56312.475,2,2,3,223,7,Others
CUST02773,2026-03-28,11,464124.5,95,42193.13636363636,3,4,4,344,11,Loyal Customers
CUST02774,2026-02-14,6,167276.6,137,27879.433333333334,3,3,2,332,8,Others
CUST02775,2026-03-03,5,319848.5,120,63969.7,3,2,3,323,8,Others
CUST02776,2026-05-19,11,451694.0,43,41063.09090909091,4,4,4,444,12,Champions
CUST02777,2025-01-05,1,12940.2,542,12940.2,1,1,1,111,3,Lost Customers
CUST02778,2026-03-23,4,78148.29999999999,100,19537.074999999997,3,2,2,322,7,Others
CUST02779,2026-06-25,22,715697.9,6,32531.72272727273,5,5,5,555,15,Champions
CUST02780,2025-07-04,4,197060.15000000002,362,49265.037500000006,1,2,3,123,6,Others
CUST02781,2025-06-10,3,28023.65,386,9341.216666666667,1,1,1,111,3,Lost Customers
CUST02782,2026-05-11,11,271761.94999999995,51,24705.631818181813,4,4,3,443,11,Loyal Customers
CUST02783,2025-08-17,3,136980.5,318,45660.166666666664,1,1,2,112,4,Lost Customers
CUST02784,2026-06-03,10,446872.3,28,44687.229999999996,5,4,4,544,13,Champions
CUST02785,2025-09-05,10,319004.75,299,31900.475,2,4,3,243,9,At Risk
CUST02786,2026-05-10,11,713857.95,52,64896.17727272727,4,4,5,445,13,Champions
CUST02787,2026-02-27,11,742932.05,124,67539.27727272728,3,4,5,345,12,Loyal Customers
CUST02788,2026-06-18,17,802160.55,13,47185.91470588236,5,5,5,555,15,Champions
CUST02789,2026-03-07,12,790436.95,116,65869.74583333333,3,4,5,345,12,Loyal Customers
CUST02790,2025-09-16,6,101872.05,288,16978.675,2,3,2,232,7,At Risk
CUST02791,2026-06-22,7,554755.0,9,79250.71428571429,5,3,4,534,12,Potential Loyalists
CUST02792,2026-04-06,5,78113.44999999998,86,15622.689999999997,3,2,2,322,7,Others
CUST02793,2026-02-16,5,96771.3,135,19354.260000000002,3,2,2,322,7,Others
CUST02794,2026-01-17,8,264172.4,165,33021.55,2,3,3,233,8,At Risk
CUST02795,2026-04-09,6,188418.7,83,31403.11666666667,3,3,3,333,9,Others
CUST02796,2026-06-01,10,571861.3,30,57186.130000000005,4,4,4,444,12,Champions
CUST02797,2026-05-05,10,695077.3,57,69507.73000000001,4,4,5,445,13,Champions
CUST02798,2026-05-14,4,192968.5,48,48242.125,4,2,3,423,9,Potential Loyalists
CUST02799,2025-12-14,4,213666.90000000002,199,53416.725000000006,2,2,3,223,7,Others
CUST02800,2026-06-03,3,57422.05,28,19140.683333333334,5,1,1,511,7,Others
CUST02801,2026-06-18,9,410683.3,13,45631.47777777778,5,4,4,544,13,Champions
CUST02802,2025-12-03,4,146711.75,210,36677.9375,2,2,2,222,6,Lost Customers
CUST02803,2026-06-04,6,233984.65,27,38997.441666666666,5,3,3,533,11,Potential Loyalists
CUST02804,2025-06-26,4,340914.6,370,85228.65,1,2,4,124,7,Others
CUST02805,2025-11-30,5,288101.7,213,57620.340000000004,2,2,3,223,7,Others
CUST02806,2024-10-24,4,54344.200000000004,615,13586.050000000001,1,2,1,121,4,Lost Customers
CUST02807,2024-10-25,3,22546.9,614,7515.633333333334,1,1,1,111,3,Lost Customers
CUST02808,2025-01-06,1,56448.9,541,56448.9,1,1,1,111,3,Lost Customers
CUST02809,2025-10-23,3,20358.85,251,6786.283333333333,2,1,1,211,4,Lost Customers
CUST02810,2026-03-14,14,991385.6499999999,109,70813.2607142857,3,5,5,355,13,Loyal Customers
CUST02811,2026-05-13,8,928444.8999999999,49,116055.61249999999,4,3,5,435,12,Potential Loyalists
CUST02812,2026-06-06,22,1345716.7,25,61168.94090909091,5,5,5,555,15,Champions
CUST02813,2026-06-10,22,1051221.9000000001,21,47782.813636363644,5,5,5,555,15,Champions
CUST02814,2026-04-19,5,167922.69999999998,73,33584.53999999999,3,2,2,322,7,Others
CUST02815,2025-05-20,4,291782.5,407,72945.625,1,2,3,123,6,Others
CUST02816,2025-10-23,12,1333268.75,251,111105.72916666667,2,4,5,245,11,At Risk
CUST02817,2026-05-03,11,270951.05,59,24631.913636363635,4,4,3,443,11,Loyal Customers
CUST02818,2026-06-01,24,1620579.15,30,67524.13124999999,4,5,5,455,14,Champions
CUST02819,2024-07-06,3,80042.5,725,26680.833333333332,1,1,2,112,4,Lost Customers
CUST02820,2025-04-30,1,14858.0,427,14858.0,1,1,1,111,3,Lost Customers
CUST02821,2026-06-30,11,222467.0,1,20224.272727272728,5,4,3,543,12,Loyal Customers
CUST02822,2025-03-17,5,253609.2,471,50721.840000000004,1,2,3,123,6,Others
CUST02823,2026-06-02,17,497015.15,29,29236.185294117648,5,5,4,554,14,Champions
CUST02824,2025-12-26,11,934093.4,187,84917.58181818182,2,4,5,245,11,At Risk
CUST02825,2025-08-04,3,151934.9,331,50644.96666666667,1,1,2,112,4,Lost Customers
CUST02826,2025-11-16,2,6314.85,227,3157.425,2,1,1,211,4,Lost Customers
CUST02827,2026-03-12,2,321138.5,111,160569.25,3,1,3,313,7,Others
CUST02828,2026-02-26,6,416358.4,125,69393.06666666667,3,3,4,334,10,Others
CUST02829,2026-06-28,5,145866.7,3,29173.340000000004,5,2,2,522,9,Potential Loyalists
CUST02830,2026-05-13,10,180593.05000000002,49,18059.305,4,4,3,443,11,Loyal Customers
CUST02831,2026-05-25,5,104015.65,37,20803.129999999997,4,2,2,422,8,Potential Loyalists
CUST02832,2026-04-29,11,227057.6,63,20641.600000000002,4,4,3,443,11,Loyal Customers
CUST02833,2026-02-06,9,185570.25,145,20618.916666666668,3,4,3,343,10,Loyal Customers
CUST02834,2026-04-27,3,127475.3,65,42491.76666666667,4,1,2,412,7,Others
CUST02835,2026-04-04,5,374295.5,88,74859.1,3,2,4,324,9,Others
CUST02836,2026-04-16,6,316035.3,76,52672.549999999996,3,3,3,333,9,Others
CUST02837,2026-03-08,9,329272.05,115,36585.78333333333,3,4,4,344,11,Loyal Customers
CUST02838,2025-11-11,5,112850.5,232,22570.1,2,2,2,222,6,Lost Customers
CUST02839,2026-03-28,14,708344.05,95,50596.00357142858,3,5,5,355,13,Loyal Customers
CUST02840,2026-04-29,5,13319.3,63,2663.8599999999997,4,2,1,421,7,Potential Loyalists
CUST02841,2026-04-15,7,87881.15,77,12554.449999999999,3,3,2,332,8,Others
CUST02842,2025-03-15,1,84355.7,473,84355.7,1,1,2,112,4,Lost Customers
CUST02843,2026-05-15,7,88625.6,47,12660.800000000001,4,3,2,432,9,Potential Loyalists
CUST02844,2026-04-11,2,28516.1,81,14258.05,3,1,1,311,5,Others
CUST02845,2025-08-27,3,72759.4,308,24253.13333333333,2,1,2,212,5,Lost Customers
CUST02846,2026-06-30,16,629478.7,1,39342.41875,5,5,5,555,15,Champions
CUST02847,2026-02-08,2,55238.25,143,27619.125,3,1,1,311,5,Others
CUST02848,2026-04-18,5,289959.45,74,57991.89,3,2,3,323,8,Others
CUST02849,2026-03-23,8,392716.75,100,49089.59375,3,3,4,334,10,Others
CUST02850,2026-05-20,11,465245.95,42,42295.086363636365,4,4,4,444,12,Champions
CUST02851,2026-05-15,12,532592.95,47,44382.74583333333,4,4,4,444,12,Champions
CUST02852,2025-01-20,3,35819.8,527,11939.933333333334,1,1,1,111,3,Lost Customers
CUST02853,2026-06-26,17,681547.2,5,40091.01176470588,5,5,5,555,15,Champions
CUST02854,2026-06-15,14,276703.0,16,19764.5,5,5,3,553,13,Loyal Customers
CUST02855,2026-05-22,8,167360.45,40,20920.05625,4,3,2,432,9,Potential Loyalists
CUST02856,2025-04-28,2,15639.05,429,7819.525,1,1,1,111,3,Lost Customers
CUST02857,2025-07-27,3,89315.1,339,29771.7,1,1,2,112,4,Lost Customers
CUST02858,2025-11-11,2,42439.1,232,21219.55,2,1,1,211,4,Lost Customers
CUST02859,2025-12-07,7,304939.85,206,43562.83571428571,2,3,3,233,8,At Risk
CUST02860,2025-12-30,6,444159.60000000003,183,74026.6,2,3,4,234,9,At Risk
CUST02861,2025-12-08,12,471408.85,205,39284.07083333333,2,4,4,244,10,At Risk
CUST02862,2026-01-02,7,525540.2,180,75077.17142857143,2,3,4,234,9,At Risk
CUST02863,2026-02-16,13,694474.1,135,53421.084615384614,3,4,5,345,12,Loyal Customers
CUST02864,2026-02-02,15,508657.25,149,33910.48333333333,2,5,4,254,11,At Risk
CUST02865,2025-08-18,5,154375.8,317,30875.159999999996,1,2,2,122,5,Lost Customers
CUST02866,2024-10-07,2,38264.8,632,19132.4,1,1,1,111,3,Lost Customers
CUST02867,2025-10-15,1,121560.0,259,121560.0,2,1,2,212,5,Lost Customers
CUST02868,2026-04-23,12,498858.25,69,41571.520833333336,4,4,4,444,12,Champions
CUST02869,2026-06-21,9,413162.1,10,45906.899999999994,5,4,4,544,13,Champions
CUST02870,2026-04-09,16,641768.0,83,40110.5,3,5,5,355,13,Loyal Customers
CUST02871,2026-06-25,7,235172.95,6,33596.135714285716,5,3,3,533,11,Potential Loyalists
CUST02872,2026-03-30,13,996817.6000000001,93,76678.27692307693,3,4,5,345,12,Loyal Customers
CUST02873,2026-03-21,10,393360.25,102,39336.025,3,4,4,344,11,Loyal Customers
CUST02874,2026-01-26,10,418319.15,156,41831.915,2,4,4,244,10,At Risk
CUST02875,2026-05-01,5,100675.5,61,20135.1,4,2,2,422,8,Potential Loyalists
CUST02876,2026-06-21,9,192391.85,10,21376.872222222224,5,4,3,543,12,Loyal Customers
CUST02877,2026-03-15,7,180920.8,108,25845.82857142857,3,3,3,333,9,Others
CUST02878,2025-07-06,4,16923.3,360,4230.825,1,2,1,121,4,Lost Customers
CUST02879,2026-03-16,8,256589.15000000002,107,32073.643750000003,3,3,3,333,9,Others
CUST02880,2026-02-21,15,522902.65,130,34860.176666666666,3,5,4,354,12,Loyal Customers
CUST02881,2025-07-23,3,35133.25,343,11711.083333333334,1,1,1,111,3,Lost Customers
CUST02882,2026-06-16,15,744224.05,15,49614.93666666667,5,5,5,555,15,Champions
CUST02883,2026-03-07,6,106837.84999999999,116,17806.30833333333,3,3,2,332,8,Others
CUST02884,2025-08-24,4,126074.55,311,31518.6375,2,2,2,222,6,Lost Customers
CUST02885,2026-04-13,11,666660.6,79,60605.50909090909,3,4,5,345,12,Loyal Customers
CUST02886,2026-02-24,4,99343.9,127,24835.975,3,2,2,322,7,Others
CUST02887,2025-09-10,2,340937.75,294,170468.875,2,1,4,214,7,Others
CUST02888,2026-01-09,11,533453.05,173,48495.73181818182,2,4,4,244,10,At Risk
CUST02889,2026-03-27,7,365110.05,96,52158.57857142857,3,3,4,334,10,Others
CUST02890,2026-03-06,8,421719.85,117,52714.98125,3,3,4,334,10,Others
CUST02891,2025-10-12,5,214147.3,262,42829.46,2,2,3,223,7,Others
CUST02892,2026-06-06,10,620278.95,25,62027.895,5,4,5,545,14,Champions
CUST02893,2025-10-03,6,112544.05,271,18757.341666666667,2,3,2,232,7,At Risk
CUST02894,2025-01-27,2,5530.049999999999,520,2765.0249999999996,1,1,1,111,3,Lost Customers
CUST02895,2026-04-26,19,1758346.85,66,92544.57105263158,4,5,5,455,14,Champions
CUST02896,2026-06-27,4,234959.55,4,58739.8875,5,2,3,523,10,Potential Loyalists
CUST02897,2026-03-14,3,154521.0,109,51507.0,3,1,2,312,6,Others
CUST02898,2026-06-15,3,116722.40000000001,16,38907.46666666667,5,1,2,512,8,Others
CUST02899,2024-12-21,4,134471.05000000002,557,33617.762500000004,1,2,2,122,5,Lost Customers
CUST02900,2025-07-02,2,82516.4,364,41258.2,1,1,2,112,4,Lost Customers
CUST02901,2026-02-21,6,250671.3,130,41778.549999999996,3,3,3,333,9,Others
CUST02902,2026-04-06,6,337576.3,86,56262.71666666667,3,3,4,334,10,Others
CUST02903,2025-12-07,8,533523.15,206,66690.39375,2,3,4,234,9,At Risk
CUST02904,2025-08-12,5,113950.2,323,22790.04,1,2,2,122,5,Lost Customers
CUST02905,2026-06-25,8,258056.0,6,32257.0,5,3,3,533,11,Potential Loyalists
CUST02906,2025-10-23,3,279372.4,251,93124.13333333335,2,1,3,213,6,Others
CUST02907,2026-06-28,11,390934.75,3,35539.52272727273,5,4,4,544,13,Champions
CUST02908,2024-12-15,4,150266.95,563,37566.7375,1,2,2,122,5,Lost Customers
CUST02909,2026-05-11,3,41062.0,51,13687.333333333334,4,1,1,411,6,Others
CUST02910,2026-06-09,29,1232105.75,22,42486.40517241379,5,5,5,555,15,Champions
CUST02911,2026-02-15,9,237460.35,136,26384.483333333334,3,4,3,343,10,Loyal Customers
CUST02912,2026-06-30,10,283420.4,1,28342.04,5,4,3,543,12,Loyal Customers
CUST02913,2026-06-16,6,246915.45,15,41152.575000000004,5,3,3,533,11,Potential Loyalists
CUST02914,2026-01-25,5,210089.05,157,42017.81,2,2,3,223,7,Others
CUST02915,2026-05-22,7,139515.55,40,19930.792857142857,4,3,2,432,9,Potential Loyalists
CUST02916,2024-12-31,1,13440.6,547,13440.6,1,1,1,111,3,Lost Customers
CUST02917,2025-05-01,3,77309.35,426,25769.783333333336,1,1,2,112,4,Lost Customers
CUST02918,2026-06-18,6,397386.3,13,66231.05,5,3,4,534,12,Potential Loyalists
CUST02919,2026-06-12,6,86701.95000000001,19,14450.325000000003,5,3,2,532,10,Potential Loyalists
CUST02920,2026-05-01,13,371268.7,61,28559.13076923077,4,4,4,444,12,Champions
CUST02921,2026-03-16,7,303126.35,107,43303.764285714286,3,3,3,333,9,Others
CUST02922,2026-04-18,12,363054.55,74,30254.545833333334,3,4,4,344,11,Loyal Customers
CUST02923,2026-05-10,5,210006.7,52,42001.340000000004,4,2,3,423,9,Potential Loyalists
CUST02924,2026-06-03,13,517592.8,28,39814.83076923077,5,4,4,544,13,Champions
CUST02925,2025-06-20,3,56918.7,376,18972.899999999998,1,1,1,111,3,Lost Customers
CUST02926,2026-05-22,12,544252.6,40,45354.38333333333,4,4,4,444,12,Champions
CUST02927,2026-06-01,18,1193411.95,30,66300.66388888888,4,5,5,455,14,Champions
CUST02928,2025-11-06,9,605926.25,237,67325.13888888889,2,4,5,245,11,At Risk
CUST02929,2026-01-01,7,296864.75,181,42409.25,2,3,3,233,8,At Risk
CUST02930,2026-04-14,21,1245888.2,78,59328.009523809524,3,5,5,355,13,Loyal Customers
CUST02931,2026-03-02,4,115594.55,121,28898.6375,3,2,2,322,7,Others
CUST02932,2025-03-10,2,145106.4,478,72553.2,1,1,2,112,4,Lost Customers
CUST02933,2024-04-30,3,54791.85,792,18263.95,1,1,1,111,3,Lost Customers
CUST02934,2024-09-16,1,8442.0,653,8442.0,1,1,1,111,3,Lost Customers
CUST02935,2025-06-12,2,98054.4,384,49027.2,1,1,2,112,4,Lost Customers
CUST02936,2026-02-22,13,761038.75,129,58541.442307692305,3,4,5,345,12,Loyal Customers
CUST02937,2025-11-19,5,98872.0,224,19774.4,2,2,2,222,6,Lost Customers
CUST02938,2026-02-24,4,114266.95,127,28566.7375,3,2,2,322,7,Others
CUST02939,2025-09-16,4,199790.65,288,49947.6625,2,2,3,223,7,Others
CUST02940,2025-03-19,5,81660.75,469,16332.15,1,2,2,122,5,Lost Customers
CUST02941,2026-05-14,5,49084.7,48,9816.939999999999,4,2,1,421,7,Potential Loyalists
CUST02942,2026-03-13,9,512371.15,110,56930.12777777778,3,4,4,344,11,Loyal Customers
CUST02943,2026-03-19,8,103277.15,104,12909.64375,3,3,2,332,8,Others
CUST02944,2026-05-18,12,579411.8,44,48284.31666666667,4,4,4,444,12,Champions
CUST02945,2025-12-20,11,423075.8,193,38461.43636363636,2,4,4,244,10,At Risk
CUST02946,2025-06-10,6,94566.0,386,15761.0,1,3,2,132,6,At Risk
CUST02947,2026-05-15,14,490245.4,47,35017.52857142857,4,5,4,454,13,Champions
CUST02948,2024-10-11,3,116521.1,628,38840.36666666667,1,1,2,112,4,Lost Customers
CUST02949,2024-09-28,1,2554.55,641,2554.55,1,1,1,111,3,Lost Customers
CUST02950,2026-06-29,7,367019.8,2,52431.4,5,3,4,534,12,Potential Loyalists
CUST02951,2026-06-19,5,77118.79999999999,12,15423.759999999998,5,2,2,522,9,Potential Loyalists
CUST02952,2026-06-12,13,680172.2000000001,19,52320.93846153847,5,4,5,545,14,Champions
CUST02953,2025-05-27,2,47621.649999999994,400,23810.824999999997,1,1,1,111,3,Lost Customers
CUST02954,2026-03-12,16,992884.75,111,62055.296875,3,5,5,355,13,Loyal Customers
CUST02955,2025-08-22,5,180683.55,313,36136.71,2,2,3,223,7,Others
CUST02956,2026-05-13,12,675514.5,49,56292.875,4,4,5,445,13,Champions
CUST02957,2026-04-09,18,637822.8,83,35434.600000000006,3,5,5,355,13,Loyal Customers
CUST02958,2026-06-09,11,350793.0,22,31890.272727272728,5,4,4,544,13,Champions
CUST02959,2026-03-28,13,539354.75,95,41488.82692307692,3,4,4,344,11,Loyal Customers
CUST02960,2026-05-09,10,394389.2,53,39438.92,4,4,4,444,12,Champions
CUST02961,2025-02-01,2,8507.0,515,4253.5,1,1,1,111,3,Lost Customers
CUST02962,2026-06-12,10,490870.3,19,49087.03,5,4,4,544,13,Champions
CUST02963,2026-04-04,4,259842.55000000002,88,64960.637500000004,3,2,3,323,8,Others
CUST02964,2026-06-24,19,1187668.35,7,62508.860526315795,5,5,5,555,15,Champions
CUST02965,2025-09-20,8,354072.65,284,44259.08125,2,3,4,234,9,At Risk
CUST02966,2026-06-25,7,216575.85,6,30939.407142857144,5,3,3,533,11,Potential Loyalists
CUST02967,2026-06-22,20,1339145.3,9,66957.265,5,5,5,555,15,Champions
CUST02968,2024-11-24,3,22235.85,584,7411.95,1,1,1,111,3,Lost Customers
CUST02969,2026-01-03,8,165033.85,179,20629.23125,2,3,2,232,7,At Risk
CUST02970,2025-09-04,6,115656.2,300,19276.033333333333,2,3,2,232,7,At Risk
CUST02971,2026-06-25,21,1070745.45,6,50987.87857142857,5,5,5,555,15,Champions
CUST02972,2026-03-07,8,188107.0,116,23513.375,3,3,3,333,9,Others
CUST02973,2025-08-08,3,66815.2,327,22271.733333333334,1,1,1,111,3,Lost Customers
CUST02974,2025-09-24,7,408406.60000000003,280,58343.8,2,3,4,234,9,At Risk
CUST02975,2025-08-17,6,253109.9,318,42184.98333333333,1,3,3,133,7,At Risk
CUST02976,2026-06-11,25,1404339.75,20,56173.59,5,5,5,555,15,Champions
CUST02977,2026-03-01,14,550234.65,122,39302.475,3,5,4,354,12,Loyal Customers
CUST02978,2026-04-22,9,348661.5,70,38740.166666666664,3,4,4,344,11,Loyal Customers
CUST02979,2026-05-17,14,868070.2999999999,45,62005.021428571425,4,5,5,455,14,Champions
CUST02980,2026-04-02,11,389359.9,90,35396.354545454546,3,4,4,344,11,Loyal Customers
CUST02981,2025-08-10,3,185464.5,325,61821.5,1,1,3,113,5,Others
CUST02982,2026-06-15,12,395064.9,16,32922.075000000004,5,4,4,544,13,Champions
CUST02983,2024-09-22,2,67169.7,647,33584.85,1,1,1,111,3,Lost Customers
CUST02984,2025-07-06,2,27927.8,360,13963.9,1,1,1,111,3,Lost Customers
CUST02985,2025-03-26,3,15636.0,462,5212.0,1,1,1,111,3,Lost Customers
CUST02986,2025-05-07,2,18624.85,420,9312.425,1,1,1,111,3,Lost Customers
CUST02987,2026-06-09,16,838170.25,22,52385.640625,5,5,5,555,15,Champions
CUST02988,2026-05-23,4,336896.8,39,84224.2,4,2,4,424,10,Potential Loyalists
CUST02989,2026-05-22,5,107877.74999999999,40,21575.549999999996,4,2,2,422,8,Potential Loyalists
CUST02990,2026-06-29,8,314978.15,2,39372.26875,5,3,3,533,11,Potential Loyalists
CUST02991,2026-04-23,7,227923.25,69,32560.464285714286,4,3,3,433,10,Potential Loyalists
CUST02992,2026-05-27,18,1387949.7,35,77108.31666666667,4,5,5,455,14,Champions
CUST02993,2026-06-10,18,692222.8,21,38456.822222222225,5,5,5,555,15,Champions
CUST02994,2026-06-07,12,333859.65,24,27821.6375,5,4,4,544,13,Champions
CUST02995,2024-11-10,2,51355.0,598,25677.5,1,1,1,111,3,Lost Customers
CUST02996,2026-06-28,12,1023868.0,3,85322.33333333333,5,4,5,545,14,Champions
CUST02997,2026-06-21,19,789586.65,10,41557.19210526316,5,5,5,555,15,Champions
CUST02998,2025-12-25,3,49877.3,188,16625.766666666666,2,1,1,211,4,Lost Customers
CUST02999,2026-06-20,4,41674.7,11,10418.675,5,2,1,521,8,Potential Loyalists
CUST03000,2026-05-15,7,436487.6,47,62355.37142857142,4,3,4,434,11,Potential Loyalists
CUST03001,2026-06-26,19,1198215.8,5,63063.98947368421,5,5,5,555,15,Champions
CUST03002,2026-06-19,9,134577.80000000002,12,14953.088888888891,5,4,2,542,11,Loyal Customers
CUST03003,2025-03-13,3,33082.15,475,11027.383333333333,1,1,1,111,3,Lost Customers
CUST03004,2026-05-17,8,300663.75,45,37582.96875,4,3,3,433,10,Potential Loyalists
CUST03005,2026-06-22,4,115147.8,9,28786.95,5,2,2,522,9,Potential Loyalists
CUST03006,2026-03-26,15,638949.85,97,42596.65666666666,3,5,5,355,13,Loyal Customers
CUST03007,2026-01-05,8,162708.7,177,20338.5875,2,3,2,232,7,At Risk
CUST03008,2026-04-04,3,101353.0,88,33784.333333333336,3,1,2,312,6,Others
CUST03009,2026-04-18,9,267310.6,74,29701.177777777775,3,4,3,343,10,Loyal Customers
CUST03010,2026-06-10,13,733055.55,21,56388.88846153847,5,4,5,545,14,Champions
CUST03011,2026-06-06,12,784886.5,25,65407.208333333336,5,4,5,545,14,Champions
CUST03012,2026-06-17,4,354592.95,14,88648.2375,5,2,4,524,11,Potential Loyalists
CUST03013,2026-06-10,17,371971.65,21,21880.685294117648,5,5,4,554,14,Champions
CUST03014,2026-01-05,4,46199.85,177,11549.9625,2,2,1,221,5,Lost Customers
CUST03015,2026-06-08,4,53445.35,23,13361.3375,5,2,1,521,8,Potential Loyalists
CUST03016,2026-05-26,12,676266.2000000001,36,56355.51666666667,4,4,5,445,13,Champions
CUST03017,2025-07-03,5,276107.5,363,55221.5,1,2,3,123,6,Others
CUST03018,2026-02-27,8,362606.5,124,45325.8125,3,3,4,334,10,Others
CUST03019,2026-05-13,18,534400.05,49,29688.89166666667,4,5,4,454,13,Champions
CUST03020,2026-06-19,18,844940.7,12,46941.149999999994,5,5,5,555,15,Champions
CUST03021,2026-04-21,4,182224.35,71,45556.0875,3,2,3,323,8,Others
CUST03022,2025-12-07,3,181584.5,206,60528.166666666664,2,1,3,213,6,Others
CUST03023,2026-04-24,6,122292.55,68,20382.091666666667,4,3,2,432,9,Potential Loyalists
CUST03024,2026-02-22,8,195966.25,129,24495.78125,3,3,3,333,9,Others
CUST03025,2025-09-14,6,187520.8,290,31253.466666666664,2,3,3,233,8,At Risk
CUST03026,2026-06-10,10,616716.15,21,61671.615000000005,5,4,5,545,14,Champions
CUST03027,2026-06-15,7,363265.6,16,51895.08571428571,5,3,4,534,12,Potential Loyalists
CUST03028,2024-09-08,5,98726.5,661,19745.3,1,2,2,122,5,Lost Customers
CUST03029,2026-06-04,2,102600.0,27,51300.0,5,1,2,512,8,Others
CUST03030,2024-06-29,2,176353.80000000002,732,88176.90000000001,1,1,3,113,5,Others
CUST03031,2026-06-14,10,371874.45,17,37187.445,5,4,4,544,13,Champions
CUST03032,2026-06-24,17,911159.8999999999,7,53597.641176470584,5,5,5,555,15,Champions
CUST03033,2026-05-16,9,327623.05,46,36402.56111111111,4,4,4,444,12,Champions
CUST03034,2026-06-23,27,1471170.0,8,54487.77777777778,5,5,5,555,15,Champions
CUST03035,2026-04-17,12,823753.1,75,68646.09166666666,3,4,5,345,12,Loyal Customers
CUST03036,2026-06-30,10,266854.65,1,26685.465000000004,5,4,3,543,12,Loyal Customers
CUST03037,2026-02-26,3,124198.65,125,41399.549999999996,3,1,2,312,6,Others
CUST03038,2026-05-03,20,1092476.3,59,54623.815,4,5,5,455,14,Champions
CUST03039,2025-08-19,5,140079.7,316,28015.940000000002,1,2,2,122,5,Lost Customers
CUST03040,2026-04-22,7,238797.65,70,34113.95,3,3,3,333,9,Others
CUST03041,2025-11-16,12,557564.75,227,46463.729166666664,2,4,4,244,10,At Risk
CUST03042,2026-05-11,16,1347964.6,51,84247.7875,4,5,5,455,14,Champions
CUST03043,2026-06-25,10,456261.0,6,45626.1,5,4,4,544,13,Champions
CUST03044,2025-09-23,8,353588.25,281,44198.53125,2,3,4,234,9,At Risk
CUST03045,2025-11-14,6,139322.55,229,23220.425,2,3,2,232,7,At Risk
CUST03046,2025-12-25,8,688679.95,188,86084.99375,2,3,5,235,10,At Risk
CUST03047,2025-12-16,2,30422.9,197,15211.45,2,1,1,211,4,Lost Customers
CUST03048,2026-06-10,15,427838.0,21,28522.533333333333,5,5,4,554,14,Champions
CUST03049,2026-06-03,3,25270.75,28,8423.583333333334,5,1,1,511,7,Others
CUST03050,2026-03-23,6,111905.05,100,18650.841666666667,3,3,2,332,8,Others
CUST03051,2025-11-06,3,11024.15,237,3674.7166666666667,2,1,1,211,4,Lost Customers
CUST03052,2026-01-31,9,453841.65,151,50426.850000000006,2,4,4,244,10,At Risk
CUST03053,2026-04-13,20,912786.5,79,45639.325,3,5,5,355,13,Loyal Customers
CUST03054,2026-05-31,6,99831.5,31,16638.583333333332,4,3,2,432,9,Potential Loyalists
CUST03055,2026-05-01,19,788153.65,61,41481.77105263158,4,5,5,455,14,Champions
CUST03056,2025-10-21,6,183262.80000000002,253,30543.800000000003,2,3,3,233,8,At Risk
CUST03057,2026-03-07,7,198188.0,116,28312.571428571428,3,3,3,333,9,Others
CUST03058,2026-04-07,14,1122480.2,85,80177.15714285713,3,5,5,355,13,Loyal Customers
CUST03059,2025-11-01,5,58918.850000000006,242,11783.77,2,2,1,221,5,Lost Customers
CUST03060,2026-05-18,11,575518.85,44,52319.895454545454,4,4,4,444,12,Champions
CUST03061,2026-05-12,11,816469.55,50,74224.50454545455,4,4,5,445,13,Champions
CUST03062,2026-03-13,4,18244.3,110,4561.075,3,2,1,321,6,Others
CUST03063,2026-06-20,18,810832.4,11,45046.24444444445,5,5,5,555,15,Champions
CUST03064,2026-02-25,13,648612.55,126,49893.273076923084,3,4,5,345,12,Loyal Customers
CUST03065,2024-07-03,4,91899.90000000001,728,22974.975000000002,1,2,2,122,5,Lost Customers
CUST03066,2024-09-15,1,54866.0,654,54866.0,1,1,1,111,3,Lost Customers
CUST03067,2026-03-03,12,260521.6,120,21710.133333333335,3,4,3,343,10,Loyal Customers
CUST03068,2026-02-19,11,563722.45,132,51247.49545454545,3,4,4,344,11,Loyal Customers
CUST03069,2026-06-21,1,19272.6,10,19272.6,5,1,1,511,7,Others
CUST03070,2025-08-10,3,88112.85,325,29370.95,1,1,2,112,4,Lost Customers
CUST03071,2026-06-05,19,794058.15,26,41792.53421052632,5,5,5,555,15,Champions
CUST03072,2026-02-06,4,158924.9,145,39731.225,3,2,2,322,7,Others
CUST03073,2025-10-22,2,51465.5,252,25732.75,2,1,1,211,4,Lost Customers
CUST03074,2025-12-08,4,126737.45,205,31684.3625,2,2,2,222,6,Lost Customers
CUST03075,2026-05-05,1,12441.0,57,12441.0,4,1,1,411,6,Others
CUST03076,2026-04-21,2,145958.3,71,72979.15,3,1,2,312,6,Others
CUST03077,2024-11-01,3,26647.7,607,8882.566666666668,1,1,1,111,3,Lost Customers
CUST03078,2025-02-06,3,182258.25,510,60752.75,1,1,3,113,5,Others
CUST03079,2026-05-08,6,158060.35,54,26343.391666666666,4,3,2,432,9,Potential Loyalists
CUST03080,2026-06-15,25,1037252.2,16,41490.087999999996,5,5,5,555,15,Champions
CUST03081,2026-06-18,12,199970.8,13,16664.233333333334,5,4,3,543,12,Loyal Customers
CUST03082,2026-06-07,5,141094.5,24,28218.9,5,2,2,522,9,Potential Loyalists
CUST03083,2026-03-25,4,117362.29999999999,98,29340.574999999997,3,2,2,322,7,Others
CUST03084,2025-05-03,3,129268.1,424,43089.36666666667,1,1,2,112,4,Lost Customers
CUST03085,2026-05-03,8,400208.7,59,50026.0875,4,3,4,434,11,Potential Loyalists
CUST03086,2026-05-11,14,635370.4,51,45383.6,4,5,5,455,14,Champions
CUST03087,2026-03-10,5,157829.3,113,31565.859999999997,3,2,2,322,7,Others
CUST03088,2026-05-13,8,287829.1,49,35978.6375,4,3,3,433,10,Potential Loyalists
CUST03089,2026-01-01,5,308153.2,181,61630.64,2,2,3,223,7,Others
CUST03090,2026-06-21,21,866499.7,10,41261.89047619047,5,5,5,555,15,Champions
CUST03091,2024-11-07,2,7912.549999999999,601,3956.2749999999996,1,1,1,111,3,Lost Customers
CUST03092,2025-12-22,11,573978.4,191,52179.854545454546,2,4,4,244,10,At Risk
CUST03093,2025-08-24,5,268635.75,311,53727.15,2,2,3,223,7,Others
CUST03094,2026-06-01,22,1776843.8,30,80765.62727272727,4,5,5,455,14,Champions
CUST03095,2026-06-21,6,398081.85,10,66346.97499999999,5,3,4,534,12,Potential Loyalists
CUST03096,2024-09-30,2,53177.6,639,26588.8,1,1,1,111,3,Lost Customers
CUST03097,2026-01-10,5,395888.45,172,79177.69,2,2,4,224,8,Others
CUST03098,2026-05-15,20,758903.2,47,37945.159999999996,4,5,5,455,14,Champions
CUST03099,2026-05-21,9,175572.6,41,19508.066666666666,4,4,3,443,11,Loyal Customers
CUST03100,2025-10-11,5,100829.6,263,20165.920000000002,2,2,2,222,6,Lost Customers
CUST03101,2026-03-25,5,385095.60000000003,98,77019.12000000001,3,2,4,324,9,Others
CUST03102,2026-04-11,6,257447.2,81,42907.86666666667,3,3,3,333,9,Others
CUST03103,2026-05-18,9,150188.75,44,16687.63888888889,4,4,2,442,10,Loyal Customers
CUST03104,2026-06-21,9,305574.75,10,33952.75,5,4,3,543,12,Loyal Customers
CUST03105,2026-05-20,5,166943.25,42,33388.65,4,2,2,422,8,Potential Loyalists
CUST03106,2024-06-07,2,20818.2,754,10409.1,1,1,1,111,3,Lost Customers
CUST03107,2024-08-20,2,40381.5,680,20190.75,1,1,1,111,3,Lost Customers
CUST03108,2026-05-06,15,551078.0,56,36738.53333333333,4,5,4,454,13,Champions
CUST03109,2025-07-03,1,85071.0,363,85071.0,1,1,2,112,4,Lost Customers
CUST03110,2026-02-10,6,96033.25,141,16005.541666666666,3,3,2,332,8,Others
CUST03111,2026-01-21,2,34658.5,161,17329.25,2,1,1,211,4,Lost Customers
CUST03112,2025-10-09,4,72933.20000000001,265,18233.300000000003,2,2,2,222,6,Lost Customers
CUST03113,2025-10-30,4,36002.05,244,9000.5125,2,2,1,221,5,Lost Customers
CUST03114,2026-06-18,19,1251485.55,13,65867.6605263158,5,5,5,555,15,Champions
CUST03115,2026-05-08,13,459546.05,54,35349.696153846155,4,4,4,444,12,Champions
CUST03116,2026-04-10,7,679376.3,82,97053.75714285715,3,3,5,335,11,Others
CUST03117,2026-06-24,19,1082813.85,7,56990.202631578955,5,5,5,555,15,Champions
CUST03118,2026-02-26,13,133465.45,125,10266.573076923078,3,5,2,352,10,Loyal Customers
CUST03119,2026-05-26,11,553782.8,36,50343.890909090915,4,4,4,444,12,Champions
CUST03120,2026-03-14,11,453347.05,109,41213.36818181818,3,4,4,344,11,Loyal Customers
CUST03121,2026-05-30,20,959367.4,32,47968.37,4,5,5,455,14,Champions
CUST03122,2026-02-23,4,81628.75,128,20407.1875,3,2,2,322,7,Others
CUST03123,2025-08-31,6,256841.6,304,42806.933333333334,2,3,3,233,8,At Risk
CUST03124,2026-06-27,23,1109743.65,4,48249.723913043475,5,5,5,555,15,Champions
CUST03125,2025-07-08,1,89782.2,358,89782.2,1,1,2,112,4,Lost Customers
CUST03126,2024-09-01,4,86542.1,668,21635.525,1,2,2,122,5,Lost Customers
CUST03127,2026-04-22,13,488587.14999999997,70,37583.62692307692,3,5,4,354,12,Loyal Customers
CUST03128,2026-06-16,9,777092.35,15,86343.59444444445,5,4,5,545,14,Champions
CUST03129,2026-02-17,8,244944.25,134,30618.03125,3,3,3,333,9,Others
CUST03130,2026-06-19,15,831094.5,12,55406.3,5,5,5,555,15,Champions
CUST03131,2025-10-01,7,166586.1,273,23798.014285714286,2,3,2,232,7,At Risk
CUST03132,2026-06-02,6,199851.95,29,33308.65833333333,5,3,3,533,11,Potential Loyalists
CUST03133,2026-06-25,9,353959.0,6,39328.77777777778,5,4,4,544,13,Champions
CUST03134,2025-11-12,12,665796.3,231,55483.025,2,4,5,245,11,At Risk
CUST03135,2026-06-29,12,992805.3,2,82733.77500000001,5,4,5,545,14,Champions
CUST03136,2026-06-20,28,1224884.15,11,43745.862499999996,5,5,5,555,15,Champions
CUST03137,2026-02-22,6,146170.75,129,24361.791666666668,3,3,2,332,8,Others
CUST03138,2025-12-28,10,496961.80000000005,185,49696.18000000001,2,4,4,244,10,At Risk
CUST03139,2026-02-04,7,231166.95,147,33023.85,2,3,3,233,8,At Risk
CUST03140,2026-02-14,7,405489.35,137,57927.049999999996,3,3,4,334,10,Others
CUST03141,2026-06-13,15,967999.95,18,64533.329999999994,5,5,5,555,15,Champions
CUST03142,2024-03-14,1,95361.0,839,95361.0,1,1,2,112,4,Lost Customers
CUST03143,2026-04-18,8,264055.25,74,33006.90625,3,3,3,333,9,Others
CUST03144,2026-03-22,11,344391.5,101,31308.31818181818,3,4,4,344,11,Loyal Customers
CUST03145,2025-09-04,3,20038.25,300,6679.416666666667,2,1,1,211,4,Lost Customers
CUST03146,2025-07-26,4,30872.4,340,7718.1,1,2,1,121,4,Lost Customers
CUST03147,2026-06-19,20,930509.2,12,46525.46,5,5,5,555,15,Champions
CUST03148,2025-04-18,2,45963.1,439,22981.55,1,1,1,111,3,Lost Customers
CUST03149,2026-04-03,11,566745.05,89,51522.277272727275,3,4,4,344,11,Loyal Customers
CUST03150,2026-06-24,18,1832057.6,7,101780.97777777778,5,5,5,555,15,Champions
CUST03151,2026-05-19,6,89441.3,43,14906.883333333333,4,3,2,432,9,Potential Loyalists
CUST03152,2024-01-22,1,4234.5,891,4234.5,1,1,1,111,3,Lost Customers
CUST03153,2025-03-19,2,24383.699999999997,469,12191.849999999999,1,1,1,111,3,Lost Customers
CUST03154,2026-06-06,23,1024211.95,25,44530.95434782608,5,5,5,555,15,Champions
CUST03155,2025-03-27,3,145723.90000000002,461,48574.63333333334,1,1,2,112,4,Lost Customers
CUST03156,2026-04-20,2,55911.3,72,27955.65,3,1,1,311,5,Others
CUST03157,2026-06-02,15,443680.4,29,29578.693333333336,5,5,4,554,14,Champions
CUST03158,2024-10-28,2,10860.7,611,5430.35,1,1,1,111,3,Lost Customers
CUST03159,2026-06-30,14,1067294.95,1,76235.35357142857,5,5,5,555,15,Champions
CUST03160,2025-07-13,2,4570.4,353,2285.2,1,1,1,111,3,Lost Customers
CUST03161,2026-05-17,14,499819.15,45,35701.36785714286,4,5,4,454,13,Champions
CUST03162,2026-06-22,15,401199.9,9,26746.66,5,5,4,554,14,Champions
CUST03163,2025-11-07,7,113295.5,236,16185.07142857143,2,3,2,232,7,At Risk
CUST03164,2025-01-12,5,163693.65,535,32738.73,1,2,2,122,5,Lost Customers
CUST03165,2024-10-28,2,192529.8,611,96264.9,1,1,3,113,5,Others
CUST03166,2025-01-11,2,4464.05,536,2232.025,1,1,1,111,3,Lost Customers
CUST03167,2025-02-18,3,66191.9,498,22063.966666666664,1,1,1,111,3,Lost Customers
CUST03168,2025-01-18,2,6138.5,529,3069.25,1,1,1,111,3,Lost Customers
CUST03169,2025-03-22,5,316927.4,466,63385.48,1,2,3,123,6,Others
CUST03170,2024-01-20,1,674.5,893,674.5,1,1,1,111,3,Lost Customers
CUST03171,2026-01-04,11,587095.3,178,53372.3,2,4,5,245,11,At Risk
CUST03172,2026-06-04,10,266895.45,27,26689.545000000002,5,4,3,543,12,Loyal Customers
CUST03173,2026-03-24,5,143613.6,99,28722.72,3,2,2,322,7,Others
CUST03174,2026-04-08,1,40560.3,84,40560.3,3,1,1,311,5,Others
CUST03175,2025-07-03,4,82689.55,363,20672.3875,1,2,2,122,5,Lost Customers
CUST03176,2026-04-26,15,235064.3,66,15670.953333333333,4,5,3,453,12,Loyal Customers
CUST03177,2026-05-31,12,703448.7,31,58620.725,4,4,5,445,13,Champions
CUST03178,2024-01-31,1,4569.0,882,4569.0,1,1,1,111,3,Lost Customers
CUST03179,2026-02-04,12,520977.0,147,43414.75,2,4,4,244,10,At Risk
CUST03180,2026-04-03,4,144701.4,89,36175.35,3,2,2,322,7,Others
CUST03181,2026-06-15,1,46714.35,16,46714.35,5,1,1,511,7,Others
CUST03182,2025-12-26,5,172518.9,187,34503.78,2,2,3,223,7,Others
CUST03183,2026-01-25,8,430801.05,157,53850.13125,2,3,4,234,9,At Risk
CUST03184,2026-04-19,16,1152719.35,73,72044.959375,3,5,5,355,13,Loyal Customers
CUST03185,2026-05-19,16,343152.25,43,21447.015625,4,5,4,454,13,Champions
CUST03186,2025-10-29,12,423565.75,245,35297.145833333336,2,4,4,244,10,At Risk
CUST03187,2026-01-07,9,170401.25,175,18933.472222222223,2,4,2,242,8,At Risk
CUST03188,2026-05-31,10,692347.6,31,69234.76,4,4,5,445,13,Champions
CUST03189,2026-06-04,9,120924.0,27,13436.0,5,4,2,542,11,Loyal Customers
CUST03190,2025-02-25,2,35123.2,491,17561.6,1,1,1,111,3,Lost Customers
CUST03191,2026-05-31,18,746809.4,31,41489.41111111111,4,5,5,455,14,Champions
CUST03192,2026-03-23,2,535.7,100,267.85,3,1,1,311,5,Others
CUST03193,2026-06-21,5,94717.7,10,18943.54,5,2,2,522,9,Potential Loyalists
CUST03194,2026-03-11,4,259282.45,112,64820.6125,3,2,3,323,8,Others
CUST03195,2025-04-28,5,186640.75,429,37328.15,1,2,3,123,6,Others
CUST03196,2026-05-19,30,1198636.35,43,39954.545000000006,4,5,5,455,14,Champions
CUST03197,2025-11-26,7,195316.8,217,27902.399999999998,2,3,3,233,8,At Risk
CUST03198,2026-06-25,13,556826.55,6,42832.811538461545,5,5,4,554,14,Champions
CUST03199,2026-05-18,11,590246.0,44,53658.72727272727,4,4,5,445,13,Champions
CUST03200,2026-04-13,6,125756.95,79,20959.491666666665,3,3,2,332,8,Others
CUST03201,2026-04-11,1,114612.0,81,114612.0,3,1,2,312,6,Others
CUST03202,2024-09-21,4,50099.65,648,12524.9125,1,2,1,121,4,Lost Customers
CUST03203,2026-03-16,7,403921.4,107,57703.05714285715,3,3,4,334,10,Others
CUST03204,2026-01-03,13,621824.2,179,47832.63076923077,2,5,5,255,12,At Risk
CUST03205,2026-05-21,8,694855.4,41,86856.925,4,3,5,435,12,Potential Loyalists
CUST03206,2026-04-05,10,615237.85,87,61523.784999999996,3,4,5,345,12,Loyal Customers
CUST03207,2026-05-27,30,1407454.4,35,46915.14666666666,4,5,5,455,14,Champions
CUST03208,2026-04-30,9,478186.4,62,53131.822222222225,4,4,4,444,12,Champions
CUST03209,2026-02-14,2,5971.7,137,2985.85,3,1,1,311,5,Others
CUST03210,2026-06-12,17,791184.95,19,46540.291176470586,5,5,5,555,15,Champions
CUST03211,2026-04-27,13,760651.95,65,58511.688461538455,4,5,5,455,14,Champions
CUST03212,2024-02-26,1,7983.0,856,7983.0,1,1,1,111,3,Lost Customers
CUST03213,2025-07-29,5,126767.75,337,25353.55,1,2,2,122,5,Lost Customers
CUST03214,2025-11-02,2,22840.0,241,11420.0,2,1,1,211,4,Lost Customers
CUST03215,2025-05-31,6,136434.55,396,22739.091666666664,1,3,2,132,6,At Risk
CUST03216,2025-12-16,6,73349.05,197,12224.841666666667,2,3,2,232,7,At Risk
CUST03217,2026-06-10,23,917512.75,21,39891.858695652176,5,5,5,555,15,Champions
CUST03218,2026-04-25,9,603885.0,67,67098.33333333333,4,4,5,445,13,Champions
CUST03219,2024-09-12,1,16581.8,657,16581.8,1,1,1,111,3,Lost Customers
CUST03220,2026-03-21,4,336941.1,102,84235.275,3,2,4,324,9,Others
CUST03221,2026-05-24,23,1212149.75,38,52702.163043478264,4,5,5,455,14,Champions
CUST03222,2025-11-20,9,356670.8,223,39630.08888888889,2,4,4,244,10,At Risk
CUST03223,2026-05-20,2,89761.85,42,44880.925,4,1,2,412,7,Others
CUST03224,2026-03-24,25,1020355.35,99,40814.214,3,5,5,355,13,Loyal Customers
CUST03225,2025-11-10,4,141171.0,233,35292.75,2,2,2,222,6,Lost Customers
CUST03226,2025-09-04,3,56509.4,300,18836.466666666667,2,1,1,211,4,Lost Customers
CUST03227,2026-05-10,12,256716.0,52,21393.0,4,4,3,443,11,Loyal Customers
CUST03228,2026-06-04,13,552768.0,27,42520.61538461538,5,5,4,554,14,Champions
CUST03229,2025-12-20,4,116511.45000000001,193,29127.862500000003,2,2,2,222,6,Lost Customers
CUST03230,2026-05-01,6,192481.5,61,32080.25,4,3,3,433,10,Potential Loyalists
CUST03231,2025-12-15,2,12923.0,198,6461.5,2,1,1,211,4,Lost Customers
CUST03232,2026-03-29,8,395538.4,94,49442.3,3,3,4,334,10,Others
CUST03233,2025-12-03,4,38439.3,210,9609.825,2,2,1,221,5,Lost Customers
CUST03234,2026-04-28,11,445243.65,64,40476.69545454546,4,4,4,444,12,Champions
CUST03235,2025-08-04,4,44639.4,331,11159.85,1,2,1,121,4,Lost Customers
CUST03236,2025-11-23,1,290622.0,220,290622.0,2,1,3,213,6,Others
CUST03237,2026-06-10,10,620032.7,21,62003.27,5,4,5,545,14,Champions
CUST03238,2025-07-31,5,124397.95,335,24879.59,1,2,2,122,5,Lost Customers
CUST03239,2025-10-13,2,15238.8,261,7619.4,2,1,1,211,4,Lost Customers
CUST03240,2026-05-08,22,1223548.05,54,55615.82045454546,4,5,5,455,14,Champions
CUST03241,2026-01-11,13,842007.7,171,64769.82307692307,2,5,5,255,12,At Risk
CUST03242,2026-06-09,9,280571.15,22,31174.572222222225,5,4,3,543,12,Loyal Customers
CUST03243,2026-06-11,10,500218.55000000005,20,50021.855,5,4,4,544,13,Champions
CUST03244,2026-05-09,6,202988.6,53,33831.433333333334,4,3,3,433,10,Potential Loyalists
CUST03245,2026-03-24,14,517702.7,99,36978.764285714286,3,5,4,354,12,Loyal Customers
CUST03246,2026-01-18,8,176239.05,164,22029.88125,2,3,3,233,8,At Risk
CUST03247,2026-05-23,9,569908.4,39,63323.15555555556,4,4,4,444,12,Champions
CUST03248,2024-10-03,7,371826.2,636,53118.02857142857,1,3,4,134,8,At Risk
CUST03249,2026-06-11,14,388467.8,20,27747.7,5,5,4,554,14,Champions
CUST03250,2026-04-18,7,235843.55,74,33691.93571428571,3,3,3,333,9,Others
CUST03251,2025-07-10,3,77801.75,356,25933.916666666668,1,1,2,112,4,Lost Customers
CUST03252,2025-12-19,4,78385.0,194,19596.25,2,2,2,222,6,Lost Customers
CUST03253,2026-01-05,4,113173.9,177,28293.475,2,2,2,222,6,Lost Customers
CUST03254,2025-11-01,1,19109.7,242,19109.7,2,1,1,211,4,Lost Customers
CUST03255,2025-08-13,6,317313.0,322,52885.5,1,3,3,133,7,At Risk
CUST03256,2026-06-04,5,374076.25,27,74815.25,5,2,4,524,11,Potential Loyalists
CUST03257,2024-09-17,1,47172.45,652,47172.45,1,1,1,111,3,Lost Customers
CUST03258,2026-04-24,9,858198.0,68,95355.33333333333,4,4,5,445,13,Champions
CUST03259,2025-06-20,3,50454.4,376,16818.133333333335,1,1,1,111,3,Lost Customers
CUST03260,2026-03-13,5,150029.65,110,30005.93,3,2,2,322,7,Others
CUST03261,2026-04-22,1,4800.0,70,4800.0,3,1,1,311,5,Others
CUST03262,2026-06-02,9,363200.95,29,40355.66111111111,5,4,4,544,13,Champions
CUST03263,2026-03-18,1,171317.3,105,171317.3,3,1,2,312,6,Others
CUST03264,2025-11-21,4,77378.4,222,19344.6,2,2,2,222,6,Lost Customers
CUST03265,2026-05-24,9,614688.75,38,68298.75,4,4,5,445,13,Champions
CUST03266,2025-09-28,1,14855.15,276,14855.15,2,1,1,211,4,Lost Customers
CUST03267,2026-06-05,17,894431.15,26,52613.59705882353,5,5,5,555,15,Champions
CUST03268,2026-04-02,6,362906.5,90,60484.416666666664,3,3,4,334,10,Others
CUST03269,2026-03-29,2,6671.25,94,3335.625,3,1,1,311,5,Others
CUST03270,2025-01-21,4,117617.35,526,29404.3375,1,2,2,122,5,Lost Customers
CUST03271,2026-06-25,22,667281.2,6,30330.963636363635,5,5,5,555,15,Champions
CUST03272,2026-06-30,14,410091.6,1,29292.257142857143,5,5,4,554,14,Champions
CUST03273,2026-03-21,15,453402.8,102,30226.853333333333,3,5,4,354,12,Loyal Customers
CUST03274,2025-09-08,13,447473.8,296,34421.06153846154,2,5,4,254,11,At Risk
CUST03275,2026-06-03,14,418946.65,28,29924.760714285716,5,5,4,554,14,Champions
CUST03276,2024-05-21,1,24647.4,771,24647.4,1,1,1,111,3,Lost Customers
CUST03277,2026-06-09,8,257636.75,22,32204.59375,5,3,3,533,11,Potential Loyalists
CUST03278,2025-04-29,4,243826.7,428,60956.675,1,2,3,123,6,Others
CUST03279,2026-06-02,16,942172.85,29,58885.803125,5,5,5,555,15,Champions
CUST03280,2025-10-29,11,665375.7,245,60488.7,2,4,5,245,11,At Risk
CUST03281,2026-05-12,5,178293.2,50,35658.64,4,2,3,423,9,Potential Loyalists
CUST03282,2024-12-11,3,198825.7,567,66275.23333333334,1,1,3,113,5,Others
CUST03283,2026-02-03,9,464498.4,148,51610.933333333334,2,4,4,244,10,At Risk
CUST03284,2026-05-09,8,234498.25,53,29312.28125,4,3,3,433,10,Potential Loyalists
CUST03285,2026-05-14,16,1046924.1,48,65432.75625,4,5,5,455,14,Champions
CUST03286,2026-02-17,14,911747.9,134,65124.85,3,5,5,355,13,Loyal Customers
CUST03287,2026-02-01,4,207182.40000000002,150,51795.600000000006,2,2,3,223,7,Others
CUST03288,2026-04-26,20,1197595.7,66,59879.784999999996,4,5,5,455,14,Champions
CUST03289,2026-01-18,15,744216.45,164,49614.43,2,5,5,255,12,At Risk
CUST03290,2026-06-09,3,76733.5,22,25577.833333333332,5,1,2,512,8,Others
CUST03291,2025-06-11,3,5379.55,385,1793.1833333333334,1,1,1,111,3,Lost Customers
CUST03292,2025-09-20,2,39940.5,284,19970.25,2,1,1,211,4,Lost Customers
CUST03293,2026-06-21,17,874592.05,10,51446.59117647059,5,5,5,555,15,Champions
CUST03294,2025-11-04,4,41504.9,239,10376.225,2,2,1,221,5,Lost Customers
CUST03295,2026-04-09,14,513527.0,83,36680.5,3,5,4,354,12,Loyal Customers
CUST03296,2026-02-11,4,123825.25,140,30956.3125,3,2,2,322,7,Others
CUST03297,2025-10-05,14,796838.35,269,56917.025,2,5,5,255,12,At Risk
CUST03298,2026-05-26,7,894583.1499999999,36,127797.59285714284,4,3,5,435,12,Potential Loyalists
CUST03299,2025-07-08,3,24063.95,358,8021.316666666667,1,1,1,111,3,Lost Customers
CUST03300,2026-06-18,13,473799.05,13,36446.08076923077,5,5,4,554,14,Champions
CUST03301,2026-06-18,6,79786.2,13,13297.699999999999,5,3,2,532,10,Potential Loyalists
CUST03302,2026-06-23,10,422439.55000000005,8,42243.955,5,4,4,544,13,Champions
CUST03303,2026-06-29,12,214659.75,2,17888.3125,5,4,3,543,12,Loyal Customers
CUST03304,2026-05-26,10,106146.1,36,10614.61,4,4,2,442,10,Loyal Customers
CUST03305,2026-05-17,26,527816.6,45,20300.63846153846,4,5,4,454,13,Champions
CUST03306,2026-06-29,9,597757.8,2,66417.53333333334,5,4,5,545,14,Champions
CUST03307,2026-04-01,10,613195.05,91,61319.505000000005,3,4,5,345,12,Loyal Customers
CUST03308,2026-01-23,17,604474.55,159,35557.32647058824,2,5,5,255,12,At Risk
CUST03309,2026-04-18,25,1177003.3,74,47080.132000000005,3,5,5,355,13,Loyal Customers
CUST03310,2025-05-29,6,68591.9,398,11431.983333333332,1,3,1,131,5,At Risk
CUST03311,2025-07-13,4,121771.65000000001,353,30442.912500000002,1,2,2,122,5,Lost Customers
CUST03312,2025-05-17,7,328613.25,410,46944.75,1,3,4,134,8,At Risk
CUST03313,2025-08-11,5,154033.5,324,30806.7,1,2,2,122,5,Lost Customers
CUST03314,2025-03-26,2,18161.149999999998,462,9080.574999999999,1,1,1,111,3,Lost Customers
CUST03315,2026-05-13,12,580096.25,49,48341.354166666664,4,4,4,444,12,Champions
CUST03316,2026-06-12,15,596035.75,19,39735.71666666667,5,5,5,555,15,Champions
CUST03317,2025-11-30,4,77648.25,213,19412.0625,2,2,2,222,6,Lost Customers
CUST03318,2025-10-30,9,479609.60000000003,244,53289.955555555556,2,4,4,244,10,At Risk
CUST03319,2026-06-13,7,120293.20000000001,18,17184.742857142857,5,3,2,532,10,Potential Loyalists
CUST03320,2026-05-04,5,226224.55,58,45244.909999999996,4,2,3,423,9,Potential Loyalists
CUST03321,2026-01-18,9,392379.55,164,43597.72777777778,2,4,4,244,10,At Risk
CUST03322,2026-04-27,13,939860.7,65,72296.97692307692,4,5,5,455,14,Champions
CUST03323,2026-05-14,3,5766.5,48,1922.1666666666667,4,1,1,411,6,Others
CUST03324,2025-04-26,1,220.0,431,220.0,1,1,1,111,3,Lost Customers
CUST03325,2025-09-10,6,207705.7,294,34617.61666666667,2,3,3,233,8,At Risk
CUST03326,2026-01-30,8,316677.9,152,39584.7375,2,3,3,233,8,At Risk
CUST03327,2025-10-10,8,245164.05,264,30645.50625,2,3,3,233,8,At Risk
CUST03328,2025-05-23,6,167157.3,404,27859.55,1,3,2,132,6,At Risk
CUST03329,2025-07-14,6,105121.1,352,17520.183333333334,1,3,2,132,6,At Risk
CUST03330,2025-09-08,6,199790.4,296,33298.4,2,3,3,233,8,At Risk
CUST03331,2026-04-14,10,295712.35,78,29571.234999999997,3,4,3,343,10,Loyal Customers
CUST03332,2026-02-26,5,483481.1,125,96696.22,3,2,4,324,9,Others
CUST03333,2026-03-18,3,147077.85,105,49025.950000000004,3,1,2,312,6,Others
CUST03334,2026-05-28,11,709306.0,34,64482.36363636364,4,4,5,445,13,Champions
CUST03335,2026-05-26,15,1264558.15,36,84303.87666666666,4,5,5,455,14,Champions
CUST03336,2025-08-25,6,121645.3,310,20274.216666666667,2,3,2,232,7,At Risk
CUST03337,2026-06-02,5,96135.0,29,19227.0,5,2,2,522,9,Potential Loyalists
CUST03338,2026-05-13,9,338372.0,49,37596.88888888889,4,4,4,444,12,Champions
CUST03339,2026-05-11,9,521900.65,51,57988.961111111115,4,4,4,444,12,Champions
CUST03340,2026-06-24,8,206776.05,7,25847.00625,5,3,3,533,11,Potential Loyalists
CUST03341,2026-04-15,10,635751.3,77,63575.130000000005,3,4,5,345,12,Loyal Customers
CUST03342,2025-07-16,6,306831.0,350,51138.5,1,3,3,133,7,At Risk
CUST03343,2025-10-02,1,29022.5,272,29022.5,2,1,1,211,4,Lost Customers
CUST03344,2026-06-18,7,342142.2,13,48877.45714285714,5,3,4,534,12,Potential Loyalists
CUST03345,2026-04-22,7,289530.35,70,41361.47857142857,3,3,3,333,9,Others
CUST03346,2026-05-14,6,82494.1,48,13749.016666666668,4,3,2,432,9,Potential Loyalists
CUST03347,2025-10-23,4,98529.09999999999,251,24632.274999999998,2,2,2,222,6,Lost Customers
CUST03348,2025-12-25,9,820287.45,188,91143.04999999999,2,4,5,245,11,At Risk
CUST03349,2026-02-17,7,219001.4,134,31285.914285714283,3,3,3,333,9,Others
CUST03350,2024-11-10,3,90258.0,598,30086.0,1,1,2,112,4,Lost Customers
CUST03351,2026-05-02,6,275711.4,60,45951.9,4,3,3,433,10,Potential Loyalists
CUST03352,2026-05-05,10,373313.25,57,37331.325,4,4,4,444,12,Champions
CUST03353,2026-03-11,12,696343.1,112,58028.59166666667,3,4,5,345,12,Loyal Customers
CUST03354,2025-11-11,7,212727.4,232,30389.62857142857,2,3,3,233,8,At Risk
CUST03355,2026-04-04,7,498441.35,88,71205.90714285713,3,3,4,334,10,Others
CUST03356,2025-08-30,4,79794.05,305,19948.5125,2,2,2,222,6,Lost Customers
CUST03357,2025-04-28,1,1425.0,429,1425.0,1,1,1,111,3,Lost Customers
CUST03358,2025-06-30,4,114865.1,366,28716.275,1,2,2,122,5,Lost Customers
CUST03359,2025-10-11,5,72791.45,263,14558.289999999999,2,2,2,222,6,Lost Customers
CUST03360,2025-10-29,7,354225.65,245,50603.66428571429,2,3,4,234,9,At Risk
CUST03361,2025-11-28,19,569561.4,215,29976.915789473685,2,5,4,254,11,At Risk
CUST03362,2025-10-15,4,77094.5,259,19273.625,2,2,2,222,6,Lost Customers
CUST03363,2026-06-24,9,284427.15,7,31603.01666666667,5,4,3,543,12,Loyal Customers
CUST03364,2025-10-23,5,416353.55,251,83270.70999999999,2,2,4,224,8,Others
CUST03365,2025-07-20,1,270039.6,346,270039.6,1,1,3,113,5,Others
CUST03366,2026-06-17,10,826666.6,14,82666.66,5,4,5,545,14,Champions
CUST03367,2026-03-31,7,113222.4,92,16174.628571428571,3,3,2,332,8,Others
CUST03368,2026-06-02,18,886110.4,29,49228.35555555556,5,5,5,555,15,Champions
CUST03369,2026-05-25,8,366035.0,37,45754.375,4,3,4,434,11,Potential Loyalists
CUST03370,2026-01-24,11,366736.4,158,33339.67272727273,2,4,4,244,10,At Risk
CUST03371,2025-02-18,4,328154.80000000005,498,82038.70000000001,1,2,4,124,7,Others
CUST03372,2025-11-28,4,78888.35,215,19722.0875,2,2,2,222,6,Lost Customers
CUST03373,2026-03-22,7,188402.8,101,26914.68571428571,3,3,3,333,9,Others
CUST03374,2025-12-29,3,33802.05,184,11267.35,2,1,1,211,4,Lost Customers
CUST03375,2025-06-10,6,253962.3,386,42327.049999999996,1,3,3,133,7,At Risk
CUST03376,2024-06-17,1,4625.6,744,4625.6,1,1,1,111,3,Lost Customers
CUST03377,2026-03-20,5,136792.05000000002,103,27358.410000000003,3,2,2,322,7,Others
CUST03378,2026-06-11,14,882926.85,20,63066.20357142857,5,5,5,555,15,Champions
CUST03379,2026-05-28,6,71738.09999999999,34,11956.349999999999,4,3,2,432,9,Potential Loyalists
CUST03380,2025-11-21,6,591422.1,222,98570.34999999999,2,3,5,235,10,At Risk
CUST03381,2026-03-20,10,263932.35,103,26393.234999999997,3,4,3,343,10,Loyal Customers
CUST03382,2025-01-29,3,156068.40000000002,518,52022.80000000001,1,1,2,112,4,Lost Customers
CUST03383,2025-04-28,6,222492.15,429,37082.025,1,3,3,133,7,At Risk
CUST03384,2026-05-03,5,147269.0,59,29453.8,4,2,2,422,8,Potential Loyalists
CUST03385,2026-05-30,11,227737.5,32,20703.409090909092,4,4,3,443,11,Loyal Customers
CUST03386,2026-06-18,4,145849.5,13,36462.375,5,2,2,522,9,Potential Loyalists
CUST03387,2026-06-08,17,753890.25,23,44346.48529411765,5,5,5,555,15,Champions
CUST03388,2026-04-09,7,299269.5,83,42752.78571428572,3,3,3,333,9,Others
CUST03389,2026-04-02,10,361426.05,90,36142.604999999996,3,4,4,344,11,Loyal Customers
CUST03390,2026-03-30,12,470632.15,93,39219.34583333333,3,4,4,344,11,Loyal Customers
CUST03391,2026-06-11,4,110925.84999999999,20,27731.462499999998,5,2,2,522,9,Potential Loyalists
CUST03392,2026-02-16,3,22402.6,135,7467.533333333333,3,1,1,311,5,Others
CUST03393,2026-06-02,16,669077.4999999999,29,41817.34374999999,5,5,5,555,15,Champions
CUST03394,2026-05-25,26,1569894.1,37,60380.54230769231,4,5,5,455,14,Champions
CUST03395,2026-01-04,2,72499.85,178,36249.925,2,1,2,212,5,Lost Customers
CUST03396,2025-07-12,6,77680.0,354,12946.666666666666,1,3,2,132,6,At Risk
CUST03397,2026-04-15,6,154404.7,77,25734.11666666667,3,3,2,332,8,Others
CUST03398,2026-04-19,10,509268.4,73,50926.840000000004,3,4,4,344,11,Loyal Customers
CUST03399,2026-02-03,8,475964.7,148,59495.5875,2,3,4,234,9,At Risk
CUST03400,2026-03-13,4,23986.1,110,5996.525,3,2,1,321,6,Others
CUST03401,2026-02-28,9,335767.95,123,37307.55,3,4,4,344,11,Loyal Customers
CUST03402,2026-06-28,11,489224.64999999997,3,44474.96818181818,5,4,4,544,13,Champions
CUST03403,2026-05-15,2,64421.55,47,32210.775,4,1,1,411,6,Others
CUST03404,2025-12-30,3,207457.6,183,69152.53333333334,2,1,3,213,6,Others
CUST03405,2024-10-10,4,161515.55000000002,629,40378.887500000004,1,2,2,122,5,Lost Customers
CUST03406,2026-06-22,15,736296.65,9,49086.443333333336,5,5,5,555,15,Champions
CUST03407,2026-06-14,7,357916.75,17,51130.96428571428,5,3,4,534,12,Potential Loyalists
CUST03408,2026-04-02,6,245039.94999999998,90,40839.99166666666,3,3,3,333,9,Others
CUST03409,2026-01-18,3,123642.4,164,41214.13333333333,2,1,2,212,5,Lost Customers
CUST03410,2026-06-16,27,854840.3,15,31660.751851851852,5,5,5,555,15,Champions
CUST03411,2025-08-31,1,6219.2,304,6219.2,2,1,1,211,4,Lost Customers
CUST03412,2026-02-21,6,312173.9,130,52028.98333333334,3,3,3,333,9,Others
CUST03413,2026-04-30,9,353943.45,62,39327.05,4,4,4,444,12,Champions
CUST03414,2026-06-16,19,1111616.75,15,58506.14473684211,5,5,5,555,15,Champions
CUST03415,2026-05-25,11,741290.2,37,67390.01818181817,4,4,5,445,13,Champions
CUST03416,2026-06-10,9,278161.65,21,30906.850000000002,5,4,3,543,12,Loyal Customers
CUST03417,2026-06-20,21,1168573.3,11,55646.34761904762,5,5,5,555,15,Champions
CUST03418,2026-03-21,5,70043.4,102,14008.679999999998,3,2,1,321,6,Others
CUST03419,2026-06-02,19,691763.4,29,36408.6,5,5,5,555,15,Champions
CUST03420,2026-04-13,9,206359.5,79,22928.833333333332,3,4,3,343,10,Loyal Customers
CUST03421,2026-04-21,24,1011329.25,71,42138.71875,3,5,5,355,13,Loyal Customers
CUST03422,2026-03-03,13,727877.75,120,55990.596153846156,3,5,5,355,13,Loyal Customers
CUST03423,2026-06-23,13,540512.1,8,41577.85384615384,5,5,4,554,14,Champions
CUST03424,2026-03-16,8,175056.95,107,21882.11875,3,3,3,333,9,Others
CUST03425,2026-03-16,6,142571.05000000002,107,23761.84166666667,3,3,2,332,8,Others
CUST03426,2026-04-17,4,143954.05,75,35988.5125,3,2,2,322,7,Others
CUST03427,2026-02-08,7,448962.75,143,64137.53571428572,3,3,4,334,10,Others
CUST03428,2025-12-29,12,489206.80000000005,184,40767.23333333334,2,4,4,244,10,At Risk
CUST03429,2026-05-31,2,123459.45,31,61729.725,4,1,2,412,7,Others
CUST03430,2026-03-03,4,37796.15,120,9449.0375,3,2,1,321,6,Others
CUST03431,2026-03-17,9,252621.45,106,28069.050000000003,3,4,3,343,10,Loyal Customers
CUST03432,2025-09-29,4,36842.2,275,9210.55,2,2,1,221,5,Lost Customers
CUST03433,2026-06-13,4,121232.1,18,30308.025,5,2,2,522,9,Potential Loyalists
CUST03434,2026-06-16,14,982311.4,15,70165.1,5,5,5,555,15,Champions
CUST03435,2025-04-24,4,219835.3,433,54958.825,1,2,3,123,6,Others
CUST03436,2026-06-22,9,548688.9,9,60965.433333333334,5,4,4,544,13,Champions
CUST03437,2025-12-11,4,68934.29999999999,202,17233.574999999997,2,2,1,221,5,Lost Customers
CUST03438,2025-07-07,3,38226.2,359,12742.066666666666,1,1,1,111,3,Lost Customers
CUST03439,2026-04-06,5,125485.5,86,25097.1,3,2,2,322,7,Others
CUST03440,2025-11-28,7,167864.45,215,23980.635714285716,2,3,2,232,7,At Risk
CUST03441,2026-06-13,12,489691.0,18,40807.583333333336,5,4,4,544,13,Champions
CUST03442,2026-05-31,19,916825.7,31,48253.984210526316,4,5,5,455,14,Champions
CUST03443,2026-06-06,19,980140.6,25,51586.347368421055,5,5,5,555,15,Champions
CUST03444,2026-06-21,10,477155.45,10,47715.545,5,4,4,544,13,Champions
CUST03445,2026-03-28,9,367209.89999999997,95,40801.1,3,4,4,344,11,Loyal Customers
CUST03446,2026-06-01,28,1150747.9,30,41098.139285714286,4,5,5,455,14,Champions
CUST03447,2026-01-13,3,26362.85,169,8787.616666666667,2,1,1,211,4,Lost Customers
CUST03448,2026-01-16,12,930740.5,166,77561.70833333333,2,4,5,245,11,At Risk
CUST03449,2026-06-07,6,138502.95,24,23083.825,5,3,2,532,10,Potential Loyalists
CUST03450,2026-06-22,26,1565927.6,9,60227.984615384616,5,5,5,555,15,Champions
CUST03451,2024-01-16,1,25414.5,897,25414.5,1,1,1,111,3,Lost Customers
CUST03452,2026-04-12,6,218549.0,80,36424.833333333336,3,3,3,333,9,Others
CUST03453,2025-11-25,5,104310.0,218,20862.0,2,2,2,222,6,Lost Customers
CUST03454,2026-05-27,6,145868.7,35,24311.45,4,3,2,432,9,Potential Loyalists
CUST03455,2026-06-02,12,676149.35,29,56345.77916666667,5,4,5,545,14,Champions
CUST03456,2026-05-21,5,321122.39999999997,41,64224.479999999996,4,2,3,423,9,Potential Loyalists
CUST03457,2025-11-01,2,48244.45,242,24122.225,2,1,1,211,4,Lost Customers
CUST03458,2026-04-28,5,153494.85,64,30698.97,4,2,2,422,8,Potential Loyalists
CUST03459,2025-08-20,1,1130.5,315,1130.5,1,1,1,111,3,Lost Customers
CUST03460,2026-06-07,14,453058.2,24,32361.3,5,5,4,554,14,Champions
CUST03461,2026-05-11,10,303463.39999999997,51,30346.339999999997,4,4,3,443,11,Loyal Customers
CUST03462,2026-06-30,5,52439.95,1,10487.99,5,2,1,521,8,Potential Loyalists
CUST03463,2025-12-04,4,212428.65,209,53107.1625,2,2,3,223,7,Others
CUST03464,2026-06-30,13,543148.9,1,41780.68461538462,5,5,4,554,14,Champions
CUST03465,2026-04-06,7,212330.05,86,30332.864285714284,3,3,3,333,9,Others
CUST03466,2026-02-26,3,67277.4,125,22425.8,3,1,1,311,5,Others
CUST03467,2025-09-23,8,539707.85,281,67463.48125,2,3,4,234,9,At Risk
CUST03468,2025-09-10,2,14905.95,294,7452.975,2,1,1,211,4,Lost Customers
CUST03469,2026-03-26,6,48099.1,97,8016.516666666666,3,3,1,331,7,Others
CUST03470,2026-03-12,6,84525.8,111,14087.633333333333,3,3,2,332,8,Others
CUST03471,2026-06-04,5,295739.89999999997,27,59147.979999999996,5,2,3,523,10,Potential Loyalists
CUST03472,2024-09-06,2,57790.7,663,28895.35,1,1,1,111,3,Lost Customers
CUST03473,2026-01-21,10,389954.95,161,38995.495,2,4,4,244,10,At Risk
CUST03474,2025-10-20,3,71642.05,254,23880.683333333334,2,1,2,212,5,Lost Customers
CUST03475,2025-04-20,5,127022.0,437,25404.4,1,2,2,122,5,Lost Customers
CUST03476,2025-10-13,9,421543.6,261,46838.177777777775,2,4,4,244,10,At Risk
CUST03477,2026-02-05,10,549520.6,146,54952.06,3,4,4,344,11,Loyal Customers
CUST03478,2026-02-28,8,286138.6,123,35767.325,3,3,3,333,9,Others
CUST03479,2025-09-10,2,30175.7,294,15087.85,2,1,1,211,4,Lost Customers
CUST03480,2026-01-29,10,532893.15,153,53289.315,2,4,4,244,10,At Risk
CUST03481,2025-12-20,10,701523.1,193,70152.31,2,4,5,245,11,At Risk
CUST03482,2025-06-12,2,91727.4,384,45863.7,1,1,2,112,4,Lost Customers
CUST03483,2025-05-12,3,32972.65,415,10990.883333333333,1,1,1,111,3,Lost Customers
CUST03484,2026-03-02,16,321454.75,121,20090.921875,3,5,3,353,11,Loyal Customers
CUST03485,2026-04-29,6,398032.7,63,66338.78333333334,4,3,4,434,11,Potential Loyalists
CUST03486,2026-03-16,10,231734.85,107,23173.485,3,4,3,343,10,Loyal Customers
CUST03487,2026-06-08,3,42417.25,23,14139.083333333334,5,1,1,511,7,Others
CUST03488,2026-03-25,14,533003.35,98,38071.66785714286,3,5,4,354,12,Loyal Customers
CUST03489,2025-01-10,1,6650.0,537,6650.0,1,1,1,111,3,Lost Customers
CUST03490,2026-06-30,10,349747.95,1,34974.795,5,4,4,544,13,Champions
CUST03491,2024-10-24,1,39381.0,615,39381.0,1,1,1,111,3,Lost Customers
CUST03492,2024-09-17,2,44775.2,652,22387.6,1,1,1,111,3,Lost Customers
CUST03493,2025-01-04,1,3023.0,543,3023.0,1,1,1,111,3,Lost Customers
CUST03494,2026-03-27,9,454823.8,96,50535.97777777778,3,4,4,344,11,Loyal Customers
CUST03495,2026-05-05,9,467155.44999999995,57,51906.161111111105,4,4,4,444,12,Champions
CUST03496,2026-05-22,23,1403480.3,40,61020.882608695654,4,5,5,455,14,Champions
CUST03497,2026-06-28,10,396022.1,3,39602.21,5,4,4,544,13,Champions
CUST03498,2025-11-27,6,123447.15,216,20574.524999999998,2,3,2,232,7,At Risk
CUST03499,2025-06-27,5,102499.5,369,20499.9,1,2,2,122,5,Lost Customers
CUST03500,2025-05-11,4,206974.15,416,51743.5375,1,2,3,123,6,Others
CUST03501,2026-06-19,13,355966.95,12,27382.07307692308,5,5,4,554,14,Champions
CUST03502,2025-07-16,1,9412.8,350,9412.8,1,1,1,111,3,Lost Customers
CUST03503,2026-04-19,15,379567.8,73,25304.52,3,5,4,354,12,Loyal Customers
CUST03504,2025-11-14,8,337711.7,229,42213.9625,2,3,4,234,9,At Risk
CUST03505,2026-06-25,4,130508.1,6,32627.025,5,2,2,522,9,Potential Loyalists
CUST03506,2025-11-04,4,35938.9,239,8984.725,2,2,1,221,5,Lost Customers
CUST03507,2026-04-04,7,321821.1,88,45974.44285714285,3,3,3,333,9,Others
CUST03508,2026-06-29,7,209965.25,2,29995.035714285714,5,3,3,533,11,Potential Loyalists
CUST03509,2026-03-21,10,290978.89999999997,102,29097.889999999996,3,4,3,343,10,Loyal Customers
CUST03510,2026-06-30,14,763552.4,1,54539.45714285714,5,5,5,555,15,Champions
CUST03511,2026-06-17,31,2232981.6999999997,14,72031.66774193548,5,5,5,555,15,Champions
CUST03512,2024-09-24,2,6281.599999999999,645,3140.7999999999997,1,1,1,111,3,Lost Customers
CUST03513,2026-05-02,19,591136.55,60,31112.45,4,5,5,455,14,Champions
CUST03514,2026-06-10,22,995500.15,21,45250.00681818182,5,5,5,555,15,Champions
CUST03515,2026-03-05,9,427194.95,118,47466.10555555556,3,4,4,344,11,Loyal Customers
CUST03516,2024-10-08,1,26183.7,631,26183.7,1,1,1,111,3,Lost Customers
CUST03517,2026-01-10,4,67167.45,172,16791.8625,2,2,1,221,5,Lost Customers
CUST03518,2025-09-08,7,189780.75,296,27111.535714285714,2,3,3,233,8,At Risk
CUST03519,2025-11-30,9,170760.0,213,18973.333333333332,2,4,2,242,8,At Risk
CUST03520,2025-06-20,8,328464.9,376,41058.1125,1,3,4,134,8,At Risk
CUST03521,2025-12-20,3,44795.899999999994,193,14931.966666666665,2,1,1,211,4,Lost Customers
CUST03522,2025-10-07,4,209476.2,267,52369.05,2,2,3,223,7,Others
CUST03523,2026-01-02,1,17457.6,180,17457.6,2,1,1,211,4,Lost Customers
CUST03524,2024-04-27,1,2726.0,795,2726.0,1,1,1,111,3,Lost Customers
CUST03525,2026-02-05,13,509996.0,146,39230.46153846154,3,5,4,354,12,Loyal Customers
CUST03526,2024-07-09,2,13137.55,722,6568.775,1,1,1,111,3,Lost Customers
CUST03527,2025-08-19,5,188875.0,316,37775.0,1,2,3,123,6,Others
CUST03528,2026-05-30,6,197374.15,32,32895.691666666666,4,3,3,433,10,Potential Loyalists
CUST03529,2025-08-15,1,331.55,320,331.55,1,1,1,111,3,Lost Customers
CUST03530,2025-11-09,2,97180.5,234,48590.25,2,1,2,212,5,Lost Customers
CUST03531,2025-03-10,2,72926.5,478,36463.25,1,1,2,112,4,Lost Customers
CUST03532,2026-03-26,10,371291.7,97,37129.17,3,4,4,344,11,Loyal Customers
CUST03533,2025-03-13,4,50190.1,475,12547.525,1,2,1,121,4,Lost Customers
CUST03534,2026-05-23,17,532287.75,39,31311.04411764706,4,5,4,454,13,Champions
CUST03535,2026-05-31,7,305077.4,31,43582.485714285714,4,3,3,433,10,Potential Loyalists
CUST03536,2026-02-01,2,30402.4,150,15201.2,2,1,1,211,4,Lost Customers
CUST03537,2024-11-09,3,17013.45,599,5671.150000000001,1,1,1,111,3,Lost Customers
CUST03538,2026-03-22,13,996223.45,101,76632.57307692307,3,5,5,355,13,Loyal Customers
CUST03539,2026-06-10,24,1821931.7,21,75913.82083333333,5,5,5,555,15,Champions
CUST03540,2025-12-07,6,92790.05,206,15465.008333333333,2,3,2,232,7,At Risk
CUST03541,2025-09-12,3,44487.3,292,14829.1,2,1,1,211,4,Lost Customers
CUST03542,2026-03-24,17,927748.65,99,54573.450000000004,3,5,5,355,13,Loyal Customers
CUST03543,2025-08-29,5,581918.2,306,116383.63999999998,2,2,4,224,8,Others
CUST03544,2026-06-30,6,287108.9,1,47851.48333333334,5,3,3,533,11,Potential Loyalists
CUST03545,2026-06-26,17,668431.6,5,39319.50588235294,5,5,5,555,15,Champions
CUST03546,2026-06-24,26,1277853.65,7,49148.217307692306,5,5,5,555,15,Champions
CUST03547,2026-03-22,7,131499.75,101,18785.678571428572,3,3,2,332,8,Others
CUST03548,2026-03-11,23,1402062.35,112,60959.23260869565,3,5,5,355,13,Loyal Customers
CUST03549,2025-06-17,3,124266.9,379,41422.299999999996,1,1,2,112,4,Lost Customers
CUST03550,2025-11-02,7,122554.9,241,17507.842857142856,2,3,2,232,7,At Risk
CUST03551,2026-06-01,14,914201.8,30,65300.12857142858,4,5,5,455,14,Champions
CUST03552,2026-01-15,5,187136.2,167,37427.240000000005,2,2,3,223,7,Others
CUST03553,2026-06-23,14,674692.2,8,48192.299999999996,5,5,5,555,15,Champions
CUST03554,2026-05-26,12,398372.75,36,33197.729166666664,4,4,4,444,12,Champions
CUST03555,2026-06-21,23,1642339.95,10,71406.0847826087,5,5,5,555,15,Champions
CUST03556,2026-05-24,6,305399.1,38,50899.85,4,3,3,433,10,Potential Loyalists
CUST03557,2026-03-18,6,129335.15,105,21555.858333333334,3,3,2,332,8,Others
CUST03558,2026-05-07,9,128382.6,55,14264.733333333334,4,4,2,442,10,Loyal Customers
CUST03559,2026-05-10,7,197234.0,52,28176.285714285714,4,3,3,433,10,Potential Loyalists
CUST03560,2025-12-12,10,360354.45,201,36035.445,2,4,4,244,10,At Risk
CUST03561,2026-06-04,32,1064952.05,27,33279.7515625,5,5,5,555,15,Champions
CUST03562,2026-06-25,21,1088155.5,6,51816.92857142857,5,5,5,555,15,Champions
CUST03563,2026-01-02,6,571012.25,180,95168.70833333333,2,3,4,234,9,At Risk
CUST03564,2026-06-12,11,143978.4,19,13088.945454545454,5,4,2,542,11,Loyal Customers
CUST03565,2026-04-19,9,369209.5,73,41023.27777777778,3,4,4,344,11,Loyal Customers
CUST03566,2026-05-27,10,245946.8,35,24594.68,4,4,3,443,11,Loyal Customers
CUST03567,2026-03-28,14,531861.05,95,37990.075000000004,3,5,4,354,12,Loyal Customers
CUST03568,2026-06-07,10,300172.95,24,30017.295000000002,5,4,3,543,12,Loyal Customers
CUST03569,2026-04-11,7,171100.1,81,24442.87142857143,3,3,2,332,8,Others
CUST03570,2025-07-06,2,15067.1,360,7533.55,1,1,1,111,3,Lost Customers
CUST03571,2026-05-08,10,957852.6499999999,54,95785.26499999998,4,4,5,445,13,Champions
CUST03572,2025-08-13,4,100847.9,322,25211.975,1,2,2,122,5,Lost Customers
CUST03573,2026-05-09,9,684812.4500000001,53,76090.27222222224,4,4,5,445,13,Champions
CUST03574,2026-06-25,9,274250.7,6,30472.300000000003,5,4,3,543,12,Loyal Customers
CUST03575,2026-04-27,7,95856.1,65,13693.728571428572,4,3,2,432,9,Potential Loyalists
CUST03576,2026-04-15,9,385470.35,77,42830.038888888885,3,4,4,344,11,Loyal Customers
CUST03577,2024-10-15,2,71525.25,624,35762.625,1,1,1,111,3,Lost Customers
CUST03578,2026-01-29,5,380141.3,153,76028.26,2,2,4,224,8,Others
CUST03579,2026-02-04,3,21581.7,147,7193.900000000001,2,1,1,211,4,Lost Customers
CUST03580,2026-05-25,11,188505.2,37,17136.836363636365,4,4,3,443,11,Loyal Customers
CUST03581,2026-06-17,10,510386.94999999995,14,51038.69499999999,5,4,4,544,13,Champions
CUST03582,2026-06-22,13,385804.75,9,29677.28846153846,5,5,4,554,14,Champions
CUST03583,2026-05-22,26,1570924.7,40,60420.18076923077,4,5,5,455,14,Champions
CUST03584,2025-01-14,3,46863.399999999994,533,15621.133333333331,1,1,1,111,3,Lost Customers
CUST03585,2026-03-10,9,473389.4,113,52598.822222222225,3,4,4,344,11,Loyal Customers
CUST03586,2026-01-30,5,183601.6,152,36720.32,2,2,3,223,7,Others
CUST03587,2026-03-13,5,234034.6,110,46806.92,3,2,3,323,8,Others
CUST03588,2026-05-16,18,775175.6,46,43065.31111111111,4,5,5,455,14,Champions
CUST03589,2026-02-03,9,361293.3,148,40143.7,2,4,4,244,10,At Risk
CUST03590,2026-04-13,6,61279.299999999996,79,10213.216666666665,3,3,1,331,7,Others
CUST03591,2026-01-08,12,209119.25,174,17426.604166666668,2,4,3,243,9,At Risk
CUST03592,2026-01-22,7,149955.45,160,21422.207142857143,2,3,2,232,7,At Risk
CUST03593,2026-06-25,27,1682361.15,6,62309.672222222216,5,5,5,555,15,Champions
CUST03594,2026-02-01,4,104319.1,150,26079.775,2,2,2,222,6,Lost Customers
CUST03595,2025-01-07,4,197652.3,540,49413.075,1,2,3,123,6,Others
CUST03596,2026-05-27,12,641857.45,35,53488.12083333333,4,4,5,445,13,Champions
CUST03597,2026-04-25,8,108535.5,67,13566.9375,4,3,2,432,9,Potential Loyalists
CUST03598,2026-01-19,6,156056.85,163,26009.475000000002,2,3,2,232,7,At Risk
CUST03599,2026-06-30,9,139701.3,1,15522.366666666665,5,4,2,542,11,Loyal Customers
CUST03600,2026-04-23,17,663143.05,69,39008.41470588236,4,5,5,455,14,Champions
CUST03601,2026-05-28,6,205504.75,34,34250.791666666664,4,3,3,433,10,Potential Loyalists
CUST03602,2026-03-17,1,9099.0,106,9099.0,3,1,1,311,5,Others
CUST03603,2025-08-17,6,103565.9,318,17260.983333333334,1,3,2,132,6,At Risk
CUST03604,2024-08-28,1,3000.0,672,3000.0,1,1,1,111,3,Lost Customers
CUST03605,2025-02-23,1,5130.0,493,5130.0,1,1,1,111,3,Lost Customers
CUST03606,2026-05-17,10,477629.2,45,47762.92,4,4,4,444,12,Champions
CUST03607,2026-01-21,4,159402.8,161,39850.7,2,2,2,222,6,Lost Customers
CUST03608,2025-08-16,3,87489.45,319,29163.149999999998,1,1,2,112,4,Lost Customers
CUST03609,2025-08-23,8,127579.5,312,15947.4375,2,3,2,232,7,At Risk
CUST03610,2024-10-12,3,154017.4,627,51339.13333333333,1,1,2,112,4,Lost Customers
CUST03611,2026-06-30,9,504257.5,1,56028.61111111111,5,4,4,544,13,Champions
CUST03612,2026-04-29,5,245156.2,63,49031.240000000005,4,2,3,423,9,Potential Loyalists
CUST03613,2026-02-07,8,388541.5,144,48567.6875,3,3,4,334,10,Others
CUST03614,2026-04-27,14,502419.95,65,35887.139285714286,4,5,4,454,13,Champions
CUST03615,2026-05-13,27,1089807.2,49,40363.229629629626,4,5,5,455,14,Champions
CUST03616,2026-06-18,1,12090.0,13,12090.0,5,1,1,511,7,Others
CUST03617,2025-08-10,7,110898.55,325,15842.65,1,3,2,132,6,At Risk
CUST03618,2025-06-28,2,101537.75,368,50768.875,1,1,2,112,4,Lost Customers
CUST03619,2026-03-14,6,225353.25,109,37558.875,3,3,3,333,9,Others
CUST03620,2025-02-11,2,201830.15,505,100915.075,1,1,3,113,5,Others
CUST03621,2026-06-20,21,697590.1,11,33218.57619047619,5,5,5,555,15,Champions
CUST03622,2026-04-29,7,24950.3,63,3564.328571428571,4,3,1,431,8,Potential Loyalists
CUST03623,2026-06-16,14,617978.1,15,44141.29285714286,5,5,5,555,15,Champions
CUST03624,2024-10-26,1,36005.95,613,36005.95,1,1,1,111,3,Lost Customers
CUST03625,2024-10-11,2,5606.6,628,2803.3,1,1,1,111,3,Lost Customers
CUST03626,2025-06-12,3,99903.4,384,33301.13333333333,1,1,2,112,4,Lost Customers
CUST03627,2026-06-24,26,1614389.25,7,62091.894230769234,5,5,5,555,15,Champions
CUST03628,2026-03-29,5,144714.5,94,28942.9,3,2,2,322,7,Others
CUST03629,2026-01-13,6,628778.55,169,104796.425,2,3,5,235,10,At Risk
CUST03630,2026-04-19,17,809238.1000000001,73,47602.24117647059,3,5,5,355,13,Loyal Customers
CUST03631,2026-03-10,5,204033.65000000002,113,40806.73,3,2,3,323,8,Others
CUST03632,2025-12-13,6,428672.69999999995,200,71445.45,2,3,4,234,9,At Risk
CUST03633,2026-05-09,10,324064.05,53,32406.405,4,4,4,444,12,Champions
CUST03634,2026-04-24,11,1046440.7999999999,68,95130.98181818181,4,4,5,445,13,Champions
CUST03635,2025-08-05,3,190357.7,330,63452.56666666667,1,1,3,113,5,Others
CUST03636,2025-09-06,1,47579.4,298,47579.4,2,1,1,211,4,Lost Customers
CUST03637,2024-11-10,1,118193.3,598,118193.3,1,1,2,112,4,Lost Customers
CUST03638,2026-06-24,10,532628.75,7,53262.875,5,4,4,544,13,Champions
CUST03639,2025-11-29,6,70087.0,214,11681.166666666666,2,3,1,231,6,At Risk
CUST03640,2026-03-23,12,644466.35,100,53705.52916666667,3,4,5,345,12,Loyal Customers
CUST03641,2025-10-23,5,184549.15,251,36909.83,2,2,3,223,7,Others
CUST03642,2026-06-17,16,1133350.4,14,70834.4,5,5,5,555,15,Champions
CUST03643,2026-05-30,5,195833.35,32,39166.67,4,2,3,423,9,Potential Loyalists
CUST03644,2026-06-30,5,445482.05,1,89096.41,5,2,4,524,11,Potential Loyalists
CUST03645,2026-02-17,2,31422.3,134,15711.15,3,1,1,311,5,Others
CUST03646,2025-09-12,8,555612.6,292,69451.575,2,3,4,234,9,At Risk
CUST03647,2026-05-27,11,282122.4,35,25647.49090909091,4,4,3,443,11,Loyal Customers
CUST03648,2026-06-14,8,291947.8,17,36493.475,5,3,3,533,11,Potential Loyalists
CUST03649,2025-11-25,6,152681.6,218,25446.933333333334,2,3,2,232,7,At Risk
CUST03650,2026-01-16,7,100988.7,166,14426.957142857142,2,3,2,232,7,At Risk
CUST03651,2025-03-25,5,132045.85,463,26409.170000000002,1,2,2,122,5,Lost Customers
CUST03652,2026-02-16,4,43316.049999999996,135,10829.012499999999,3,2,1,321,6,Others
CUST03653,2026-06-25,11,576544.7999999999,6,52413.16363636363,5,4,4,544,13,Champions
CUST03654,2026-06-26,8,430208.8,5,53776.1,5,3,4,534,12,Potential Loyalists
CUST03655,2026-03-31,16,1192623.9000000001,92,74538.99375000001,3,5,5,355,13,Loyal Customers
CUST03656,2024-05-30,1,70304.75,762,70304.75,1,1,1,111,3,Lost Customers
CUST03657,2025-04-15,6,164919.4,442,27486.566666666666,1,3,2,132,6,At Risk
CUST03658,2026-04-20,8,408592.8,72,51074.1,3,3,4,334,10,Others
CUST03659,2026-06-09,6,359190.55,22,59865.09166666667,5,3,4,534,12,Potential Loyalists
CUST03660,2026-06-01,12,645385.1,30,53782.09166666667,4,4,5,445,13,Champions
CUST03661,2025-01-16,2,70632.6,531,35316.3,1,1,1,111,3,Lost Customers
CUST03662,2026-05-29,28,1487264.0,33,53116.57142857143,4,5,5,455,14,Champions
CUST03663,2026-03-24,22,1427336.0,99,64878.90909090909,3,5,5,355,13,Loyal Customers
CUST03664,2026-01-13,3,65398.1,169,21799.366666666665,2,1,1,211,4,Lost Customers
CUST03665,2025-11-03,6,285410.2,240,47568.36666666667,2,3,3,233,8,At Risk
CUST03666,2025-09-15,3,60292.399999999994,289,20097.466666666664,2,1,1,211,4,Lost Customers
CUST03667,2026-06-15,5,201027.1,16,40205.42,5,2,3,523,10,Potential Loyalists
CUST03668,2025-10-01,5,196664.7,273,39332.94,2,2,3,223,7,Others
CUST03669,2026-05-11,4,71506.2,51,17876.55,4,2,1,421,7,Potential Loyalists
CUST03670,2025-10-30,5,67403.55,244,13480.710000000001,2,2,1,221,5,Lost Customers
CUST03671,2026-05-17,10,478629.1,45,47862.909999999996,4,4,4,444,12,Champions
CUST03672,2026-02-01,3,78374.2,150,26124.733333333334,2,1,2,212,5,Lost Customers
CUST03673,2025-10-19,8,419476.8,255,52434.6,2,3,4,234,9,At Risk
CUST03674,2026-05-06,7,378954.9,56,54136.41428571429,4,3,4,434,11,Potential Loyalists
CUST03675,2025-01-28,4,27667.75,519,6916.9375,1,2,1,121,4,Lost Customers
CUST03676,2026-04-15,9,455809.85000000003,77,50645.53888888889,3,4,4,344,11,Loyal Customers
CUST03677,2026-04-19,21,1320019.35,73,62858.06428571429,3,5,5,355,13,Loyal Customers
CUST03678,2025-07-16,3,101759.6,350,33919.86666666667,1,1,2,112,4,Lost Customers
CUST03679,2025-09-11,10,701654.2,293,70165.42,2,4,5,245,11,At Risk
CUST03680,2025-02-06,1,74664.0,510,74664.0,1,1,2,112,4,Lost Customers
CUST03681,2024-06-30,2,4104.95,731,2052.475,1,1,1,111,3,Lost Customers
CUST03682,2026-03-10,10,361666.1,113,36166.61,3,4,4,344,11,Loyal Customers
CUST03683,2026-06-07,22,1164964.3,24,52952.92272727273,5,5,5,555,15,Champions
CUST03684,2025-05-11,2,184428.40000000002,416,92214.20000000001,1,1,3,113,5,Others
CUST03685,2026-04-15,15,627914.65,77,41860.97666666667,3,5,5,355,13,Loyal Customers
CUST03686,2026-05-10,3,198182.8,52,66060.93333333333,4,1,3,413,8,Others
CUST03687,2025-04-16,5,168647.1,441,33729.42,1,2,2,122,5,Lost Customers
CUST03688,2026-05-21,17,1059770.05,41,62339.41470588236,4,5,5,455,14,Champions
CUST03689,2026-05-19,10,492055.0,43,49205.5,4,4,4,444,12,Champions
CUST03690,2026-02-22,4,28738.0,129,7184.5,3,2,1,321,6,Others
CUST03691,2026-04-16,23,1095922.75,76,47648.815217391304,3,5,5,355,13,Loyal Customers
CUST03692,2025-12-27,9,278493.3,186,30943.699999999997,2,4,3,243,9,At Risk
CUST03693,2025-08-29,3,57076.8,306,19025.600000000002,2,1,1,211,4,Lost Customers
CUST03694,2026-01-16,4,156496.3,166,39124.075,2,2,2,222,6,Lost Customers
CUST03695,2026-01-30,8,538448.85,152,67306.10625,2,3,4,234,9,At Risk
CUST03696,2025-05-11,4,59439.45,416,14859.8625,1,2,1,121,4,Lost Customers
CUST03697,2025-10-22,4,209273.5,252,52318.375,2,2,3,223,7,Others
CUST03698,2026-05-26,8,510862.95,36,63857.86875,4,3,4,434,11,Potential Loyalists
CUST03699,2026-05-12,11,414560.5,50,37687.318181818184,4,4,4,444,12,Champions
CUST03700,2025-09-09,5,301563.9,295,60312.780000000006,2,2,3,223,7,Others
CUST03701,2026-06-10,15,561696.45,21,37446.43,5,5,4,554,14,Champions
CUST03702,2025-01-26,5,107468.7,521,21493.739999999998,1,2,2,122,5,Lost Customers
CUST03703,2026-06-24,21,872807.25,7,41562.25,5,5,5,555,15,Champions
CUST03704,2026-06-12,4,92446.2,19,23111.55,5,2,2,522,9,Potential Loyalists
CUST03705,2025-06-03,4,44695.25,393,11173.8125,1,2,1,121,4,Lost Customers
CUST03706,2026-06-02,6,287043.65,29,47840.60833333334,5,3,3,533,11,Potential Loyalists
CUST03707,2025-03-10,1,26872.65,478,26872.65,1,1,1,111,3,Lost Customers
CUST03708,2025-11-02,1,14423.85,241,14423.85,2,1,1,211,4,Lost Customers
CUST03709,2026-05-26,12,265483.8,36,22123.649999999998,4,4,3,443,11,Loyal Customers
CUST03710,2026-03-22,5,146694.25,101,29338.85,3,2,2,322,7,Others
CUST03711,2026-05-15,15,513780.35,47,34252.02333333333,4,5,4,454,13,Champions
CUST03712,2026-05-15,19,804401.75,47,42336.93421052631,4,5,5,455,14,Champions
CUST03713,2025-06-22,4,51833.850000000006,374,12958.462500000001,1,2,1,121,4,Lost Customers
CUST03714,2024-05-03,1,1145.6,789,1145.6,1,1,1,111,3,Lost Customers
CUST03715,2026-06-14,3,37731.799999999996,17,12577.266666666665,5,1,1,511,7,Others
CUST03716,2025-07-01,11,604780.4,365,54980.03636363637,1,4,5,145,10,At Risk
CUST03717,2026-04-23,10,609547.6,69,60954.759999999995,4,4,5,445,13,Champions
CUST03718,2026-01-13,4,94998.25,169,23749.5625,2,2,2,222,6,Lost Customers
CUST03719,2026-05-10,19,995296.7,52,52384.03684210526,4,5,5,455,14,Champions
CUST03720,2026-02-18,3,50569.899999999994,133,16856.63333333333,3,1,1,311,5,Others
CUST03721,2026-03-28,1,3845.6,95,3845.6,3,1,1,311,5,Others
CUST03722,2026-02-23,11,538645.4,128,48967.76363636364,3,4,4,344,11,Loyal Customers
CUST03723,2025-08-02,5,289161.14999999997,333,57832.229999999996,1,2,3,123,6,Others
CUST03724,2025-03-08,4,169037.75,480,42259.4375,1,2,2,122,5,Lost Customers
CUST03725,2026-05-14,3,128512.04999999999,48,42837.35,4,1,2,412,7,Others
CUST03726,2025-06-28,2,42530.7,368,21265.35,1,1,1,111,3,Lost Customers
CUST03727,2026-04-24,4,103297.3,68,25824.325,4,2,2,422,8,Potential Loyalists
CUST03728,2024-03-22,2,60533.8,831,30266.9,1,1,1,111,3,Lost Customers
CUST03729,2026-01-20,11,662084.25,162,60189.47727272727,2,4,5,245,11,At Risk
CUST03730,2025-12-19,2,34657.0,194,17328.5,2,1,1,211,4,Lost Customers
CUST03731,2025-01-27,4,142229.7,520,35557.425,1,2,2,122,5,Lost Customers
CUST03732,2024-12-03,1,9171.0,575,9171.0,1,1,1,111,3,Lost Customers
CUST03733,2025-02-20,4,165301.7,496,41325.425,1,2,2,122,5,Lost Customers
CUST03734,2025-11-07,5,81886.35,236,16377.27,2,2,2,222,6,Lost Customers
CUST03735,2026-03-18,7,178031.45,105,25433.06428571429,3,3,3,333,9,Others
CUST03736,2026-06-15,17,1323566.9,16,77856.87647058823,5,5,5,555,15,Champions
CUST03737,2026-06-01,7,486174.2,30,69453.45714285715,4,3,4,434,11,Potential Loyalists
CUST03738,2026-05-21,15,462983.35,41,30865.556666666664,4,5,4,454,13,Champions
CUST03739,2025-09-22,10,293976.8,282,29397.68,2,4,3,243,9,At Risk
CUST03740,2026-02-20,2,18389.25,131,9194.625,3,1,1,311,5,Others
CUST03741,2026-05-11,4,44048.25,51,11012.0625,4,2,1,421,7,Potential Loyalists
CUST03742,2025-03-02,2,172289.7,486,86144.85,1,1,2,112,4,Lost Customers
CUST03743,2026-05-16,18,1250794.65,46,69488.59166666666,4,5,5,455,14,Champions
CUST03744,2026-03-24,9,329101.4,99,36566.822222222225,3,4,4,344,11,Loyal Customers
CUST03745,2025-05-18,3,97815.75,409,32605.25,1,1,2,112,4,Lost Customers
CUST03746,2024-07-28,4,232575.1,703,58143.775,1,2,3,123,6,Others
CUST03747,2026-04-13,4,66986.05,79,16746.5125,3,2,1,321,6,Others
CUST03748,2025-08-26,6,536990.0,309,89498.33333333333,2,3,4,234,9,At Risk
CUST03749,2026-05-10,18,869913.55,52,48328.53055555556,4,5,5,455,14,Champions
CUST03750,2026-04-24,3,68278.75,68,22759.583333333332,4,1,1,411,6,Others
CUST03751,2025-11-30,6,318169.45,213,53028.24166666667,2,3,3,233,8,At Risk
CUST03752,2026-03-01,11,413607.75,122,37600.704545454544,3,4,4,344,11,Loyal Customers
CUST03753,2026-05-30,10,381420.15,32,38142.015,4,4,4,444,12,Champions
CUST03754,2025-08-14,10,120362.9,321,12036.289999999999,1,4,2,142,7,At Risk
CUST03755,2026-06-25,15,1050429.8,6,70028.65333333334,5,5,5,555,15,Champions
CUST03756,2026-05-23,12,266194.95,39,22182.912500000002,4,4,3,443,11,Loyal Customers
CUST03757,2026-06-09,22,1047595.1,22,47617.95909090909,5,5,5,555,15,Champions
CUST03758,2026-02-10,13,362813.25,141,27908.71153846154,3,5,4,354,12,Loyal Customers
CUST03759,2026-05-28,13,581239.0,34,44710.692307692305,4,5,4,454,13,Champions
CUST03760,2025-11-26,13,326246.95,217,25095.919230769232,2,5,4,254,11,At Risk
CUST03761,2025-12-13,7,144516.4,200,20645.2,2,3,2,232,7,At Risk
CUST03762,2024-05-03,2,25454.05,789,12727.025,1,1,1,111,3,Lost Customers
CUST03763,2025-07-14,1,3826.6,352,3826.6,1,1,1,111,3,Lost Customers
CUST03764,2026-06-30,8,199000.95,1,24875.11875,5,3,3,533,11,Potential Loyalists
CUST03765,2026-04-23,8,226532.05,69,28316.50625,4,3,3,433,10,Potential Loyalists
CUST03766,2025-07-13,3,45380.1,353,15126.699999999999,1,1,1,111,3,Lost Customers
CUST03767,2026-05-30,20,890854.1,32,44542.705,4,5,5,455,14,Champions
CUST03768,2026-05-31,5,191708.9,31,38341.78,4,2,3,423,9,Potential Loyalists
CUST03769,2026-04-13,13,686716.85,79,52824.373076923075,3,5,5,355,13,Loyal Customers
CUST03770,2026-06-29,17,896813.6,2,52753.74117647059,5,5,5,555,15,Champions
CUST03771,2026-01-17,5,270352.75,165,54070.55,2,2,3,223,7,Others
CUST03772,2025-12-12,11,697943.25,201,63449.38636363636,2,4,5,245,11,At Risk
CUST03773,2026-01-03,12,739505.8,179,61625.48333333334,2,4,5,245,11,At Risk
CUST03774,2026-06-09,12,620040.3,22,51670.025,5,4,5,545,14,Champions
CUST03775,2026-04-18,10,655060.9,74,65506.090000000004,3,4,5,345,12,Loyal Customers
CUST03776,2025-01-11,1,6756.0,536,6756.0,1,1,1,111,3,Lost Customers
CUST03777,2026-04-29,4,133229.5,63,33307.375,4,2,2,422,8,Potential Loyalists
CUST03778,2026-01-13,4,253736.3,169,63434.075,2,2,3,223,7,Others
CUST03779,2026-06-24,20,691982.05,7,34599.1025,5,5,5,555,15,Champions
CUST03780,2026-02-23,4,141387.5,128,35346.875,3,2,2,322,7,Others
CUST03781,2026-06-25,5,331594.2,6,66318.84,5,2,4,524,11,Potential Loyalists
CUST03782,2025-04-06,1,3360.0,451,3360.0,1,1,1,111,3,Lost Customers
CUST03783,2026-06-24,18,902562.3,7,50142.350000000006,5,5,5,555,15,Champions
CUST03784,2026-04-19,5,170307.75,73,34061.55,3,2,2,322,7,Others
CUST03785,2026-04-04,6,205855.59999999998,88,34309.26666666666,3,3,3,333,9,Others
CUST03786,2026-06-11,5,105313.2,20,21062.64,5,2,2,522,9,Potential Loyalists
CUST03787,2026-05-06,20,1070165.25,56,53508.2625,4,5,5,455,14,Champions
CUST03788,2026-06-09,11,446455.0,22,40586.818181818184,5,4,4,544,13,Champions
CUST03789,2024-09-22,2,70392.6,647,35196.3,1,1,1,111,3,Lost Customers
CUST03790,2026-01-29,3,100200.5,153,33400.166666666664,2,1,2,212,5,Lost Customers
CUST03791,2024-03-25,2,33212.9,828,16606.45,1,1,1,111,3,Lost Customers
CUST03792,2025-10-13,1,1818.0,261,1818.0,2,1,1,211,4,Lost Customers
CUST03793,2024-10-17,3,44327.35,622,14775.783333333333,1,1,1,111,3,Lost Customers
CUST03794,2025-10-31,5,71667.5,243,14333.5,2,2,2,222,6,Lost Customers
CUST03795,2026-06-21,17,1042850.5499999999,10,61344.149999999994,5,5,5,555,15,Champions
CUST03796,2024-10-17,4,80062.9,622,20015.725,1,2,2,122,5,Lost Customers
CUST03797,2026-04-24,9,350693.3,68,38965.92222222222,4,4,4,444,12,Champions
CUST03798,2025-12-01,2,108359.95000000001,212,54179.975000000006,2,1,2,212,5,Lost Customers
CUST03799,2026-05-17,14,679248.0,45,48517.71428571428,4,5,5,455,14,Champions
CUST03800,2026-06-08,10,471636.94999999995,23,47163.69499999999,5,4,4,544,13,Champions
CUST03801,2026-04-29,13,576946.55,63,44380.50384615385,4,5,4,454,13,Champions
CUST03802,2026-01-26,15,651656.45,156,43443.76333333333,2,5,5,255,12,At Risk
CUST03803,2026-02-22,2,122237.55,129,61118.775,3,1,2,312,6,Others
CUST03804,2024-11-06,1,18570.6,602,18570.6,1,1,1,111,3,Lost Customers
CUST03805,2026-05-25,10,312586.85,37,31258.684999999998,4,4,3,443,11,Loyal Customers
CUST03806,2025-12-13,12,250239.85,200,20853.320833333335,2,4,3,243,9,At Risk
CUST03807,2026-06-06,13,545664.75,25,41974.21153846154,5,5,4,554,14,Champions
CUST03808,2026-05-22,13,430770.45,40,33136.18846153846,4,5,4,454,13,Champions
CUST03809,2025-12-27,3,34818.950000000004,186,11606.316666666668,2,1,1,211,4,Lost Customers
CUST03810,2026-03-24,9,382211.8,99,42467.97777777778,3,4,4,344,11,Loyal Customers
CUST03811,2026-03-01,5,299293.7,122,59858.740000000005,3,2,3,323,8,Others
CUST03812,2025-01-06,5,173712.0,541,34742.4,1,2,3,123,6,Others
CUST03813,2025-08-19,1,34773.3,316,34773.3,1,1,1,111,3,Lost Customers
CUST03814,2025-09-27,8,244782.5,277,30597.8125,2,3,3,233,8,At Risk
CUST03815,2025-07-07,1,2036.0,359,2036.0,1,1,1,111,3,Lost Customers
CUST03816,2026-06-22,13,634070.25,9,48774.63461538462,5,5,5,555,15,Champions
CUST03817,2026-05-31,9,302101.15,31,33566.794444444444,4,4,3,443,11,Loyal Customers
CUST03818,2026-05-21,16,512769.6,41,32048.1,4,5,4,454,13,Champions
CUST03819,2026-04-22,5,55069.1,70,11013.82,3,2,1,321,6,Others
CUST03820,2025-12-14,3,30484.55,199,10161.516666666666,2,1,1,211,4,Lost Customers
CUST03821,2025-07-10,5,83352.0,356,16670.4,1,2,2,122,5,Lost Customers
CUST03822,2026-06-03,8,587374.7,28,73421.8375,5,3,5,535,13,Potential Loyalists
CUST03823,2024-10-23,2,27004.4,616,13502.2,1,1,1,111,3,Lost Customers
CUST03824,2026-06-23,3,98873.6,8,32957.86666666667,5,1,2,512,8,Others
CUST03825,2025-04-13,5,56019.75,444,11203.95,1,2,1,121,4,Lost Customers
CUST03826,2025-12-02,5,294602.2,211,58920.44,2,2,3,223,7,Others
CUST03827,2024-03-14,1,35472.0,839,35472.0,1,1,1,111,3,Lost Customers
CUST03828,2025-03-11,2,10807.55,477,5403.775,1,1,1,111,3,Lost Customers
CUST03829,2026-05-11,15,1189602.3499999999,51,79306.82333333332,4,5,5,455,14,Champions
CUST03830,2026-01-12,9,368915.0,170,40990.555555555555,2,4,4,244,10,At Risk
CUST03831,2026-02-14,14,551405.5,137,39386.107142857145,3,5,4,354,12,Loyal Customers
CUST03832,2025-09-26,4,64188.2,278,16047.05,2,2,1,221,5,Lost Customers
CUST03833,2026-04-29,6,252966.9,63,42161.15,4,3,3,433,10,Potential Loyalists
CUST03834,2026-06-08,13,393375.0,23,30259.615384615383,5,5,4,554,14,Champions
CUST03835,2026-04-16,12,414477.4,76,34539.78333333333,3,4,4,344,11,Loyal Customers
CUST03836,2026-05-31,15,285200.75,31,19013.383333333335,4,5,3,453,12,Loyal Customers
CUST03837,2025-03-28,4,66007.7,460,16501.925,1,2,1,121,4,Lost Customers
CUST03838,2026-05-23,20,1300407.0,39,65020.35,4,5,5,455,14,Champions
CUST03839,2026-02-09,4,13553.7,142,3388.425,3,2,1,321,6,Others
CUST03840,2025-05-07,4,18979.5,420,4744.875,1,2,1,121,4,Lost Customers
CUST03841,2026-05-23,14,816921.25,39,58351.517857142855,4,5,5,455,14,Champions
CUST03842,2026-04-08,13,475993.64999999997,84,36614.89615384615,3,5,4,354,12,Loyal Customers
CUST03843,2026-02-13,7,92440.5,138,13205.785714285714,3,3,2,332,8,Others
CUST03844,2026-06-29,22,1521063.35,2,69139.24318181818,5,5,5,555,15,Champions
CUST03845,2026-05-03,10,368449.3,59,36844.93,4,4,4,444,12,Champions
CUST03846,2026-05-29,25,1554019.2,33,62160.768,4,5,5,455,14,Champions
CUST03847,2026-02-15,11,945977.1,136,85997.91818181818,3,4,5,345,12,Loyal Customers
CUST03848,2026-05-31,5,19791.3,31,3958.2599999999998,4,2,1,421,7,Potential Loyalists
CUST03849,2026-06-07,18,896187.9,24,49788.21666666667,5,5,5,555,15,Champions
CUST03850,2025-12-24,10,530063.35,189,53006.335,2,4,4,244,10,At Risk
CUST03851,2026-05-23,21,1365258.8,39,65012.32380952381,4,5,5,455,14,Champions
CUST03852,2026-03-15,13,274361.35,108,21104.719230769228,3,5,3,353,11,Loyal Customers
CUST03853,2026-05-12,4,169744.8,50,42436.2,4,2,2,422,8,Potential Loyalists
CUST03854,2026-04-01,12,864854.85,91,72071.2375,3,4,5,345,12,Loyal Customers
CUST03855,2026-06-17,10,316318.85000000003,14,31631.885000000002,5,4,3,543,12,Loyal Customers
CUST03856,2026-06-07,42,2763414.95,24,65795.59404761906,5,5,5,555,15,Champions
CUST03857,2026-04-05,4,258688.19999999998,87,64672.049999999996,3,2,3,323,8,Others
CUST03858,2026-05-23,12,883188.4,39,73599.03333333334,4,4,5,445,13,Champions
CUST03859,2025-09-03,5,80514.40000000001,301,16102.880000000001,2,2,2,222,6,Lost Customers
CUST03860,2026-05-15,6,73572.35,47,12262.058333333334,4,3,2,432,9,Potential Loyalists
CUST03861,2025-05-13,5,168811.5,414,33762.3,1,2,2,122,5,Lost Customers
CUST03862,2026-04-01,4,93153.15,91,23288.2875,3,2,2,322,7,Others
CUST03863,2026-06-23,10,542902.25,8,54290.225,5,4,4,544,13,Champions
CUST03864,2025-09-03,5,84699.75,301,16939.95,2,2,2,222,6,Lost Customers
CUST03865,2025-11-02,2,6034.0,241,3017.0,2,1,1,211,4,Lost Customers
CUST03866,2026-05-06,10,291878.55,56,29187.855,4,4,3,443,11,Loyal Customers
CUST03867,2026-06-30,12,445104.8,1,37092.066666666666,5,4,4,544,13,Champions
CUST03868,2026-04-21,12,466787.45,71,38898.95416666667,3,4,4,344,11,Loyal Customers
CUST03869,2026-06-19,4,99941.5,12,24985.375,5,2,2,522,9,Potential Loyalists
CUST03870,2025-08-20,4,183302.2,315,45825.55,1,2,3,123,6,Others
CUST03871,2026-06-22,12,620776.8,9,51731.4,5,4,5,545,14,Champions
CUST03872,2026-05-30,17,969501.8,32,57029.51764705883,4,5,5,455,14,Champions
CUST03873,2026-03-29,17,676122.85,94,39771.93235294118,3,5,5,355,13,Loyal Customers
CUST03874,2026-05-11,17,909129.95,51,53478.23235294117,4,5,5,455,14,Champions
CUST03875,2024-06-02,1,7325.3,759,7325.3,1,1,1,111,3,Lost Customers
CUST03876,2024-08-22,1,6450.0,678,6450.0,1,1,1,111,3,Lost Customers
CUST03877,2026-02-22,10,449388.94999999995,129,44938.895,3,4,4,344,11,Loyal Customers
CUST03878,2026-03-23,8,253629.05,100,31703.63125,3,3,3,333,9,Others
CUST03879,2026-05-02,9,345134.35,60,38348.26111111111,4,4,4,444,12,Champions
CUST03880,2025-01-30,5,249693.05,517,49938.61,1,2,3,123,6,Others
CUST03881,2026-06-14,4,101783.2,17,25445.8,5,2,2,522,9,Potential Loyalists
CUST03882,2026-06-14,1,2262.7,17,2262.7,5,1,1,511,7,Others
CUST03883,2026-03-22,7,423000.0,101,60428.57142857143,3,3,4,334,10,Others
CUST03884,2026-03-26,25,1801550.7,97,72062.02799999999,3,5,5,355,13,Loyal Customers
CUST03885,2026-04-02,6,261958.0,90,43659.666666666664,3,3,3,333,9,Others
CUST03886,2026-05-20,20,538908.7,42,26945.434999999998,4,5,4,454,13,Champions
CUST03887,2026-04-05,14,648888.0,87,46349.142857142855,3,5,5,355,13,Loyal Customers
CUST03888,2024-09-22,4,80353.65,647,20088.4125,1,2,2,122,5,Lost Customers
CUST03889,2025-09-15,9,209317.95,289,23257.550000000003,2,4,3,243,9,At Risk
CUST03890,2026-05-09,15,781921.45,53,52128.096666666665,4,5,5,455,14,Champions
CUST03891,2026-06-13,19,1388812.8,18,73095.4105263158,5,5,5,555,15,Champions
CUST03892,2026-01-05,4,218728.65,177,54682.1625,2,2,3,223,7,Others
CUST03893,2025-07-25,6,495220.95,341,82536.825,1,3,4,134,8,At Risk
CUST03894,2026-05-22,14,497578.0,40,35541.28571428572,4,5,4,454,13,Champions
CUST03895,2025-12-19,5,155419.25,194,31083.85,2,2,2,222,6,Lost Customers
CUST03896,2024-08-19,2,81194.8,681,40597.4,1,1,2,112,4,Lost Customers
CUST03897,2025-12-07,6,259200.55,206,43200.09166666667,2,3,3,233,8,At Risk
CUST03898,2026-05-11,5,282582.5,51,56516.5,4,2,3,423,9,Potential Loyalists
CUST03899,2026-03-23,9,266854.7,100,29650.522222222222,3,4,3,343,10,Loyal Customers
CUST03900,2026-06-29,14,352158.7,2,25154.192857142858,5,5,4,554,14,Champions
CUST03901,2026-04-08,10,394523.05,84,39452.305,3,4,4,344,11,Loyal Customers
CUST03902,2025-05-06,5,619983.4,421,123996.68000000001,1,2,5,125,8,Others
CUST03903,2026-05-05,5,187673.6,57,37534.72,4,2,3,423,9,Potential Loyalists
CUST03904,2026-01-10,3,4994.799999999999,172,1664.9333333333332,2,1,1,211,4,Lost Customers
CUST03905,2026-05-23,15,496739.25,39,33115.95,4,5,4,454,13,Champions
CUST03906,2025-10-24,7,343691.6,250,49098.799999999996,2,3,4,234,9,At Risk
CUST03907,2026-04-27,15,788792.9,65,52586.193333333336,4,5,5,455,14,Champions
CUST03908,2025-09-06,7,270245.15,298,38606.450000000004,2,3,3,233,8,At Risk
CUST03909,2026-05-24,12,439616.55,38,36634.7125,4,4,4,444,12,Champions
CUST03910,2026-05-27,29,961795.5,35,33165.362068965514,4,5,5,455,14,Champions
CUST03911,2025-06-17,3,70808.1,379,23602.7,1,1,1,111,3,Lost Customers
CUST03912,2026-05-14,10,296114.05,48,29611.405,4,4,3,443,11,Loyal Customers
CUST03913,2025-05-06,2,27595.0,421,13797.5,1,1,1,111,3,Lost Customers
CUST03914,2026-04-04,8,397258.9,88,49657.3625,3,3,4,334,10,Others
CUST03915,2026-01-08,3,67949.95,174,22649.983333333334,2,1,1,211,4,Lost Customers
CUST03916,2026-06-10,8,349616.5,21,43702.0625,5,3,4,534,12,Potential Loyalists
CUST03917,2026-05-17,4,107895.4,45,26973.85,4,2,2,422,8,Potential Loyalists
CUST03918,2024-08-10,4,264305.05,690,66076.2625,1,2,3,123,6,Others
CUST03919,2025-07-08,3,54290.0,358,18096.666666666668,1,1,1,111,3,Lost Customers
CUST03920,2026-06-23,9,541232.9,8,60136.98888888889,5,4,4,544,13,Champions
CUST03921,2026-05-15,4,126895.79999999999,47,31723.949999999997,4,2,2,422,8,Potential Loyalists
CUST03922,2026-05-31,11,393890.1,31,35808.19090909091,4,4,4,444,12,Champions
CUST03923,2026-06-07,17,1045379.45,24,61492.90882352941,5,5,5,555,15,Champions
CUST03924,2025-03-29,1,186427.95,459,186427.95,1,1,3,113,5,Others
CUST03925,2025-12-22,6,104199.8,191,17366.633333333335,2,3,2,232,7,At Risk
CUST03926,2025-10-29,6,360821.8,245,60136.96666666667,2,3,4,234,9,At Risk
CUST03927,2026-06-10,26,1011071.85,21,38887.37884615384,5,5,5,555,15,Champions
CUST03928,2026-06-11,8,540891.85,20,67611.48125,5,3,4,534,12,Potential Loyalists
CUST03929,2024-09-20,1,1785.0,649,1785.0,1,1,1,111,3,Lost Customers
CUST03930,2026-03-20,2,60811.05,103,30405.525,3,1,1,311,5,Others
CUST03931,2026-06-27,4,173365.2,4,43341.3,5,2,3,523,10,Potential Loyalists
CUST03932,2026-06-21,5,189085.25,10,37817.05,5,2,3,523,10,Potential Loyalists
CUST03933,2026-05-25,14,510961.45,37,36497.24642857143,4,5,4,454,13,Champions
CUST03934,2026-06-22,11,1090399.2,9,99127.2,5,4,5,545,14,Champions
CUST03935,2026-06-28,18,809687.85,3,44982.65833333333,5,5,5,555,15,Champions
CUST03936,2026-05-14,16,760264.5,48,47516.53125,4,5,5,455,14,Champions
CUST03937,2026-06-26,5,275803.25,5,55160.65,5,2,3,523,10,Potential Loyalists
CUST03938,2026-06-14,16,769587.65,17,48099.228125,5,5,5,555,15,Champions
CUST03939,2024-11-06,1,9278.4,602,9278.4,1,1,1,111,3,Lost Customers
CUST03940,2026-03-07,10,296122.85,116,29612.284999999996,3,4,3,343,10,Loyal Customers
CUST03941,2026-05-28,11,673844.8,34,61258.61818181819,4,4,5,445,13,Champions
CUST03942,2026-04-21,13,631312.7,71,48562.515384615384,3,5,5,355,13,Loyal Customers
CUST03943,2026-04-20,11,470452.85000000003,72,42768.44090909091,3,4,4,344,11,Loyal Customers
CUST03944,2024-10-02,2,22636.05,637,11318.025,1,1,1,111,3,Lost Customers
CUST03945,2026-03-21,13,460406.45,102,35415.88076923077,3,5,4,354,12,Loyal Customers
CUST03946,2026-05-30,11,669404.05,32,60854.91363636364,4,4,5,445,13,Champions
CUST03947,2026-06-15,14,568136.4,16,40581.17142857143,5,5,4,554,14,Champions
CUST03948,2026-06-21,25,848786.3,10,33951.452000000005,5,5,5,555,15,Champions
CUST03949,2026-03-14,3,37119.899999999994,109,12373.299999999997,3,1,1,311,5,Others
CUST03950,2025-09-26,3,42212.4,278,14070.800000000001,2,1,1,211,4,Lost Customers
CUST03951,2025-09-03,4,178168.6,301,44542.15,2,2,3,223,7,Others
CUST03952,2026-06-23,11,976891.7,8,88808.33636363636,5,4,5,545,14,Champions
CUST03953,2025-02-08,3,33985.3,508,11328.433333333334,1,1,1,111,3,Lost Customers
CUST03954,2026-06-27,23,1529059.15,4,66480.83260869565,5,5,5,555,15,Champions
CUST03955,2025-10-13,11,559425.25,261,50856.84090909091,2,4,4,244,10,At Risk
CUST03956,2026-06-18,10,297837.2,13,29783.72,5,4,3,543,12,Loyal Customers
CUST03957,2025-10-08,3,102285.45,266,34095.15,2,1,2,212,5,Lost Customers
CUST03958,2024-04-01,1,81996.0,821,81996.0,1,1,2,112,4,Lost Customers
CUST03959,2026-06-06,9,288722.6,25,32080.288888888885,5,4,3,543,12,Loyal Customers
CUST03960,2025-10-04,1,33750.0,270,33750.0,2,1,1,211,4,Lost Customers
CUST03961,2026-04-02,14,666870.15,90,47633.58214285714,3,5,5,355,13,Loyal Customers
CUST03962,2025-12-25,3,78944.55,188,26314.850000000002,2,1,2,212,5,Lost Customers
CUST03963,2026-06-11,8,311782.65,20,38972.83125,5,3,3,533,11,Potential Loyalists
CUST03964,2026-03-27,7,216704.1,96,30957.72857142857,3,3,3,333,9,Others
CUST03965,2026-01-26,12,655691.0,156,54640.916666666664,2,4,5,245,11,At Risk
CUST03966,2026-05-22,11,246638.45,40,22421.677272727273,4,4,3,443,11,Loyal Customers
CUST03967,2026-06-20,6,118016.4,11,19669.399999999998,5,3,2,532,10,Potential Loyalists
CUST03968,2025-12-20,9,311701.2,193,34633.46666666667,2,4,3,243,9,At Risk
CUST03969,2026-03-02,6,228209.95,121,38034.99166666667,3,3,3,333,9,Others
CUST03970,2025-11-27,3,94895.0,216,31631.666666666668,2,1,2,212,5,Lost Customers
CUST03971,2026-06-16,24,1379193.0,15,57466.375,5,5,5,555,15,Champions
CUST03972,2026-05-13,28,2039935.75,49,72854.84821428571,4,5,5,455,14,Champions
CUST03973,2026-06-09,3,87715.5,22,29238.5,5,1,2,512,8,Others
CUST03974,2026-02-15,5,200808.4,136,40161.68,3,2,3,323,8,Others
CUST03975,2026-06-28,7,92396.8,3,13199.542857142858,5,3,2,532,10,Potential Loyalists
CUST03976,2026-06-07,17,401318.0,24,23606.941176470587,5,5,4,554,14,Champions
CUST03977,2026-03-21,9,357183.45,102,39687.05,3,4,4,344,11,Loyal Customers
CUST03978,2025-04-14,3,32332.9,443,10777.633333333333,1,1,1,111,3,Lost Customers
CUST03979,2026-06-21,6,73567.8,10,12261.300000000001,5,3,2,532,10,Potential Loyalists
CUST03980,2026-05-03,8,260171.05,59,32521.38125,4,3,3,433,10,Potential Loyalists
CUST03981,2026-04-21,2,47532.0,71,23766.0,3,1,1,311,5,Others
CUST03982,2025-11-02,10,192391.7,241,19239.170000000002,2,4,3,243,9,At Risk
CUST03983,2026-06-25,4,237728.9,6,59432.225,5,2,3,523,10,Potential Loyalists
CUST03984,2025-09-28,2,57955.15,276,28977.575,2,1,1,211,4,Lost Customers
CUST03985,2025-09-27,5,171626.1,277,34325.22,2,2,2,222,6,Lost Customers
CUST03986,2025-11-02,9,410603.25,241,45622.583333333336,2,4,4,244,10,At Risk
CUST03987,2026-04-26,7,154842.6,66,22120.37142857143,4,3,2,432,9,Potential Loyalists
CUST03988,2026-04-01,5,110878.65,91,22175.73,3,2,2,322,7,Others
CUST03989,2026-06-10,26,1312144.1,21,50467.08076923077,5,5,5,555,15,Champions
CUST03990,2026-02-11,9,394016.85,140,43779.649999999994,3,4,4,344,11,Loyal Customers
CUST03991,2026-05-10,10,353941.9,52,35394.19,4,4,4,444,12,Champions
CUST03992,2026-05-19,16,1095328.2,43,68458.0125,4,5,5,455,14,Champions
CUST03993,2024-09-28,1,902.7,641,902.7,1,1,1,111,3,Lost Customers
CUST03994,2026-05-09,14,584822.6,53,41773.04285714286,4,5,4,454,13,Champions
CUST03995,2025-12-26,5,285873.55,187,57174.71,2,2,3,223,7,Others
CUST03996,2025-10-31,6,118764.65000000001,243,19794.108333333334,2,3,2,232,7,At Risk
CUST03997,2026-01-01,8,442608.6,181,55326.075,2,3,4,234,9,At Risk
CUST03998,2026-02-10,5,76286.7,141,15257.34,3,2,2,322,7,Others
CUST03999,2026-03-26,14,630457.25,97,45032.66071428572,3,5,5,355,13,Loyal Customers
CUST04000,2026-05-08,13,1215975.55,54,93536.58076923077,4,5,5,455,14,Champions
CUST04001,2026-03-14,14,771757.3,109,55125.52142857143,3,5,5,355,13,Loyal Customers
CUST04002,2026-01-30,7,588903.75,152,84129.10714285714,2,3,5,235,10,At Risk
CUST04003,2026-03-11,6,263106.8,112,43851.13333333333,3,3,3,333,9,Others
CUST04004,2025-07-03,3,80756.65000000001,363,26918.883333333335,1,1,2,112,4,Lost Customers
CUST04005,2026-05-13,22,948846.65,49,43129.39318181818,4,5,5,455,14,Champions
CUST04006,2026-06-08,12,574254.5,23,47854.541666666664,5,4,4,544,13,Champions
CUST04007,2025-12-23,7,279919.3,190,39988.47142857143,2,3,3,233,8,At Risk
CUST04008,2026-02-24,15,1185908.7,127,79060.58,3,5,5,355,13,Loyal Customers
CUST04009,2026-06-16,8,685096.85,15,85637.10625,5,3,5,535,13,Potential Loyalists
CUST04010,2026-06-19,17,777819.6,12,45754.09411764706,5,5,5,555,15,Champions
CUST04011,2026-05-28,9,241999.95,34,26888.883333333335,4,4,3,443,11,Loyal Customers
CUST04012,2026-06-03,22,1035085.25,28,47049.329545454544,5,5,5,555,15,Champions
CUST04013,2026-05-26,24,1233909.15,36,51412.88125,4,5,5,455,14,Champions
CUST04014,2025-10-15,5,75025.7,259,15005.14,2,2,2,222,6,Lost Customers
CUST04015,2026-05-25,10,117008.2,37,11700.82,4,4,2,442,10,Loyal Customers
CUST04016,2026-05-16,26,1769983.85,46,68076.30192307693,4,5,5,455,14,Champions
CUST04017,2026-03-02,10,613457.35,121,61345.735,3,4,5,345,12,Loyal Customers
CUST04018,2026-05-03,4,51141.799999999996,59,12785.449999999999,4,2,1,421,7,Potential Loyalists
CUST04019,2026-05-12,7,116382.8,50,16626.114285714288,4,3,2,432,9,Potential Loyalists
CUST04020,2026-04-07,9,288010.0,85,32001.11111111111,3,4,3,343,10,Loyal Customers
CUST04021,2025-09-19,3,369134.8,285,123044.93333333333,2,1,4,214,7,Others
CUST04022,2025-10-28,5,101826.49999999999,246,20365.299999999996,2,2,2,222,6,Lost Customers
CUST04023,2026-03-20,11,679994.55,103,61817.68636363637,3,4,5,345,12,Loyal Customers
CUST04024,2025-11-06,5,254636.80000000002,237,50927.36,2,2,3,223,7,Others
CUST04025,2026-06-05,6,219332.0,26,36555.333333333336,5,3,3,533,11,Potential Loyalists
CUST04026,2025-12-07,5,108767.2,206,21753.44,2,2,2,222,6,Lost Customers
CUST04027,2026-06-28,4,232566.6,3,58141.65,5,2,3,523,10,Potential Loyalists
CUST04028,2026-06-04,8,167374.2,27,20921.775,5,3,2,532,10,Potential Loyalists
CUST04029,2026-05-29,11,635272.0,33,57752.0,4,4,5,445,13,Champions
CUST04030,2026-06-06,9,314674.1,25,34963.788888888885,5,4,3,543,12,Loyal Customers
CUST04031,2025-03-04,4,355588.25,484,88897.0625,1,2,4,124,7,Others
CUST04032,2026-03-30,6,397141.3,93,66190.21666666666,3,3,4,334,10,Others
CUST04033,2026-05-10,2,19893.55,52,9946.775,4,1,1,411,6,Others
CUST04034,2025-06-04,4,126199.7,392,31549.925,1,2,2,122,5,Lost Customers
CUST04035,2026-06-08,7,538096.7,23,76870.95714285714,5,3,4,534,12,Potential Loyalists
CUST04036,2026-05-05,7,151412.75,57,21630.39285714286,4,3,2,432,9,Potential Loyalists
CUST04037,2026-06-14,7,340755.4,17,48679.34285714286,5,3,4,534,12,Potential Loyalists
CUST04038,2026-03-09,11,240549.9,114,21868.172727272726,3,4,3,343,10,Loyal Customers
CUST04039,2026-04-20,12,362090.65,72,30174.220833333336,3,4,4,344,11,Loyal Customers
CUST04040,2026-06-06,15,500850.75,25,33390.05,5,5,4,554,14,Champions
CUST04041,2025-11-22,6,160563.85,221,26760.641666666666,2,3,2,232,7,At Risk
CUST04042,2026-03-11,6,359350.05,112,59891.674999999996,3,3,4,334,10,Others
CUST04043,2026-06-28,6,194115.05,3,32352.50833333333,5,3,3,533,11,Potential Loyalists
CUST04044,2026-06-21,16,348772.2,10,21798.2625,5,5,4,554,14,Champions
CUST04045,2026-04-16,13,477629.4,76,36740.72307692308,3,5,4,354,12,Loyal Customers
CUST04046,2026-03-30,7,250903.7,93,35843.385714285716,3,3,3,333,9,Others
CUST04047,2024-07-16,1,2520.35,715,2520.35,1,1,1,111,3,Lost Customers
CUST04048,2026-04-12,11,304965.6,80,27724.14545454545,3,4,3,343,10,Loyal Customers
CUST04049,2026-06-16,6,555717.95,15,92619.65833333333,5,3,4,534,12,Potential Loyalists
CUST04050,2026-06-26,16,328161.55,5,20510.096875,5,5,4,554,14,Champions
CUST04051,2024-10-13,2,4516.4,626,2258.2,1,1,1,111,3,Lost Customers
CUST04052,2026-06-21,11,238020.05,10,21638.186363636363,5,4,3,543,12,Loyal Customers
CUST04053,2026-04-12,9,221616.15,80,24624.016666666666,3,4,3,343,10,Loyal Customers
CUST04054,2026-05-09,18,453909.85,53,25217.213888888888,4,5,4,454,13,Champions
CUST04055,2026-02-07,5,369316.0,144,73863.2,3,2,4,324,9,Others
CUST04056,2025-05-13,3,136032.9,414,45344.299999999996,1,1,2,112,4,Lost Customers
CUST04057,2025-10-15,4,343278.45,259,85819.6125,2,2,4,224,8,Others
CUST04058,2026-06-22,10,442388.5,9,44238.85,5,4,4,544,13,Champions
CUST04059,2026-03-18,2,88523.7,105,44261.85,3,1,2,312,6,Others
CUST04060,2025-05-04,3,135441.65,423,45147.21666666667,1,1,2,112,4,Lost Customers
CUST04061,2026-03-05,9,298336.8,118,33148.53333333333,3,4,3,343,10,Loyal Customers
CUST04062,2024-06-14,1,37785.9,747,37785.9,1,1,1,111,3,Lost Customers
CUST04063,2026-03-18,15,471580.4,105,31438.693333333336,3,5,4,354,12,Loyal Customers
CUST04064,2026-02-11,8,276559.5,140,34569.9375,3,3,3,333,9,Others
CUST04065,2026-06-10,1,6065.6,21,6065.6,5,1,1,511,7,Others
CUST04066,2026-04-24,13,1069135.75,68,82241.21153846153,4,5,5,455,14,Champions
CUST04067,2024-11-16,3,56636.3,592,18878.766666666666,1,1,1,111,3,Lost Customers
CUST04068,2024-06-21,3,79529.5,740,26509.833333333332,1,1,2,112,4,Lost Customers
CUST04069,2025-06-30,2,41626.5,366,20813.25,1,1,1,111,3,Lost Customers
CUST04070,2026-04-06,14,763587.75,86,54541.982142857145,3,5,5,355,13,Loyal Customers
CUST04071,2026-02-04,9,356147.5,147,39571.944444444445,2,4,4,244,10,At Risk
CUST04072,2025-12-12,6,428637.75,201,71439.625,2,3,4,234,9,At Risk
CUST04073,2025-12-06,10,698585.5,207,69858.55,2,4,5,245,11,At Risk
CUST04074,2026-06-14,11,657259.9,17,59750.9,5,4,5,545,14,Champions
CUST04075,2026-01-27,5,188665.1,155,37733.020000000004,2,2,3,223,7,Others
CUST04076,2025-07-21,2,6456.6,345,3228.3,1,1,1,111,3,Lost Customers
CUST04077,2025-06-11,6,97957.65,385,16326.275,1,3,2,132,6,At Risk
CUST04078,2026-05-14,13,409034.1,48,31464.161538461536,4,5,4,454,13,Champions
CUST04079,2025-06-13,3,42809.9,383,14269.966666666667,1,1,1,111,3,Lost Customers
CUST04080,2026-06-08,11,888847.55,23,80804.32272727274,5,4,5,545,14,Champions
CUST04081,2024-10-27,1,6408.0,612,6408.0,1,1,1,111,3,Lost Customers
CUST04082,2026-06-15,5,387887.4,16,77577.48000000001,5,2,4,524,11,Potential Loyalists
CUST04083,2026-03-20,16,601076.6,103,37567.2875,3,5,5,355,13,Loyal Customers
CUST04084,2026-04-17,18,1118673.3,75,62148.51666666667,3,5,5,355,13,Loyal Customers
CUST04085,2025-05-27,3,42583.600000000006,400,14194.533333333335,1,1,1,111,3,Lost Customers
CUST04086,2026-03-30,8,492404.1,93,61550.5125,3,3,4,334,10,Others
CUST04087,2026-06-14,12,593621.6,17,49468.46666666667,5,4,5,545,14,Champions
CUST04088,2026-05-14,7,234486.65,48,33498.09285714286,4,3,3,433,10,Potential Loyalists
CUST04089,2026-05-04,12,650198.05,58,54183.17083333334,4,4,5,445,13,Champions
CUST04090,2026-05-17,8,1035742.85,45,129467.85625,4,3,5,435,12,Potential Loyalists
CUST04091,2026-03-21,5,213245.75,102,42649.15,3,2,3,323,8,Others
CUST04092,2026-06-09,28,2117181.75,22,75613.63392857143,5,5,5,555,15,Champions
CUST04093,2026-06-14,9,91291.15,17,10143.46111111111,5,4,2,542,11,Loyal Customers
CUST04094,2026-04-19,5,140491.44999999998,73,28098.289999999997,3,2,2,322,7,Others
CUST04095,2024-06-27,1,37649.7,734,37649.7,1,1,1,111,3,Lost Customers
CUST04096,2025-09-21,3,111326.29999999999,283,37108.76666666666,2,1,2,212,5,Lost Customers
CUST04097,2025-02-17,1,57000.0,499,57000.0,1,1,1,111,3,Lost Customers
CUST04098,2026-06-25,35,1849560.2,6,52844.57714285714,5,5,5,555,15,Champions
CUST04099,2026-03-23,1,444.8,100,444.8,3,1,1,311,5,Others
CUST04100,2026-05-19,7,290842.25,43,41548.892857142855,4,3,3,433,10,Potential Loyalists
CUST04101,2026-05-19,11,322630.85,43,29330.07727272727,4,4,3,443,11,Loyal Customers
CUST04102,2025-09-09,3,16069.6,295,5356.533333333334,2,1,1,211,4,Lost Customers
CUST04103,2025-08-31,2,41451.7,304,20725.85,2,1,1,211,4,Lost Customers
CUST04104,2025-12-06,2,4651.2,207,2325.6,2,1,1,211,4,Lost Customers
CUST04105,2025-05-25,4,87935.0,402,21983.75,1,2,2,122,5,Lost Customers
CUST04106,2025-07-18,4,132622.8,348,33155.7,1,2,2,122,5,Lost Customers
CUST04107,2026-05-10,7,263949.5,52,37707.07142857143,4,3,3,433,10,Potential Loyalists
CUST04108,2026-05-10,11,634264.85,52,57660.44090909091,4,4,5,445,13,Champions
CUST04109,2026-06-01,5,75560.7,30,15112.14,4,2,2,422,8,Potential Loyalists
CUST04110,2025-05-31,3,58045.55,396,19348.516666666666,1,1,1,111,3,Lost Customers
CUST04111,2025-12-16,6,327639.8,197,54606.63333333333,2,3,4,234,9,At Risk
CUST04112,2026-01-16,5,104349.75,166,20869.95,2,2,2,222,6,Lost Customers
CUST04113,2026-06-11,13,660826.25,20,50832.78846153846,5,5,5,555,15,Champions
CUST04114,2026-05-21,12,273706.05,41,22808.837499999998,4,4,3,443,11,Loyal Customers
CUST04115,2026-04-26,14,722082.8,66,51577.34285714286,4,5,5,455,14,Champions
CUST04116,2025-12-24,3,86743.2,189,28914.399999999998,2,1,2,212,5,Lost Customers
CUST04117,2026-06-14,5,87771.8,17,17554.36,5,2,2,522,9,Potential Loyalists
CUST04118,2025-11-24,7,300574.1,219,42939.15714285714,2,3,3,233,8,At Risk
CUST04119,2026-05-16,9,430222.35000000003,46,47802.48333333334,4,4,4,444,12,Champions
CUST04120,2026-05-13,15,459170.5,49,30611.366666666665,4,5,4,454,13,Champions
CUST04121,2026-06-01,5,188349.0,30,37669.8,4,2,3,423,9,Potential Loyalists
CUST04122,2025-12-23,3,183528.3,190,61176.1,2,1,3,213,6,Others
CUST04123,2026-04-25,6,122451.05,67,20408.508333333335,4,3,2,432,9,Potential Loyalists
CUST04124,2026-03-12,5,427945.1,111,85589.01999999999,3,2,4,324,9,Others
CUST04125,2026-03-15,12,724976.35,108,60414.69583333333,3,4,5,345,12,Loyal Customers
CUST04126,2026-01-13,4,203871.15,169,50967.7875,2,2,3,223,7,Others
CUST04127,2026-06-29,8,221961.4,2,27745.175,5,3,3,533,11,Potential Loyalists
CUST04128,2025-07-27,4,210137.15,339,52534.2875,1,2,3,123,6,Others
CUST04129,2026-06-19,26,1559477.3,12,59979.89615384616,5,5,5,555,15,Champions
CUST04130,2025-04-07,4,121404.4,450,30351.1,1,2,2,122,5,Lost Customers
CUST04131,2026-03-30,7,140283.3,93,20040.471428571425,3,3,2,332,8,Others
CUST04132,2026-06-09,31,859711.5,22,27732.629032258064,5,5,5,555,15,Champions
CUST04133,2026-06-08,24,1675342.4,23,69805.93333333333,5,5,5,555,15,Champions
CUST04134,2026-04-26,7,422186.25,66,60312.32142857143,4,3,4,434,11,Potential Loyalists
CUST04135,2026-03-24,10,284499.1,99,28449.909999999996,3,4,3,343,10,Loyal Customers
CUST04136,2026-06-13,15,648329.1,18,43221.939999999995,5,5,5,555,15,Champions
CUST04137,2025-01-22,1,3064.0,525,3064.0,1,1,1,111,3,Lost Customers
CUST04138,2026-05-11,8,238753.0,51,29844.125,4,3,3,433,10,Potential Loyalists
CUST04139,2026-03-17,5,89620.75000000001,106,17924.15,3,2,2,322,7,Others
CUST04140,2026-04-30,5,38976.9,62,7795.38,4,2,1,421,7,Potential Loyalists
CUST04141,2026-06-04,15,898524.6,27,59901.64,5,5,5,555,15,Champions
CUST04142,2026-05-29,13,485410.2,33,37339.24615384616,4,5,4,454,13,Champions
CUST04143,2026-05-31,11,275285.05,31,25025.913636363635,4,4,3,443,11,Loyal Customers
CUST04144,2025-04-05,3,215317.75,452,71772.58333333333,1,1,3,113,5,Others
CUST04145,2026-06-30,13,816278.05,1,62790.61923076923,5,5,5,555,15,Champions
CUST04146,2026-05-24,4,164915.55,38,41228.8875,4,2,2,422,8,Potential Loyalists
CUST04147,2026-06-26,14,970242.55,5,69303.03928571429,5,5,5,555,15,Champions
CUST04148,2026-06-02,19,997273.05,29,52488.0552631579,5,5,5,555,15,Champions
CUST04149,2025-05-10,1,3666.05,417,3666.05,1,1,1,111,3,Lost Customers
CUST04150,2026-03-08,17,1256116.45,115,73889.20294117647,3,5,5,355,13,Loyal Customers
CUST04151,2026-01-28,15,673900.0,154,44926.666666666664,2,5,5,255,12,At Risk
CUST04152,2026-03-16,7,532495.15,107,76070.73571428572,3,3,4,334,10,Others
CUST04153,2026-02-22,6,190597.5,129,31766.25,3,3,3,333,9,Others
CUST04154,2025-06-03,9,110869.15000000001,393,12318.794444444446,1,4,2,142,7,At Risk
CUST04155,2026-02-11,5,313483.4,140,62696.68000000001,3,2,3,323,8,Others
CUST04156,2026-06-25,15,476422.05,6,31761.469999999998,5,5,4,554,14,Champions
CUST04157,2026-04-16,9,391198.55,76,43466.50555555555,3,4,4,344,11,Loyal Customers
CUST04158,2026-06-27,5,102007.8,4,20401.56,5,2,2,522,9,Potential Loyalists
CUST04159,2024-12-25,3,177378.45,553,59126.15,1,1,3,113,5,Others
CUST04160,2026-04-27,10,280914.8,65,28091.48,4,4,3,443,11,Loyal Customers
CUST04161,2026-03-18,14,1408178.95,105,100584.21071428571,3,5,5,355,13,Loyal Customers
CUST04162,2025-04-23,2,78004.3,434,39002.15,1,1,2,112,4,Lost Customers
CUST04163,2026-02-18,2,45177.9,133,22588.95,3,1,1,311,5,Others
CUST04164,2025-08-02,3,62836.350000000006,333,20945.45,1,1,1,111,3,Lost Customers
CUST04165,2026-06-04,25,974615.25,27,38984.61,5,5,5,555,15,Champions
CUST04166,2026-06-28,4,103204.45,3,25801.1125,5,2,2,522,9,Potential Loyalists
CUST04167,2024-03-24,1,1526.6,829,1526.6,1,1,1,111,3,Lost Customers
CUST04168,2026-06-01,20,1081402.25,30,54070.1125,4,5,5,455,14,Champions
CUST04169,2026-06-26,20,1337210.7,5,66860.535,5,5,5,555,15,Champions
CUST04170,2026-01-24,7,229378.25,158,32768.32142857143,2,3,3,233,8,At Risk
CUST04171,2025-07-26,3,82865.8,340,27621.933333333334,1,1,2,112,4,Lost Customers
CUST04172,2025-02-07,3,27379.350000000002,509,9126.45,1,1,1,111,3,Lost Customers
CUST04173,2025-06-04,2,3184.2,392,1592.1,1,1,1,111,3,Lost Customers
CUST04174,2026-05-13,12,580061.5,49,48338.458333333336,4,4,4,444,12,Champions
CUST04175,2026-04-12,23,1178368.3,80,51233.40434782609,3,5,5,355,13,Loyal Customers
CUST04176,2025-05-28,2,3937.8,399,1968.9,1,1,1,111,3,Lost Customers
CUST04177,2026-06-01,23,1843173.55,30,80137.98043478261,4,5,5,455,14,Champions
CUST04178,2026-06-27,15,782592.4,4,52172.82666666667,5,5,5,555,15,Champions
CUST04179,2026-02-15,11,504619.7,136,45874.51818181818,3,4,4,344,11,Loyal Customers
CUST04180,2026-04-19,9,301761.05,73,33529.00555555555,3,4,3,343,10,Loyal Customers
CUST04181,2024-12-22,1,302592.0,556,302592.0,1,1,3,113,5,Others
CUST04182,2026-03-17,16,1113469.45,106,69591.840625,3,5,5,355,13,Loyal Customers
CUST04183,2025-10-12,4,37665.5,262,9416.375,2,2,1,221,5,Lost Customers
CUST04184,2026-04-25,15,834255.05,67,55617.003333333334,4,5,5,455,14,Champions
CUST04185,2026-06-03,21,1533976.2,28,73046.4857142857,5,5,5,555,15,Champions
CUST04186,2026-06-22,23,1087579.65,9,47286.07173913043,5,5,5,555,15,Champions
CUST04187,2024-12-11,3,86061.1,567,28687.033333333336,1,1,2,112,4,Lost Customers
CUST04188,2026-03-29,12,918563.6,94,76546.96666666666,3,4,5,345,12,Loyal Customers
CUST04189,2025-05-22,3,113374.4,405,37791.46666666667,1,1,2,112,4,Lost Customers
CUST04190,2026-02-13,15,694015.35,138,46267.689999999995,3,5,5,355,13,Loyal Customers
CUST04191,2026-04-06,9,251461.6,86,27940.17777777778,3,4,3,343,10,Loyal Customers
CUST04192,2026-05-02,8,233326.34999999998,60,29165.793749999997,4,3,3,433,10,Potential Loyalists
CUST04193,2025-11-20,5,298645.45,223,59729.090000000004,2,2,3,223,7,Others
CUST04194,2025-05-08,1,58831.2,419,58831.2,1,1,1,111,3,Lost Customers
CUST04195,2026-05-03,5,120147.65000000001,59,24029.530000000002,4,2,2,422,8,Potential Loyalists
CUST04196,2025-12-08,3,142531.40000000002,205,47510.466666666674,2,1,2,212,5,Lost Customers
CUST04197,2026-05-15,9,451957.89999999997,47,50217.544444444444,4,4,4,444,12,Champions
CUST04198,2026-03-12,14,801571.1,111,57255.07857142857,3,5,5,355,13,Loyal Customers
CUST04199,2026-06-25,12,972248.8999999999,6,81020.74166666665,5,4,5,545,14,Champions
CUST04200,2024-04-11,2,13651.4,811,6825.7,1,1,1,111,3,Lost Customers
CUST04201,2025-05-18,6,193480.5,409,32246.75,1,3,3,133,7,At Risk
CUST04202,2026-03-22,9,661994.95,101,73554.99444444444,3,4,5,345,12,Loyal Customers
CUST04203,2025-11-18,11,322304.35,225,29300.39545454545,2,4,3,243,9,At Risk
CUST04204,2024-05-03,1,2550.0,789,2550.0,1,1,1,111,3,Lost Customers
CUST04205,2026-06-13,13,865724.8,18,66594.21538461538,5,5,5,555,15,Champions
CUST04206,2025-07-22,3,109545.5,344,36515.166666666664,1,1,2,112,4,Lost Customers
CUST04207,2026-05-07,13,763964.05,55,58766.46538461539,4,5,5,455,14,Champions
CUST04208,2026-06-25,23,747518.3,6,32500.795652173914,5,5,5,555,15,Champions
CUST04209,2024-10-18,1,3290.4,621,3290.4,1,1,1,111,3,Lost Customers
CUST04210,2025-02-16,3,80573.8,500,26857.933333333334,1,1,2,112,4,Lost Customers
CUST04211,2026-03-31,9,272571.0,92,30285.666666666668,3,4,3,343,10,Loyal Customers
CUST04212,2026-02-08,14,580734.6,143,41481.04285714286,3,5,4,354,12,Loyal Customers
CUST04213,2026-06-26,7,148479.55000000002,5,21211.364285714288,5,3,2,532,10,Potential Loyalists
CUST04214,2026-06-28,2,9007.7,3,4503.85,5,1,1,511,7,Others
CUST04215,2026-06-07,26,1244683.75,24,47872.45192307692,5,5,5,555,15,Champions
CUST04216,2024-11-26,5,304076.5,582,60815.3,1,2,3,123,6,Others
CUST04217,2026-01-21,5,133707.8,161,26741.559999999998,2,2,2,222,6,Lost Customers
CUST04218,2026-03-12,6,174045.6,111,29007.600000000002,3,3,3,333,9,Others
CUST04219,2025-10-26,7,312000.25,248,44571.46428571428,2,3,3,233,8,At Risk
CUST04220,2026-06-07,12,888710.55,24,74059.21250000001,5,4,5,545,14,Champions
CUST04221,2026-05-11,10,232327.35,51,23232.735,4,4,3,443,11,Loyal Customers
CUST04222,2026-06-26,14,517408.3,5,36957.735714285714,5,5,4,554,14,Champions
CUST04223,2026-05-10,7,445745.7,52,63677.95714285714,4,3,4,434,11,Potential Loyalists
CUST04224,2025-10-07,4,80476.3,267,20119.075,2,2,2,222,6,Lost Customers
CUST04225,2026-05-01,12,496813.2,61,41401.1,4,4,4,444,12,Champions
CUST04226,2026-04-29,8,199528.6,63,24941.075,4,3,3,433,10,Potential Loyalists
CUST04227,2026-03-08,12,212260.45,115,17688.370833333334,3,4,3,343,10,Loyal Customers
CUST04228,2026-04-01,13,645123.15,91,49624.85769230769,3,5,5,355,13,Loyal Customers
CUST04229,2025-07-14,3,95937.5,352,31979.166666666668,1,1,2,112,4,Lost Customers
CUST04230,2025-12-01,4,211248.9,212,52812.225,2,2,3,223,7,Others
CUST04231,2025-06-29,4,93806.4,367,23451.6,1,2,2,122,5,Lost Customers
CUST04232,2026-02-11,4,151619.25,140,37904.8125,3,2,2,322,7,Others
CUST04233,2026-05-10,4,64562.95,52,16140.7375,4,2,1,421,7,Potential Loyalists
CUST04234,2026-02-26,11,319176.6,125,29016.054545454543,3,4,3,343,10,Loyal Customers
CUST04235,2026-02-25,6,190760.4,126,31793.399999999998,3,3,3,333,9,Others
CUST04236,2024-09-08,1,35827.0,661,35827.0,1,1,1,111,3,Lost Customers
CUST04237,2026-04-13,18,879368.15,79,48853.78611111111,3,5,5,355,13,Loyal Customers
CUST04238,2025-09-13,5,175861.30000000002,291,35172.26,2,2,3,223,7,Others
CUST04239,2025-10-10,3,22877.5,264,7625.833333333333,2,1,1,211,4,Lost Customers
CUST04240,2025-12-28,4,199966.1,185,49991.525,2,2,3,223,7,Others
CUST04241,2026-06-18,14,376010.35,13,26857.882142857143,5,5,4,554,14,Champions
CUST04242,2025-11-15,1,6219.0,228,6219.0,2,1,1,211,4,Lost Customers
CUST04243,2026-03-26,7,154920.3,97,22131.471428571425,3,3,2,332,8,Others
CUST04244,2025-09-27,7,304167.10000000003,277,43452.442857142865,2,3,3,233,8,At Risk
CUST04245,2026-05-01,6,74368.4,61,12394.733333333332,4,3,2,432,9,Potential Loyalists
CUST04246,2026-06-18,4,112044.85,13,28011.2125,5,2,2,522,9,Potential Loyalists
CUST04247,2026-06-21,9,395238.35,10,43915.37222222222,5,4,4,544,13,Champions
CUST04248,2025-07-19,1,7396.7,347,7396.7,1,1,1,111,3,Lost Customers
CUST04249,2026-02-19,13,330544.95,132,25426.534615384615,3,5,4,354,12,Loyal Customers
CUST04250,2026-06-04,18,1172051.45,27,65113.96944444444,5,5,5,555,15,Champions
CUST04251,2025-09-03,7,56890.05,301,8127.150000000001,2,3,1,231,6,At Risk
CUST04252,2026-04-20,6,137095.15,72,22849.191666666666,3,3,2,332,8,Others
CUST04253,2024-01-16,1,2836.0,897,2836.0,1,1,1,111,3,Lost Customers
CUST04254,2026-06-26,20,849044.95,5,42452.2475,5,5,5,555,15,Champions
CUST04255,2026-04-16,15,752506.15,76,50167.07666666667,3,5,5,355,13,Loyal Customers
CUST04256,2026-06-21,9,269605.85,10,29956.205555555553,5,4,3,543,12,Loyal Customers
CUST04257,2025-02-26,2,43816.2,490,21908.1,1,1,1,111,3,Lost Customers
CUST04258,2026-06-03,14,453287.85,28,32377.70357142857,5,5,4,554,14,Champions
CUST04259,2025-12-08,4,216673.4,205,54168.35,2,2,3,223,7,Others
CUST04260,2026-06-20,13,579567.9,11,44582.14615384616,5,5,4,554,14,Champions
CUST04261,2026-06-23,14,436570.7,8,31183.62142857143,5,5,4,554,14,Champions
CUST04262,2026-01-25,9,451016.75,157,50112.97222222222,2,4,4,244,10,At Risk
CUST04263,2025-08-22,2,38357.1,313,19178.55,2,1,1,211,4,Lost Customers
CUST04264,2025-06-01,3,67580.2,395,22526.733333333334,1,1,1,111,3,Lost Customers
CUST04265,2025-12-03,13,631681.9,210,48590.915384615386,2,5,5,255,12,At Risk
CUST04266,2026-03-11,22,1136509.0,112,51659.5,3,5,5,355,13,Loyal Customers
CUST04267,2026-01-21,16,850677.35,161,53167.334375,2,5,5,255,12,At Risk
CUST04268,2026-06-27,22,974687.0,4,44303.954545454544,5,5,5,555,15,Champions
CUST04269,2026-05-25,16,615739.25,37,38483.703125,4,5,5,455,14,Champions
CUST04270,2026-06-08,16,614325.25,23,38395.328125,5,5,5,555,15,Champions
CUST04271,2025-01-05,2,6921.35,542,3460.675,1,1,1,111,3,Lost Customers
CUST04272,2026-05-18,6,123357.25,44,20559.541666666668,4,3,2,432,9,Potential Loyalists
CUST04273,2025-11-10,8,598396.7,233,74799.5875,2,3,5,235,10,At Risk
CUST04274,2026-04-19,10,702006.6,73,70200.66,3,4,5,345,12,Loyal Customers
CUST04275,2026-05-11,12,534561.6,51,44546.799999999996,4,4,4,444,12,Champions
CUST04276,2025-06-07,1,692.8,389,692.8,1,1,1,111,3,Lost Customers
CUST04277,2025-08-28,2,37307.9,307,18653.95,2,1,1,211,4,Lost Customers
CUST04278,2025-08-02,3,91578.0,333,30526.0,1,1,2,112,4,Lost Customers
CUST04279,2026-02-24,10,453574.5,127,45357.45,3,4,4,344,11,Loyal Customers
CUST04280,2026-06-01,9,675563.5,30,75062.61111111111,4,4,5,445,13,Champions
CUST04281,2026-04-28,6,165470.55000000002,64,27578.425000000003,4,3,2,432,9,Potential Loyalists
CUST04282,2025-09-30,4,8180.25,274,2045.0625,2,2,1,221,5,Lost Customers
CUST04283,2024-06-22,1,13152.0,739,13152.0,1,1,1,111,3,Lost Customers
CUST04284,2026-06-14,5,221438.7,17,44287.740000000005,5,2,3,523,10,Potential Loyalists
CUST04285,2025-12-01,2,47591.3,212,23795.65,2,1,1,211,4,Lost Customers
CUST04286,2026-06-01,10,410508.89999999997,30,41050.89,4,4,4,444,12,Champions
CUST04287,2026-03-07,11,382404.35000000003,116,34764.03181818182,3,4,4,344,11,Loyal Customers
CUST04288,2026-06-22,18,1000983.7999999999,9,55610.21111111111,5,5,5,555,15,Champions
CUST04289,2026-06-08,7,185762.15,23,26537.45,5,3,3,533,11,Potential Loyalists
CUST04290,2026-06-30,23,1671261.5,1,72663.54347826086,5,5,5,555,15,Champions
CUST04291,2026-02-12,4,38911.9,139,9727.975,3,2,1,321,6,Others
CUST04292,2025-10-08,3,124524.25,266,41508.083333333336,2,1,2,212,5,Lost Customers
CUST04293,2026-06-17,11,343169.55,14,31197.231818181815,5,4,4,544,13,Champions
CUST04294,2026-04-16,20,666202.55,76,33310.1275,3,5,5,355,13,Loyal Customers
CUST04295,2026-01-07,2,17179.1,175,8589.55,2,1,1,211,4,Lost Customers
CUST04296,2025-01-15,5,70396.70000000001,532,14079.340000000002,1,2,1,121,4,Lost Customers
CUST04297,2026-01-16,5,163156.2,166,32631.24,2,2,2,222,6,Lost Customers
CUST04298,2026-04-14,7,241766.9,78,34538.12857142857,3,3,3,333,9,Others
CUST04299,2026-06-22,13,410731.5,9,31594.73076923077,5,5,4,554,14,Champions
CUST04300,2026-04-24,9,462800.39999999997,68,51422.26666666666,4,4,4,444,12,Champions
CUST04301,2025-11-21,10,355479.4,222,35547.94,2,4,4,244,10,At Risk
CUST04302,2024-01-23,1,1548.5,890,1548.5,1,1,1,111,3,Lost Customers
CUST04303,2026-05-30,9,200531.55000000002,32,22281.283333333336,4,4,3,443,11,Loyal Customers
CUST04304,2026-06-28,12,591463.4,3,49288.61666666667,5,4,5,545,14,Champions
CUST04305,2026-01-19,3,23031.9,163,7677.3,2,1,1,211,4,Lost Customers
CUST04306,2026-05-06,5,80128.15,56,16025.63,4,2,2,422,8,Potential Loyalists
CUST04307,2026-06-26,10,364536.45,5,36453.645000000004,5,4,4,544,13,Champions
CUST04308,2026-04-30,16,1421961.55,62,88872.596875,4,5,5,455,14,Champions
CUST04309,2026-04-19,8,221803.25,73,27725.40625,3,3,3,333,9,Others
CUST04310,2026-05-07,5,220748.1,55,44149.62,4,2,3,423,9,Potential Loyalists
CUST04311,2025-02-08,4,136911.95,508,34227.9875,1,2,2,122,5,Lost Customers
CUST04312,2025-05-18,4,89839.15,409,22459.7875,1,2,2,122,5,Lost Customers
CUST04313,2025-10-09,9,400361.05,265,44484.56111111111,2,4,4,244,10,At Risk
CUST04314,2026-06-21,20,1036724.1,10,51836.205,5,5,5,555,15,Champions
CUST04315,2025-07-12,5,97627.5,354,19525.5,1,2,2,122,5,Lost Customers
CUST04316,2026-05-06,5,33114.0,56,6622.8,4,2,1,421,7,Potential Loyalists
CUST04317,2026-06-28,10,392910.30000000005,3,39291.030000000006,5,4,4,544,13,Champions
CUST04318,2026-06-22,8,434813.6,9,54351.7,5,3,4,534,12,Potential Loyalists
CUST04319,2025-03-05,2,36410.0,483,18205.0,1,1,1,111,3,Lost Customers
CUST04320,2025-06-09,3,105125.3,387,35041.76666666667,1,1,2,112,4,Lost Customers
CUST04321,2026-06-15,14,379246.55,16,27089.039285714283,5,5,4,554,14,Champions
CUST04322,2024-07-08,1,93861.9,723,93861.9,1,1,2,112,4,Lost Customers
CUST04323,2026-06-01,10,1015828.3,30,101582.83,4,4,5,445,13,Champions
CUST04324,2026-06-28,1,8000.0,3,8000.0,5,1,1,511,7,Others
CUST04325,2026-06-24,10,630970.1000000001,7,63097.01000000001,5,4,5,545,14,Champions
CUST04326,2024-09-30,2,28059.2,639,14029.6,1,1,1,111,3,Lost Customers
CUST04327,2026-06-09,18,678019.45,22,37667.74722222222,5,5,5,555,15,Champions
CUST04328,2026-06-12,20,1267468.85,19,63373.442500000005,5,5,5,555,15,Champions
CUST04329,2026-04-04,11,712158.25,88,64741.65909090909,3,4,5,345,12,Loyal Customers
CUST04330,2026-05-26,8,264640.5,36,33080.0625,4,3,3,433,10,Potential Loyalists
CUST04331,2026-06-28,9,545684.1,3,60631.566666666666,5,4,4,544,13,Champions
CUST04332,2025-02-23,2,19800.2,493,9900.1,1,1,1,111,3,Lost Customers
CUST04333,2025-09-01,6,44351.55,303,7391.925,2,3,1,231,6,At Risk
CUST04334,2025-09-08,4,321024.3,296,80256.075,2,2,3,223,7,Others
CUST04335,2026-06-16,26,1341179.05,15,51583.80961538462,5,5,5,555,15,Champions
CUST04336,2025-11-13,2,88018.45000000001,230,44009.225000000006,2,1,2,212,5,Lost Customers
CUST04337,2025-10-20,5,30635.2,254,6127.04,2,2,1,221,5,Lost Customers
CUST04338,2026-06-08,8,91800.75,23,11475.09375,5,3,2,532,10,Potential Loyalists
CUST04339,2026-04-02,5,113309.55,90,22661.91,3,2,2,322,7,Others
CUST04340,2025-10-20,5,134657.6,254,26931.52,2,2,2,222,6,Lost Customers
CUST04341,2026-06-07,22,1148936.7,24,52224.395454545454,5,5,5,555,15,Champions
CUST04342,2026-06-11,20,387089.7,20,19354.485,5,5,4,554,14,Champions
CUST04343,2025-03-21,4,45512.95,467,11378.2375,1,2,1,121,4,Lost Customers
CUST04344,2025-03-08,4,31940.55,480,7985.1375,1,2,1,121,4,Lost Customers
CUST04345,2026-06-15,19,739045.9,16,38897.152631578945,5,5,5,555,15,Champions
CUST04346,2026-01-09,1,3750.2,173,3750.2,2,1,1,211,4,Lost Customers
CUST04347,2025-06-09,5,201714.90000000002,387,40342.98,1,2,3,123,6,Others
CUST04348,2026-06-23,5,284300.2,8,56860.04,5,2,3,523,10,Potential Loyalists
CUST04349,2026-05-23,17,439813.35,39,25871.373529411765,4,5,4,454,13,Champions
CUST04350,2026-03-30,4,153136.65,93,38284.1625,3,2,2,322,7,Others
CUST04351,2026-04-10,6,215707.6,82,35951.26666666667,3,3,3,333,9,Others
CUST04352,2025-10-23,6,181271.3,251,30211.88333333333,2,3,3,233,8,At Risk
CUST04353,2025-05-27,2,43714.8,400,21857.4,1,1,1,111,3,Lost Customers
CUST04354,2025-09-17,5,233163.69999999998,287,46632.74,2,2,3,223,7,Others
CUST04355,2025-10-11,12,352232.9,263,29352.74166666667,2,4,4,244,10,At Risk
CUST04356,2026-06-16,13,868230.75,15,66786.98076923077,5,5,5,555,15,Champions
CUST04357,2026-06-05,12,272166.15,26,22680.5125,5,4,3,543,12,Loyal Customers
CUST04358,2026-05-15,1,4860.0,47,4860.0,4,1,1,411,6,Others
CUST04359,2025-11-24,1,103776.0,219,103776.0,2,1,2,212,5,Lost Customers
CUST04360,2026-03-24,10,296581.1,99,29658.109999999997,3,4,3,343,10,Loyal Customers
CUST04361,2026-01-07,5,375418.1,175,75083.62,2,2,4,224,8,Others
CUST04362,2025-06-12,5,160533.6,384,32106.72,1,2,2,122,5,Lost Customers
CUST04363,2026-05-22,16,754761.15,40,47172.571875,4,5,5,455,14,Champions
CUST04364,2025-05-27,2,69874.5,400,34937.25,1,1,1,111,3,Lost Customers
CUST04365,2026-06-22,17,301996.85000000003,9,17764.520588235297,5,5,3,553,13,Loyal Customers
CUST04366,2026-05-30,12,407761.15,32,33980.09583333333,4,4,4,444,12,Champions
CUST04367,2026-03-02,3,98210.55,121,32736.850000000002,3,1,2,312,6,Others
CUST04368,2026-02-28,4,115133.2,123,28783.3,3,2,2,322,7,Others
CUST04369,2026-06-27,16,791792.45,4,49487.028125,5,5,5,555,15,Champions
CUST04370,2025-11-02,2,41382.9,241,20691.45,2,1,1,211,4,Lost Customers
CUST04371,2026-01-22,9,179829.6,160,19981.066666666666,2,4,3,243,9,At Risk
CUST04372,2025-03-22,2,7785.2,466,3892.6,1,1,1,111,3,Lost Customers
CUST04373,2026-06-15,19,917201.6,16,48273.76842105263,5,5,5,555,15,Champions
CUST04374,2025-02-22,3,73886.2,494,24628.733333333334,1,1,2,112,4,Lost Customers
CUST04375,2025-12-14,8,386739.95,199,48342.49375,2,3,4,234,9,At Risk
CUST04376,2025-10-08,2,42935.25,266,21467.625,2,1,1,211,4,Lost Customers
CUST04377,2026-01-15,9,202041.45,167,22449.050000000003,2,4,3,243,9,At Risk
CUST04378,2026-05-08,3,50842.0,54,16947.333333333332,4,1,1,411,6,Others
CUST04379,2025-10-17,1,11169.9,257,11169.9,2,1,1,211,4,Lost Customers
CUST04380,2025-05-10,3,120997.20000000001,417,40332.4,1,1,2,112,4,Lost Customers
CUST04381,2026-05-12,13,822654.75,50,63281.13461538462,4,5,5,455,14,Champions
CUST04382,2025-07-18,4,62757.2,348,15689.3,1,2,1,121,4,Lost Customers
CUST04383,2026-06-21,18,989640.45,10,54980.024999999994,5,5,5,555,15,Champions
CUST04384,2026-06-03,13,550064.7,28,42312.66923076923,5,5,4,554,14,Champions
CUST04385,2025-01-31,2,73685.4,516,36842.7,1,1,2,112,4,Lost Customers
CUST04386,2026-06-07,6,258956.15000000002,24,43159.35833333334,5,3,3,533,11,Potential Loyalists
CUST04387,2026-03-06,9,390718.85000000003,117,43413.205555555556,3,4,4,344,11,Loyal Customers
CUST04388,2026-04-09,18,1008249.1,83,56013.83888888889,3,5,5,355,13,Loyal Customers
CUST04389,2026-04-27,11,430219.69999999995,65,39110.88181818181,4,4,4,444,12,Champions
CUST04390,2025-03-03,3,115641.25,485,38547.083333333336,1,1,2,112,4,Lost Customers
CUST04391,2026-04-28,6,341834.2,64,56972.36666666667,4,3,4,434,11,Potential Loyalists
CUST04392,2025-07-26,2,147566.4,340,73783.2,1,1,2,112,4,Lost Customers
CUST04393,2025-09-14,4,65378.5,290,16344.625,2,2,1,221,5,Lost Customers
CUST04394,2025-11-22,9,591877.8,221,65764.20000000001,2,4,5,245,11,At Risk
CUST04395,2026-04-04,4,74474.85,88,18618.7125,3,2,2,322,7,Others
CUST04396,2026-05-06,21,2380248.4,56,113345.1619047619,4,5,5,455,14,Champions
CUST04397,2025-08-07,9,116366.8,328,12929.644444444444,1,4,2,142,7,At Risk
CUST04398,2026-06-02,13,567810.9,29,43677.76153846154,5,5,4,554,14,Champions
CUST04399,2026-06-13,8,230822.55,18,28852.81875,5,3,3,533,11,Potential Loyalists
CUST04400,2025-02-03,4,47012.8,513,11753.2,1,2,1,121,4,Lost Customers
CUST04401,2025-05-30,5,287201.65,397,57440.33,1,2,3,123,6,Others
CUST04402,2024-11-17,2,56219.7,591,28109.85,1,1,1,111,3,Lost Customers
CUST04403,2026-06-27,7,231414.9,4,33059.271428571425,5,3,3,533,11,Potential Loyalists
CUST04404,2026-05-08,4,61890.1,54,15472.525,4,2,1,421,7,Potential Loyalists
CUST04405,2026-05-14,3,22770.9,48,7590.3,4,1,1,411,6,Others
CUST04406,2025-06-18,4,163668.4,378,40917.1,1,2,2,122,5,Lost Customers
CUST04407,2026-06-03,11,425401.05000000005,28,38672.82272727273,5,4,4,544,13,Champions
CUST04408,2026-05-18,10,315935.45,44,31593.545000000002,4,4,3,443,11,Loyal Customers
CUST04409,2025-06-01,2,22674.0,395,11337.0,1,1,1,111,3,Lost Customers
CUST04410,2025-11-23,4,179741.35,220,44935.3375,2,2,3,223,7,Others
CUST04411,2026-01-27,6,345388.7,155,57564.78333333333,2,3,4,234,9,At Risk
CUST04412,2025-12-13,5,207451.65,200,41490.33,2,2,3,223,7,Others
CUST04413,2026-02-26,2,58430.4,125,29215.2,3,1,1,311,5,Others
CUST04414,2026-05-19,9,377500.75,43,41944.52777777778,4,4,4,444,12,Champions
CUST04415,2026-05-27,9,307909.5,35,34212.166666666664,4,4,3,443,11,Loyal Customers
CUST04416,2026-03-13,19,1145238.55,110,60275.71315789474,3,5,5,355,13,Loyal Customers
CUST04417,2026-01-25,8,240542.25,157,30067.78125,2,3,3,233,8,At Risk
CUST04418,2026-01-02,12,389479.5,180,32456.625,2,4,4,244,10,At Risk
CUST04419,2026-02-09,3,51513.4,142,17171.133333333335,3,1,1,311,5,Others
CUST04420,2026-04-13,11,933106.6,79,84827.87272727273,3,4,5,345,12,Loyal Customers
CUST04421,2026-04-30,13,515372.25,62,39644.019230769234,4,5,4,454,13,Champions
CUST04422,2026-02-06,4,106892.45000000001,145,26723.112500000003,3,2,2,322,7,Others
CUST04423,2026-05-08,6,674603.1000000001,54,112433.85000000002,4,3,5,435,12,Potential Loyalists
CUST04424,2025-05-03,5,187523.9,424,37504.78,1,2,3,123,6,Others
CUST04425,2026-04-15,8,610947.85,77,76368.48125,3,3,5,335,11,Others
CUST04426,2024-09-18,1,13189.45,651,13189.45,1,1,1,111,3,Lost Customers
CUST04427,2025-07-07,4,45738.05,359,11434.5125,1,2,1,121,4,Lost Customers
CUST04428,2026-02-05,7,259530.1,146,37075.728571428575,3,3,3,333,9,Others
CUST04429,2024-03-28,1,6033.6,825,6033.6,1,1,1,111,3,Lost Customers
CUST04430,2026-02-23,9,201329.05,128,22369.894444444442,3,4,3,343,10,Loyal Customers
CUST04431,2026-04-16,4,145914.6,76,36478.65,3,2,2,322,7,Others
CUST04432,2025-04-02,1,17311.5,455,17311.5,1,1,1,111,3,Lost Customers
CUST04433,2026-01-03,8,780114.15,179,97514.26875,2,3,5,235,10,At Risk
CUST04434,2025-05-07,1,4159.9,420,4159.9,1,1,1,111,3,Lost Customers
CUST04435,2025-10-30,4,147809.1,244,36952.275,2,2,2,222,6,Lost Customers
CUST04436,2026-05-12,9,275203.9,50,30578.211111111115,4,4,3,443,11,Loyal Customers
CUST04437,2026-05-21,4,263524.45,41,65881.1125,4,2,3,423,9,Potential Loyalists
CUST04438,2026-06-25,19,609590.25,6,32083.697368421053,5,5,5,555,15,Champions
CUST04439,2026-05-01,2,117270.0,61,58635.0,4,1,2,412,7,Others
CUST04440,2026-02-18,8,270656.15,133,33832.01875,3,3,3,333,9,Others
CUST04441,2026-05-03,8,192411.4,59,24051.425,4,3,3,433,10,Potential Loyalists
CUST04442,2026-03-04,11,573983.65,119,52180.33181818182,3,4,4,344,11,Loyal Customers
CUST04443,2025-03-05,4,90881.45000000001,483,22720.362500000003,1,2,2,122,5,Lost Customers
CUST04444,2026-01-01,3,170876.5,181,56958.833333333336,2,1,2,212,5,Lost Customers
CUST04445,2026-05-07,3,28528.65,55,9509.550000000001,4,1,1,411,6,Others
CUST04446,2026-03-27,10,355783.10000000003,96,35578.310000000005,3,4,4,344,11,Loyal Customers
CUST04447,2024-11-28,3,49743.65,580,16581.216666666667,1,1,1,111,3,Lost Customers
CUST04448,2026-05-22,3,80787.1,40,26929.033333333336,4,1,2,412,7,Others
CUST04449,2025-11-26,10,261756.2,217,26175.620000000003,2,4,3,243,9,At Risk
CUST04450,2026-06-21,14,991504.95,10,70821.78214285713,5,5,5,555,15,Champions
CUST04451,2026-06-12,13,441408.95,19,33954.53461538462,5,5,4,554,14,Champions
CUST04452,2026-03-15,11,338768.65,108,30797.15,3,4,4,344,11,Loyal Customers
CUST04453,2026-04-28,9,114351.2,64,12705.688888888888,4,4,2,442,10,Loyal Customers
CUST04454,2026-02-01,3,33197.4,150,11065.800000000001,2,1,1,211,4,Lost Customers
CUST04455,2026-06-19,25,1467226.8,12,58689.072,5,5,5,555,15,Champions
CUST04456,2025-03-20,2,58841.0,468,29420.5,1,1,1,111,3,Lost Customers
CUST04457,2025-01-05,1,1203.65,542,1203.65,1,1,1,111,3,Lost Customers
CUST04458,2026-02-10,13,509570.35000000003,141,39197.71923076923,3,5,4,354,12,Loyal Customers
CUST04459,2025-05-18,3,5145.8,409,1715.2666666666667,1,1,1,111,3,Lost Customers
CUST04460,2026-06-16,12,610746.7,15,50895.55833333333,5,4,5,545,14,Champions
CUST04461,2025-12-12,6,257203.90000000002,201,42867.31666666667,2,3,3,233,8,At Risk
CUST04462,2025-03-28,5,78737.0,460,15747.4,1,2,2,122,5,Lost Customers
CUST04463,2025-05-21,3,204183.0,406,68061.0,1,1,3,113,5,Others
CUST04464,2025-05-06,4,184922.6,421,46230.65,1,2,3,123,6,Others
CUST04465,2026-01-03,8,361261.05000000005,179,45157.631250000006,2,3,4,234,9,At Risk
CUST04466,2026-05-16,3,179204.1,46,59734.700000000004,4,1,3,413,8,Others
CUST04467,2024-09-26,1,6337.8,643,6337.8,1,1,1,111,3,Lost Customers
CUST04468,2025-09-11,10,189548.1,293,18954.81,2,4,3,243,9,At Risk
CUST04469,2025-08-08,2,42018.35,327,21009.175,1,1,1,111,3,Lost Customers
CUST04470,2026-04-02,7,226296.0,90,32328.0,3,3,3,333,9,Others
CUST04471,2026-05-12,16,1079744.85,50,67484.053125,4,5,5,455,14,Champions
CUST04472,2026-03-06,9,359093.7,117,39899.3,3,4,4,344,11,Loyal Customers
CUST04473,2026-04-01,5,188638.8,91,37727.759999999995,3,2,3,323,8,Others
CUST04474,2026-05-03,7,105905.4,59,15129.342857142856,4,3,2,432,9,Potential Loyalists
CUST04475,2026-05-03,5,145463.9,59,29092.78,4,2,2,422,8,Potential Loyalists
CUST04476,2026-03-30,16,758235.5,93,47389.71875,3,5,5,355,13,Loyal Customers
CUST04477,2025-01-09,1,18182.35,538,18182.35,1,1,1,111,3,Lost Customers
CUST04478,2025-04-30,2,7280.700000000001,427,3640.3500000000004,1,1,1,111,3,Lost Customers
CUST04479,2026-06-09,9,498064.4,22,55340.48888888889,5,4,4,544,13,Champions
CUST04480,2026-05-07,11,785656.8,55,71423.34545454546,4,4,5,445,13,Champions
CUST04481,2026-04-10,8,129399.95,82,16174.99375,3,3,2,332,8,Others
CUST04482,2026-05-04,3,100431.85,58,33477.28333333333,4,1,2,412,7,Others
CUST04483,2026-06-13,1,23035.6,18,23035.6,5,1,1,511,7,Others
CUST04484,2025-09-20,3,98660.45000000001,284,32886.81666666667,2,1,2,212,5,Lost Customers
CUST04485,2026-03-28,9,962971.1,95,106996.78888888888,3,4,5,345,12,Loyal Customers
CUST04486,2025-05-09,3,187990.4,418,62663.46666666667,1,1,3,113,5,Others
CUST04487,2026-06-24,12,512891.5,7,42740.958333333336,5,4,4,544,13,Champions
CUST04488,2026-04-01,9,354645.85000000003,91,39405.09444444445,3,4,4,344,11,Loyal Customers
CUST04489,2024-05-31,1,634.6,761,634.6,1,1,1,111,3,Lost Customers
CUST04490,2026-05-05,2,51355.5,57,25677.75,4,1,1,411,6,Others
CUST04491,2026-06-17,8,427323.05,14,53415.38125,5,3,4,534,12,Potential Loyalists
CUST04492,2024-03-03,1,3566.7,850,3566.7,1,1,1,111,3,Lost Customers
CUST04493,2025-05-05,3,177664.75,422,59221.583333333336,1,1,3,113,5,Others
CUST04494,2024-10-22,1,1305.3,617,1305.3,1,1,1,111,3,Lost Customers
CUST04495,2025-02-13,1,814.5,503,814.5,1,1,1,111,3,Lost Customers
CUST04496,2025-09-19,3,7363.5,285,2454.5,2,1,1,211,4,Lost Customers
CUST04497,2026-05-23,8,376888.6,39,47111.075,4,3,4,434,11,Potential Loyalists
CUST04498,2026-06-23,4,285114.25,8,71278.5625,5,2,3,523,10,Potential Loyalists
CUST04499,2025-07-06,8,640049.9,360,80006.2375,1,3,5,135,9,At Risk
CUST04500,2024-11-29,4,81147.1,579,20286.775,1,2,2,122,5,Lost Customers
CUST04501,2025-10-01,8,611438.35,273,76429.79375,2,3,5,235,10,At Risk
CUST04502,2026-06-23,11,764563.45,8,69505.76818181817,5,4,5,545,14,Champions
CUST04503,2025-12-16,3,31405.4,197,10468.466666666667,2,1,1,211,4,Lost Customers
CUST04504,2026-03-25,14,596281.8,98,42591.55714285715,3,5,5,355,13,Loyal Customers
CUST04505,2026-05-07,28,1824083.9,55,65145.85357142857,4,5,5,455,14,Champions
CUST04506,2026-02-16,14,907520.5,135,64822.892857142855,3,5,5,355,13,Loyal Customers
CUST04507,2026-04-11,16,962533.0,81,60158.3125,3,5,5,355,13,Loyal Customers
CUST04508,2024-03-12,1,47550.35,841,47550.35,1,1,1,111,3,Lost Customers
CUST04509,2025-04-03,2,69316.05,454,34658.025,1,1,1,111,3,Lost Customers
CUST04510,2026-04-11,18,768302.35,81,42683.46388888889,3,5,5,355,13,Loyal Customers
CUST04511,2026-03-12,1,1946.0,111,1946.0,3,1,1,311,5,Others
CUST04512,2026-06-25,7,272231.25,6,38890.17857142857,5,3,3,533,11,Potential Loyalists
CUST04513,2026-06-13,8,237812.8,18,29726.6,5,3,3,533,11,Potential Loyalists
CUST04514,2025-02-10,6,513117.55,506,85519.59166666666,1,3,4,134,8,At Risk
CUST04515,2026-02-19,14,678776.1,132,48484.00714285714,3,5,5,355,13,Loyal Customers
CUST04516,2024-12-27,4,73519.8,551,18379.95,1,2,2,122,5,Lost Customers
CUST04517,2026-02-02,12,744215.5,149,62017.958333333336,2,4,5,245,11,At Risk
CUST04518,2026-06-14,27,1398878.05,17,51810.29814814815,5,5,5,555,15,Champions
CUST04519,2026-06-28,5,60645.049999999996,3,12129.009999999998,5,2,1,521,8,Potential Loyalists
CUST04520,2025-11-03,5,16745.55,240,3349.1099999999997,2,2,1,221,5,Lost Customers
CUST04521,2026-06-17,19,844700.3,14,44457.91052631579,5,5,5,555,15,Champions
CUST04522,2026-04-25,6,189829.5,67,31638.25,4,3,3,433,10,Potential Loyalists
CUST04523,2025-06-14,3,124530.95000000001,382,41510.31666666667,1,1,2,112,4,Lost Customers
CUST04524,2026-01-15,18,579139.85,167,32174.43611111111,2,5,4,254,11,At Risk
CUST04525,2025-12-04,7,244481.6,209,34925.94285714286,2,3,3,233,8,At Risk
CUST04526,2026-03-30,9,404922.05,93,44991.33888888889,3,4,4,344,11,Loyal Customers
CUST04527,2025-09-18,3,65803.9,286,21934.63333333333,2,1,1,211,4,Lost Customers
CUST04528,2025-11-21,3,149944.25,222,49981.416666666664,2,1,2,212,5,Lost Customers
CUST04529,2026-06-23,10,817302.85,8,81730.285,5,4,5,545,14,Champions
CUST04530,2025-10-07,3,18720.3,267,6240.099999999999,2,1,1,211,4,Lost Customers
CUST04531,2026-06-23,16,672641.2,8,42040.075,5,5,5,555,15,Champions
CUST04532,2026-06-09,5,133851.95,22,26770.390000000003,5,2,2,522,9,Potential Loyalists
CUST04533,2025-02-12,3,45008.3,504,15002.766666666668,1,1,1,111,3,Lost Customers
CUST04534,2026-01-29,13,664940.8,153,51149.29230769231,2,5,5,255,12,At Risk
CUST04535,2026-06-11,16,506200.55,20,31637.534375,5,5,4,554,14,Champions
CUST04536,2026-05-17,6,177516.94999999998,45,29586.15833333333,4,3,3,433,10,Potential Loyalists
CUST04537,2025-05-18,5,91462.20000000001,409,18292.440000000002,1,2,2,122,5,Lost Customers
CUST04538,2025-07-31,4,80254.2,335,20063.55,1,2,2,122,5,Lost Customers
CUST04539,2026-05-29,15,464680.05,33,30978.67,4,5,4,454,13,Champions
CUST04540,2026-03-22,14,402421.15,101,28744.367857142857,3,5,4,354,12,Loyal Customers
CUST04541,2026-06-13,14,449359.55,18,32097.110714285714,5,5,4,554,14,Champions
CUST04542,2026-01-01,1,562.4,181,562.4,2,1,1,211,4,Lost Customers
CUST04543,2026-03-02,10,451706.35,121,45170.634999999995,3,4,4,344,11,Loyal Customers
CUST04544,2026-01-03,4,143096.19999999998,179,35774.049999999996,2,2,2,222,6,Lost Customers
CUST04545,2026-05-23,4,77727.4,39,19431.85,4,2,2,422,8,Potential Loyalists
CUST04546,2024-05-07,1,9600.0,785,9600.0,1,1,1,111,3,Lost Customers
CUST04547,2026-06-29,10,466824.7,2,46682.47,5,4,4,544,13,Champions
CUST04548,2025-12-20,1,2180.7,193,2180.7,2,1,1,211,4,Lost Customers
CUST04549,2026-03-16,11,511861.25,107,46532.84090909091,3,4,4,344,11,Loyal Customers
CUST04550,2024-12-15,4,89034.1,563,22258.525,1,2,2,122,5,Lost Customers
CUST04551,2026-06-28,23,711987.15,3,30955.963043478263,5,5,5,555,15,Champions
CUST04552,2025-04-25,3,37925.6,432,12641.866666666667,1,1,1,111,3,Lost Customers
CUST04553,2026-05-01,23,1251770.75,61,54424.815217391304,4,5,5,455,14,Champions
CUST04554,2025-04-13,2,72844.6,444,36422.3,1,1,2,112,4,Lost Customers
CUST04555,2026-03-08,11,593864.15,115,53987.65,3,4,5,345,12,Loyal Customers
CUST04556,2026-01-16,13,833962.55,166,64150.96538461539,2,5,5,255,12,At Risk
CUST04557,2024-04-13,3,41381.4,809,13793.800000000001,1,1,1,111,3,Lost Customers
CUST04558,2026-06-01,10,281610.65,30,28161.065000000002,4,4,3,443,11,Loyal Customers
CUST04559,2025-11-14,8,287060.6,229,35882.575,2,3,3,233,8,At Risk
CUST04560,2026-03-20,25,1838681.4,103,73547.256,3,5,5,355,13,Loyal Customers
CUST04561,2026-03-25,6,282742.5,98,47123.75,3,3,3,333,9,Others
CUST04562,2026-03-11,5,193877.9,112,38775.58,3,2,3,323,8,Others
CUST04563,2026-05-24,15,557737.55,38,37182.503333333334,4,5,4,454,13,Champions
CUST04564,2025-07-21,1,47821.0,345,47821.0,1,1,1,111,3,Lost Customers
CUST04565,2026-06-28,6,599742.0,3,99957.0,5,3,5,535,13,Potential Loyalists
CUST04566,2026-06-10,8,202176.75,21,25272.09375,5,3,3,533,11,Potential Loyalists
CUST04567,2025-10-30,2,11637.5,244,5818.75,2,1,1,211,4,Lost Customers
CUST04568,2024-09-29,3,84911.5,640,28303.833333333332,1,1,2,112,4,Lost Customers
CUST04569,2026-02-21,14,506837.15,130,36202.65357142857,3,5,4,354,12,Loyal Customers
CUST04570,2026-03-19,8,101084.2,104,12635.525,3,3,2,332,8,Others
CUST04571,2026-03-29,5,125888.35,94,25177.670000000002,3,2,2,322,7,Others
CUST04572,2026-02-25,6,193837.05,126,32306.175,3,3,3,333,9,Others
CUST04573,2026-06-18,15,743721.9,13,49581.46,5,5,5,555,15,Champions
CUST04574,2026-06-19,21,1100507.45,12,52405.11666666666,5,5,5,555,15,Champions
CUST04575,2025-01-15,2,131077.6,532,65538.8,1,1,2,112,4,Lost Customers
CUST04576,2025-07-24,3,26211.5,342,8737.166666666666,1,1,1,111,3,Lost Customers
CUST04577,2025-03-06,3,32336.65,482,10778.883333333333,1,1,1,111,3,Lost Customers
CUST04578,2026-05-23,3,201224.44999999998,39,67074.81666666667,4,1,3,413,8,Others
CUST04579,2026-05-17,9,294580.55,45,32731.17222222222,4,4,3,443,11,Loyal Customers
CUST04580,2025-12-22,10,325407.1,191,32540.71,2,4,4,244,10,At Risk
CUST04581,2025-02-17,1,1478.4,499,1478.4,1,1,1,111,3,Lost Customers
CUST04582,2025-07-02,6,136052.5,364,22675.416666666668,1,3,2,132,6,At Risk
CUST04583,2026-03-20,10,992637.85,103,99263.785,3,4,5,345,12,Loyal Customers
CUST04584,2026-06-12,12,343891.8,19,28657.649999999998,5,4,4,544,13,Champions
CUST04585,2025-06-03,3,56829.850000000006,393,18943.283333333336,1,1,1,111,3,Lost Customers
CUST04586,2025-09-14,3,9680.0,290,3226.6666666666665,2,1,1,211,4,Lost Customers
CUST04587,2025-08-02,5,105235.65000000001,333,21047.13,1,2,2,122,5,Lost Customers
CUST04588,2026-03-13,4,257605.84999999998,110,64401.462499999994,3,2,3,323,8,Others
CUST04589,2026-06-11,21,1015656.1,20,48364.57619047619,5,5,5,555,15,Champions
CUST04590,2025-11-26,6,380586.10000000003,217,63431.01666666667,2,3,4,234,9,At Risk
CUST04591,2025-06-15,2,57749.4,381,28874.7,1,1,1,111,3,Lost Customers
CUST04592,2026-05-22,9,312463.35,40,34718.149999999994,4,4,3,443,11,Loyal Customers
CUST04593,2025-11-01,5,112920.4,242,22584.079999999998,2,2,2,222,6,Lost Customers
CUST04594,2024-11-07,2,30400.0,601,15200.0,1,1,1,111,3,Lost Customers
CUST04595,2025-12-12,4,80580.5,201,20145.125,2,2,2,222,6,Lost Customers
CUST04596,2026-04-02,5,335068.5,90,67013.7,3,2,4,324,9,Others
CUST04597,2026-04-30,21,690207.6,62,32867.02857142857,4,5,5,455,14,Champions
CUST04598,2026-03-30,20,1283426.05,93,64171.302500000005,3,5,5,355,13,Loyal Customers
CUST04599,2025-10-09,5,35528.0,265,7105.6,2,2,1,221,5,Lost Customers
CUST04600,2026-04-28,9,366451.5,64,40716.833333333336,4,4,4,444,12,Champions
CUST04601,2025-05-20,3,14914.95,407,4971.650000000001,1,1,1,111,3,Lost Customers
CUST04602,2026-03-27,7,369803.9,96,52829.12857142858,3,3,4,334,10,Others
CUST04603,2025-04-02,6,355793.8,455,59298.96666666667,1,3,4,134,8,At Risk
CUST04604,2026-06-03,21,744555.8,28,35455.038095238095,5,5,5,555,15,Champions
CUST04605,2026-06-08,6,130002.6,23,21667.100000000002,5,3,2,532,10,Potential Loyalists
CUST04606,2025-07-05,1,23839.2,361,23839.2,1,1,1,111,3,Lost Customers
CUST04607,2026-01-11,7,240064.65,171,34294.95,2,3,3,233,8,At Risk
CUST04608,2024-11-03,1,43209.8,605,43209.8,1,1,1,111,3,Lost Customers
CUST04609,2026-05-03,14,242817.15,59,17344.082142857143,4,5,3,453,12,Loyal Customers
CUST04610,2026-05-25,13,777633.9,37,59817.99230769231,4,5,5,455,14,Champions
CUST04611,2025-04-23,2,14993.4,434,7496.7,1,1,1,111,3,Lost Customers
CUST04612,2026-06-14,9,948860.9,17,105428.9888888889,5,4,5,545,14,Champions
CUST04613,2026-02-05,6,47939.200000000004,146,7989.866666666668,3,3,1,331,7,Others
CUST04614,2025-11-13,6,412738.25,230,68789.70833333333,2,3,4,234,9,At Risk
CUST04615,2026-02-17,8,165281.75,134,20660.21875,3,3,2,332,8,Others
CUST04616,2025-12-20,5,164905.75,193,32981.15,2,2,2,222,6,Lost Customers
CUST04617,2026-04-30,13,596434.95,62,45879.61153846153,4,5,5,455,14,Champions
CUST04618,2026-05-14,3,53126.0,48,17708.666666666668,4,1,1,411,6,Others
CUST04619,2026-06-16,20,982213.1,15,49110.655,5,5,5,555,15,Champions
CUST04620,2026-06-17,11,306939.2,14,27903.563636363637,5,4,3,543,12,Loyal Customers
CUST04621,2026-04-26,7,150355.9,66,21479.414285714283,4,3,2,432,9,Potential Loyalists
CUST04622,2026-05-23,17,953882.9500000001,39,56110.76176470589,4,5,5,455,14,Champions
CUST04623,2026-06-27,24,1296655.15,4,54027.29791666666,5,5,5,555,15,Champions
CUST04624,2026-06-15,9,530290.05,16,58921.11666666667,5,4,4,544,13,Champions
CUST04625,2026-04-26,11,1016451.1,66,92404.64545454545,4,4,5,445,13,Champions
CUST04626,2026-03-11,9,231393.15,112,25710.35,3,4,3,343,10,Loyal Customers
CUST04627,2026-06-23,30,1349942.6,8,44998.08666666667,5,5,5,555,15,Champions
CUST04628,2026-05-04,7,325947.2,58,46563.885714285716,4,3,4,434,11,Potential Loyalists
CUST04629,2026-06-18,6,548014.2,13,91335.7,5,3,4,534,12,Potential Loyalists
CUST04630,2026-04-17,15,1082264.95,75,72150.99666666666,3,5,5,355,13,Loyal Customers
CUST04631,2026-04-01,14,788390.1,91,56313.57857142857,3,5,5,355,13,Loyal Customers
CUST04632,2024-08-18,1,3800.0,682,3800.0,1,1,1,111,3,Lost Customers
CUST04633,2026-03-09,26,1064182.15,114,40930.08269230769,3,5,5,355,13,Loyal Customers
CUST04634,2025-03-11,3,73451.6,477,24483.86666666667,1,1,2,112,4,Lost Customers
CUST04635,2024-07-15,1,3682.2,716,3682.2,1,1,1,111,3,Lost Customers
CUST04636,2026-06-07,9,419408.6,24,46600.955555555556,5,4,4,544,13,Champions
CUST04637,2026-02-17,9,414870.60000000003,134,46096.73333333334,3,4,4,344,11,Loyal Customers
CUST04638,2026-05-28,9,154448.35,34,17160.92777777778,4,4,2,442,10,Loyal Customers
CUST04639,2026-02-12,13,561676.25,139,43205.86538461538,3,5,4,354,12,Loyal Customers
CUST04640,2026-01-29,8,704340.45,153,88042.55625,2,3,5,235,10,At Risk
CUST04641,2025-04-13,8,566607.7,444,70825.9625,1,3,4,134,8,At Risk
CUST04642,2025-08-18,2,12241.300000000001,317,6120.650000000001,1,1,1,111,3,Lost Customers
CUST04643,2025-06-14,4,61957.950000000004,382,15489.487500000001,1,2,1,121,4,Lost Customers
CUST04644,2025-12-23,12,470097.2,190,39174.76666666667,2,4,4,244,10,At Risk
CUST04645,2026-01-21,12,424350.3,161,35362.525,2,4,4,244,10,At Risk
CUST04646,2025-08-17,4,339544.44999999995,318,84886.11249999999,1,2,4,124,7,Others
CUST04647,2026-06-25,8,391057.7,6,48882.2125,5,3,4,534,12,Potential Loyalists
CUST04648,2025-11-30,7,380724.1,213,54389.15714285714,2,3,4,234,9,At Risk
CUST04649,2026-01-11,4,40901.25,171,10225.3125,2,2,1,221,5,Lost Customers
CUST04650,2026-03-31,8,480996.6,92,60124.575,3,3,4,334,10,Others
CUST04651,2026-03-13,11,739623.0,110,67238.45454545454,3,4,5,345,12,Loyal Customers
CUST04652,2024-07-11,3,37918.1,720,12639.366666666667,1,1,1,111,3,Lost Customers
CUST04653,2025-11-01,8,207194.05,242,25899.25625,2,3,3,233,8,At Risk
CUST04654,2026-06-27,13,768741.0,4,59133.92307692308,5,5,5,555,15,Champions
CUST04655,2024-05-18,1,84996.0,774,84996.0,1,1,2,112,4,Lost Customers
CUST04656,2026-04-11,9,717354.8999999999,81,79706.09999999999,3,4,5,345,12,Loyal Customers
CUST04657,2026-03-30,10,252257.65,93,25225.765,3,4,3,343,10,Loyal Customers
CUST04658,2025-11-24,4,73743.4,219,18435.85,2,2,2,222,6,Lost Customers
CUST04659,2026-04-18,26,1526956.4,74,58729.092307692306,3,5,5,355,13,Loyal Customers
CUST04660,2026-04-08,10,360634.9,84,36063.490000000005,3,4,4,344,11,Loyal Customers
CUST04661,2026-03-21,10,286799.15,102,28679.915,3,4,3,343,10,Loyal Customers
CUST04662,2025-11-16,4,480241.9,227,120060.475,2,2,4,224,8,Others
CUST04663,2025-04-04,3,97327.5,453,32442.5,1,1,2,112,4,Lost Customers
CUST04664,2026-06-01,23,1141459.95,30,49628.693478260866,4,5,5,455,14,Champions
CUST04665,2026-05-07,8,149103.45,55,18637.93125,4,3,2,432,9,Potential Loyalists
CUST04666,2026-02-08,13,602346.4,143,46334.338461538464,3,5,5,355,13,Loyal Customers
CUST04667,2026-03-03,4,107017.55,120,26754.3875,3,2,2,322,7,Others
CUST04668,2025-05-04,5,108249.2,423,21649.84,1,2,2,122,5,Lost Customers
CUST04669,2026-01-24,11,280221.55,158,25474.686363636363,2,4,3,243,9,At Risk
CUST04670,2026-01-06,13,431669.4,176,33205.338461538464,2,5,4,254,11,At Risk
CUST04671,2026-05-18,10,185904.80000000002,44,18590.480000000003,4,4,3,443,11,Loyal Customers
CUST04672,2026-03-15,5,181813.15000000002,108,36362.630000000005,3,2,3,323,8,Others
CUST04673,2026-03-14,8,469775.9,109,58721.9875,3,3,4,334,10,Others
CUST04674,2026-05-20,4,141469.15,42,35367.2875,4,2,2,422,8,Potential Loyalists
CUST04675,2024-08-16,2,176878.8,684,88439.4,1,1,3,113,5,Others
CUST04676,2026-06-29,22,689789.75,2,31354.079545454544,5,5,5,555,15,Champions
CUST04677,2025-09-10,4,85873.55,294,21468.3875,2,2,2,222,6,Lost Customers
CUST04678,2026-05-19,19,604369.8,43,31808.936842105264,4,5,5,455,14,Champions
CUST04679,2026-05-18,7,187208.94999999998,44,26744.135714285712,4,3,3,433,10,Potential Loyalists
CUST04680,2026-05-21,18,779411.2000000001,41,43300.62222222223,4,5,5,455,14,Champions
CUST04681,2026-06-04,6,123346.3,27,20557.716666666667,5,3,2,532,10,Potential Loyalists
CUST04682,2026-04-09,5,187439.9,83,37487.979999999996,3,2,3,323,8,Others
CUST04683,2025-01-13,2,16853.4,534,8426.7,1,1,1,111,3,Lost Customers
CUST04684,2025-12-09,6,417176.05,204,69529.34166666666,2,3,4,234,9,At Risk
CUST04685,2025-05-12,2,7150.85,415,3575.425,1,1,1,111,3,Lost Customers
CUST04686,2026-06-27,11,538545.6,4,48958.69090909091,5,4,4,544,13,Champions
CUST04687,2026-04-15,17,1076467.7,77,63321.629411764705,3,5,5,355,13,Loyal Customers
CUST04688,2026-03-05,7,117768.4,118,16824.057142857142,3,3,2,332,8,Others
CUST04689,2026-03-14,5,173313.09999999998,109,34662.619999999995,3,2,3,323,8,Others
CUST04690,2026-06-25,16,442502.9,6,27656.43125,5,5,4,554,14,Champions
CUST04691,2026-03-28,14,902398.45,95,64457.03214285714,3,5,5,355,13,Loyal Customers
CUST04692,2026-04-13,8,220097.65,79,27512.20625,3,3,3,333,9,Others
CUST04693,2026-06-07,29,1664124.25,24,57383.59482758621,5,5,5,555,15,Champions
CUST04694,2024-12-24,1,28087.2,554,28087.2,1,1,1,111,3,Lost Customers
CUST04695,2025-12-29,5,213947.0,184,42789.4,2,2,3,223,7,Others
CUST04696,2025-10-28,3,83224.85,246,27741.61666666667,2,1,2,212,5,Lost Customers
CUST04697,2025-10-15,4,274501.65,259,68625.4125,2,2,3,223,7,Others
CUST04698,2026-03-01,4,129102.25,122,32275.5625,3,2,2,322,7,Others
CUST04699,2026-05-18,15,627065.7,44,41804.38,4,5,5,455,14,Champions
CUST04700,2025-06-19,2,91012.95000000001,377,45506.475000000006,1,1,2,112,4,Lost Customers
CUST04701,2025-07-12,8,375862.0,354,46982.75,1,3,4,134,8,At Risk
CUST04702,2026-04-24,5,128792.7,68,25758.54,4,2,2,422,8,Potential Loyalists
CUST04703,2026-06-15,4,170485.80000000002,16,42621.450000000004,5,2,2,522,9,Potential Loyalists
CUST04704,2026-01-02,5,186408.15000000002,180,37281.630000000005,2,2,3,223,7,Others
CUST04705,2026-06-07,17,476792.19999999995,24,28046.6,5,5,4,554,14,Champions
CUST04706,2025-04-09,3,123727.45,448,41242.48333333333,1,1,2,112,4,Lost Customers
CUST04707,2026-05-18,11,845606.45,44,76873.31363636363,4,4,5,445,13,Champions
CUST04708,2026-06-10,18,1109677.35,21,61648.74166666667,5,5,5,555,15,Champions
CUST04709,2025-11-05,2,96187.9,238,48093.95,2,1,2,212,5,Lost Customers
CUST04710,2026-06-04,6,117304.55,27,19550.758333333335,5,3,2,532,10,Potential Loyalists
CUST04711,2025-12-24,8,249695.45,189,31211.93125,2,3,3,233,8,At Risk
CUST04712,2026-01-02,6,142908.45,180,23818.075,2,3,2,232,7,At Risk
CUST04713,2026-02-21,1,4345.2,130,4345.2,3,1,1,311,5,Others
CUST04714,2026-06-20,11,392944.4,11,35722.218181818185,5,4,4,544,13,Champions
CUST04715,2025-04-20,2,86980.8,437,43490.4,1,1,2,112,4,Lost Customers
CUST04716,2025-08-02,7,258853.45,333,36979.06428571429,1,3,3,133,7,At Risk
CUST04717,2025-11-15,1,14822.85,228,14822.85,2,1,1,211,4,Lost Customers
CUST04718,2024-10-26,1,6139.8,613,6139.8,1,1,1,111,3,Lost Customers
CUST04719,2026-06-14,21,846187.8,17,40294.65714285715,5,5,5,555,15,Champions
CUST04720,2025-07-19,5,196885.1,347,39377.020000000004,1,2,3,123,6,Others
CUST04721,2025-05-11,4,269305.1,416,67326.275,1,2,3,123,6,Others
CUST04722,2026-04-06,7,481121.65,86,68731.66428571429,3,3,4,334,10,Others
CUST04723,2026-06-07,14,633181.9,24,45227.27857142857,5,5,5,555,15,Champions
CUST04724,2025-08-11,3,110424.20000000001,324,36808.06666666667,1,1,2,112,4,Lost Customers
CUST04725,2024-09-27,3,18677.6,642,6225.866666666666,1,1,1,111,3,Lost Customers
CUST04726,2026-06-30,11,636053.05,1,57823.00454545455,5,4,5,545,14,Champions
CUST04727,2026-05-23,5,246031.0,39,49206.2,4,2,3,423,9,Potential Loyalists
CUST04728,2026-06-13,16,808953.15,18,50559.571875,5,5,5,555,15,Champions
CUST04729,2025-11-21,14,756841.85,222,54060.13214285714,2,5,5,255,12,At Risk
CUST04730,2026-06-13,25,1129182.25,18,45167.29,5,5,5,555,15,Champions
CUST04731,2026-05-30,11,700830.45,32,63711.859090909085,4,4,5,445,13,Champions
CUST04732,2025-09-19,4,42744.9,285,10686.225,2,2,1,221,5,Lost Customers
CUST04733,2025-04-30,3,93347.55,427,31115.850000000002,1,1,2,112,4,Lost Customers
CUST04734,2026-05-23,12,407946.75,39,33995.5625,4,4,4,444,12,Champions
CUST04735,2026-05-28,12,426239.95,34,35519.995833333334,4,4,4,444,12,Champions
CUST04736,2025-12-24,8,316265.35,189,39533.16875,2,3,3,233,8,At Risk
CUST04737,2025-08-14,8,437520.35000000003,321,54690.043750000004,1,3,4,134,8,At Risk
CUST04738,2026-05-24,11,372637.8,38,33876.163636363635,4,4,4,444,12,Champions
CUST04739,2026-06-23,13,883492.1,8,67960.93076923076,5,5,5,555,15,Champions
CUST04740,2026-03-17,11,592664.7999999999,106,53878.61818181817,3,4,5,345,12,Loyal Customers
CUST04741,2025-11-30,7,299037.75,213,42719.67857142857,2,3,3,233,8,At Risk
CUST04742,2026-04-02,5,148606.8,90,29721.359999999997,3,2,2,322,7,Others
CUST04743,2026-01-08,6,265366.9,174,44227.81666666667,2,3,3,233,8,At Risk
CUST04744,2026-06-01,3,3859.6000000000004,30,1286.5333333333335,4,1,1,411,6,Others
CUST04745,2025-10-25,2,4968.6,249,2484.3,2,1,1,211,4,Lost Customers
CUST04746,2026-01-28,4,123692.1,154,30923.025,2,2,2,222,6,Lost Customers
CUST04747,2024-05-08,1,83138.3,784,83138.3,1,1,2,112,4,Lost Customers
CUST04748,2026-06-15,16,630511.95,16,39406.996875,5,5,5,555,15,Champions
CUST04749,2024-08-07,1,26660.25,693,26660.25,1,1,1,111,3,Lost Customers
CUST04750,2026-03-24,23,1722663.75,99,74898.42391304347,3,5,5,355,13,Loyal Customers
CUST04751,2025-08-29,3,74187.9,306,24729.3,2,1,2,212,5,Lost Customers
CUST04752,2026-05-09,8,117780.9,53,14722.6125,4,3,2,432,9,Potential Loyalists
CUST04753,2026-05-11,4,65041.2,51,16260.3,4,2,1,421,7,Potential Loyalists
CUST04754,2026-05-12,12,354586.95,50,29548.912500000002,4,4,4,444,12,Champions
CUST04755,2025-08-12,2,142906.0,323,71453.0,1,1,2,112,4,Lost Customers
CUST04756,2026-05-01,13,305762.5,61,23520.19230769231,4,5,3,453,12,Loyal Customers
CUST04757,2026-06-01,8,120650.3,30,15081.2875,4,3,2,432,9,Potential Loyalists
CUST04758,2025-01-13,1,53778.55,534,53778.55,1,1,1,111,3,Lost Customers
CUST04759,2026-02-13,10,191081.3,138,19108.129999999997,3,4,3,343,10,Loyal Customers
CUST04760,2025-12-06,10,165959.55,207,16595.954999999998,2,4,2,242,8,At Risk
CUST04761,2024-06-11,1,78948.0,750,78948.0,1,1,2,112,4,Lost Customers
CUST04762,2026-06-28,5,18542.1,3,3708.4199999999996,5,2,1,521,8,Potential Loyalists
CUST04763,2026-01-18,18,909293.6,164,50516.31111111111,2,5,5,255,12,At Risk
CUST04764,2026-06-30,14,423546.45,1,30253.317857142858,5,5,4,554,14,Champions
CUST04765,2026-04-05,11,538591.9,87,48962.9,3,4,4,344,11,Loyal Customers
CUST04766,2026-01-24,6,255177.55,158,42529.59166666667,2,3,3,233,8,At Risk
CUST04767,2025-11-06,4,65484.75,237,16371.1875,2,2,1,221,5,Lost Customers
CUST04768,2024-04-28,1,855.9,794,855.9,1,1,1,111,3,Lost Customers
CUST04769,2026-05-13,19,1167558.2,49,61450.43157894737,4,5,5,455,14,Champions
CUST04770,2026-04-04,15,1012181.6,88,67478.77333333333,3,5,5,355,13,Loyal Customers
CUST04771,2026-06-14,8,335237.45,17,41904.68125,5,3,4,534,12,Potential Loyalists
CUST04772,2026-02-14,15,635519.3,137,42367.95333333334,3,5,5,355,13,Loyal Customers
CUST04773,2026-06-17,20,845802.1,14,42290.104999999996,5,5,5,555,15,Champions
CUST04774,2025-09-09,6,221248.5,295,36874.75,2,3,3,233,8,At Risk
CUST04775,2026-01-26,6,165497.35,156,27582.891666666666,2,3,2,232,7,At Risk
CUST04776,2026-06-16,15,382444.9,15,25496.326666666668,5,5,4,554,14,Champions
CUST04777,2025-07-24,3,404844.6,342,134948.19999999998,1,1,4,114,6,Others
CUST04778,2026-06-30,4,97365.84999999999,1,24341.462499999998,5,2,2,522,9,Potential Loyalists
CUST04779,2025-06-21,2,38050.3,375,19025.15,1,1,1,111,3,Lost Customers
CUST04780,2026-04-18,8,126083.6,74,15760.45,3,3,2,332,8,Others
CUST04781,2026-03-27,8,183605.2,96,22950.65,3,3,3,333,9,Others
CUST04782,2026-03-20,2,35052.9,103,17526.45,3,1,1,311,5,Others
CUST04783,2025-10-24,5,129030.8,250,25806.16,2,2,2,222,6,Lost Customers
CUST04784,2025-10-30,11,453910.2,244,41264.56363636364,2,4,4,244,10,At Risk
CUST04785,2026-02-23,7,571243.7,128,81606.24285714285,3,3,4,334,10,Others
CUST04786,2026-06-13,5,281219.55,18,56243.909999999996,5,2,3,523,10,Potential Loyalists
CUST04787,2026-03-30,9,265803.7,93,29533.744444444445,3,4,3,343,10,Loyal Customers
CUST04788,2026-06-27,19,608661.5,4,32034.815789473683,5,5,5,555,15,Champions
CUST04789,2026-06-12,7,205578.95,19,29368.42142857143,5,3,3,533,11,Potential Loyalists
CUST04790,2026-01-01,3,22934.4,181,7644.8,2,1,1,211,4,Lost Customers
CUST04791,2026-05-29,8,137922.80000000002,33,17240.350000000002,4,3,2,432,9,Potential Loyalists
CUST04792,2026-06-18,3,20721.15,13,6907.05,5,1,1,511,7,Others
CUST04793,2026-06-08,14,454736.7,23,32481.192857142858,5,5,4,554,14,Champions
CUST04794,2025-08-22,4,92198.25,313,23049.5625,2,2,2,222,6,Lost Customers
CUST04795,2026-06-23,17,848147.3,8,49891.01764705883,5,5,5,555,15,Champions
CUST04796,2026-04-25,3,71195.3,67,23731.766666666666,4,1,1,411,6,Others
CUST04797,2026-03-19,8,414739.9,104,51842.4875,3,3,4,334,10,Others
CUST04798,2026-01-15,6,192309.75,167,32051.625,2,3,3,233,8,At Risk
CUST04799,2025-08-20,4,289966.5,315,72491.625,1,2,3,123,6,Others
CUST04800,2026-04-06,14,744525.1,86,53180.364285714284,3,5,5,355,13,Loyal Customers
CUST04801,2025-10-09,3,13001.050000000001,265,4333.683333333333,2,1,1,211,4,Lost Customers
CUST04802,2026-01-22,4,67243.7,160,16810.925,2,2,1,221,5,Lost Customers
CUST04803,2026-06-15,14,792674.65,16,56619.61785714286,5,5,5,555,15,Champions
CUST04804,2025-02-10,5,104111.95,506,20822.39,1,2,2,122,5,Lost Customers
CUST04805,2026-06-23,8,176756.0,8,22094.5,5,3,3,533,11,Potential Loyalists
CUST04806,2026-03-21,8,365102.7,102,45637.8375,3,3,4,334,10,Others
CUST04807,2026-06-22,9,416006.3,9,46222.92222222222,5,4,4,544,13,Champions
CUST04808,2026-05-28,7,181169.15,34,25881.307142857142,4,3,3,433,10,Potential Loyalists
CUST04809,2025-08-18,6,202775.45,317,33795.90833333333,1,3,3,133,7,At Risk
CUST04810,2024-06-21,2,10704.3,740,5352.15,1,1,1,111,3,Lost Customers
CUST04811,2024-09-04,1,500.0,665,500.0,1,1,1,111,3,Lost Customers
CUST04812,2026-05-02,21,1458109.05,60,69433.7642857143,4,5,5,455,14,Champions
CUST04813,2026-04-12,9,461311.85,80,51256.87222222222,3,4,4,344,11,Loyal Customers
CUST04814,2026-05-10,8,144971.34999999998,52,18121.418749999997,4,3,2,432,9,Potential Loyalists
CUST04815,2026-02-05,14,554107.7,146,39579.12142857142,3,5,4,354,12,Loyal Customers
CUST04816,2025-09-15,8,109425.35,289,13678.16875,2,3,2,232,7,At Risk
CUST04817,2025-04-30,9,290723.0,427,32302.555555555555,1,4,3,143,8,At Risk
CUST04818,2026-03-01,6,354678.3,122,59113.049999999996,3,3,4,334,10,Others
CUST04819,2026-06-24,13,350492.55,7,26960.965384615385,5,5,4,554,14,Champions
CUST04820,2024-05-17,2,21276.6,775,10638.3,1,1,1,111,3,Lost Customers
CUST04821,2026-06-26,11,454169.65,5,41288.15,5,4,4,544,13,Champions
CUST04822,2026-06-09,9,208897.45,22,23210.82777777778,5,4,3,543,12,Loyal Customers
CUST04823,2026-04-05,24,920589.15,87,38357.88125,3,5,5,355,13,Loyal Customers
CUST04824,2025-12-26,1,28755.0,187,28755.0,2,1,1,211,4,Lost Customers
CUST04825,2026-05-08,13,410355.45,54,31565.803846153845,4,5,4,454,13,Champions
CUST04826,2024-12-20,1,48830.4,558,48830.4,1,1,1,111,3,Lost Customers
CUST04827,2026-06-21,20,1194387.2,10,59719.36,5,5,5,555,15,Champions
CUST04828,2026-04-14,5,54758.85,78,10951.77,3,2,1,321,6,Others
CUST04829,2025-07-04,15,1129417.25,362,75294.48333333334,1,5,5,155,11,At Risk
CUST04830,2026-06-25,26,1593183.25,6,61276.278846153844,5,5,5,555,15,Champions
CUST04831,2026-06-05,12,404241.7,26,33686.808333333334,5,4,4,544,13,Champions
CUST04832,2025-07-02,3,134259.0,364,44753.0,1,1,2,112,4,Lost Customers
CUST04833,2026-01-12,2,119424.15,170,59712.075,2,1,2,212,5,Lost Customers
CUST04834,2025-08-02,8,446583.4,333,55822.925,1,3,4,134,8,At Risk
CUST04835,2026-06-15,10,613984.5,16,61398.45,5,4,5,545,14,Champions
CUST04836,2026-04-04,16,511330.2,88,31958.1375,3,5,4,354,12,Loyal Customers
CUST04837,2025-02-03,5,67748.35,513,13549.670000000002,1,2,1,121,4,Lost Customers
CUST04838,2026-06-28,5,215989.05,3,43197.81,5,2,3,523,10,Potential Loyalists
CUST04839,2026-06-14,17,820635.4,17,48272.6705882353,5,5,5,555,15,Champions
CUST04840,2026-06-27,14,367879.4,4,26277.100000000002,5,5,4,554,14,Champions
CUST04841,2026-06-01,24,1279280.4,30,53303.35,4,5,5,455,14,Champions
CUST04842,2026-05-08,10,298879.1,54,29887.909999999996,4,4,3,443,11,Loyal Customers
CUST04843,2026-06-10,22,739835.5,21,33628.88636363636,5,5,5,555,15,Champions
CUST04844,2024-11-19,2,24449.3,589,12224.65,1,1,1,111,3,Lost Customers
CUST04845,2025-10-26,2,42862.5,248,21431.25,2,1,1,211,4,Lost Customers
CUST04846,2025-11-26,9,306060.55,217,34006.72777777778,2,4,3,243,9,At Risk
CUST04847,2026-04-18,13,720618.65,74,55432.20384615385,3,5,5,355,13,Loyal Customers
CUST04848,2026-03-09,4,61260.35,114,15315.0875,3,2,1,321,6,Others
CUST04849,2026-06-29,28,1222610.5,2,43664.66071428572,5,5,5,555,15,Champions
CUST04850,2025-11-27,3,40266.75,216,13422.25,2,1,1,211,4,Lost Customers
CUST04851,2025-09-30,3,107113.25,274,35704.416666666664,2,1,2,212,5,Lost Customers
CUST04852,2026-05-10,8,299672.75,52,37459.09375,4,3,3,433,10,Potential Loyalists
CUST04853,2025-11-15,11,641133.9,228,58284.9,2,4,5,245,11,At Risk
CUST04854,2026-04-22,5,15034.4,70,3006.88,3,2,1,321,6,Others
CUST04855,2025-06-07,1,50085.0,389,50085.0,1,1,1,111,3,Lost Customers
CUST04856,2026-04-07,6,231883.35,85,38647.225,3,3,3,333,9,Others
CUST04857,2024-05-19,1,107952.0,773,107952.0,1,1,2,112,4,Lost Customers
CUST04858,2026-01-05,6,550875.7,177,91812.61666666665,2,3,4,234,9,At Risk
CUST04859,2026-06-09,12,341819.5,22,28484.958333333332,5,4,4,544,13,Champions
CUST04860,2025-05-11,7,417494.45,416,59642.06428571429,1,3,4,134,8,At Risk
CUST04861,2026-05-13,14,818036.85,49,58431.20357142857,4,5,5,455,14,Champions
CUST04862,2026-06-10,16,655056.05,21,40941.003125,5,5,5,555,15,Champions
CUST04863,2025-09-11,5,219684.65,293,43936.93,2,2,3,223,7,Others
CUST04864,2026-04-24,7,96077.0,68,13725.285714285714,4,3,2,432,9,Potential Loyalists
CUST04865,2026-05-19,20,1135941.5999999999,43,56797.079999999994,4,5,5,455,14,Champions
CUST04866,2025-07-10,4,146253.55,356,36563.3875,1,2,2,122,5,Lost Customers
CUST04867,2026-06-24,8,173449.65,7,21681.20625,5,3,3,533,11,Potential Loyalists
CUST04868,2026-05-18,14,625477.0,44,44676.92857142857,4,5,5,455,14,Champions
CUST04869,2026-04-08,12,701908.6,84,58492.38333333333,3,4,5,345,12,Loyal Customers
CUST04870,2026-02-07,1,27892.8,144,27892.8,3,1,1,311,5,Others
CUST04871,2025-12-13,3,245367.05,200,81789.01666666666,2,1,3,213,6,Others
CUST04872,2026-06-09,7,385524.5,22,55074.92857142857,5,3,4,534,12,Potential Loyalists
CUST04873,2026-04-24,10,644697.2000000001,68,64469.72000000001,4,4,5,445,13,Champions
CUST04874,2026-02-24,10,439969.55,127,43996.955,3,4,4,344,11,Loyal Customers
CUST04875,2025-02-21,1,42630.0,495,42630.0,1,1,1,111,3,Lost Customers
CUST04876,2026-05-06,12,633831.4,56,52819.28333333333,4,4,5,445,13,Champions
CUST04877,2025-08-14,7,211962.0,321,30280.285714285714,1,3,3,133,7,At Risk
CUST04878,2026-03-08,3,66049.55,115,22016.516666666666,3,1,1,311,5,Others
CUST04879,2026-02-24,3,55750.899999999994,127,18583.63333333333,3,1,1,311,5,Others
CUST04880,2025-08-02,12,418565.9,333,34880.49166666667,1,4,4,144,9,At Risk
CUST04881,2026-02-05,7,193237.55,146,27605.364285714284,3,3,3,333,9,Others
CUST04882,2024-09-10,1,1707.15,659,1707.15,1,1,1,111,3,Lost Customers
CUST04883,2026-06-10,21,1166012.9,21,55524.4238095238,5,5,5,555,15,Champions
CUST04884,2025-02-08,2,106602.7,508,53301.35,1,1,2,112,4,Lost Customers
CUST04885,2026-05-18,9,368645.4,44,40960.600000000006,4,4,4,444,12,Champions
CUST04886,2025-06-23,4,191844.0,373,47961.0,1,2,3,123,6,Others
CUST04887,2024-12-05,4,43304.35,573,10826.0875,1,2,1,121,4,Lost Customers
CUST04888,2026-06-08,22,1365372.75,23,62062.39772727273,5,5,5,555,15,Champions
CUST04889,2026-04-16,4,134736.90000000002,76,33684.225000000006,3,2,2,322,7,Others
CUST04890,2025-09-10,2,114316.2,294,57158.1,2,1,2,212,5,Lost Customers
CUST04891,2026-06-16,26,1542820.45,15,59339.248076923075,5,5,5,555,15,Champions
CUST04892,2025-09-28,6,282502.1,276,47083.68333333333,2,3,3,233,8,At Risk
CUST04893,2025-12-06,4,39098.7,207,9774.675,2,2,1,221,5,Lost Customers
CUST04894,2026-03-02,4,40272.100000000006,121,10068.025000000001,3,2,1,321,6,Others
CUST04895,2026-05-25,24,1357268.5,37,56552.854166666664,4,5,5,455,14,Champions
CUST04896,2026-05-07,4,319258.45,55,79814.6125,4,2,3,423,9,Potential Loyalists
CUST04897,2026-04-09,18,978850.95,83,54380.60833333333,3,5,5,355,13,Loyal Customers
CUST04898,2025-11-26,10,674694.25,217,67469.425,2,4,5,245,11,At Risk
CUST04899,2025-12-16,12,452441.5,197,37703.458333333336,2,4,4,244,10,At Risk
CUST04900,2026-06-17,6,138931.35,14,23155.225000000002,5,3,2,532,10,Potential Loyalists
CUST04901,2025-02-02,3,77178.65000000001,514,25726.21666666667,1,1,2,112,4,Lost Customers
CUST04902,2026-05-12,1,33750.95,50,33750.95,4,1,1,411,6,Others
CUST04903,2026-04-28,12,389577.25,64,32464.770833333332,4,4,4,444,12,Champions
CUST04904,2024-12-05,1,2482.4,573,2482.4,1,1,1,111,3,Lost Customers
CUST04905,2025-11-05,2,61719.149999999994,238,30859.574999999997,2,1,1,211,4,Lost Customers
CUST04906,2026-05-28,9,529750.75,34,58861.194444444445,4,4,4,444,12,Champions
CUST04907,2026-04-22,16,635861.9,70,39741.36875,3,5,5,355,13,Loyal Customers
CUST04908,2024-10-07,2,91047.85,632,45523.925,1,1,2,112,4,Lost Customers
CUST04909,2026-05-27,8,564925.0,35,70615.625,4,3,4,434,11,Potential Loyalists
CUST04910,2024-05-30,2,3560.85,762,1780.425,1,1,1,111,3,Lost Customers
CUST04911,2025-09-17,4,58732.65,287,14683.1625,2,2,1,221,5,Lost Customers
CUST04912,2026-03-23,9,378239.05,100,42026.56111111111,3,4,4,344,11,Loyal Customers
CUST04913,2025-06-23,8,630871.3,373,78858.9125,1,3,5,135,9,At Risk
CUST04914,2025-05-09,4,93434.5,418,23358.625,1,2,2,122,5,Lost Customers
CUST04915,2026-04-05,12,388623.15,87,32385.2625,3,4,4,344,11,Loyal Customers
CUST04916,2026-06-04,7,74043.55,27,10577.65,5,3,2,532,10,Potential Loyalists
CUST04917,2025-03-04,1,2474.0,484,2474.0,1,1,1,111,3,Lost Customers
CUST04918,2025-07-30,4,172976.5,336,43244.125,1,2,3,123,6,Others
CUST04919,2026-02-09,5,68115.15,142,13623.029999999999,3,2,1,321,6,Others
CUST04920,2025-06-19,5,378025.1,377,75605.01999999999,1,2,4,124,7,Others
CUST04921,2025-11-26,9,390695.35,217,43410.59444444444,2,4,4,244,10,At Risk
CUST04922,2026-05-17,5,242713.59999999998,45,48542.719999999994,4,2,3,423,9,Potential Loyalists
CUST04923,2026-05-07,13,279228.75,55,21479.134615384617,4,5,3,453,12,Loyal Customers
CUST04924,2026-05-09,12,290613.3,53,24217.774999999998,4,4,3,443,11,Loyal Customers
CUST04925,2025-06-12,3,88360.0,384,29453.333333333332,1,1,2,112,4,Lost Customers
CUST04926,2026-05-18,16,1120771.0,44,70048.1875,4,5,5,455,14,Champions
CUST04927,2025-11-04,7,205308.35,239,29329.764285714286,2,3,3,233,8,At Risk
CUST04928,2026-06-26,5,252731.0,5,50546.2,5,2,3,523,10,Potential Loyalists
CUST04929,2026-04-23,15,560420.7,69,37361.38,4,5,4,454,13,Champions
CUST04930,2025-08-21,2,45000.0,314,22500.0,1,1,1,111,3,Lost Customers
CUST04931,2025-05-09,6,172994.8,418,28832.466666666664,1,3,3,133,7,At Risk
CUST04932,2026-05-16,6,289850.6,46,48308.43333333333,4,3,3,433,10,Potential Loyalists
CUST04933,2026-03-16,13,776311.75,107,59716.28846153846,3,5,5,355,13,Loyal Customers
CUST04934,2026-04-12,15,404051.65,80,26936.77666666667,3,5,4,354,12,Loyal Customers
CUST04935,2026-06-19,6,342524.8,12,57087.46666666667,5,3,4,534,12,Potential Loyalists
CUST04936,2026-04-26,1,36058.0,66,36058.0,4,1,1,411,6,Others
CUST04937,2026-05-21,8,346082.65,41,43260.33125,4,3,4,434,11,Potential Loyalists
CUST04938,2025-10-15,6,99597.84999999999,259,16599.641666666666,2,3,2,232,7,At Risk
CUST04939,2025-05-01,5,187887.25,426,37577.45,1,2,3,123,6,Others
CUST04940,2026-06-19,19,812652.85,12,42771.20263157895,5,5,5,555,15,Champions
CUST04941,2026-03-15,5,374224.6,108,74844.92,3,2,4,324,9,Others
CUST04942,2026-06-18,12,198529.55,13,16544.129166666666,5,4,3,543,12,Loyal Customers
CUST04943,2025-04-29,4,291793.9,428,72948.475,1,2,3,123,6,Others
CUST04944,2026-04-23,13,396110.2,69,30470.015384615384,4,5,4,454,13,Champions
CUST04945,2026-05-14,8,316050.15,48,39506.26875,4,3,3,433,10,Potential Loyalists
CUST04946,2026-04-18,22,905708.65,74,41168.575000000004,3,5,5,355,13,Loyal Customers
CUST04947,2024-08-30,1,64086.05,670,64086.05,1,1,1,111,3,Lost Customers
CUST04948,2025-09-09,5,169794.15,295,33958.83,2,2,2,222,6,Lost Customers
CUST04949,2025-06-22,4,345847.0,374,86461.75,1,2,4,124,7,Others
CUST04950,2024-08-18,1,2415.2,682,2415.2,1,1,1,111,3,Lost Customers
CUST04951,2026-06-13,24,1257097.75,18,52379.072916666664,5,5,5,555,15,Champions
CUST04952,2026-06-30,10,230311.9,1,23031.19,5,4,3,543,12,Loyal Customers
CUST04953,2026-05-04,21,1376804.8,58,65562.13333333333,4,5,5,455,14,Champions
CUST04954,2026-06-26,17,972026.45,5,57178.02647058823,5,5,5,555,15,Champions
CUST04955,2025-07-21,9,541976.65,345,60219.62777777778,1,4,4,144,9,At Risk
CUST04956,2025-10-30,4,249312.0,244,62328.0,2,2,3,223,7,Others
CUST04957,2026-06-25,5,176418.59999999998,6,35283.719999999994,5,2,3,523,10,Potential Loyalists
CUST04958,2026-06-05,9,297938.15,26,33104.23888888889,5,4,3,543,12,Loyal Customers
CUST04959,2025-08-24,5,42327.05,311,8465.41,2,2,1,221,5,Lost Customers
CUST04960,2026-05-07,23,1002036.8,55,43566.81739130435,4,5,5,455,14,Champions
CUST04961,2025-03-06,1,103830.9,482,103830.9,1,1,2,112,4,Lost Customers
CUST04962,2026-06-19,22,1062236.35,12,48283.47045454546,5,5,5,555,15,Champions
CUST04963,2026-05-22,9,251237.09999999998,40,27915.23333333333,4,4,3,443,11,Loyal Customers
CUST04964,2025-11-11,12,1114061.05,232,92838.42083333334,2,4,5,245,11,At Risk
CUST04965,2026-04-03,4,170451.0,89,42612.75,3,2,2,322,7,Others
CUST04966,2026-03-24,16,519413.7,99,32463.35625,3,5,4,354,12,Loyal Customers
CUST04967,2026-06-13,9,342093.25,18,38010.36111111111,5,4,4,544,13,Champions
CUST04968,2026-02-23,9,117051.9,128,13005.766666666666,3,4,2,342,9,Loyal Customers
CUST04969,2024-01-16,1,15821.0,897,15821.0,1,1,1,111,3,Lost Customers
CUST04970,2026-06-21,7,205180.45,10,29311.492857142857,5,3,3,533,11,Potential Loyalists
CUST04971,2026-06-15,15,566331.0,16,37755.4,5,5,4,554,14,Champions
CUST04972,2026-06-24,5,129383.8,7,25876.760000000002,5,2,2,522,9,Potential Loyalists
CUST04973,2026-05-04,12,364327.4,58,30360.61666666667,4,4,4,444,12,Champions
CUST04974,2025-12-05,9,374882.2,208,41653.57777777778,2,4,4,244,10,At Risk
CUST04975,2026-03-05,6,165195.3,118,27532.55,3,3,2,332,8,Others
CUST04976,2026-04-23,2,17984.85,69,8992.425,4,1,1,411,6,Others
CUST04977,2026-06-25,21,1368545.3,6,65168.82380952381,5,5,5,555,15,Champions
CUST04978,2026-05-18,12,716577.6,44,59714.799999999996,4,4,5,445,13,Champions
CUST04979,2026-05-31,6,253004.3,31,42167.38333333333,4,3,3,433,10,Potential Loyalists
CUST04980,2026-06-15,24,1342173.6,16,55923.9,5,5,5,555,15,Champions
CUST04981,2025-07-06,2,43954.25,360,21977.125,1,1,1,111,3,Lost Customers
CUST04982,2026-05-14,18,895583.55,48,49754.64166666667,4,5,5,455,14,Champions
CUST04983,2025-12-10,7,219615.05,203,31373.57857142857,2,3,3,233,8,At Risk
CUST04984,2024-10-23,3,134043.4,616,44681.13333333333,1,1,2,112,4,Lost Customers
CUST04985,2026-01-08,7,500399.2,174,71485.6,2,3,4,234,9,At Risk
CUST04986,2024-11-11,2,55053.649999999994,597,27526.824999999997,1,1,1,111,3,Lost Customers
CUST04987,2026-05-11,8,273166.45,51,34145.80625,4,3,3,433,10,Potential Loyalists
CUST04988,2026-06-08,16,1236320.25,23,77270.015625,5,5,5,555,15,Champions
CUST04989,2025-08-03,5,309062.25,332,61812.45,1,2,3,123,6,Others
CUST04990,2026-06-15,16,477118.05,16,29819.878125,5,5,4,554,14,Champions
CUST04991,2025-08-23,4,67240.8,312,16810.2,2,2,1,221,5,Lost Customers
CUST04992,2025-07-01,2,285478.2,365,142739.1,1,1,3,113,5,Others
CUST04993,2026-05-06,13,927321.7,56,71332.43846153846,4,5,5,455,14,Champions
CUST04994,2026-05-11,6,212454.75,51,35409.125,4,3,3,433,10,Potential Loyalists
CUST04995,2025-12-24,9,357761.5,189,39751.27777777778,2,4,4,244,10,At Risk
CUST04996,2025-10-06,6,78085.5,268,13014.25,2,3,2,232,7,At Risk
CUST04997,2026-06-20,15,798309.35,11,53220.62333333333,5,5,5,555,15,Champions
CUST04998,2025-01-27,2,1720.45,520,860.225,1,1,1,111,3,Lost Customers
CUST04999,2026-02-10,5,135825.9,141,27165.18,3,2,2,322,7,Others
CUST05000,2026-05-30,13,615841.5499999999,32,47372.42692307692,4,5,5,455,14,Champions
CUST05001,2026-04-05,8,172341.5,87,21542.6875,3,3,2,332,8,Others
CUST05002,2024-11-19,3,63886.0,589,21295.333333333332,1,1,1,111,3,Lost Customers
CUST05003,2025-04-02,4,199851.7,455,49962.925,1,2,3,123,6,Others
CUST05004,2026-05-16,9,157262.5,46,17473.61111111111,4,4,2,442,10,Loyal Customers
CUST05005,2026-05-04,13,847486.3,58,65191.25384615385,4,5,5,455,14,Champions
CUST05006,2025-11-03,6,123971.15000000001,240,20661.858333333334,2,3,2,232,7,At Risk
CUST05007,2026-05-20,13,290955.35,42,22381.180769230767,4,5,3,453,12,Loyal Customers
CUST05008,2026-05-16,26,1087907.8499999999,46,41842.60961538461,4,5,5,455,14,Champions
CUST05009,2025-12-04,13,204007.2,209,15692.861538461539,2,5,3,253,10,At Risk
CUST05010,2026-06-07,16,840978.1,24,52561.13125,5,5,5,555,15,Champions
CUST05011,2026-06-19,12,503867.0,12,41988.916666666664,5,4,4,544,13,Champions
CUST05012,2026-03-20,12,418999.85,103,34916.65416666667,3,4,4,344,11,Loyal Customers
CUST05013,2026-01-08,3,185430.34999999998,174,61810.11666666666,2,1,3,213,6,Others
CUST05014,2025-06-24,4,139283.85,372,34820.9625,1,2,2,122,5,Lost Customers
CUST05015,2026-04-12,6,222085.1,80,37014.183333333334,3,3,3,333,9,Others
CUST05016,2024-09-29,1,14453.1,640,14453.1,1,1,1,111,3,Lost Customers
CUST05017,2026-06-15,6,232623.15,16,38770.525,5,3,3,533,11,Potential Loyalists
CUST05018,2025-02-27,3,149276.5,489,49758.833333333336,1,1,2,112,4,Lost Customers
CUST05019,2025-02-17,2,63051.4,499,31525.7,1,1,1,111,3,Lost Customers
CUST05020,2025-07-21,5,289255.3,345,57851.06,1,2,3,123,6,Others
CUST05021,2026-04-23,5,214562.85,69,42912.57,4,2,3,423,9,Potential Loyalists
CUST05022,2026-04-23,6,202049.7,69,33674.950000000004,4,3,3,433,10,Potential Loyalists
CUST05023,2026-05-27,5,343154.3,35,68630.86,4,2,4,424,10,Potential Loyalists
CUST05024,2024-07-07,2,54724.2,724,27362.1,1,1,1,111,3,Lost Customers
CUST05025,2026-04-12,9,206252.9,80,22916.98888888889,3,4,3,343,10,Loyal Customers
CUST05026,2026-04-24,4,36121.65,68,9030.4125,4,2,1,421,7,Potential Loyalists
CUST05027,2026-05-14,22,653702.0,48,29713.727272727272,4,5,5,455,14,Champions
CUST05028,2025-11-28,6,130260.29999999999,215,21710.05,2,3,2,232,7,At Risk
CUST05029,2026-04-14,5,98870.4,78,19774.079999999998,3,2,2,322,7,Others
CUST05030,2026-02-21,14,378399.14999999997,130,27028.510714285712,3,5,4,354,12,Loyal Customers
CUST05031,2026-05-09,4,69900.25,53,17475.0625,4,2,1,421,7,Potential Loyalists
CUST05032,2026-03-27,4,118435.55,96,29608.8875,3,2,2,322,7,Others
CUST05033,2026-04-06,11,498401.65,86,45309.24090909091,3,4,4,344,11,Loyal Customers
CUST05034,2025-10-28,7,201985.6,246,28855.085714285717,2,3,3,233,8,At Risk
CUST05035,2026-06-28,8,334746.4,3,41843.3,5,3,4,534,12,Potential Loyalists
CUST05036,2025-02-06,2,57097.8,510,28548.9,1,1,1,111,3,Lost Customers
CUST05037,2026-03-17,3,3659.1,106,1219.7,3,1,1,311,5,Others
CUST05038,2026-05-29,11,214020.45,33,19456.404545454545,4,4,3,443,11,Loyal Customers
CUST05039,2026-05-29,5,252051.5,33,50410.3,4,2,3,423,9,Potential Loyalists
CUST05040,2026-06-07,20,766786.85,24,38339.3425,5,5,5,555,15,Champions
CUST05041,2026-06-27,14,679267.3,4,48519.09285714286,5,5,5,555,15,Champions
CUST05042,2024-05-13,1,89029.8,779,89029.8,1,1,2,112,4,Lost Customers
CUST05043,2026-05-02,7,127195.25,60,18170.75,4,3,2,432,9,Potential Loyalists
CUST05044,2026-04-25,5,111078.5,67,22215.7,4,2,2,422,8,Potential Loyalists
CUST05045,2026-05-27,10,208751.7,35,20875.170000000002,4,4,3,443,11,Loyal Customers
CUST05046,2026-05-28,7,73006.2,34,10429.457142857142,4,3,2,432,9,Potential Loyalists
CUST05047,2026-06-15,4,82040.4,16,20510.1,5,2,2,522,9,Potential Loyalists
CUST05048,2026-06-29,12,563390.3,2,46949.19166666667,5,4,4,544,13,Champions
CUST05049,2024-07-09,2,65074.5,722,32537.25,1,1,1,111,3,Lost Customers
CUST05050,2026-06-14,18,547934.1,17,30440.783333333333,5,5,4,554,14,Champions
CUST05051,2025-07-24,6,381132.25,342,63522.041666666664,1,3,4,134,8,At Risk
CUST05052,2026-05-01,11,600337.6,61,54576.145454545454,4,4,5,445,13,Champions
CUST05053,2025-04-26,5,240498.0,431,48099.6,1,2,3,123,6,Others
CUST05054,2026-06-17,16,929669.9500000001,14,58104.371875000004,5,5,5,555,15,Champions
CUST05055,2026-06-15,3,134617.19999999998,16,44872.399999999994,5,1,2,512,8,Others
CUST05056,2026-03-19,6,391801.2,104,65300.200000000004,3,3,4,334,10,Others
CUST05057,2024-08-16,2,23350.0,684,11675.0,1,1,1,111,3,Lost Customers
CUST05058,2025-11-05,4,48946.8,238,12236.7,2,2,1,221,5,Lost Customers
CUST05059,2025-08-31,3,44241.9,304,14747.300000000001,2,1,1,211,4,Lost Customers
CUST05060,2025-10-05,4,68660.90000000001,269,17165.225000000002,2,2,1,221,5,Lost Customers
CUST05061,2026-05-03,14,511308.7,59,36522.05,4,5,4,454,13,Champions
CUST05062,2026-06-22,13,532033.85,9,40925.68076923077,5,5,4,554,14,Champions
CUST05063,2025-08-08,5,511540.05000000005,327,102308.01000000001,1,2,4,124,7,Others
CUST05064,2026-06-01,10,428521.75,30,42852.175,4,4,4,444,12,Champions
CUST05065,2026-02-04,13,1052041.9,147,80926.29999999999,2,5,5,255,12,At Risk
CUST05066,2026-06-15,11,506205.80000000005,16,46018.7090909091,5,4,4,544,13,Champions
CUST05067,2025-04-08,4,56940.049999999996,449,14235.012499999999,1,2,1,121,4,Lost Customers
CUST05068,2026-06-04,17,683633.35,27,40213.72647058823,5,5,5,555,15,Champions
CUST05069,2026-04-21,12,709447.7,71,59120.64166666666,3,4,5,345,12,Loyal Customers
CUST05070,2026-05-25,7,176688.35,37,25241.192857142858,4,3,3,433,10,Potential Loyalists
CUST05071,2025-11-24,4,33540.15,219,8385.0375,2,2,1,221,5,Lost Customers
CUST05072,2026-06-16,5,158021.34999999998,15,31604.269999999997,5,2,2,522,9,Potential Loyalists
CUST05073,2025-12-21,3,18888.25,192,6296.083333333333,2,1,1,211,4,Lost Customers
CUST05074,2026-05-07,6,97775.05,55,16295.841666666667,4,3,2,432,9,Potential Loyalists
CUST05075,2026-04-14,20,1020353.7,78,51017.685,3,5,5,355,13,Loyal Customers
CUST05076,2026-05-30,14,577354.55,32,41239.610714285714,4,5,4,454,13,Champions
CUST05077,2025-01-08,3,44058.6,539,14686.199999999999,1,1,1,111,3,Lost Customers
CUST05078,2026-06-10,14,811404.3,21,57957.450000000004,5,5,5,555,15,Champions
CUST05079,2026-02-24,2,82532.7,127,41266.35,3,1,2,312,6,Others
CUST05080,2026-03-30,7,540049.8,93,77149.97142857143,3,3,4,334,10,Others
CUST05081,2026-05-18,12,262581.95,44,21881.829166666666,4,4,3,443,11,Loyal Customers
CUST05082,2026-06-10,16,483526.55,21,30220.409375,5,5,4,554,14,Champions
CUST05083,2026-04-06,4,134678.8,86,33669.7,3,2,2,322,7,Others
CUST05084,2026-04-10,14,524261.05,82,37447.21785714286,3,5,4,354,12,Loyal Customers
CUST05085,2024-06-02,3,36960.1,759,12320.033333333333,1,1,1,111,3,Lost Customers
CUST05086,2025-08-21,4,394362.9,314,98590.725,1,2,4,124,7,Others
CUST05087,2025-11-19,2,17373.3,224,8686.65,2,1,1,211,4,Lost Customers
CUST05088,2025-11-19,13,277048.45,224,21311.419230769232,2,5,3,253,10,At Risk
CUST05089,2026-03-23,8,449601.6,100,56200.2,3,3,4,334,10,Others
CUST05090,2026-02-23,5,178988.15,128,35797.63,3,2,3,323,8,Others
CUST05091,2026-05-14,12,969553.3,48,80796.10833333334,4,4,5,445,13,Champions
CUST05092,2026-05-22,7,424147.9,40,60592.55714285715,4,3,4,434,11,Potential Loyalists
CUST05093,2025-10-16,2,46912.85,258,23456.425,2,1,1,211,4,Lost Customers
CUST05094,2026-05-18,4,81992.45,44,20498.1125,4,2,2,422,8,Potential Loyalists
CUST05095,2025-07-03,3,144192.69999999998,363,48064.23333333333,1,1,2,112,4,Lost Customers
CUST05096,2026-05-13,4,213698.85,49,53424.7125,4,2,3,423,9,Potential Loyalists
CUST05097,2024-09-09,1,18726.3,660,18726.3,1,1,1,111,3,Lost Customers
CUST05098,2026-02-28,4,44777.75,123,11194.4375,3,2,1,321,6,Others
CUST05099,2026-02-25,5,167970.09999999998,126,33594.02,3,2,2,322,7,Others
CUST05100,2026-04-13,4,105509.65,79,26377.4125,3,2,2,322,7,Others
CUST05101,2024-01-03,1,5033.1,910,5033.1,1,1,1,111,3,Lost Customers
CUST05102,2025-12-09,22,1398766.7,204,63580.30454545454,2,5,5,255,12,At Risk
CUST05103,2024-06-21,1,19943.0,740,19943.0,1,1,1,111,3,Lost Customers
CUST05104,2026-06-25,10,247285.45,6,24728.545000000002,5,4,3,543,12,Loyal Customers
CUST05105,2026-04-21,18,581245.45,71,32291.413888888885,3,5,4,354,12,Loyal Customers
CUST05106,2026-04-07,9,568681.9,85,63186.87777777778,3,4,4,344,11,Loyal Customers
CUST05107,2025-10-21,2,1672.8,253,836.4,2,1,1,211,4,Lost Customers
CUST05108,2026-05-13,12,461494.75,49,38457.895833333336,4,4,4,444,12,Champions
CUST05109,2026-06-08,10,777609.7,23,77760.97,5,4,5,545,14,Champions
CUST05110,2025-01-17,1,2355.0,530,2355.0,1,1,1,111,3,Lost Customers
CUST05111,2026-06-27,3,98714.15,4,32904.71666666667,5,1,2,512,8,Others
CUST05112,2026-05-01,6,316490.5,61,52748.416666666664,4,3,3,433,10,Potential Loyalists
CUST05113,2026-05-29,21,626041.05,33,29811.478571428575,4,5,5,455,14,Champions
CUST05114,2026-03-08,2,125306.4,115,62653.2,3,1,2,312,6,Others
CUST05115,2026-03-09,6,369931.55,114,61655.25833333333,3,3,4,334,10,Others
CUST05116,2026-06-06,14,215381.30000000002,25,15384.378571428573,5,5,3,553,13,Loyal Customers
CUST05117,2026-04-08,7,288861.25,84,41265.892857142855,3,3,3,333,9,Others
CUST05118,2026-04-01,11,470777.3,91,42797.93636363636,3,4,4,344,11,Loyal Customers
CUST05119,2026-03-13,7,284491.25,110,40641.607142857145,3,3,3,333,9,Others
CUST05120,2025-08-14,4,50489.0,321,12622.25,1,2,1,121,4,Lost Customers
CUST05121,2026-02-10,6,202322.75,141,33720.458333333336,3,3,3,333,9,Others
CUST05122,2026-05-01,9,214495.4,61,23832.82222222222,4,4,3,443,11,Loyal Customers
CUST05123,2026-03-30,13,265268.35,93,20405.257692307692,3,5,3,353,11,Loyal Customers
CUST05124,2026-05-27,26,1012423.5,35,38939.36538461538,4,5,5,455,14,Champions
CUST05125,2026-04-26,6,272890.55,66,45481.75833333333,4,3,3,433,10,Potential Loyalists
CUST05126,2026-05-22,10,107590.75,40,10759.075,4,4,2,442,10,Loyal Customers
CUST05127,2026-01-31,2,9638.6,151,4819.3,2,1,1,211,4,Lost Customers
CUST05128,2026-01-20,11,825609.4,162,75055.40000000001,2,4,5,245,11,At Risk
CUST05129,2024-05-20,2,25414.95,772,12707.475,1,1,1,111,3,Lost Customers
CUST05130,2026-02-08,12,67750.3,143,5645.858333333334,3,4,1,341,8,Loyal Customers
CUST05131,2024-03-17,3,51177.0,836,17059.0,1,1,1,111,3,Lost Customers
CUST05132,2026-02-21,12,256359.95,130,21363.329166666666,3,4,3,343,10,Loyal Customers
CUST05133,2026-05-12,13,404844.4,50,31141.876923076925,4,5,4,454,13,Champions
CUST05134,2026-03-28,1,3301.4,95,3301.4,3,1,1,311,5,Others
CUST05135,2026-05-20,10,215951.25,42,21595.125,4,4,3,443,11,Loyal Customers
CUST05136,2026-05-02,6,168760.45,60,28126.74166666667,4,3,2,432,9,Potential Loyalists
CUST05137,2026-04-25,8,575008.1,67,71876.0125,4,3,4,434,11,Potential Loyalists
CUST05138,2026-04-09,7,245010.1,83,35001.44285714286,3,3,3,333,9,Others
CUST05139,2026-05-02,12,459478.7,60,38289.89166666667,4,4,4,444,12,Champions
CUST05140,2025-04-11,5,161119.3,446,32223.859999999997,1,2,2,122,5,Lost Customers
CUST05141,2025-07-14,1,94295.6,352,94295.6,1,1,2,112,4,Lost Customers
CUST05142,2024-02-16,2,83073.2,866,41536.6,1,1,2,112,4,Lost Customers
CUST05143,2025-11-05,3,72025.25,238,24008.416666666668,2,1,2,212,5,Lost Customers
CUST05144,2025-07-04,3,69377.3,362,23125.766666666666,1,1,1,111,3,Lost Customers
CUST05145,2025-11-01,3,69144.3,242,23048.100000000002,2,1,1,211,4,Lost Customers
CUST05146,2026-05-10,7,160646.45,52,22949.492857142857,4,3,2,432,9,Potential Loyalists
CUST05147,2025-09-08,10,916124.1,296,91612.41,2,4,5,245,11,At Risk
CUST05148,2026-04-11,5,132368.15,81,26473.629999999997,3,2,2,322,7,Others
CUST05149,2026-05-05,7,107039.5,57,15291.357142857143,4,3,2,432,9,Potential Loyalists
CUST05150,2026-05-08,26,1249410.05,54,48054.23269230769,4,5,5,455,14,Champions
CUST05151,2026-02-23,6,54733.1,128,9122.183333333332,3,3,1,331,7,Others
CUST05152,2026-06-04,9,314171.8,27,34907.97777777778,5,4,3,543,12,Loyal Customers
CUST05153,2026-01-31,5,23196.65,151,4639.33,2,2,1,221,5,Lost Customers
CUST05154,2026-06-11,15,523053.2,20,34870.21333333333,5,5,4,554,14,Champions
CUST05155,2025-03-15,4,430342.25,473,107585.5625,1,2,4,124,7,Others
CUST05156,2026-06-19,4,155895.7,12,38973.925,5,2,2,522,9,Potential Loyalists
CUST05157,2026-06-01,18,575260.3,30,31958.905555555557,4,5,4,454,13,Champions
CUST05158,2025-07-23,3,17327.15,343,5775.716666666667,1,1,1,111,3,Lost Customers
CUST05159,2026-05-29,18,1295482.2,33,71971.23333333334,4,5,5,455,14,Champions
CUST05160,2026-05-01,10,159065.25,61,15906.525,4,4,2,442,10,Loyal Customers
CUST05161,2026-06-30,29,1032624.45,1,35607.73965517241,5,5,5,555,15,Champions
CUST05162,2026-04-21,7,244963.5,71,34994.78571428572,3,3,3,333,9,Others
CUST05163,2025-08-20,8,678375.2,315,84796.9,1,3,5,135,9,At Risk
CUST05164,2026-04-19,8,400760.55000000005,73,50095.068750000006,3,3,4,334,10,Others
CUST05165,2026-03-10,15,894050.25,113,59603.35,3,5,5,355,13,Loyal Customers
CUST05166,2026-03-29,12,317297.64999999997,94,26441.47083333333,3,4,3,343,10,Loyal Customers
CUST05167,2026-05-10,9,541462.2,52,60162.46666666666,4,4,4,444,12,Champions
CUST05168,2026-03-06,6,177214.2,117,29535.7,3,3,3,333,9,Others
CUST05169,2026-06-28,17,635717.45,3,37395.144117647054,5,5,5,555,15,Champions
CUST05170,2026-05-06,4,148442.25,56,37110.5625,4,2,2,422,8,Potential Loyalists
CUST05171,2025-01-27,3,19413.85,520,6471.283333333333,1,1,1,111,3,Lost Customers
CUST05172,2026-06-12,5,190063.6,19,38012.72,5,2,3,523,10,Potential Loyalists
CUST05173,2026-06-11,11,392290.6,20,35662.781818181815,5,4,4,544,13,Champions
CUST05174,2026-03-20,3,37598.9,103,12532.966666666667,3,1,1,311,5,Others
CUST05175,2026-03-13,3,31168.35,110,10389.449999999999,3,1,1,311,5,Others
CUST05176,2025-06-29,1,1380.0,367,1380.0,1,1,1,111,3,Lost Customers
CUST05177,2026-01-30,6,213187.34999999998,152,35531.225,2,3,3,233,8,At Risk
CUST05178,2026-06-27,13,1217654.45,4,93665.72692307692,5,5,5,555,15,Champions
CUST05179,2024-11-26,5,145819.55,582,29163.909999999996,1,2,2,122,5,Lost Customers
CUST05180,2026-06-12,5,200473.84999999998,19,40094.77,5,2,3,523,10,Potential Loyalists
CUST05181,2026-06-14,13,777522.75,17,59809.442307692305,5,5,5,555,15,Champions
CUST05182,2026-06-13,10,326546.85,18,32654.684999999998,5,4,4,544,13,Champions
CUST05183,2026-06-08,7,339884.35,23,48554.90714285714,5,3,4,534,12,Potential Loyalists
CUST05184,2026-03-08,4,142288.55,115,35572.1375,3,2,2,322,7,Others
CUST05185,2026-04-21,8,370518.7,71,46314.8375,3,3,4,334,10,Others
CUST05186,2026-06-20,7,222365.6,11,31766.514285714286,5,3,3,533,11,Potential Loyalists
CUST05187,2026-03-01,8,242613.5,122,30326.6875,3,3,3,333,9,Others
CUST05188,2026-06-07,12,340064.85,24,28338.7375,5,4,4,544,13,Champions
CUST05189,2026-06-02,13,1220543.1,29,93887.93076923078,5,5,5,555,15,Champions
CUST05190,2025-01-07,1,118094.4,540,118094.4,1,1,2,112,4,Lost Customers
CUST05191,2026-05-13,28,1117828.8,49,39922.45714285714,4,5,5,455,14,Champions
CUST05192,2026-02-06,9,233207.15,145,25911.905555555553,3,4,3,343,10,Loyal Customers
CUST05193,2026-04-27,3,20948.65,65,6982.883333333334,4,1,1,411,6,Others
CUST05194,2025-06-07,5,84726.4,389,16945.28,1,2,2,122,5,Lost Customers
CUST05195,2026-03-04,23,1023058.25,119,44480.79347826087,3,5,5,355,13,Loyal Customers
CUST05196,2026-04-25,10,702275.05,67,70227.505,4,4,5,445,13,Champions
CUST05197,2026-03-09,22,1068190.3,114,48554.104545454546,3,5,5,355,13,Loyal Customers
CUST05198,2026-06-20,6,72670.75,11,12111.791666666666,5,3,2,532,10,Potential Loyalists
CUST05199,2026-06-01,4,375181.89999999997,30,93795.47499999999,4,2,4,424,10,Potential Loyalists
CUST05200,2025-05-20,3,107944.7,407,35981.566666666666,1,1,2,112,4,Lost Customers
CUST05201,2025-08-05,1,43715.5,330,43715.5,1,1,1,111,3,Lost Customers
CUST05202,2026-03-24,14,754941.25,99,53924.375,3,5,5,355,13,Loyal Customers
CUST05203,2026-04-29,8,104751.45000000001,63,13093.931250000001,4,3,2,432,9,Potential Loyalists
CUST05204,2025-02-25,1,21221.0,491,21221.0,1,1,1,111,3,Lost Customers
CUST05205,2025-10-17,10,207517.4,257,20751.739999999998,2,4,3,243,9,At Risk
CUST05206,2026-04-09,6,350104.60000000003,83,58350.76666666667,3,3,4,334,10,Others
CUST05207,2026-04-23,8,231796.1,69,28974.5125,4,3,3,433,10,Potential Loyalists
CUST05208,2026-06-13,18,724867.7000000001,18,40270.42777777778,5,5,5,555,15,Champions
CUST05209,2026-04-01,10,294689.5,91,29468.95,3,4,3,343,10,Loyal Customers
CUST05210,2026-03-29,15,1027673.45,94,68511.56333333332,3,5,5,355,13,Loyal Customers
CUST05211,2026-06-02,19,1038080.6,29,54635.821052631574,5,5,5,555,15,Champions
CUST05212,2025-07-25,2,70161.4,341,35080.7,1,1,1,111,3,Lost Customers
CUST05213,2025-05-21,6,214033.59999999998,406,35672.26666666666,1,3,3,133,7,At Risk
CUST05214,2025-07-14,5,115458.55,352,23091.71,1,2,2,122,5,Lost Customers
CUST05215,2026-06-24,8,80468.20000000001,7,10058.525000000001,5,3,2,532,10,Potential Loyalists
CUST05216,2026-03-31,11,354121.85,92,32192.89545454545,3,4,4,344,11,Loyal Customers
CUST05217,2026-02-14,5,233428.9,137,46685.78,3,2,3,323,8,Others
CUST05218,2026-04-26,8,216795.05,66,27099.38125,4,3,3,433,10,Potential Loyalists
CUST05219,2025-10-13,4,187967.45,261,46991.8625,2,2,3,223,7,Others
CUST05220,2025-11-15,8,644476.0499999999,228,80559.50624999999,2,3,5,235,10,At Risk
CUST05221,2026-06-29,14,807285.7,2,57663.264285714286,5,5,5,555,15,Champions
CUST05222,2026-06-29,19,1244241.95,2,65486.41842105263,5,5,5,555,15,Champions
CUST05223,2026-06-07,26,1368521.55,24,52635.44423076923,5,5,5,555,15,Champions
CUST05224,2026-01-15,5,267946.2,167,53589.240000000005,2,2,3,223,7,Others
CUST05225,2026-06-11,12,523710.35,20,43642.52916666667,5,4,4,544,13,Champions
CUST05226,2026-06-08,22,1031949.3,23,46906.78636363637,5,5,5,555,15,Champions
CUST05227,2025-04-10,1,24637.3,447,24637.3,1,1,1,111,3,Lost Customers
CUST05228,2025-08-08,4,285807.45,327,71451.8625,1,2,3,123,6,Others
CUST05229,2026-04-29,13,610408.0,63,46954.46153846154,4,5,5,455,14,Champions
CUST05230,2026-05-10,22,1366820.9,52,62128.222727272725,4,5,5,455,14,Champions
CUST05231,2026-04-14,21,1094308.75,78,52109.94047619047,3,5,5,355,13,Loyal Customers
CUST05232,2025-04-15,4,196778.3,442,49194.575,1,2,3,123,6,Others
CUST05233,2026-05-17,16,405239.64999999997,45,25327.478124999998,4,5,4,454,13,Champions
CUST05234,2026-05-07,11,438085.39999999997,55,39825.94545454545,4,4,4,444,12,Champions
CUST05235,2026-05-11,10,367905.55,51,36790.555,4,4,4,444,12,Champions
CUST05236,2026-02-17,2,46140.85,134,23070.425,3,1,1,311,5,Others
CUST05237,2025-08-30,5,33525.2,305,6705.039999999999,2,2,1,221,5,Lost Customers
CUST05238,2025-11-16,4,130639.0,227,32659.75,2,2,2,222,6,Lost Customers
CUST05239,2026-06-02,12,437293.6,29,36441.13333333333,5,4,4,544,13,Champions
CUST05240,2026-05-20,17,547546.1,42,32208.59411764706,4,5,4,454,13,Champions
CUST05241,2025-09-14,4,289687.3,290,72421.825,2,2,3,223,7,Others
CUST05242,2026-05-25,27,924274.7,37,34232.3962962963,4,5,5,455,14,Champions
CUST05243,2026-04-29,23,1331348.15,63,57884.702173913036,4,5,5,455,14,Champions
CUST05244,2026-06-23,12,379710.8,8,31642.566666666666,5,4,4,544,13,Champions
CUST05245,2026-02-11,7,163694.55,140,23384.93571428571,3,3,2,332,8,Others
CUST05246,2025-04-05,4,42286.05,452,10571.5125,1,2,1,121,4,Lost Customers
CUST05247,2026-05-07,25,1855016.25,55,74200.65,4,5,5,455,14,Champions
CUST05248,2025-03-09,4,384542.75,479,96135.6875,1,2,4,124,7,Others
CUST05249,2025-03-19,10,297387.55,469,29738.754999999997,1,4,3,143,8,At Risk
CUST05250,2026-04-23,4,37209.3,69,9302.325,4,2,1,421,7,Potential Loyalists
CUST05251,2025-09-28,5,111043.4,276,22208.68,2,2,2,222,6,Lost Customers
CUST05252,2025-03-22,3,52537.65,466,17512.55,1,1,1,111,3,Lost Customers
CUST05253,2026-05-28,20,1163789.85,34,58189.49250000001,4,5,5,455,14,Champions
CUST05254,2026-04-29,10,422248.3,63,42224.83,4,4,4,444,12,Champions
CUST05255,2024-11-29,2,113785.3,579,56892.65,1,1,2,112,4,Lost Customers
CUST05256,2025-08-22,2,113782.5,313,56891.25,2,1,2,212,5,Lost Customers
CUST05257,2026-06-08,8,328448.3,23,41056.0375,5,3,4,534,12,Potential Loyalists
CUST05258,2026-05-13,7,262258.1,49,37465.44285714285,4,3,3,433,10,Potential Loyalists
CUST05259,2026-02-24,5,88194.6,127,17638.920000000002,3,2,2,322,7,Others
CUST05260,2026-06-07,19,1017400.05,24,53547.371052631584,5,5,5,555,15,Champions
CUST05261,2026-05-27,18,732253.15,35,40680.73055555556,4,5,5,455,14,Champions
CUST05262,2026-05-09,8,380201.9,53,47525.2375,4,3,4,434,11,Potential Loyalists
CUST05263,2026-04-26,6,373151.75,66,62191.958333333336,4,3,4,434,11,Potential Loyalists
CUST05264,2025-10-15,4,258995.65,259,64748.9125,2,2,3,223,7,Others
CUST05265,2026-06-01,4,280587.8,30,70146.95,4,2,3,423,9,Potential Loyalists
CUST05266,2026-03-13,2,123547.20000000001,110,61773.600000000006,3,1,2,312,6,Others
CUST05267,2026-05-29,4,75364.1,33,18841.025,4,2,2,422,8,Potential Loyalists
CUST05268,2025-06-21,5,60529.05,375,12105.810000000001,1,2,1,121,4,Lost Customers
CUST05269,2026-06-17,10,323192.4,14,32319.24,5,4,4,544,13,Champions
CUST05270,2026-05-06,9,643695.7,56,71521.74444444444,4,4,5,445,13,Champions
CUST05271,2025-08-28,4,56473.4,307,14118.35,2,2,1,221,5,Lost Customers
CUST05272,2026-04-19,4,247371.9,73,61842.975,3,2,3,323,8,Others
CUST05273,2026-04-18,5,228558.0,74,45711.6,3,2,3,323,8,Others
CUST05274,2025-12-16,11,389179.75,197,35379.97727272727,2,4,4,244,10,At Risk
CUST05275,2026-04-14,5,122441.5,78,24488.3,3,2,2,322,7,Others
CUST05276,2026-04-25,4,125197.3,67,31299.325,4,2,2,422,8,Potential Loyalists
CUST05277,2026-04-05,4,190471.59999999998,87,47617.899999999994,3,2,3,323,8,Others
CUST05278,2026-06-29,11,392993.45,2,35726.67727272728,5,4,4,544,13,Champions
CUST05279,2026-01-25,5,298591.55,157,59718.31,2,2,3,223,7,Others
CUST05280,2026-06-26,10,260472.40000000002,5,26047.24,5,4,3,543,12,Loyal Customers
CUST05281,2024-04-28,1,3834.35,794,3834.35,1,1,1,111,3,Lost Customers
CUST05282,2026-02-05,7,206075.95,146,29439.42142857143,3,3,3,333,9,Others
CUST05283,2026-06-16,32,2685728.65,15,83929.0203125,5,5,5,555,15,Champions
CUST05284,2026-06-07,16,333747.8,24,20859.2375,5,5,4,554,14,Champions
CUST05285,2025-11-10,2,59171.4,233,29585.7,2,1,1,211,4,Lost Customers
CUST05286,2026-04-04,24,1198613.3,88,49942.22083333333,3,5,5,355,13,Loyal Customers
CUST05287,2026-06-13,7,212129.65,18,30304.235714285714,5,3,3,533,11,Potential Loyalists
CUST05288,2026-03-11,15,662444.0,112,44162.933333333334,3,5,5,355,13,Loyal Customers
CUST05289,2025-04-13,6,230143.85,444,38357.308333333334,1,3,3,133,7,At Risk
CUST05290,2026-06-29,20,948778.65,2,47438.9325,5,5,5,555,15,Champions
CUST05291,2026-06-05,12,671741.1,26,55978.424999999996,5,4,5,545,14,Champions
CUST05292,2025-08-07,6,182322.44999999998,328,30387.074999999997,1,3,3,133,7,At Risk
CUST05293,2024-09-26,2,130888.7,643,65444.35,1,1,2,112,4,Lost Customers
CUST05294,2025-03-14,3,57554.95,474,19184.983333333334,1,1,1,111,3,Lost Customers
CUST05295,2026-04-24,9,337477.64999999997,68,37497.51666666666,4,4,4,444,12,Champions
CUST05296,2026-03-15,3,85572.15,108,28524.05,3,1,2,312,6,Others
CUST05297,2025-10-31,8,427207.75,243,53400.96875,2,3,4,234,9,At Risk
CUST05298,2026-06-16,12,367014.89999999997,15,30584.574999999997,5,4,4,544,13,Champions
CUST05299,2026-06-01,13,683257.4,30,52558.26153846154,4,5,5,455,14,Champions
CUST05300,2024-09-06,3,147569.9,663,49189.96666666667,1,1,2,112,4,Lost Customers
CUST05301,2024-11-28,1,160953.6,580,160953.6,1,1,2,112,4,Lost Customers
CUST05302,2026-06-01,4,103902.0,30,25975.5,4,2,2,422,8,Potential Loyalists
CUST05303,2026-02-26,9,355949.05,125,39549.89444444444,3,4,4,344,11,Loyal Customers
CUST05304,2026-05-08,2,230888.94999999998,54,115444.47499999999,4,1,3,413,8,Others
CUST05305,2026-06-17,9,256226.69999999998,14,28469.63333333333,5,4,3,543,12,Loyal Customers
CUST05306,2026-03-20,3,106512.6,103,35504.200000000004,3,1,2,312,6,Others
CUST05307,2024-11-19,1,419.9,589,419.9,1,1,1,111,3,Lost Customers
CUST05308,2026-01-15,9,542924.8999999999,167,60324.98888888888,2,4,4,244,10,At Risk
CUST05309,2026-06-15,25,1135637.65,16,45425.505999999994,5,5,5,555,15,Champions
CUST05310,2026-04-28,5,112440.1,64,22488.02,4,2,2,422,8,Potential Loyalists
CUST05311,2025-08-02,6,169742.69999999998,333,28290.449999999997,1,3,2,132,6,At Risk
CUST05312,2026-05-05,12,983101.15,57,81925.09583333334,4,4,5,445,13,Champions
CUST05313,2026-06-29,11,436418.25,2,39674.38636363636,5,4,4,544,13,Champions
CUST05314,2026-03-26,1,1466.8,97,1466.8,3,1,1,311,5,Others
CUST05315,2025-12-30,2,4181.0,183,2090.5,2,1,1,211,4,Lost Customers
CUST05316,2025-06-28,4,51596.45,368,12899.1125,1,2,1,121,4,Lost Customers
CUST05317,2025-02-24,3,123002.9,492,41000.96666666667,1,1,2,112,4,Lost Customers
CUST05318,2026-01-30,5,109712.85,152,21942.57,2,2,2,222,6,Lost Customers
CUST05319,2026-06-29,8,318021.3,2,39752.6625,5,3,3,533,11,Potential Loyalists
CUST05320,2024-07-25,1,21895.6,706,21895.6,1,1,1,111,3,Lost Customers
CUST05321,2026-01-01,7,96918.65,181,13845.521428571428,2,3,2,232,7,At Risk
CUST05322,2026-02-28,23,1157460.75,123,50324.38043478261,3,5,5,355,13,Loyal Customers
CUST05323,2025-05-24,2,36834.5,403,18417.25,1,1,1,111,3,Lost Customers
CUST05324,2026-05-15,5,197778.05,47,39555.61,4,2,3,423,9,Potential Loyalists
CUST05325,2026-01-19,14,894658.75,163,63904.19642857143,2,5,5,255,12,At Risk
CUST05326,2026-06-28,12,314146.0,3,26178.833333333332,5,4,3,543,12,Loyal Customers
CUST05327,2026-06-21,6,224220.59999999998,10,37370.1,5,3,3,533,11,Potential Loyalists
CUST05328,2025-02-16,4,81461.15000000001,500,20365.287500000002,1,2,2,122,5,Lost Customers
CUST05329,2026-06-13,9,562459.85,18,62495.538888888885,5,4,4,544,13,Champions
CUST05330,2026-06-26,17,608800.4,5,35811.788235294116,5,5,5,555,15,Champions
CUST05331,2025-12-06,3,57487.05,207,19162.350000000002,2,1,1,211,4,Lost Customers
CUST05332,2026-04-20,8,281612.65,72,35201.58125,3,3,3,333,9,Others
CUST05333,2026-05-24,16,1179794.1,38,73737.13125,4,5,5,455,14,Champions
CUST05334,2026-01-04,4,122842.95,178,30710.7375,2,2,2,222,6,Lost Customers
CUST05335,2025-08-11,4,56661.1,324,14165.275,1,2,1,121,4,Lost Customers
CUST05336,2026-01-11,19,1065072.05,171,56056.42368421053,2,5,5,255,12,At Risk
CUST05337,2026-06-24,5,172404.35,7,34480.87,5,2,2,522,9,Potential Loyalists
CUST05338,2025-10-17,5,73339.2,257,14667.84,2,2,2,222,6,Lost Customers
CUST05339,2026-02-24,12,1027426.5,127,85618.875,3,4,5,345,12,Loyal Customers
CUST05340,2026-03-25,5,38904.85,98,7780.969999999999,3,2,1,321,6,Others
CUST05341,2025-11-23,3,219394.8,220,73131.59999999999,2,1,3,213,6,Others
CUST05342,2026-05-09,6,209223.25,53,34870.541666666664,4,3,3,433,10,Potential Loyalists
CUST05343,2026-04-03,9,160811.25,89,17867.916666666668,3,4,2,342,9,Loyal Customers
CUST05344,2025-03-25,2,5689.85,463,2844.925,1,1,1,111,3,Lost Customers
CUST05345,2026-06-10,10,390993.85,21,39099.384999999995,5,4,4,544,13,Champions
CUST05346,2026-04-17,13,334498.65,75,25730.665384615386,3,5,4,354,12,Loyal Customers
CUST05347,2025-09-24,5,63015.7,280,12603.14,2,2,1,221,5,Lost Customers
CUST05348,2026-01-15,7,250232.80000000002,167,35747.54285714286,2,3,3,233,8,At Risk
CUST05349,2026-01-17,6,90331.85,165,15055.308333333334,2,3,2,232,7,At Risk
CUST05350,2026-05-16,10,329678.7,46,32967.87,4,4,4,444,12,Champions
CUST05351,2025-08-16,4,98815.05,319,24703.7625,1,2,2,122,5,Lost Customers
CUST05352,2026-05-08,14,927565.95,54,66254.71071428571,4,5,5,455,14,Champions
CUST05353,2026-06-06,27,1421460.45,25,52646.683333333334,5,5,5,555,15,Champions
CUST05354,2026-06-18,10,549341.85,13,54934.185,5,4,4,544,13,Champions
CUST05355,2025-05-04,7,336169.6,423,48024.22857142857,1,3,4,134,8,At Risk
CUST05356,2026-05-17,7,43453.65,45,6207.664285714286,4,3,1,431,8,Potential Loyalists
CUST05357,2026-05-07,19,549048.0,55,28897.263157894737,4,5,4,454,13,Champions
CUST05358,2026-06-06,13,339493.35,25,26114.873076923075,5,5,4,554,14,Champions
CUST05359,2025-12-13,14,405912.45,200,28993.74642857143,2,5,4,254,11,At Risk
CUST05360,2026-05-21,4,134331.0,41,33582.75,4,2,2,422,8,Potential Loyalists
CUST05361,2026-05-19,7,122837.35,43,17548.192857142858,4,3,2,432,9,Potential Loyalists
CUST05362,2026-04-28,12,588134.35,64,49011.19583333333,4,4,5,445,13,Champions
CUST05363,2026-03-30,9,306488.65,93,34054.294444444444,3,4,3,343,10,Loyal Customers
CUST05364,2024-09-29,3,129096.8,640,43032.26666666667,1,1,2,112,4,Lost Customers
CUST05365,2025-10-17,1,8731.45,257,8731.45,2,1,1,211,4,Lost Customers
CUST05366,2026-06-05,4,62921.4,26,15730.35,5,2,1,521,8,Potential Loyalists
CUST05367,2026-06-25,9,647023.2,6,71891.46666666666,5,4,5,545,14,Champions
CUST05368,2025-10-03,2,6199.7,271,3099.85,2,1,1,211,4,Lost Customers
CUST05369,2026-05-11,2,225799.65000000002,51,112899.82500000001,4,1,3,413,8,Others
CUST05370,2025-10-13,3,99333.95,261,33111.316666666666,2,1,2,212,5,Lost Customers
CUST05371,2026-05-05,7,234704.45,57,33529.20714285714,4,3,3,433,10,Potential Loyalists
CUST05372,2026-05-25,8,439391.0,37,54923.875,4,3,4,434,11,Potential Loyalists
CUST05373,2025-11-18,8,203518.0,225,25439.75,2,3,3,233,8,At Risk
CUST05374,2026-04-19,5,223754.35,73,44750.87,3,2,3,323,8,Others
CUST05375,2025-05-23,4,369643.3,404,92410.825,1,2,4,124,7,Others
CUST05376,2026-05-01,7,137398.05,61,19628.292857142857,4,3,2,432,9,Potential Loyalists
CUST05377,2025-07-31,3,47011.5,335,15670.5,1,1,1,111,3,Lost Customers
CUST05378,2026-06-08,20,371420.05,23,18571.0025,5,5,4,554,14,Champions
CUST05379,2026-05-20,11,370890.55,42,33717.32272727272,4,4,4,444,12,Champions
CUST05380,2025-11-06,11,331620.75,237,30147.340909090908,2,4,4,244,10,At Risk
CUST05381,2026-06-07,11,549186.5,24,49926.045454545456,5,4,4,544,13,Champions
CUST05382,2025-10-05,4,122224.70000000001,269,30556.175000000003,2,2,2,222,6,Lost Customers
CUST05383,2026-01-07,5,182658.55,175,36531.71,2,2,3,223,7,Others
CUST05384,2026-01-16,7,328329.2,166,46904.17142857143,2,3,4,234,9,At Risk
CUST05385,2026-05-14,4,102043.6,48,25510.9,4,2,2,422,8,Potential Loyalists
CUST05386,2026-01-14,7,185602.40000000002,168,26514.628571428573,2,3,3,233,8,At Risk
CUST05387,2025-09-18,14,988949.15,286,70639.225,2,5,5,255,12,At Risk
CUST05388,2026-05-20,3,70468.7,42,23489.566666666666,4,1,1,411,6,Others
CUST05389,2026-03-11,11,371581.19999999995,112,33780.109090909085,3,4,4,344,11,Loyal Customers
CUST05390,2026-06-22,19,1366916.15,9,71942.95526315788,5,5,5,555,15,Champions
CUST05391,2026-02-21,6,146122.65,130,24353.774999999998,3,3,2,332,8,Others
CUST05392,2026-04-09,3,40304.8,83,13434.933333333334,3,1,1,311,5,Others
CUST05393,2026-04-27,9,295349.55,65,32816.61666666667,4,4,3,443,11,Loyal Customers
CUST05394,2026-03-20,4,50805.05,103,12701.2625,3,2,1,321,6,Others
CUST05395,2025-02-26,5,263815.3,490,52763.06,1,2,3,123,6,Others
CUST05396,2025-08-30,3,36540.05,305,12180.016666666668,2,1,1,211,4,Lost Customers
CUST05397,2026-04-21,1,36900.2,71,36900.2,3,1,1,311,5,Others
CUST05398,2026-06-02,11,365896.45,29,33263.31363636364,5,4,4,544,13,Champions
CUST05399,2026-05-07,9,170287.05,55,18920.783333333333,4,4,2,442,10,Loyal Customers
CUST05400,2025-10-21,1,12114.75,253,12114.75,2,1,1,211,4,Lost Customers
CUST05401,2025-05-24,5,128303.4,403,25660.68,1,2,2,122,5,Lost Customers
CUST05402,2026-05-11,14,893339.7,51,63809.97857142857,4,5,5,455,14,Champions
CUST05403,2026-04-03,6,94513.95000000001,89,15752.325000000003,3,3,2,332,8,Others
CUST05404,2025-06-16,2,93510.65,380,46755.325,1,1,2,112,4,Lost Customers
CUST05405,2026-04-14,6,72693.85,78,12115.641666666668,3,3,2,332,8,Others
CUST05406,2026-06-13,13,286409.8,18,22031.523076923077,5,5,3,553,13,Loyal Customers
CUST05407,2025-01-31,6,248444.1,516,41407.35,1,3,3,133,7,At Risk
CUST05408,2025-09-22,3,31385.699999999997,282,10461.9,2,1,1,211,4,Lost Customers
CUST05409,2026-05-06,2,131739.8,56,65869.9,4,1,2,412,7,Others
CUST05410,2026-04-05,6,227988.6,87,37998.1,3,3,3,333,9,Others
CUST05411,2026-06-20,13,806047.3,11,62003.63846153847,5,5,5,555,15,Champions
CUST05412,2026-05-29,8,456918.30000000005,33,57114.787500000006,4,3,4,434,11,Potential Loyalists
CUST05413,2026-05-19,23,984061.5,43,42785.282608695656,4,5,5,455,14,Champions
CUST05414,2026-06-16,26,1214990.85,15,46730.41730769231,5,5,5,555,15,Champions
CUST05415,2026-06-28,10,361803.75,3,36180.375,5,4,4,544,13,Champions
CUST05416,2026-06-08,8,533071.75,23,66633.96875,5,3,4,534,12,Potential Loyalists
CUST05417,2026-05-31,7,219791.4,31,31398.77142857143,4,3,3,433,10,Potential Loyalists
CUST05418,2026-01-19,3,172021.5,163,57340.5,2,1,2,212,5,Lost Customers
CUST05419,2025-04-25,2,31833.35,432,15916.675,1,1,1,111,3,Lost Customers
CUST05420,2025-08-13,3,113810.3,322,37936.76666666667,1,1,2,112,4,Lost Customers
CUST05421,2026-05-29,13,628684.55,33,48360.350000000006,4,5,5,455,14,Champions
CUST05422,2024-02-22,1,57000.0,860,57000.0,1,1,1,111,3,Lost Customers
CUST05423,2024-08-23,1,33640.2,677,33640.2,1,1,1,111,3,Lost Customers
CUST05424,2025-09-08,5,33320.95,296,6664.19,2,2,1,221,5,Lost Customers
CUST05425,2025-11-02,4,5055.1,241,1263.775,2,2,1,221,5,Lost Customers
CUST05426,2024-09-10,2,10938.9,659,5469.45,1,1,1,111,3,Lost Customers
CUST05427,2025-08-12,4,142678.7,323,35669.675,1,2,2,122,5,Lost Customers
CUST05428,2026-05-05,13,312161.3,57,24012.40769230769,4,5,3,453,12,Loyal Customers
CUST05429,2026-02-26,4,164514.5,125,41128.625,3,2,2,322,7,Others
CUST05430,2026-03-18,9,445802.39999999997,105,49533.6,3,4,4,344,11,Loyal Customers
CUST05431,2026-06-08,12,741003.95,23,61750.32916666666,5,4,5,545,14,Champions
CUST05432,2025-10-09,9,548647.95,265,60960.88333333333,2,4,4,244,10,At Risk
CUST05433,2026-06-22,22,1434324.9,9,65196.58636363636,5,5,5,555,15,Champions
CUST05434,2026-05-04,23,1218985.65,58,52999.376086956516,4,5,5,455,14,Champions
CUST05435,2026-06-20,11,377234.25,11,34294.02272727273,5,4,4,544,13,Champions
CUST05436,2026-01-09,6,278715.8,173,46452.63333333333,2,3,3,233,8,At Risk
CUST05437,2025-05-12,11,295343.25,415,26849.386363636364,1,4,3,143,8,At Risk
CUST05438,2026-06-17,12,657125.45,14,54760.45416666666,5,4,5,545,14,Champions
CUST05439,2025-11-24,1,2651.0,219,2651.0,2,1,1,211,4,Lost Customers
CUST05440,2026-05-18,13,687255.2,44,52865.78461538461,4,5,5,455,14,Champions
CUST05441,2026-06-20,11,992407.15,11,90218.83181818182,5,4,5,545,14,Champions
CUST05442,2025-02-22,8,398062.4,494,49757.8,1,3,4,134,8,At Risk
CUST05443,2026-02-16,14,1556359.5,135,111168.53571428571,3,5,5,355,13,Loyal Customers
CUST05444,2026-06-30,6,198241.09999999998,1,33040.18333333333,5,3,3,533,11,Potential Loyalists
CUST05445,2025-05-19,4,71828.0,408,17957.0,1,2,2,122,5,Lost Customers
CUST05446,2025-12-01,17,1094146.7,212,64361.57058823529,2,5,5,255,12,At Risk
CUST05447,2026-06-22,19,782737.7000000001,9,41196.72105263158,5,5,5,555,15,Champions
CUST05448,2026-06-02,12,651699.8,29,54308.31666666667,5,4,5,545,14,Champions
CUST05449,2026-06-06,6,64162.399999999994,25,10693.733333333332,5,3,1,531,9,Potential Loyalists
CUST05450,2026-06-26,8,294172.35000000003,5,36771.543750000004,5,3,3,533,11,Potential Loyalists
CUST05451,2025-09-11,11,255506.8,293,23227.890909090907,2,4,3,243,9,At Risk
CUST05452,2025-04-24,4,192283.85,433,48070.9625,1,2,3,123,6,Others
CUST05453,2026-06-16,5,57146.2,15,11429.24,5,2,1,521,8,Potential Loyalists
CUST05454,2026-01-12,6,102204.35,170,17034.058333333334,2,3,2,232,7,At Risk
CUST05455,2026-04-08,8,628423.6,84,78552.95,3,3,5,335,11,Others
CUST05456,2026-03-25,7,349816.3,98,49973.75714285714,3,3,4,334,10,Others
CUST05457,2025-03-24,4,269294.4,464,67323.6,1,2,3,123,6,Others
CUST05458,2026-04-21,12,526903.15,71,43908.59583333333,3,4,4,344,11,Loyal Customers
CUST05459,2026-01-11,11,340189.45,171,30926.313636363637,2,4,4,244,10,At Risk
CUST05460,2026-03-01,8,380366.95,122,47545.86875,3,3,4,334,10,Others
CUST05461,2026-06-14,21,975989.6,17,46475.695238095235,5,5,5,555,15,Champions
CUST05462,2025-10-18,2,6471.05,256,3235.525,2,1,1,211,4,Lost Customers
CUST05463,2025-06-14,5,36783.45,382,7356.69,1,2,1,121,4,Lost Customers
CUST05464,2025-11-16,11,445407.95,227,40491.63181818182,2,4,4,244,10,At Risk
CUST05465,2026-06-25,16,849820.7,6,53113.79375,5,5,5,555,15,Champions
CUST05466,2026-02-07,11,313276.45,144,28479.677272727273,3,4,3,343,10,Loyal Customers
CUST05467,2024-11-23,1,19045.8,585,19045.8,1,1,1,111,3,Lost Customers
CUST05468,2025-12-12,3,153410.35,201,51136.78333333333,2,1,2,212,5,Lost Customers
CUST05469,2026-03-30,6,49739.25,93,8289.875,3,3,1,331,7,Others
CUST05470,2024-09-10,4,80518.7,659,20129.675,1,2,2,122,5,Lost Customers
CUST05471,2026-02-23,8,341362.7,128,42670.3375,3,3,4,334,10,Others
CUST05472,2026-05-02,22,758629.65,60,34483.16590909091,4,5,5,455,14,Champions
CUST05473,2026-01-24,4,226821.69999999998,158,56705.424999999996,2,2,3,223,7,Others
CUST05474,2026-04-21,14,876477.9,71,62605.56428571429,3,5,5,355,13,Loyal Customers
CUST05475,2025-09-24,11,630263.7,280,57296.7,2,4,5,245,11,At Risk
CUST05476,2026-05-08,14,1326642.2,54,94760.15714285713,4,5,5,455,14,Champions
CUST05477,2026-05-05,6,87402.75,57,14567.125,4,3,2,432,9,Potential Loyalists
CUST05478,2026-03-30,15,490945.39999999997,93,32729.693333333333,3,5,4,354,12,Loyal Customers
CUST05479,2026-06-09,6,259637.15,22,43272.85833333333,5,3,3,533,11,Potential Loyalists
CUST05480,2025-11-11,2,43240.8,232,21620.4,2,1,1,211,4,Lost Customers
CUST05481,2026-04-21,14,779184.35,71,55656.025,3,5,5,355,13,Loyal Customers
CUST05482,2025-05-07,5,94947.75,420,18989.55,1,2,2,122,5,Lost Customers
CUST05483,2026-04-10,2,9272.15,82,4636.075,3,1,1,311,5,Others
CUST05484,2026-01-13,7,172661.4,169,24665.914285714283,2,3,3,233,8,At Risk
CUST05485,2025-12-29,8,494423.10000000003,184,61802.887500000004,2,3,4,234,9,At Risk
CUST05486,2026-06-09,14,500039.75,22,35717.125,5,5,4,554,14,Champions
CUST05487,2026-06-12,2,21784.5,19,10892.25,5,1,1,511,7,Others
CUST05488,2026-01-12,3,341265.25,170,113755.08333333333,2,1,4,214,7,Others
CUST05489,2025-12-05,7,185696.09999999998,208,26528.014285714282,2,3,3,233,8,At Risk
CUST05490,2026-06-08,10,334007.55,23,33400.755,5,4,4,544,13,Champions
CUST05491,2026-05-31,13,411262.35000000003,31,31635.565384615387,4,5,4,454,13,Champions
CUST05492,2026-06-03,6,119431.55,28,19905.258333333335,5,3,2,532,10,Potential Loyalists
CUST05493,2026-04-03,20,924231.35,89,46211.5675,3,5,5,355,13,Loyal Customers
CUST05494,2026-06-22,9,369338.0,9,41037.555555555555,5,4,4,544,13,Champions
CUST05495,2025-12-31,5,172973.6,182,34594.72,2,2,3,223,7,Others
CUST05496,2026-05-23,6,264937.7,39,44156.28333333333,4,3,3,433,10,Potential Loyalists
CUST05497,2026-02-08,4,214612.6,143,53653.15,3,2,3,323,8,Others
CUST05498,2026-05-27,28,1475486.1,35,52695.93214285715,4,5,5,455,14,Champions
CUST05499,2026-04-20,9,573269.65,72,63696.62777777778,3,4,4,344,11,Loyal Customers
CUST05500,2025-10-09,5,222429.0,265,44485.8,2,2,3,223,7,Others
CUST05501,2026-03-24,6,136243.15,99,22707.191666666666,3,3,2,332,8,Others
CUST05502,2026-04-04,9,326512.35,88,36279.149999999994,3,4,4,344,11,Loyal Customers
CUST05503,2026-01-10,5,321281.3,172,64256.259999999995,2,2,3,223,7,Others
CUST05504,2026-04-29,12,244266.7,63,20355.558333333334,4,4,3,443,11,Loyal Customers
CUST05505,2026-02-12,7,430978.4,139,61568.34285714286,3,3,4,334,10,Others
CUST05506,2026-05-19,15,635318.75,43,42354.583333333336,4,5,5,455,14,Champions
CUST05507,2024-11-14,1,461.7,594,461.7,1,1,1,111,3,Lost Customers
CUST05508,2026-06-29,3,68518.45,2,22839.483333333334,5,1,1,511,7,Others
CUST05509,2026-06-27,23,1551914.35,4,67474.53695652174,5,5,5,555,15,Champions
CUST05510,2026-06-28,20,823566.4500000001,3,41178.3225,5,5,5,555,15,Champions
CUST05511,2026-06-27,3,20434.7,4,6811.566666666667,5,1,1,511,7,Others
CUST05512,2025-09-03,5,213705.59999999998,301,42741.119999999995,2,2,3,223,7,Others
CUST05513,2026-03-25,7,198853.35,98,28407.62142857143,3,3,3,333,9,Others
CUST05514,2025-10-18,1,10323.0,256,10323.0,2,1,1,211,4,Lost Customers
CUST05515,2026-06-02,4,34642.85,29,8660.7125,5,2,1,521,8,Potential Loyalists
CUST05516,2024-11-18,1,16269.0,590,16269.0,1,1,1,111,3,Lost Customers
CUST05517,2026-03-07,11,1029282.8999999999,116,93571.17272727271,3,4,5,345,12,Loyal Customers
CUST05518,2026-05-13,11,394121.75,49,35829.25,4,4,4,444,12,Champions
CUST05519,2026-05-22,11,459033.65,40,41730.33181818182,4,4,4,444,12,Champions
CUST05520,2026-02-17,5,110614.5,134,22122.9,3,2,2,322,7,Others
CUST05521,2026-06-21,14,820771.8,10,58626.55714285715,5,5,5,555,15,Champions
CUST05522,2026-06-30,9,547048.1,1,60783.12222222222,5,4,4,544,13,Champions
CUST05523,2025-10-14,11,384292.7,260,34935.700000000004,2,4,4,244,10,At Risk
CUST05524,2026-04-16,5,271602.35000000003,76,54320.47000000001,3,2,3,323,8,Others
CUST05525,2026-04-12,10,361392.45,80,36139.245,3,4,4,344,11,Loyal Customers
CUST05526,2024-12-26,5,129343.90000000001,552,25868.780000000002,1,2,2,122,5,Lost Customers
CUST05527,2026-05-10,4,136718.9,52,34179.725,4,2,2,422,8,Potential Loyalists
CUST05528,2026-06-09,9,692571.0499999999,22,76952.33888888889,5,4,5,545,14,Champions
CUST05529,2026-04-16,19,480477.89999999997,76,25288.31052631579,3,5,4,354,12,Loyal Customers
CUST05530,2026-04-07,13,650802.2,85,50061.70769230769,3,5,5,355,13,Loyal Customers
CUST05531,2025-07-04,9,404279.9,362,44919.98888888889,1,4,4,144,9,At Risk
CUST05532,2025-07-20,6,138328.65,346,23054.774999999998,1,3,2,132,6,At Risk
CUST05533,2025-04-28,4,43524.9,429,10881.225,1,2,1,121,4,Lost Customers
CUST05534,2026-03-06,7,437859.15,117,62551.30714285715,3,3,4,334,10,Others
CUST05535,2025-12-05,6,382387.89999999997,208,63731.31666666666,2,3,4,234,9,At Risk
CUST05536,2026-06-19,6,86996.35,12,14499.391666666668,5,3,2,532,10,Potential Loyalists
CUST05537,2025-07-06,6,154207.5,360,25701.25,1,3,2,132,6,At Risk
CUST05538,2026-05-03,5,56803.6,59,11360.72,4,2,1,421,7,Potential Loyalists
CUST05539,2025-11-15,2,45120.45,228,22560.225,2,1,1,211,4,Lost Customers
CUST05540,2024-11-09,1,1704.6,599,1704.6,1,1,1,111,3,Lost Customers
CUST05541,2025-12-15,2,40910.3,198,20455.15,2,1,1,211,4,Lost Customers
CUST05542,2026-03-05,3,55584.700000000004,118,18528.233333333334,3,1,1,311,5,Others
CUST05543,2026-06-10,14,374827.55,21,26773.39642857143,5,5,4,554,14,Champions
CUST05544,2026-01-20,14,410287.64999999997,162,29306.260714285712,2,5,4,254,11,At Risk
CUST05545,2026-05-06,2,25713.85,56,12856.925,4,1,1,411,6,Others
CUST05546,2026-04-11,5,148052.45,81,29610.49,3,2,2,322,7,Others
CUST05547,2026-06-27,6,295601.55,4,49266.924999999996,5,3,3,533,11,Potential Loyalists
CUST05548,2025-09-19,6,213217.95,285,35536.325000000004,2,3,3,233,8,At Risk
CUST05549,2026-03-30,16,417130.8,93,26070.675,3,5,4,354,12,Loyal Customers
CUST05550,2026-04-03,3,16818.7,89,5606.233333333334,3,1,1,311,5,Others
CUST05551,2026-06-14,10,602285.3999999999,17,60228.53999999999,5,4,5,545,14,Champions
CUST05552,2026-05-19,12,299234.39999999997,43,24936.199999999997,4,4,3,443,11,Loyal Customers
CUST05553,2026-05-11,10,580140.55,51,58014.05500000001,4,4,4,444,12,Champions
CUST05554,2025-09-08,4,229914.05000000002,296,57478.512500000004,2,2,3,223,7,Others
CUST05555,2025-08-12,5,76523.2,323,15304.64,1,2,2,122,5,Lost Customers
CUST05556,2026-06-24,5,343373.95,7,68674.79000000001,5,2,4,524,11,Potential Loyalists
CUST05557,2025-08-28,6,181375.80000000002,307,30229.300000000003,2,3,3,233,8,At Risk
CUST05558,2026-04-09,4,145031.95,83,36257.9875,3,2,2,322,7,Others
CUST05559,2026-04-19,8,439750.1,73,54968.7625,3,3,4,334,10,Others
CUST05560,2026-05-27,9,238160.25,35,26462.25,4,4,3,443,11,Loyal Customers
CUST05561,2025-06-09,2,128879.1,387,64439.55,1,1,2,112,4,Lost Customers
CUST05562,2026-06-22,31,1376261.95,9,44395.54677419355,5,5,5,555,15,Champions
CUST05563,2026-03-09,4,222918.85,114,55729.7125,3,2,3,323,8,Others
CUST05564,2025-09-11,4,63228.350000000006,293,15807.087500000001,2,2,1,221,5,Lost Customers
CUST05565,2025-05-14,4,176698.75,413,44174.6875,1,2,3,123,6,Others
CUST05566,2026-05-03,24,875755.55,59,36489.81458333333,4,5,5,455,14,Champions
CUST05567,2026-05-11,8,338008.9,51,42251.1125,4,3,4,434,11,Potential Loyalists
CUST05568,2026-06-12,7,212328.55,19,30332.649999999998,5,3,3,533,11,Potential Loyalists
CUST05569,2026-04-08,11,128920.9,84,11720.081818181818,3,4,2,342,9,Loyal Customers
CUST05570,2026-05-22,21,1219996.9,40,58095.090476190475,4,5,5,455,14,Champions
CUST05571,2026-04-27,3,8102.8,65,2700.9333333333334,4,1,1,411,6,Others
CUST05572,2024-09-21,2,23537.05,648,11768.525,1,1,1,111,3,Lost Customers
CUST05573,2026-04-26,10,603142.7,66,60314.27,4,4,5,445,13,Champions
CUST05574,2026-05-09,18,1295528.45,53,71973.80277777778,4,5,5,455,14,Champions
CUST05575,2026-05-30,13,655177.6,32,50398.27692307692,4,5,5,455,14,Champions
CUST05576,2025-12-09,4,32758.199999999997,204,8189.549999999999,2,2,1,221,5,Lost Customers
CUST05577,2025-12-07,6,269564.55,206,44927.424999999996,2,3,3,233,8,At Risk
CUST05578,2025-11-02,7,369098.4,241,52728.34285714286,2,3,4,234,9,At Risk
CUST05579,2026-05-18,12,499406.2,44,41617.183333333334,4,4,4,444,12,Champions
CUST05580,2026-05-14,11,54130.65,48,4920.968181818182,4,4,1,441,9,Loyal Customers
CUST05581,2025-10-18,3,184750.19999999998,256,61583.399999999994,2,1,3,213,6,Others
CUST05582,2025-03-03,5,105285.15,485,21057.03,1,2,2,122,5,Lost Customers
CUST05583,2026-03-17,14,440106.10000000003,106,31436.15,3,5,4,354,12,Loyal Customers
CUST05584,2025-12-16,5,256330.65,197,51266.13,2,2,3,223,7,Others
CUST05585,2026-03-31,6,37674.95,92,6279.158333333333,3,3,1,331,7,Others
CUST05586,2024-12-17,3,118506.3,561,39502.1,1,1,2,112,4,Lost Customers
CUST05587,2025-11-02,3,51923.4,241,17307.8,2,1,1,211,4,Lost Customers
CUST05588,2026-05-11,21,1283493.75,51,61118.75,4,5,5,455,14,Champions
CUST05589,2026-06-23,27,1514834.5,8,56104.98148148148,5,5,5,555,15,Champions
CUST05590,2025-06-02,5,58626.6,394,11725.32,1,2,1,121,4,Lost Customers
CUST05591,2026-03-09,9,223371.25,114,24819.027777777777,3,4,3,343,10,Loyal Customers
CUST05592,2026-05-14,4,223102.6,48,55775.65,4,2,3,423,9,Potential Loyalists
CUST05593,2026-04-05,15,623199.4,87,41546.62666666667,3,5,5,355,13,Loyal Customers
CUST05594,2025-05-05,4,128644.65,422,32161.1625,1,2,2,122,5,Lost Customers
CUST05595,2026-05-16,6,227832.94999999998,46,37972.15833333333,4,3,3,433,10,Potential Loyalists
CUST05596,2026-06-08,11,524908.95,23,47718.99545454545,5,4,4,544,13,Champions
CUST05597,2026-06-29,19,966752.45,2,50881.70789473684,5,5,5,555,15,Champions
CUST05598,2026-02-28,5,266542.8,123,53308.56,3,2,3,323,8,Others
CUST05599,2025-08-11,1,16187.05,324,16187.05,1,1,1,111,3,Lost Customers
CUST05600,2026-05-13,4,124301.20000000001,49,31075.300000000003,4,2,2,422,8,Potential Loyalists
CUST05601,2026-01-12,6,93790.9,170,15631.816666666666,2,3,2,232,7,At Risk
CUST05602,2026-02-03,6,38793.9,148,6465.650000000001,2,3,1,231,6,At Risk
CUST05603,2026-06-19,7,289280.6,12,41325.799999999996,5,3,3,533,11,Potential Loyalists
CUST05604,2026-06-30,24,1303665.8,1,54319.40833333333,5,5,5,555,15,Champions
CUST05605,2024-07-15,1,833.0,716,833.0,1,1,1,111,3,Lost Customers
CUST05606,2026-06-19,6,153071.5,12,25511.916666666668,5,3,2,532,10,Potential Loyalists
CUST05607,2026-06-07,3,33599.7,24,11199.9,5,1,1,511,7,Others
CUST05608,2025-12-18,3,64726.15,195,21575.383333333335,2,1,1,211,4,Lost Customers
CUST05609,2025-11-12,2,55934.1,231,27967.05,2,1,1,211,4,Lost Customers
CUST05610,2024-04-29,1,45509.0,793,45509.0,1,1,1,111,3,Lost Customers
CUST05611,2026-06-16,15,467327.5,15,31155.166666666668,5,5,4,554,14,Champions
CUST05612,2026-02-02,3,239080.75,149,79693.58333333333,2,1,3,213,6,Others
CUST05613,2026-03-19,2,34760.049999999996,104,17380.024999999998,3,1,1,311,5,Others
CUST05614,2026-04-13,6,211217.85,79,35202.975,3,3,3,333,9,Others
CUST05615,2025-03-14,2,138482.0,474,69241.0,1,1,2,112,4,Lost Customers
CUST05616,2025-08-28,1,167256.0,307,167256.0,2,1,2,212,5,Lost Customers
CUST05617,2026-05-18,5,257185.84999999998,44,51437.17,4,2,3,423,9,Potential Loyalists
CUST05618,2026-04-01,7,289090.7,91,41298.67142857143,3,3,3,333,9,Others
CUST05619,2026-04-11,4,184886.35,81,46221.5875,3,2,3,323,8,Others
CUST05620,2026-04-16,9,158540.45,76,17615.605555555558,3,4,2,342,9,Loyal Customers
CUST05621,2025-11-08,7,185455.1,235,26493.585714285717,2,3,3,233,8,At Risk
CUST05622,2025-06-28,3,71039.6,368,23679.86666666667,1,1,1,111,3,Lost Customers
CUST05623,2026-06-20,20,1203883.3,11,60194.165,5,5,5,555,15,Champions
CUST05624,2026-01-26,15,758951.4,156,50596.76,2,5,5,255,12,At Risk
CUST05625,2026-04-26,15,940127.95,66,62675.19666666666,4,5,5,455,14,Champions
CUST05626,2026-02-20,2,65388.7,131,32694.35,3,1,1,311,5,Others
CUST05627,2026-06-14,16,384176.2,17,24011.0125,5,5,4,554,14,Champions
CUST05628,2026-01-19,13,941556.7000000001,163,72427.43846153846,2,5,5,255,12,At Risk
CUST05629,2025-06-26,3,123838.2,370,41279.4,1,1,2,112,4,Lost Customers
CUST05630,2026-02-24,6,87156.95000000001,127,14526.158333333335,3,3,2,332,8,Others
CUST05631,2025-09-14,1,800.0,290,800.0,2,1,1,211,4,Lost Customers
CUST05632,2026-02-15,6,394366.0,136,65727.66666666667,3,3,4,334,10,Others
CUST05633,2026-06-12,10,403871.0,19,40387.1,5,4,4,544,13,Champions
CUST05634,2026-06-17,15,579362.1,14,38624.14,5,5,4,554,14,Champions
CUST05635,2026-04-24,6,474740.0,68,79123.33333333333,4,3,4,434,11,Potential Loyalists
CUST05636,2026-03-26,8,143214.45,97,17901.80625,3,3,2,332,8,Others
CUST05637,2026-02-03,4,232181.25,148,58045.3125,2,2,3,223,7,Others
CUST05638,2026-06-09,6,123732.75,22,20622.125,5,3,2,532,10,Potential Loyalists
CUST05639,2026-06-01,7,159321.3,30,22760.18571428571,4,3,2,432,9,Potential Loyalists
CUST05640,2026-06-08,4,159523.5,23,39880.875,5,2,2,522,9,Potential Loyalists
CUST05641,2026-06-14,11,474601.9,17,43145.62727272727,5,4,4,544,13,Champions
CUST05642,2026-01-17,8,402652.5,165,50331.5625,2,3,4,234,9,At Risk
CUST05643,2026-02-22,1,21630.75,129,21630.75,3,1,1,311,5,Others
CUST05644,2025-04-04,2,121770.65,453,60885.325,1,1,2,112,4,Lost Customers
CUST05645,2026-06-23,6,491047.4,8,81841.23333333334,5,3,4,534,12,Potential Loyalists
CUST05646,2026-05-01,4,154072.4,61,38518.1,4,2,2,422,8,Potential Loyalists
CUST05647,2026-03-24,10,178304.9,99,17830.489999999998,3,4,3,343,10,Loyal Customers
CUST05648,2025-12-31,6,100296.95,182,16716.158333333333,2,3,2,232,7,At Risk
CUST05649,2026-06-18,18,1273667.7,13,70759.31666666667,5,5,5,555,15,Champions
CUST05650,2026-06-03,6,451449.2,28,75241.53333333334,5,3,4,534,12,Potential Loyalists
CUST05651,2026-06-30,15,807003.95,1,53800.26333333333,5,5,5,555,15,Champions
CUST05652,2025-11-21,7,251360.6,222,35908.65714285714,2,3,3,233,8,At Risk
CUST05653,2026-06-02,9,215696.9,29,23966.32222222222,5,4,3,543,12,Loyal Customers
CUST05654,2024-10-02,3,111636.75,637,37212.25,1,1,2,112,4,Lost Customers
CUST05655,2026-06-07,12,237345.0,24,19778.75,5,4,3,543,12,Loyal Customers
CUST05656,2026-06-08,12,376322.89999999997,23,31360.241666666665,5,4,4,544,13,Champions
CUST05657,2026-04-18,12,708122.55,74,59010.2125,3,4,5,345,12,Loyal Customers
CUST05658,2026-06-12,18,1021213.25,19,56734.069444444445,5,5,5,555,15,Champions
CUST05659,2026-06-20,9,566564.7,11,62951.63333333333,5,4,4,544,13,Champions
CUST05660,2026-04-11,4,98965.0,81,24741.25,3,2,2,322,7,Others
CUST05661,2026-06-23,31,1250624.65,8,40342.73064516129,5,5,5,555,15,Champions
CUST05662,2026-05-11,7,192921.85000000003,51,27560.26428571429,4,3,3,433,10,Potential Loyalists
CUST05663,2025-03-23,1,144681.9,465,144681.9,1,1,2,112,4,Lost Customers
CUST05664,2026-04-01,1,66061.8,91,66061.8,3,1,1,311,5,Others
CUST05665,2026-06-23,6,490625.80000000005,8,81770.96666666667,5,3,4,534,12,Potential Loyalists
CUST05666,2025-11-19,1,17711.8,224,17711.8,2,1,1,211,4,Lost Customers
CUST05667,2025-02-18,4,9053.0,498,2263.25,1,2,1,121,4,Lost Customers
CUST05668,2026-05-02,6,362671.6,60,60445.26666666666,4,3,4,434,11,Potential Loyalists
CUST05669,2026-05-29,12,738594.55,33,61549.54583333334,4,4,5,445,13,Champions
CUST05670,2026-05-19,8,212554.5,43,26569.3125,4,3,3,433,10,Potential Loyalists
CUST05671,2025-01-22,3,38551.4,525,12850.466666666667,1,1,1,111,3,Lost Customers
CUST05672,2025-07-30,1,1839.2,336,1839.2,1,1,1,111,3,Lost Customers
CUST05673,2025-09-26,3,91140.40000000001,278,30380.133333333335,2,1,2,212,5,Lost Customers
CUST05674,2026-05-31,5,253635.55,31,50727.11,4,2,3,423,9,Potential Loyalists
CUST05675,2025-08-22,3,21074.3,313,7024.766666666666,2,1,1,211,4,Lost Customers
CUST05676,2026-04-16,15,582065.5,76,38804.36666666667,3,5,4,354,12,Loyal Customers
CUST05677,2026-05-14,6,331248.15,48,55208.025,4,3,4,434,11,Potential Loyalists
CUST05678,2026-02-07,3,77979.1,144,25993.033333333336,3,1,2,312,6,Others
CUST05679,2026-04-29,16,500535.3,63,31283.45625,4,5,4,454,13,Champions
CUST05680,2026-01-27,4,68923.2,155,17230.8,2,2,1,221,5,Lost Customers
CUST05681,2026-05-16,13,1241427.5,46,95494.42307692308,4,5,5,455,14,Champions
CUST05682,2026-06-06,8,192786.95,25,24098.36875,5,3,3,533,11,Potential Loyalists
CUST05683,2026-05-25,13,443903.6,37,34146.43076923077,4,5,4,454,13,Champions
CUST05684,2026-01-15,6,80996.6,167,13499.433333333334,2,3,2,232,7,At Risk
CUST05685,2026-06-17,24,1820339.4,14,75847.47499999999,5,5,5,555,15,Champions
CUST05686,2026-01-29,9,424151.95,153,47127.99444444445,2,4,4,244,10,At Risk
CUST05687,2025-10-07,6,219230.1,267,36538.35,2,3,3,233,8,At Risk
CUST05688,2026-06-27,13,517268.15,4,39789.85769230769,5,5,4,554,14,Champions
CUST05689,2026-06-20,12,131792.65,11,10982.720833333333,5,4,2,542,11,Loyal Customers
CUST05690,2026-04-29,13,629785.75,63,48445.057692307695,4,5,5,455,14,Champions
CUST05691,2026-01-20,9,360101.55,162,40011.28333333333,2,4,4,244,10,At Risk
CUST05692,2026-05-06,14,451033.1,56,32216.649999999998,4,5,4,454,13,Champions
CUST05693,2026-05-11,16,1080031.65,51,67501.978125,4,5,5,455,14,Champions
CUST05694,2025-06-26,2,65461.4,370,32730.7,1,1,1,111,3,Lost Customers
CUST05695,2026-06-28,12,493454.3,3,41121.191666666666,5,4,4,544,13,Champions
CUST05696,2025-02-28,2,135773.85,488,67886.925,1,1,2,112,4,Lost Customers
CUST05697,2026-06-20,15,376440.05,11,25096.003333333334,5,5,4,554,14,Champions
CUST05698,2025-12-26,6,49213.65,187,8202.275,2,3,1,231,6,At Risk
CUST05699,2025-11-16,9,258971.5,227,28774.61111111111,2,4,3,243,9,At Risk
CUST05700,2026-06-01,8,86358.55,30,10794.81875,4,3,2,432,9,Potential Loyalists
CUST05701,2026-02-22,12,746385.65,129,62198.80416666667,3,4,5,345,12,Loyal Customers
CUST05702,2026-02-08,5,193093.05,143,38618.61,3,2,3,323,8,Others
CUST05703,2026-03-21,14,584532.25,102,41752.30357142857,3,5,4,354,12,Loyal Customers
CUST05704,2026-06-11,2,242773.2,20,121386.6,5,1,3,513,9,Others
CUST05705,2026-02-05,25,2174181.25,146,86967.25,3,5,5,355,13,Loyal Customers
CUST05706,2026-05-18,2,75915.7,44,37957.85,4,1,2,412,7,Others
CUST05707,2026-05-14,11,316776.2,48,28797.836363636365,4,4,3,443,11,Loyal Customers
CUST05708,2026-02-02,4,48095.0,149,12023.75,2,2,1,221,5,Lost Customers
CUST05709,2026-06-16,25,1755339.6,15,70213.584,5,5,5,555,15,Champions
CUST05710,2026-05-03,21,890058.75,59,42383.75,4,5,5,455,14,Champions
CUST05711,2026-02-23,11,633931.95,128,57630.17727272727,3,4,5,345,12,Loyal Customers
CUST05712,2025-12-22,7,151581.5,191,21654.5,2,3,2,232,7,At Risk
CUST05713,2025-12-06,12,883421.1,207,73618.425,2,4,5,245,11,At Risk
CUST05714,2025-11-15,5,43884.75,228,8776.95,2,2,1,221,5,Lost Customers
CUST05715,2026-04-05,29,1210408.65,87,41738.229310344825,3,5,5,355,13,Loyal Customers
CUST05716,2025-11-28,3,40274.35,215,13424.783333333333,2,1,1,211,4,Lost Customers
CUST05717,2025-04-15,2,8076.85,442,4038.425,1,1,1,111,3,Lost Customers
CUST05718,2026-05-01,20,985662.1,61,49283.104999999996,4,5,5,455,14,Champions
CUST05719,2025-11-08,1,5409.4,235,5409.4,2,1,1,211,4,Lost Customers
CUST05720,2025-06-20,5,217536.6,376,43507.32,1,2,3,123,6,Others
CUST05721,2026-06-04,3,11017.25,27,3672.4166666666665,5,1,1,511,7,Others
CUST05722,2026-06-13,6,156258.35,18,26043.058333333334,5,3,2,532,10,Potential Loyalists
CUST05723,2025-12-22,4,152743.2,191,38185.8,2,2,2,222,6,Lost Customers
CUST05724,2024-10-15,3,110394.1,624,36798.03333333333,1,1,2,112,4,Lost Customers
CUST05725,2026-06-26,11,349917.25,5,31810.659090909092,5,4,4,544,13,Champions
CUST05726,2025-08-11,3,81323.3,324,27107.766666666666,1,1,2,112,4,Lost Customers
CUST05727,2026-05-24,6,650363.35,38,108393.89166666666,4,3,5,435,12,Potential Loyalists
CUST05728,2026-06-03,10,509237.0,28,50923.7,5,4,4,544,13,Champions
CUST05729,2025-08-19,3,72007.7,316,24002.566666666666,1,1,2,112,4,Lost Customers
CUST05730,2026-05-30,11,392630.35,32,35693.66818181818,4,4,4,444,12,Champions
CUST05731,2026-05-17,13,921311.75,45,70870.13461538461,4,5,5,455,14,Champions
CUST05732,2026-02-12,19,1075622.8,139,56611.72631578948,3,5,5,355,13,Loyal Customers
CUST05733,2025-10-06,5,104699.1,268,20939.82,2,2,2,222,6,Lost Customers
CUST05734,2025-06-07,7,337999.15,389,48285.59285714286,1,3,4,134,8,At Risk
CUST05735,2025-01-19,1,2565.9,528,2565.9,1,1,1,111,3,Lost Customers
CUST05736,2025-08-25,4,24036.4,310,6009.1,2,2,1,221,5,Lost Customers
CUST05737,2026-06-19,18,885168.55,12,49176.03055555556,5,5,5,555,15,Champions
CUST05738,2026-04-29,22,798054.95,63,36275.225,4,5,5,455,14,Champions
CUST05739,2026-04-28,5,500585.4,64,100117.08,4,2,4,424,10,Potential Loyalists
CUST05740,2025-06-04,5,53819.350000000006,392,10763.87,1,2,1,121,4,Lost Customers
CUST05741,2026-04-24,4,42030.75,68,10507.6875,4,2,1,421,7,Potential Loyalists
CUST05742,2026-01-18,7,197579.85,164,28225.692857142858,2,3,3,233,8,At Risk
CUST05743,2025-10-21,6,164779.2,253,27463.2,2,3,2,232,7,At Risk
CUST05744,2026-01-30,5,59033.6,152,11806.72,2,2,1,221,5,Lost Customers
CUST05745,2025-05-24,4,134414.5,403,33603.625,1,2,2,122,5,Lost Customers
CUST05746,2026-06-01,12,389123.4,30,32426.95,4,4,4,444,12,Champions
CUST05747,2026-06-18,5,106049.65,13,21209.93,5,2,2,522,9,Potential Loyalists
CUST05748,2025-10-14,4,44412.0,260,11103.0,2,2,1,221,5,Lost Customers
CUST05749,2025-07-02,9,409706.7,364,45522.96666666667,1,4,4,144,9,At Risk
CUST05750,2026-04-28,20,1024608.8,64,51230.44,4,5,5,455,14,Champions
CUST05751,2026-06-23,14,751872.55,8,53705.18214285715,5,5,5,555,15,Champions
CUST05752,2025-09-29,3,122993.6,275,40997.86666666667,2,1,2,212,5,Lost Customers
CUST05753,2026-04-27,7,136337.65,65,19476.807142857142,4,3,2,432,9,Potential Loyalists
CUST05754,2026-04-22,19,1419440.35,70,74707.38684210526,3,5,5,355,13,Loyal Customers
CUST05755,2024-12-09,2,68113.40000000001,569,34056.700000000004,1,1,1,111,3,Lost Customers
CUST05756,2026-01-08,13,406482.5,174,31267.884615384617,2,5,4,254,11,At Risk
CUST05757,2026-04-19,8,124392.5,73,15549.0625,3,3,2,332,8,Others
CUST05758,2025-04-07,4,69273.75,450,17318.4375,1,2,1,121,4,Lost Customers
CUST05759,2026-02-06,4,103099.95,145,25774.9875,3,2,2,322,7,Others
CUST05760,2026-02-06,12,720560.45,145,60046.70416666666,3,4,5,345,12,Loyal Customers
CUST05761,2026-04-02,13,578695.2,90,44515.015384615384,3,5,4,354,12,Loyal Customers
CUST05762,2026-03-08,21,988426.1,115,47067.909523809525,3,5,5,355,13,Loyal Customers
CUST05763,2026-06-09,12,832395.3,22,69366.27500000001,5,4,5,545,14,Champions
CUST05764,2026-06-13,14,377070.95,18,26933.639285714286,5,5,4,554,14,Champions
CUST05765,2026-04-19,6,192484.6,73,32080.766666666666,3,3,3,333,9,Others
CUST05766,2025-12-22,4,107331.5,191,26832.875,2,2,2,222,6,Lost Customers
CUST05767,2026-06-11,10,293906.0,20,29390.6,5,4,3,543,12,Loyal Customers
CUST05768,2025-06-23,3,86145.6,373,28715.2,1,1,2,112,4,Lost Customers
CUST05769,2025-04-10,5,111120.9,447,22224.18,1,2,2,122,5,Lost Customers
CUST05770,2026-03-01,6,321329.95,122,53554.99166666667,3,3,3,333,9,Others
CUST05771,2026-03-23,5,167257.9,100,33451.58,3,2,2,322,7,Others
CUST05772,2026-03-04,7,240411.25,119,34344.46428571428,3,3,3,333,9,Others
CUST05773,2026-03-31,10,555033.35,92,55503.335,3,4,4,344,11,Loyal Customers
CUST05774,2026-05-03,12,371877.35,59,30989.779166666664,4,4,4,444,12,Champions
CUST05775,2026-06-19,17,819129.15,12,48184.06764705882,5,5,5,555,15,Champions
CUST05776,2026-04-23,18,875388.7999999999,69,48632.71111111111,4,5,5,455,14,Champions
CUST05777,2026-01-08,7,498719.2,174,71245.6,2,3,4,234,9,At Risk
CUST05778,2026-05-12,8,135083.25,50,16885.40625,4,3,2,432,9,Potential Loyalists
CUST05779,2026-06-13,21,1384568.3,18,65931.8238095238,5,5,5,555,15,Champions
CUST05780,2024-04-13,1,14786.1,809,14786.1,1,1,1,111,3,Lost Customers
CUST05781,2026-02-04,9,332068.39999999997,147,36896.48888888888,2,4,4,244,10,At Risk
CUST05782,2026-06-12,10,372479.44999999995,19,37247.94499999999,5,4,4,544,13,Champions
CUST05783,2026-06-28,4,84984.3,3,21246.075,5,2,2,522,9,Potential Loyalists
CUST05784,2026-06-13,12,871894.2,18,72657.84999999999,5,4,5,545,14,Champions
CUST05785,2026-04-02,19,1119375.0,90,58914.47368421053,3,5,5,355,13,Loyal Customers
CUST05786,2026-02-01,4,127192.05,150,31798.0125,2,2,2,222,6,Lost Customers
CUST05787,2026-05-22,6,256859.1,40,42809.85,4,3,3,433,10,Potential Loyalists
CUST05788,2026-06-10,5,39415.299999999996,21,7883.0599999999995,5,2,1,521,8,Potential Loyalists
CUST05789,2026-06-06,5,199927.5,25,39985.5,5,2,3,523,10,Potential Loyalists
CUST05790,2026-05-28,16,362879.7,34,22679.98125,4,5,4,454,13,Champions
CUST05791,2026-05-28,16,698900.75,34,43681.296875,4,5,5,455,14,Champions
CUST05792,2025-12-14,5,362761.6,199,72552.31999999999,2,2,4,224,8,Others
CUST05793,2025-11-24,2,116842.2,219,58421.1,2,1,2,212,5,Lost Customers
CUST05794,2026-03-26,5,270189.5,97,54037.9,3,2,3,323,8,Others
CUST05795,2026-01-01,14,497163.9,181,35511.70714285714,2,5,4,254,11,At Risk
CUST05796,2026-05-13,13,916234.55,49,70479.58076923077,4,5,5,455,14,Champions
CUST05797,2026-04-02,12,361140.3,90,30095.024999999998,3,4,4,344,11,Loyal Customers
CUST05798,2025-08-17,3,84147.2,318,28049.066666666666,1,1,2,112,4,Lost Customers
CUST05799,2024-10-18,2,8647.1,621,4323.55,1,1,1,111,3,Lost Customers
CUST05800,2026-06-27,17,656438.15,4,38614.00882352941,5,5,5,555,15,Champions
CUST05801,2026-06-25,9,133559.75,6,14839.972222222223,5,4,2,542,11,Loyal Customers
CUST05802,2026-04-04,2,36696.8,88,18348.4,3,1,1,311,5,Others
CUST05803,2026-02-25,8,245783.8,126,30722.975,3,3,3,333,9,Others
CUST05804,2026-06-01,8,308690.05,30,38586.25625,4,3,3,433,10,Potential Loyalists
CUST05805,2026-03-15,19,990746.05,108,52144.528947368424,3,5,5,355,13,Loyal Customers
CUST05806,2026-04-17,20,1424883.2,75,71244.16,3,5,5,355,13,Loyal Customers
CUST05807,2026-06-08,10,455455.65,23,45545.565,5,4,4,544,13,Champions
CUST05808,2026-01-31,7,123296.7,151,17613.814285714285,2,3,2,232,7,At Risk
CUST05809,2025-10-19,3,102557.2,255,34185.73333333333,2,1,2,212,5,Lost Customers
CUST05810,2026-03-03,2,11361.9,120,5680.95,3,1,1,311,5,Others
CUST05811,2025-12-15,6,177397.7,198,29566.283333333336,2,3,3,233,8,At Risk
CUST05812,2026-03-28,6,427101.65,95,71183.60833333334,3,3,4,334,10,Others
CUST05813,2025-12-09,14,460954.95,204,32925.353571428575,2,5,4,254,11,At Risk
CUST05814,2026-06-08,7,195442.65000000002,23,27920.378571428573,5,3,3,533,11,Potential Loyalists
CUST05815,2024-09-06,1,171000.0,663,171000.0,1,1,2,112,4,Lost Customers
CUST05816,2026-06-26,4,308341.9,5,77085.475,5,2,3,523,10,Potential Loyalists
CUST05817,2026-05-20,9,89408.2,42,9934.244444444445,4,4,2,442,10,Loyal Customers
CUST05818,2025-04-25,10,236572.35,432,23657.235,1,4,3,143,8,At Risk
CUST05819,2026-03-22,12,1411587.6,101,117632.3,3,4,5,345,12,Loyal Customers
CUST05820,2025-12-04,11,370105.6,209,33645.96363636363,2,4,4,244,10,At Risk
CUST05821,2026-03-27,12,741933.1,96,61827.75833333333,3,4,5,345,12,Loyal Customers
CUST05822,2025-05-08,1,42500.15,419,42500.15,1,1,1,111,3,Lost Customers
CUST05823,2026-05-28,15,994000.05,34,66266.67,4,5,5,455,14,Champions
CUST05824,2026-04-27,17,653539.15,65,38443.47941176471,4,5,5,455,14,Champions
CUST05825,2026-03-10,24,1986168.5,113,82757.02083333333,3,5,5,355,13,Loyal Customers
CUST05826,2026-06-29,22,916367.5,2,41653.068181818184,5,5,5,555,15,Champions
CUST05827,2026-06-08,17,768047.2,23,45179.24705882353,5,5,5,555,15,Champions
CUST05828,2026-01-18,21,1286591.6,164,61266.26666666667,2,5,5,255,12,At Risk
CUST05829,2026-05-13,8,176454.8,49,22056.85,4,3,3,433,10,Potential Loyalists
CUST05830,2026-06-22,21,1813374.35,9,86351.15952380953,5,5,5,555,15,Champions
CUST05831,2026-02-16,8,278791.25,135,34848.90625,3,3,3,333,9,Others
CUST05832,2026-04-03,14,618597.3,89,44185.52142857143,3,5,5,355,13,Loyal Customers
CUST05833,2026-05-31,14,531179.0,31,37941.357142857145,4,5,4,454,13,Champions
CUST05834,2026-04-09,6,58285.55,83,9714.258333333333,3,3,1,331,7,Others
CUST05835,2025-11-09,7,477526.9,234,68218.12857142858,2,3,4,234,9,At Risk
CUST05836,2024-04-12,1,1161.85,810,1161.85,1,1,1,111,3,Lost Customers
CUST05837,2024-07-11,2,10674.8,720,5337.4,1,1,1,111,3,Lost Customers
CUST05838,2026-04-19,29,1187503.0,73,40948.379310344826,3,5,5,355,13,Loyal Customers
CUST05839,2026-03-04,25,1287555.25,119,51502.21,3,5,5,355,13,Loyal Customers
CUST05840,2026-06-03,7,197933.45,28,28276.207142857143,5,3,3,533,11,Potential Loyalists
CUST05841,2025-11-01,11,833912.6,242,75810.23636363636,2,4,5,245,11,At Risk
CUST05842,2025-09-05,8,247683.35,299,30960.41875,2,3,3,233,8,At Risk
CUST05843,2026-06-12,4,23863.9,19,5965.975,5,2,1,521,8,Potential Loyalists
CUST05844,2026-03-25,5,80990.6,98,16198.12,3,2,2,322,7,Others
CUST05845,2026-03-03,5,202491.4,120,40498.28,3,2,3,323,8,Others
CUST05846,2026-06-09,8,252569.59999999998,22,31571.199999999997,5,3,3,533,11,Potential Loyalists
CUST05847,2026-03-17,6,68493.85,106,11415.641666666668,3,3,1,331,7,Others
CUST05848,2025-11-15,10,673405.25,228,67340.525,2,4,5,245,11,At Risk
CUST05849,2025-09-06,5,121291.85,298,24258.370000000003,2,2,2,222,6,Lost Customers
CUST05850,2026-05-15,10,570430.4,47,57043.04,4,4,4,444,12,Champions
CUST05851,2026-05-25,8,359640.1,37,44955.0125,4,3,4,434,11,Potential Loyalists
CUST05852,2025-07-09,6,169111.4,357,28185.233333333334,1,3,2,132,6,At Risk
CUST05853,2024-04-02,1,639.0,820,639.0,1,1,1,111,3,Lost Customers
CUST05854,2026-03-30,5,116432.05,93,23286.41,3,2,2,322,7,Others
CUST05855,2026-03-29,4,115423.15,94,28855.7875,3,2,2,322,7,Others
CUST05856,2026-04-15,9,165629.1,77,18403.233333333334,3,4,2,342,9,Loyal Customers
CUST05857,2026-01-26,5,147740.4,156,29548.079999999998,2,2,2,222,6,Lost Customers
CUST05858,2026-05-18,7,311416.89999999997,44,44488.12857142857,4,3,3,433,10,Potential Loyalists
CUST05859,2026-06-14,11,505463.25,17,45951.204545454544,5,4,4,544,13,Champions
CUST05860,2024-11-01,4,49462.3,607,12365.575,1,2,1,121,4,Lost Customers
CUST05861,2026-05-17,7,209270.85,45,29895.835714285717,4,3,3,433,10,Potential Loyalists
CUST05862,2025-04-17,4,125412.15,440,31353.0375,1,2,2,122,5,Lost Customers
CUST05863,2025-09-22,11,708423.1,282,64402.1,2,4,5,245,11,At Risk
CUST05864,2026-06-21,20,1057013.55,10,52850.677500000005,5,5,5,555,15,Champions
CUST05865,2026-06-24,15,535096.45,7,35673.096666666665,5,5,4,554,14,Champions
CUST05866,2026-04-29,7,151819.85,63,21688.55,4,3,2,432,9,Potential Loyalists
CUST05867,2026-04-13,6,78167.4,79,13027.9,3,3,2,332,8,Others
CUST05868,2025-12-02,3,119095.7,211,39698.566666666666,2,1,2,212,5,Lost Customers
CUST05869,2026-06-28,5,207391.15,3,41478.229999999996,5,2,3,523,10,Potential Loyalists
CUST05870,2025-10-18,3,32782.75,256,10927.583333333334,2,1,1,211,4,Lost Customers
CUST05871,2025-12-06,5,53786.1,207,10757.22,2,2,1,221,5,Lost Customers
CUST05872,2025-11-23,5,43412.7,220,8682.539999999999,2,2,1,221,5,Lost Customers
CUST05873,2024-07-23,1,25899.75,708,25899.75,1,1,1,111,3,Lost Customers
CUST05874,2026-05-15,18,949418.1,47,52745.45,4,5,5,455,14,Champions
CUST05875,2026-04-29,10,313242.05,63,31324.204999999998,4,4,3,443,11,Loyal Customers
CUST05876,2026-06-27,13,621554.5,4,47811.88461538462,5,5,5,555,15,Champions
CUST05877,2026-06-02,9,482451.25,29,53605.694444444445,5,4,4,544,13,Champions
CUST05878,2026-01-23,3,130320.1,159,43440.03333333333,2,1,2,212,5,Lost Customers
CUST05879,2026-04-28,5,147946.35,64,29589.27,4,2,2,422,8,Potential Loyalists
CUST05880,2026-06-12,22,1280542.2,19,58206.46363636363,5,5,5,555,15,Champions
CUST05881,2026-02-04,17,916197.2,147,53893.95294117647,2,5,5,255,12,At Risk
CUST05882,2025-04-01,1,21222.0,456,21222.0,1,1,1,111,3,Lost Customers
CUST05883,2025-06-11,5,199505.2,385,39901.04,1,2,3,123,6,Others
CUST05884,2025-11-09,4,47366.35,234,11841.5875,2,2,1,221,5,Lost Customers
CUST05885,2026-01-31,4,128405.1,151,32101.275,2,2,2,222,6,Lost Customers
CUST05886,2026-05-10,9,234340.85,52,26037.872222222224,4,4,3,443,11,Loyal Customers
CUST05887,2026-02-02,3,26267.35,149,8755.783333333333,2,1,1,211,4,Lost Customers
CUST05888,2026-02-07,12,394206.1,144,32850.50833333333,3,4,4,344,11,Loyal Customers
CUST05889,2026-06-02,8,161086.4,29,20135.8,5,3,2,532,10,Potential Loyalists
CUST05890,2025-06-16,5,81682.90000000001,380,16336.580000000002,1,2,2,122,5,Lost Customers
CUST05891,2026-06-11,18,956056.25,20,53114.23611111111,5,5,5,555,15,Champions
CUST05892,2026-02-20,4,193568.05,131,48392.0125,3,2,3,323,8,Others
CUST05893,2025-12-24,2,30762.6,189,15381.3,2,1,1,211,4,Lost Customers
CUST05894,2024-07-30,1,1118.0,701,1118.0,1,1,1,111,3,Lost Customers
CUST05895,2026-02-22,6,127357.25,129,21226.208333333332,3,3,2,332,8,Others
CUST05896,2026-06-01,24,1275166.25,30,53131.927083333336,4,5,5,455,14,Champions
CUST05897,2025-10-14,3,46335.15,260,15445.050000000001,2,1,1,211,4,Lost Customers
CUST05898,2026-06-13,5,168280.5,18,33656.1,5,2,2,522,9,Potential Loyalists
CUST05899,2025-07-15,6,158717.05,351,26452.841666666664,1,3,2,132,6,At Risk
CUST05900,2025-11-28,12,746235.2,215,62186.26666666666,2,4,5,245,11,At Risk
CUST05901,2025-11-27,1,37879.0,216,37879.0,2,1,1,211,4,Lost Customers
CUST05902,2025-12-13,10,350774.95,200,35077.495,2,4,4,244,10,At Risk
CUST05903,2026-05-08,7,481988.05,54,68855.43571428572,4,3,4,434,11,Potential Loyalists
CUST05904,2025-10-12,8,318072.19999999995,262,39759.024999999994,2,3,3,233,8,At Risk
CUST05905,2026-05-28,8,136097.15,34,17012.14375,4,3,2,432,9,Potential Loyalists
CUST05906,2026-06-24,22,347023.39999999997,7,15773.790909090907,5,5,4,554,14,Champions
CUST05907,2026-06-21,12,394289.6,10,32857.46666666667,5,4,4,544,13,Champions
CUST05908,2026-03-17,3,155383.6,106,51794.53333333333,3,1,2,312,6,Others
CUST05909,2026-05-21,7,419405.9,41,59915.12857142858,4,3,4,434,11,Potential Loyalists
CUST05910,2026-02-07,20,940192.2,144,47009.61,3,5,5,355,13,Loyal Customers
CUST05911,2026-01-28,9,299248.25,154,33249.805555555555,2,4,3,243,9,At Risk
CUST05912,2024-11-22,2,45778.95,586,22889.475,1,1,1,111,3,Lost Customers
CUST05913,2025-07-08,3,84217.70000000001,358,28072.56666666667,1,1,2,112,4,Lost Customers
CUST05914,2025-07-13,3,94450.5,353,31483.5,1,1,2,112,4,Lost Customers
CUST05915,2026-06-23,9,609391.85,8,67710.20555555556,5,4,5,545,14,Champions
CUST05916,2026-05-23,16,332536.0,39,20783.5,4,5,4,454,13,Champions
CUST05917,2026-06-27,20,705241.65,4,35262.082500000004,5,5,5,555,15,Champions
CUST05918,2026-05-21,24,1054546.3,41,43939.42916666667,4,5,5,455,14,Champions
CUST05919,2024-12-19,1,26872.5,559,26872.5,1,1,1,111,3,Lost Customers
CUST05920,2025-05-14,2,4193.2,413,2096.6,1,1,1,111,3,Lost Customers
CUST05921,2025-09-02,2,49352.0,302,24676.0,2,1,1,211,4,Lost Customers
CUST05922,2026-06-20,3,36527.95,11,12175.983333333332,5,1,1,511,7,Others
CUST05923,2026-06-26,20,1378149.5,5,68907.475,5,5,5,555,15,Champions
CUST05924,2026-05-15,11,358602.2,47,32600.2,4,4,4,444,12,Champions
CUST05925,2026-06-07,11,524185.15,24,47653.19545454546,5,4,4,544,13,Champions
CUST05926,2025-10-27,3,163289.7,247,54429.9,2,1,2,212,5,Lost Customers
CUST05927,2026-03-01,6,159652.0,122,26608.666666666668,3,3,2,332,8,Others
CUST05928,2026-03-02,12,657150.45,121,54762.5375,3,4,5,345,12,Loyal Customers
CUST05929,2026-02-04,18,668600.6,147,37144.47777777778,2,5,5,255,12,At Risk
CUST05930,2026-04-16,19,591413.7,76,31127.03684210526,3,5,5,355,13,Loyal Customers
CUST05931,2026-02-21,7,148185.0,130,21169.285714285714,3,3,2,332,8,Others
CUST05932,2026-02-24,4,172932.40000000002,127,43233.100000000006,3,2,3,323,8,Others
CUST05933,2026-06-25,18,1243422.1,6,69079.00555555556,5,5,5,555,15,Champions
CUST05934,2025-06-26,1,7115.4,370,7115.4,1,1,1,111,3,Lost Customers
CUST05935,2024-12-28,4,50248.2,550,12562.05,1,2,1,121,4,Lost Customers
CUST05936,2026-02-26,10,600566.3,125,60056.630000000005,3,4,5,345,12,Loyal Customers
CUST05937,2026-03-06,4,185081.55000000002,117,46270.387500000004,3,2,3,323,8,Others
CUST05938,2024-10-14,4,28226.2,625,7056.55,1,2,1,121,4,Lost Customers
CUST05939,2025-03-27,6,173998.15,461,28999.691666666666,1,3,3,133,7,At Risk
CUST05940,2025-11-14,5,159426.5,229,31885.3,2,2,2,222,6,Lost Customers
CUST05941,2025-09-27,9,424394.0,277,47154.88888888889,2,4,4,244,10,At Risk
CUST05942,2026-04-23,9,500951.05,69,55661.22777777778,4,4,4,444,12,Champions
CUST05943,2026-05-06,10,156204.8,56,15620.48,4,4,2,442,10,Loyal Customers
CUST05944,2024-12-05,4,70309.4,573,17577.35,1,2,1,121,4,Lost Customers
CUST05945,2026-03-06,7,252894.90000000002,117,36127.84285714286,3,3,3,333,9,Others
CUST05946,2025-09-22,4,133000.55000000002,282,33250.137500000004,2,2,2,222,6,Lost Customers
CUST05947,2025-08-02,4,38548.299999999996,333,9637.074999999999,1,2,1,121,4,Lost Customers
CUST05948,2026-06-17,21,813730.75,14,38749.083333333336,5,5,5,555,15,Champions
CUST05949,2025-10-14,5,109663.45,260,21932.69,2,2,2,222,6,Lost Customers
CUST05950,2026-06-18,3,50901.4,13,16967.133333333335,5,1,1,511,7,Others
CUST05951,2026-04-03,11,746003.4,89,67818.4909090909,3,4,5,345,12,Loyal Customers
CUST05952,2025-09-07,4,34630.4,297,8657.6,2,2,1,221,5,Lost Customers
CUST05953,2026-06-02,6,218275.85,29,36379.308333333334,5,3,3,533,11,Potential Loyalists
CUST05954,2025-03-14,2,71694.9,474,35847.45,1,1,2,112,4,Lost Customers
CUST05955,2026-06-13,3,77597.25,18,25865.75,5,1,2,512,8,Others
CUST05956,2026-06-12,5,268052.65,19,53610.530000000006,5,2,3,523,10,Potential Loyalists
CUST05957,2026-05-09,7,124228.55,53,17746.935714285715,4,3,2,432,9,Potential Loyalists
CUST05958,2025-12-06,3,76762.0,207,25587.333333333332,2,1,2,212,5,Lost Customers
CUST05959,2025-07-02,7,425186.35,364,60740.90714285714,1,3,4,134,8,At Risk
CUST05960,2026-06-01,12,778421.5,30,64868.458333333336,4,4,5,445,13,Champions
CUST05961,2026-06-25,27,1369130.7,6,50708.544444444444,5,5,5,555,15,Champions
CUST05962,2026-06-21,9,222616.15,10,24735.127777777776,5,4,3,543,12,Loyal Customers
CUST05963,2026-03-24,9,420363.05,99,46707.00555555555,3,4,4,344,11,Loyal Customers
CUST05964,2026-06-09,6,294064.5,22,49010.75,5,3,3,533,11,Potential Loyalists
CUST05965,2026-03-21,4,60421.350000000006,102,15105.337500000001,3,2,1,321,6,Others
CUST05966,2025-02-23,2,143864.1,493,71932.05,1,1,2,112,4,Lost Customers
CUST05967,2026-05-14,20,919096.35,48,45954.8175,4,5,5,455,14,Champions
CUST05968,2025-07-24,1,48229.2,342,48229.2,1,1,1,111,3,Lost Customers
CUST05969,2026-05-04,18,699016.95,58,38834.274999999994,4,5,5,455,14,Champions
CUST05970,2026-04-28,11,519305.1,64,47209.55454545454,4,4,4,444,12,Champions
CUST05971,2026-06-14,12,562072.55,17,46839.37916666667,5,4,4,544,13,Champions
CUST05972,2026-04-26,9,339279.95,66,37697.77222222222,4,4,4,444,12,Champions
CUST05973,2026-03-24,4,102640.9,99,25660.225,3,2,2,322,7,Others
CUST05974,2024-12-21,3,114509.7,557,38169.9,1,1,2,112,4,Lost Customers
CUST05975,2026-06-18,11,422246.65,13,38386.05909090909,5,4,4,544,13,Champions
CUST05976,2025-09-24,16,718971.35,280,44935.709375,2,5,5,255,12,At Risk
CUST05977,2026-05-09,24,752533.75,53,31355.572916666668,4,5,5,455,14,Champions
CUST05978,2026-04-02,12,542265.9,90,45188.825000000004,3,4,4,344,11,Loyal Customers
CUST05979,2026-05-18,7,78637.8,44,11233.971428571429,4,3,2,432,9,Potential Loyalists
CUST05980,2026-06-13,3,35459.549999999996,18,11819.849999999999,5,1,1,511,7,Others
CUST05981,2026-04-27,23,633503.35,65,27543.623913043477,4,5,5,455,14,Champions
CUST05982,2026-05-20,17,622926.25,42,36642.720588235294,4,5,5,455,14,Champions
CUST05983,2026-06-15,20,1005264.95,16,50263.2475,5,5,5,555,15,Champions
CUST05984,2024-12-20,3,9247.2,558,3082.4,1,1,1,111,3,Lost Customers
CUST05985,2026-04-23,14,588969.95,69,42069.28214285714,4,5,5,455,14,Champions
CUST05986,2026-05-31,13,711173.35,31,54705.64230769231,4,5,5,455,14,Champions
CUST05987,2025-10-30,7,273473.65,244,39067.66428571429,2,3,3,233,8,At Risk
CUST05988,2026-03-21,5,116534.65,102,23306.93,3,2,2,322,7,Others
CUST05989,2026-06-23,3,54732.4,8,18244.133333333335,5,1,1,511,7,Others
CUST05990,2025-04-29,1,13451.25,428,13451.25,1,1,1,111,3,Lost Customers
CUST05991,2026-02-13,9,658184.0,138,73131.55555555556,3,4,5,345,12,Loyal Customers
CUST05992,2025-03-13,2,61343.95,475,30671.975,1,1,1,111,3,Lost Customers
CUST05993,2026-03-05,6,62479.200000000004,118,10413.2,3,3,1,331,7,Others
CUST05994,2026-04-26,11,280034.05,66,25457.640909090907,4,4,3,443,11,Loyal Customers
CUST05995,2026-03-27,9,410460.8,96,45606.75555555555,3,4,4,344,11,Loyal Customers
CUST05996,2025-08-22,4,116659.65,313,29164.9125,2,2,2,222,6,Lost Customers
CUST05997,2026-02-19,6,285407.0,132,47567.833333333336,3,3,3,333,9,Others
CUST05998,2026-04-16,9,441653.7,76,49072.63333333333,3,4,4,344,11,Loyal Customers
CUST05999,2026-06-27,2,33072.15,4,16536.075,5,1,1,511,7,Others
CUST06000,2025-07-25,2,209064.8,341,104532.4,1,1,3,113,5,Others
CUST06001,2025-10-17,4,288434.85,257,72108.7125,2,2,3,223,7,Others
CUST06002,2025-07-01,5,205555.25,365,41111.05,1,2,3,123,6,Others
CUST06003,2026-06-01,8,289717.7,30,36214.7125,4,3,3,433,10,Potential Loyalists
CUST06004,2026-03-11,4,195091.59999999998,112,48772.899999999994,3,2,3,323,8,Others
CUST06005,2026-06-06,12,753183.15,25,62765.262500000004,5,4,5,545,14,Champions
CUST06006,2025-08-08,5,67414.0,327,13482.8,1,2,1,121,4,Lost Customers
CUST06007,2026-05-21,12,394872.5,41,32906.041666666664,4,4,4,444,12,Champions
CUST06008,2025-08-09,3,279913.4,326,93304.46666666667,1,1,3,113,5,Others
CUST06009,2026-02-13,5,103189.7,138,20637.94,3,2,2,322,7,Others
CUST06010,2026-06-25,15,850212.15,6,56680.810000000005,5,5,5,555,15,Champions
CUST06011,2025-11-22,4,110763.0,221,27690.75,2,2,2,222,6,Lost Customers
CUST06012,2026-05-22,7,211372.55,40,30196.07857142857,4,3,3,433,10,Potential Loyalists
CUST06013,2026-04-07,12,431650.05,85,35970.8375,3,4,4,344,11,Loyal Customers
CUST06014,2026-04-15,12,699643.05,77,58303.5875,3,4,5,345,12,Loyal Customers
CUST06015,2025-02-18,3,161191.2,498,53730.4,1,1,2,112,4,Lost Customers
CUST06016,2026-03-19,9,682038.85,104,75782.09444444445,3,4,5,345,12,Loyal Customers
CUST06017,2025-11-30,5,116552.4,213,23310.48,2,2,2,222,6,Lost Customers
CUST06018,2026-05-11,6,168995.4,51,28165.899999999998,4,3,2,432,9,Potential Loyalists
CUST06019,2026-06-10,5,76702.1,21,15340.420000000002,5,2,2,522,9,Potential Loyalists
CUST06020,2026-01-11,9,238752.9,171,26528.1,2,4,3,243,9,At Risk
CUST06021,2026-05-24,7,98009.85,38,14001.407142857144,4,3,2,432,9,Potential Loyalists
CUST06022,2025-05-25,2,7674.4,402,3837.2,1,1,1,111,3,Lost Customers
CUST06023,2026-05-09,22,731518.4,53,33250.836363636365,4,5,5,455,14,Champions
CUST06024,2026-03-26,21,930282.05,97,44299.14523809524,3,5,5,355,13,Loyal Customers
CUST06025,2026-04-08,3,43868.75,84,14622.916666666666,3,1,1,311,5,Others
CUST06026,2025-12-03,3,108617.85,210,36205.950000000004,2,1,2,212,5,Lost Customers
CUST06027,2026-06-11,12,409380.95,20,34115.07916666667,5,4,4,544,13,Champions
CUST06028,2026-03-04,5,43135.55,119,8627.11,3,2,1,321,6,Others
CUST06029,2026-06-30,31,1283721.5,1,41410.37096774193,5,5,5,555,15,Champions
CUST06030,2026-05-28,10,210890.95,34,21089.095,4,4,3,443,11,Loyal Customers
CUST06031,2026-06-06,10,469737.5,25,46973.75,5,4,4,544,13,Champions
CUST06032,2026-04-16,12,221903.3,76,18491.941666666666,3,4,3,343,10,Loyal Customers
CUST06033,2025-08-30,7,249542.5,305,35648.92857142857,2,3,3,233,8,At Risk
CUST06034,2026-06-21,19,804427.65,10,42338.29736842105,5,5,5,555,15,Champions
CUST06035,2025-11-29,3,94010.4,214,31336.8,2,1,2,212,5,Lost Customers
CUST06036,2026-06-02,12,643792.2000000001,29,53649.350000000006,5,4,5,545,14,Champions
CUST06037,2026-04-15,1,42750.0,77,42750.0,3,1,1,311,5,Others
CUST06038,2025-05-07,4,88208.2,420,22052.05,1,2,2,122,5,Lost Customers
CUST06039,2025-08-28,9,606632.0,307,67403.55555555556,2,4,5,245,11,At Risk
CUST06040,2025-08-23,3,64392.700000000004,312,21464.233333333334,2,1,1,211,4,Lost Customers
CUST06041,2025-11-05,12,1234477.35,238,102873.1125,2,4,5,245,11,At Risk
CUST06042,2026-05-20,3,46811.299999999996,42,15603.766666666665,4,1,1,411,6,Others
CUST06043,2026-04-09,8,282935.55,83,35366.94375,3,3,3,333,9,Others
CUST06044,2026-06-27,9,222611.65,4,24734.627777777776,5,4,3,543,12,Loyal Customers
CUST06045,2026-04-07,4,467981.85,85,116995.4625,3,2,4,324,9,Others
CUST06046,2026-04-27,3,28008.85,65,9336.283333333333,4,1,1,411,6,Others
CUST06047,2026-06-06,7,435779.64999999997,25,62254.23571428571,5,3,4,534,12,Potential Loyalists
CUST06048,2025-10-27,12,374947.25,247,31245.604166666668,2,4,4,244,10,At Risk
CUST06049,2026-05-29,6,177569.19999999998,33,29594.866666666665,4,3,3,433,10,Potential Loyalists
CUST06050,2024-01-24,1,3609.9,889,3609.9,1,1,1,111,3,Lost Customers
CUST06051,2026-05-15,18,1121170.25,47,62287.23611111111,4,5,5,455,14,Champions
CUST06052,2025-08-15,5,83781.45,320,16756.29,1,2,2,122,5,Lost Customers
CUST06053,2026-04-14,5,160584.44999999998,78,32116.889999999996,3,2,2,322,7,Others
CUST06054,2026-04-30,6,120261.5,62,20043.583333333332,4,3,2,432,9,Potential Loyalists
CUST06055,2026-03-29,5,39993.85,94,7998.7699999999995,3,2,1,321,6,Others
CUST06056,2024-10-04,2,58107.1,635,29053.55,1,1,1,111,3,Lost Customers
CUST06057,2025-12-04,7,218341.35,209,31191.62142857143,2,3,3,233,8,At Risk
CUST06058,2026-06-14,14,546178.75,17,39012.767857142855,5,5,4,554,14,Champions
CUST06059,2026-06-26,13,815140.55,5,62703.11923076923,5,5,5,555,15,Champions
CUST06060,2024-07-12,1,33312.0,719,33312.0,1,1,1,111,3,Lost Customers
CUST06061,2025-12-13,6,161226.4,200,26871.066666666666,2,3,2,232,7,At Risk
CUST06062,2026-05-29,11,603188.8,33,54835.34545454546,4,4,5,445,13,Champions
CUST06063,2026-04-25,9,240046.3,67,26671.81111111111,4,4,3,443,11,Loyal Customers
CUST06064,2025-03-20,1,639.75,468,639.75,1,1,1,111,3,Lost Customers
CUST06065,2026-06-22,25,898458.45,9,35938.337999999996,5,5,5,555,15,Champions
CUST06066,2025-09-27,4,19825.699999999997,277,4956.424999999999,2,2,1,221,5,Lost Customers
CUST06067,2026-06-22,8,211517.1,9,26439.6375,5,3,3,533,11,Potential Loyalists
CUST06068,2026-05-05,10,531278.35,57,53127.835,4,4,4,444,12,Champions
CUST06069,2026-06-26,15,806373.4500000001,5,53758.23,5,5,5,555,15,Champions
CUST06070,2025-09-06,4,51841.6,298,12960.4,2,2,1,221,5,Lost Customers
CUST06071,2026-02-24,4,114465.4,127,28616.35,3,2,2,322,7,Others
CUST06072,2026-05-28,14,675545.3,34,48253.235714285714,4,5,5,455,14,Champions
CUST06073,2026-05-27,10,727892.2,35,72789.22,4,4,5,445,13,Champions
CUST06074,2024-10-10,3,113126.9,629,37708.96666666667,1,1,2,112,4,Lost Customers
CUST06075,2026-06-19,8,412885.1,12,51610.6375,5,3,4,534,12,Potential Loyalists
CUST06076,2026-03-12,13,738236.2,111,56787.399999999994,3,5,5,355,13,Loyal Customers
CUST06077,2026-04-09,3,55837.35,83,18612.45,3,1,1,311,5,Others
CUST06078,2026-05-25,3,47143.7,37,15714.566666666666,4,1,1,411,6,Others
CUST06079,2026-02-24,16,411473.9,127,25717.11875,3,5,4,354,12,Loyal Customers
CUST06080,2025-10-31,3,93639.6,243,31213.2,2,1,2,212,5,Lost Customers
CUST06081,2025-10-04,6,705046.0,270,117507.66666666667,2,3,5,235,10,At Risk
CUST06082,2025-12-29,9,498248.05,184,55360.89444444444,2,4,4,244,10,At Risk
CUST06083,2026-02-19,4,25731.1,132,6432.775,3,2,1,321,6,Others
CUST06084,2024-05-18,1,31860.15,774,31860.15,1,1,1,111,3,Lost Customers
CUST06085,2026-04-12,12,692853.55,80,57737.79583333334,3,4,5,345,12,Loyal Customers
CUST06086,2026-04-16,4,150040.45,76,37510.1125,3,2,2,322,7,Others
CUST06087,2026-06-09,4,95329.25,22,23832.3125,5,2,2,522,9,Potential Loyalists
CUST06088,2025-09-22,5,19775.5,282,3955.1,2,2,1,221,5,Lost Customers
CUST06089,2026-03-11,5,224508.5,112,44901.7,3,2,3,323,8,Others
CUST06090,2026-06-22,5,40855.75,9,8171.15,5,2,1,521,8,Potential Loyalists
CUST06091,2026-06-29,13,754378.35,2,58029.10384615384,5,5,5,555,15,Champions
CUST06092,2025-09-16,6,221579.4,288,36929.9,2,3,3,233,8,At Risk
CUST06093,2025-09-11,7,302461.05,293,43208.72142857143,2,3,3,233,8,At Risk
CUST06094,2026-05-15,13,574929.8,47,44225.36923076923,4,5,4,454,13,Champions
CUST06095,2026-06-05,3,179811.0,26,59937.0,5,1,3,513,9,Others
CUST06096,2026-05-21,12,771619.5,41,64301.625,4,4,5,445,13,Champions
CUST06097,2026-03-04,8,336563.0,119,42070.375,3,3,4,334,10,Others
CUST06098,2024-11-28,1,34376.55,580,34376.55,1,1,1,111,3,Lost Customers
CUST06099,2025-11-09,10,580858.4,234,58085.840000000004,2,4,4,244,10,At Risk
CUST06100,2026-05-16,14,649540.6,46,46395.75714285714,4,5,5,455,14,Champions
CUST06101,2024-03-26,1,938.4,827,938.4,1,1,1,111,3,Lost Customers
CUST06102,2025-12-24,4,165663.65,189,41415.9125,2,2,2,222,6,Lost Customers
CUST06103,2025-12-11,7,145553.15,202,20793.307142857142,2,3,2,232,7,At Risk
CUST06104,2026-06-28,16,817364.8,3,51085.3,5,5,5,555,15,Champions
CUST06105,2025-04-28,3,70910.3,429,23636.766666666666,1,1,1,111,3,Lost Customers
CUST06106,2026-06-29,7,335391.5,2,47913.07142857143,5,3,4,534,12,Potential Loyalists
CUST06107,2026-06-07,2,71712.8,24,35856.4,5,1,2,512,8,Others
CUST06108,2025-03-15,4,206841.25,473,51710.3125,1,2,3,123,6,Others
CUST06109,2025-01-12,2,37602.1,535,18801.05,1,1,1,111,3,Lost Customers
CUST06110,2026-03-14,9,350538.8,109,38948.75555555555,3,4,4,344,11,Loyal Customers
CUST06111,2025-10-02,10,355478.45,272,35547.845,2,4,4,244,10,At Risk
CUST06112,2025-09-23,5,136702.3,281,27340.46,2,2,2,222,6,Lost Customers
CUST06113,2025-04-07,6,175509.0,450,29251.5,1,3,3,133,7,At Risk
CUST06114,2026-06-12,21,775391.4,19,36923.4,5,5,5,555,15,Champions
CUST06115,2026-05-16,9,314514.85,46,34946.09444444444,4,4,3,443,11,Loyal Customers
CUST06116,2026-01-28,10,577002.5,154,57700.25,2,4,4,244,10,At Risk
CUST06117,2026-04-24,5,168065.5,68,33613.1,4,2,2,422,8,Potential Loyalists
CUST06118,2026-06-28,22,1029275.0,3,46785.22727272727,5,5,5,555,15,Champions
CUST06119,2026-01-13,9,346359.55,169,38484.39444444444,2,4,4,244,10,At Risk
CUST06120,2026-06-15,9,278020.7,16,30891.18888888889,5,4,3,543,12,Loyal Customers
CUST06121,2026-06-12,16,896332.15,19,56020.759375,5,5,5,555,15,Champions
CUST06122,2025-03-24,3,61102.2,464,20367.399999999998,1,1,1,111,3,Lost Customers
CUST06123,2026-02-19,20,1133202.05,132,56660.1025,3,5,5,355,13,Loyal Customers
CUST06124,2026-06-12,3,85984.40000000001,19,28661.46666666667,5,1,2,512,8,Others
CUST06125,2026-05-31,9,282521.5,31,31391.277777777777,4,4,3,443,11,Loyal Customers
CUST06126,2026-05-30,21,1242568.6,32,59169.933333333334,4,5,5,455,14,Champions
CUST06127,2026-03-15,13,558504.2,108,42961.86153846153,3,5,4,354,12,Loyal Customers
CUST06128,2026-06-21,13,342457.0,10,26342.846153846152,5,5,4,554,14,Champions
CUST06129,2026-06-10,6,281511.4,21,46918.56666666667,5,3,3,533,11,Potential Loyalists
CUST06130,2026-05-15,3,75003.75,47,25001.25,4,1,2,412,7,Others
CUST06131,2025-05-28,5,54467.2,399,10893.439999999999,1,2,1,121,4,Lost Customers
CUST06132,2026-06-30,8,548314.45,1,68539.30625,5,3,4,534,12,Potential Loyalists
CUST06133,2025-09-15,5,396672.8,289,79334.56,2,2,4,224,8,Others
CUST06134,2025-12-11,5,267937.0,202,53587.4,2,2,3,223,7,Others
CUST06135,2026-06-22,16,776421.4,9,48526.3375,5,5,5,555,15,Champions
CUST06136,2026-06-22,6,156245.55,9,26040.925,5,3,2,532,10,Potential Loyalists
CUST06137,2026-01-01,6,89915.4,181,14985.9,2,3,2,232,7,At Risk
CUST06138,2026-06-06,10,90324.34999999999,25,9032.435,5,4,2,542,11,Loyal Customers
CUST06139,2026-06-15,12,333415.55,16,27784.629166666666,5,4,4,544,13,Champions
CUST06140,2026-06-20,10,436618.95,11,43661.895000000004,5,4,4,544,13,Champions
CUST06141,2025-11-05,5,158051.5,238,31610.3,2,2,2,222,6,Lost Customers
CUST06142,2024-09-14,1,39402.0,655,39402.0,1,1,1,111,3,Lost Customers
CUST06143,2026-06-04,10,422717.2,27,42271.72,5,4,4,544,13,Champions
CUST06144,2026-05-01,25,1230296.1,61,49211.844000000005,4,5,5,455,14,Champions
CUST06145,2026-06-08,13,235049.45,23,18080.726923076923,5,5,3,553,13,Loyal Customers
CUST06146,2026-06-25,13,573044.9,6,44080.376923076925,5,5,4,554,14,Champions
CUST06147,2025-11-05,11,242393.85,238,22035.804545454546,2,4,3,243,9,At Risk
CUST06148,2026-05-22,11,316250.3,40,28750.02727272727,4,4,3,443,11,Loyal Customers
CUST06149,2026-06-23,7,187030.0,8,26718.571428571428,5,3,3,533,11,Potential Loyalists
CUST06150,2024-01-20,1,9656.1,893,9656.1,1,1,1,111,3,Lost Customers
CUST06151,2026-02-16,15,602946.45,135,40196.43,3,5,5,355,13,Loyal Customers
CUST06152,2025-08-28,6,53853.65,307,8975.608333333334,2,3,1,231,6,At Risk
CUST06153,2025-07-29,5,31534.5,337,6306.9,1,2,1,121,4,Lost Customers
CUST06154,2026-02-08,11,266172.39999999997,143,24197.490909090906,3,4,3,343,10,Loyal Customers
CUST06155,2025-10-25,5,77405.8,249,15481.16,2,2,2,222,6,Lost Customers
CUST06156,2026-06-20,12,327543.15,11,27295.2625,5,4,4,544,13,Champions
CUST06157,2026-06-21,11,566635.9,10,51512.354545454546,5,4,4,544,13,Champions
CUST06158,2026-03-21,6,408498.45,102,68083.075,3,3,4,334,10,Others
CUST06159,2026-06-21,4,51027.0,10,12756.75,5,2,1,521,8,Potential Loyalists
CUST06160,2024-03-25,2,83148.4,828,41574.2,1,1,2,112,4,Lost Customers
CUST06161,2026-05-04,9,403817.85,58,44868.649999999994,4,4,4,444,12,Champions
CUST06162,2026-02-22,1,3686.0,129,3686.0,3,1,1,311,5,Others
CUST06163,2026-06-21,9,271346.3,10,30149.588888888888,5,4,3,543,12,Loyal Customers
CUST06164,2026-04-02,7,82587.0,90,11798.142857142857,3,3,2,332,8,Others
CUST06165,2026-06-07,9,344216.7,24,38246.3,5,4,4,544,13,Champions
CUST06166,2026-03-26,11,416022.45,97,37820.222727272725,3,4,4,344,11,Loyal Customers
CUST06167,2026-04-02,8,491343.25,90,61417.90625,3,3,4,334,10,Others
CUST06168,2026-05-28,8,172914.85,34,21614.35625,4,3,3,433,10,Potential Loyalists
CUST06169,2025-07-11,2,86310.9,355,43155.45,1,1,2,112,4,Lost Customers
CUST06170,2026-05-13,6,280708.35000000003,49,46784.725000000006,4,3,3,433,10,Potential Loyalists
CUST06171,2026-05-15,17,343889.4,47,20228.78823529412,4,5,4,454,13,Champions
CUST06172,2026-06-06,16,920925.15,25,57557.821875,5,5,5,555,15,Champions
CUST06173,2024-09-20,1,28500.0,649,28500.0,1,1,1,111,3,Lost Customers
CUST06174,2026-06-03,4,94448.04999999999,28,23612.012499999997,5,2,2,522,9,Potential Loyalists
CUST06175,2026-02-20,15,1044844.45,131,69656.29666666666,3,5,5,355,13,Loyal Customers
CUST06176,2025-05-11,2,12442.199999999999,416,6221.099999999999,1,1,1,111,3,Lost Customers
CUST06177,2026-06-17,29,1784141.15,14,61522.10862068965,5,5,5,555,15,Champions
CUST06178,2025-01-27,2,17293.5,520,8646.75,1,1,1,111,3,Lost Customers
CUST06179,2026-01-09,7,184572.90000000002,173,26367.557142857146,2,3,3,233,8,At Risk
CUST06180,2024-01-16,1,1592.05,897,1592.05,1,1,1,111,3,Lost Customers
CUST06181,2026-02-27,16,981651.6,124,61353.225,3,5,5,355,13,Loyal Customers
CUST06182,2025-12-05,10,215892.0,208,21589.2,2,4,3,243,9,At Risk
CUST06183,2026-06-20,11,291504.35,11,26500.39545454545,5,4,3,543,12,Loyal Customers
CUST06184,2025-04-19,4,23949.15,438,5987.2875,1,2,1,121,4,Lost Customers
CUST06185,2025-02-25,2,15343.0,491,7671.5,1,1,1,111,3,Lost Customers
CUST06186,2026-06-23,11,629273.9,8,57206.718181818185,5,4,5,545,14,Champions
CUST06187,2025-07-05,4,58653.7,361,14663.425,1,2,1,121,4,Lost Customers
CUST06188,2025-11-11,7,197169.7,232,28167.100000000002,2,3,3,233,8,At Risk
CUST06189,2026-05-13,23,844138.25,49,36701.663043478264,4,5,5,455,14,Champions
CUST06190,2025-11-02,5,187077.5,241,37415.5,2,2,3,223,7,Others
CUST06191,2026-06-18,23,1081577.5,13,47025.108695652176,5,5,5,555,15,Champions
CUST06192,2026-06-14,14,853039.85,17,60931.41785714286,5,5,5,555,15,Champions
CUST06193,2026-05-14,5,115819.85,48,23163.97,4,2,2,422,8,Potential Loyalists
CUST06194,2026-02-21,12,245421.65,130,20451.804166666665,3,4,3,343,10,Loyal Customers
CUST06195,2025-06-25,4,218247.6,371,54561.9,1,2,3,123,6,Others
CUST06196,2026-02-26,14,424599.4,125,30328.528571428575,3,5,4,354,12,Loyal Customers
CUST06197,2025-03-26,5,78796.2,462,15759.24,1,2,2,122,5,Lost Customers
CUST06198,2025-02-13,2,5989.5,503,2994.75,1,1,1,111,3,Lost Customers
CUST06199,2026-01-21,12,663821.75,161,55318.479166666664,2,4,5,245,11,At Risk
CUST06200,2026-06-28,9,454689.7,3,50521.07777777778,5,4,4,544,13,Champions
CUST06201,2026-06-03,13,1039650.45,28,79973.11153846154,5,5,5,555,15,Champions
CUST06202,2026-01-06,8,285467.45,176,35683.43125,2,3,3,233,8,At Risk
CUST06203,2026-05-17,7,307067.8,45,43866.82857142857,4,3,3,433,10,Potential Loyalists
CUST06204,2025-08-15,2,12847.5,320,6423.75,1,1,1,111,3,Lost Customers
CUST06205,2026-05-23,16,518290.7,39,32393.16875,4,5,4,454,13,Champions
CUST06206,2026-05-12,8,473865.0,50,59233.125,4,3,4,434,11,Potential Loyalists
CUST06207,2026-04-01,6,133104.80000000002,91,22184.133333333335,3,3,2,332,8,Others
CUST06208,2026-06-09,11,620438.05,22,56403.4590909091,5,4,5,545,14,Champions
CUST06209,2026-06-11,17,925094.65,20,54417.33235294118,5,5,5,555,15,Champions
CUST06210,2025-06-26,4,83736.1,370,20934.025,1,2,2,122,5,Lost Customers
CUST06211,2026-06-21,19,1111865.1,10,58519.21578947369,5,5,5,555,15,Champions
CUST06212,2026-04-09,5,56995.95,83,11399.189999999999,3,2,1,321,6,Others
CUST06213,2025-05-21,2,20671.6,406,10335.8,1,1,1,111,3,Lost Customers
CUST06214,2026-05-07,11,554951.9,55,50450.17272727273,4,4,4,444,12,Champions
CUST06215,2026-04-12,12,690256.7,80,57521.39166666666,3,4,5,345,12,Loyal Customers
CUST06216,2026-01-14,10,446785.8,168,44678.58,2,4,4,244,10,At Risk
CUST06217,2024-09-08,3,121038.7,661,40346.23333333333,1,1,2,112,4,Lost Customers
CUST06218,2026-03-26,12,391194.8,97,32599.566666666666,3,4,4,344,11,Loyal Customers
CUST06219,2026-01-12,3,101054.95,170,33684.98333333333,2,1,2,212,5,Lost Customers
CUST06220,2026-03-15,12,604945.4,108,50412.11666666667,3,4,5,345,12,Loyal Customers
CUST06221,2025-04-12,3,88662.55,445,29554.183333333334,1,1,2,112,4,Lost Customers
CUST06222,2026-04-10,19,769989.0499999999,82,40525.7394736842,3,5,5,355,13,Loyal Customers
CUST06223,2026-06-16,8,490063.95,15,61257.99375,5,3,4,534,12,Potential Loyalists
CUST06224,2026-04-03,5,183371.90000000002,89,36674.380000000005,3,2,3,323,8,Others
CUST06225,2026-01-29,15,770833.0499999999,153,51388.869999999995,2,5,5,255,12,At Risk
CUST06226,2026-06-01,4,271986.0,30,67996.5,4,2,3,423,9,Potential Loyalists
CUST06227,2026-05-22,8,129018.35,40,16127.29375,4,3,2,432,9,Potential Loyalists
CUST06228,2026-03-15,8,391302.39999999997,108,48912.799999999996,3,3,4,334,10,Others
CUST06229,2026-03-07,8,331438.25,116,41429.78125,3,3,4,334,10,Others
CUST06230,2025-05-10,5,146409.15,417,29281.829999999998,1,2,2,122,5,Lost Customers
CUST06231,2025-12-26,8,243155.85,187,30394.48125,2,3,3,233,8,At Risk
CUST06232,2026-04-13,16,792431.2,79,49526.95,3,5,5,355,13,Loyal Customers
CUST06233,2026-06-22,14,1043216.8,9,74515.48571428572,5,5,5,555,15,Champions
CUST06234,2025-07-29,2,47994.95,337,23997.475,1,1,1,111,3,Lost Customers
CUST06235,2026-05-29,7,258621.75,33,36945.96428571428,4,3,3,433,10,Potential Loyalists
CUST06236,2026-05-04,5,278828.4,58,55765.68000000001,4,2,3,423,9,Potential Loyalists
CUST06237,2026-04-30,11,399225.9,62,36293.26363636364,4,4,4,444,12,Champions
CUST06238,2026-02-14,8,151962.95,137,18995.36875,3,3,2,332,8,Others
CUST06239,2026-06-13,12,375123.35,18,31260.279166666664,5,4,4,544,13,Champions
CUST06240,2025-10-30,6,124687.95000000001,244,20781.325,2,3,2,232,7,At Risk
CUST06241,2026-04-20,13,490857.7,72,37758.28461538462,3,5,4,354,12,Loyal Customers
CUST06242,2026-01-20,6,93141.85,162,15523.641666666668,2,3,2,232,7,At Risk
CUST06243,2026-05-23,11,563521.25,39,51229.204545454544,4,4,4,444,12,Champions
CUST06244,2026-03-21,13,1098372.0,102,84490.15384615384,3,5,5,355,13,Loyal Customers
CUST06245,2025-04-14,5,135881.9,443,27176.379999999997,1,2,2,122,5,Lost Customers
CUST06246,2026-04-06,4,310541.15,86,77635.2875,3,2,3,323,8,Others
CUST06247,2025-04-14,1,14250.0,443,14250.0,1,1,1,111,3,Lost Customers
CUST06248,2024-01-11,1,30130.2,902,30130.2,1,1,1,111,3,Lost Customers
CUST06249,2026-06-28,6,141708.65,3,23618.108333333334,5,3,2,532,10,Potential Loyalists
CUST06250,2025-12-18,13,675335.35,195,51948.873076923075,2,5,5,255,12,At Risk
CUST06251,2026-05-19,18,977995.8,43,54333.100000000006,4,5,5,455,14,Champions
CUST06252,2026-04-22,10,301233.15,70,30123.315000000002,3,4,3,343,10,Loyal Customers
CUST06253,2026-01-03,2,15420.7,179,7710.35,2,1,1,211,4,Lost Customers
CUST06254,2025-07-16,5,272542.6,350,54508.52,1,2,3,123,6,Others
CUST06255,2026-05-24,8,122770.35,38,15346.29375,4,3,2,432,9,Potential Loyalists
CUST06256,2026-05-04,9,202977.95,58,22553.105555555558,4,4,3,443,11,Loyal Customers
CUST06257,2026-06-21,13,518696.45,10,39899.72692307692,5,5,4,554,14,Champions
CUST06258,2024-01-06,1,3615.3,907,3615.3,1,1,1,111,3,Lost Customers
CUST06259,2026-06-20,5,93472.45,11,18694.489999999998,5,2,2,522,9,Potential Loyalists
CUST06260,2026-06-28,11,251717.35,3,22883.395454545454,5,4,3,543,12,Loyal Customers
CUST06261,2025-10-31,11,512854.85,243,46623.16818181818,2,4,4,244,10,At Risk
CUST06262,2026-06-06,11,486177.55,25,44197.95909090909,5,4,4,544,13,Champions
CUST06263,2025-10-15,4,145758.9,259,36439.725,2,2,2,222,6,Lost Customers
CUST06264,2026-06-22,14,646617.7999999999,9,46186.98571428571,5,5,5,555,15,Champions
CUST06265,2025-11-23,4,155711.0,220,38927.75,2,2,2,222,6,Lost Customers
CUST06266,2024-09-05,4,273932.4,664,68483.1,1,2,3,123,6,Others
CUST06267,2026-05-19,27,874957.2,43,32405.82222222222,4,5,5,455,14,Champions
CUST06268,2026-05-09,8,101227.6,53,12653.45,4,3,2,432,9,Potential Loyalists
CUST06269,2026-05-31,9,440203.95,31,48911.55,4,4,4,444,12,Champions
CUST06270,2024-01-22,1,1991.2,891,1991.2,1,1,1,111,3,Lost Customers
CUST06271,2026-06-26,6,356344.65,5,59390.775,5,3,4,534,12,Potential Loyalists
CUST06272,2025-09-19,1,20332.0,285,20332.0,2,1,1,211,4,Lost Customers
CUST06273,2026-04-10,13,440602.10000000003,82,33892.46923076923,3,5,4,354,12,Loyal Customers
CUST06274,2026-03-07,13,824740.3,116,63441.561538461545,3,5,5,355,13,Loyal Customers
CUST06275,2026-05-31,9,367941.5,31,40882.38888888889,4,4,4,444,12,Champions
CUST06276,2025-12-28,9,335058.65,185,37228.73888888889,2,4,4,244,10,At Risk
CUST06277,2026-03-07,2,56156.4,116,28078.2,3,1,1,311,5,Others
CUST06278,2026-06-24,15,405138.6,7,27009.239999999998,5,5,4,554,14,Champions
CUST06279,2024-10-01,1,9709.95,638,9709.95,1,1,1,111,3,Lost Customers
CUST06280,2025-09-04,1,2515.5,300,2515.5,2,1,1,211,4,Lost Customers
CUST06281,2025-08-18,4,72668.4,317,18167.1,1,2,2,122,5,Lost Customers
CUST06282,2026-06-05,8,168149.55,26,21018.69375,5,3,2,532,10,Potential Loyalists
CUST06283,2026-06-23,13,425162.95,8,32704.84230769231,5,5,4,554,14,Champions
CUST06284,2025-04-26,2,224875.0,431,112437.5,1,1,3,113,5,Others
CUST06285,2026-06-06,12,445061.55,25,37088.4625,5,4,4,544,13,Champions
CUST06286,2026-06-27,7,143887.4,4,20555.342857142856,5,3,2,532,10,Potential Loyalists
CUST06287,2024-11-14,2,34738.0,594,17369.0,1,1,1,111,3,Lost Customers
CUST06288,2025-08-12,5,94685.6,323,18937.120000000003,1,2,2,122,5,Lost Customers
CUST06289,2026-05-29,4,70918.8,33,17729.7,4,2,1,421,7,Potential Loyalists
CUST06290,2025-09-14,3,48928.85,290,16309.616666666667,2,1,1,211,4,Lost Customers
CUST06291,2025-12-12,11,558698.0499999999,201,50790.73181818181,2,4,4,244,10,At Risk
CUST06292,2026-05-21,12,593530.8,41,49460.9,4,4,5,445,13,Champions
CUST06293,2026-04-29,25,1506810.15,63,60272.405999999995,4,5,5,455,14,Champions
CUST06294,2026-06-30,13,568610.1,1,43739.23846153846,5,5,4,554,14,Champions
CUST06295,2026-05-11,29,1062597.15,51,36641.28103448275,4,5,5,455,14,Champions
CUST06296,2026-06-05,8,264064.2,26,33008.025,5,3,3,533,11,Potential Loyalists
CUST06297,2025-07-27,3,149239.65000000002,339,49746.55000000001,1,1,2,112,4,Lost Customers
CUST06298,2025-12-06,5,196414.55,207,39282.909999999996,2,2,3,223,7,Others
CUST06299,2026-06-19,16,823170.25,12,51448.140625,5,5,5,555,15,Champions
CUST06300,2026-03-11,4,97410.0,112,24352.5,3,2,2,322,7,Others
CUST06301,2025-09-17,5,219023.8,287,43804.759999999995,2,2,3,223,7,Others
CUST06302,2026-04-21,2,11297.95,71,5648.975,3,1,1,311,5,Others
CUST06303,2025-12-12,3,127776.0,201,42592.0,2,1,2,212,5,Lost Customers
CUST06304,2026-06-23,15,449471.3,8,29964.753333333334,5,5,4,554,14,Champions
CUST06305,2025-10-15,5,189379.7,259,37875.94,2,2,3,223,7,Others
CUST06306,2024-05-21,1,16491.05,771,16491.05,1,1,1,111,3,Lost Customers
CUST06307,2026-06-10,15,618373.0,21,41224.86666666667,5,5,5,555,15,Champions
CUST06308,2026-06-08,7,252817.0,23,36116.71428571428,5,3,3,533,11,Potential Loyalists
CUST06309,2026-04-29,19,1091334.05,63,57438.63421052632,4,5,5,455,14,Champions
CUST06310,2026-06-22,17,788905.65,9,46406.214705882354,5,5,5,555,15,Champions
CUST06311,2026-04-13,16,703637.1,79,43977.31875,3,5,5,355,13,Loyal Customers
CUST06312,2026-05-20,6,206522.5,42,34420.416666666664,4,3,3,433,10,Potential Loyalists
CUST06313,2024-11-23,4,76307.40000000001,585,19076.850000000002,1,2,2,122,5,Lost Customers
CUST06314,2025-12-17,2,52457.6,196,26228.8,2,1,1,211,4,Lost Customers
CUST06315,2026-06-19,15,417182.75,12,27812.183333333334,5,5,4,554,14,Champions
CUST06316,2026-05-27,7,257823.65,35,36831.95,4,3,3,433,10,Potential Loyalists
CUST06317,2024-07-29,2,7288.3,702,3644.15,1,1,1,111,3,Lost Customers
CUST06318,2025-03-25,5,257069.19999999998,463,51413.84,1,2,3,123,6,Others
CUST06319,2026-06-18,15,723952.0,13,48263.46666666667,5,5,5,555,15,Champions
CUST06320,2025-07-31,4,80512.0,335,20128.0,1,2,2,122,5,Lost Customers
CUST06321,2026-04-02,8,476051.85000000003,90,59506.481250000004,3,3,4,334,10,Others
CUST06322,2026-04-26,10,394951.6,66,39495.159999999996,4,4,4,444,12,Champions
CUST06323,2025-12-28,1,9030.7,185,9030.7,2,1,1,211,4,Lost Customers
CUST06324,2026-02-17,11,337560.45,134,30687.313636363637,3,4,4,344,11,Loyal Customers
CUST06325,2026-06-02,10,261867.05000000002,29,26186.705,5,4,3,543,12,Loyal Customers
CUST06326,2025-12-06,11,204156.85,207,18559.71363636364,2,4,3,243,9,At Risk
CUST06327,2024-11-10,2,35521.7,598,17760.85,1,1,1,111,3,Lost Customers
CUST06328,2026-06-09,2,66157.2,22,33078.6,5,1,1,511,7,Others
CUST06329,2025-11-23,6,121266.75,220,20211.125,2,3,2,232,7,At Risk
CUST06330,2026-06-04,5,272060.5,27,54412.1,5,2,3,523,10,Potential Loyalists
CUST06331,2025-12-03,8,333500.4,210,41687.55,2,3,4,234,9,At Risk
CUST06332,2026-05-14,18,821605.95,48,45644.774999999994,4,5,5,455,14,Champions
CUST06333,2026-05-24,13,498564.55,38,38351.11923076923,4,5,4,454,13,Champions
CUST06334,2026-06-28,16,688467.5,3,43029.21875,5,5,5,555,15,Champions
CUST06335,2026-05-25,10,213080.75,37,21308.075,4,4,3,443,11,Loyal Customers
CUST06336,2026-06-27,5,55410.950000000004,4,11082.19,5,2,1,521,8,Potential Loyalists
CUST06337,2026-06-13,14,699505.9,18,49964.70714285714,5,5,5,555,15,Champions
CUST06338,2024-09-20,2,29792.8,649,14896.4,1,1,1,111,3,Lost Customers
CUST06339,2025-03-25,3,23171.350000000002,463,7723.783333333334,1,1,1,111,3,Lost Customers
CUST06340,2026-06-08,9,311385.8,23,34598.42222222222,5,4,3,543,12,Loyal Customers
CUST06341,2026-06-01,10,232705.65,30,23270.565,4,4,3,443,11,Loyal Customers
CUST06342,2026-06-14,11,286096.64999999997,17,26008.78636363636,5,4,3,543,12,Loyal Customers
CUST06343,2025-10-04,3,48501.7,270,16167.233333333332,2,1,1,211,4,Lost Customers
CUST06344,2026-04-23,14,352991.45,69,25213.675,4,5,4,454,13,Champions
CUST06345,2025-10-17,1,41760.1,257,41760.1,2,1,1,211,4,Lost Customers
CUST06346,2026-05-21,13,335191.8,41,25783.984615384616,4,5,4,454,13,Champions
CUST06347,2025-06-12,3,47682.1,384,15894.033333333333,1,1,1,111,3,Lost Customers
CUST06348,2026-06-03,10,49779.55,28,4977.955,5,4,1,541,10,Loyal Customers
CUST06349,2025-06-11,2,6623.05,385,3311.525,1,1,1,111,3,Lost Customers
CUST06350,2026-06-15,8,255098.15,16,31887.26875,5,3,3,533,11,Potential Loyalists
CUST06351,2026-04-11,23,1402397.75,81,60973.815217391304,3,5,5,355,13,Loyal Customers
CUST06352,2025-04-17,5,110966.8,440,22193.36,1,2,2,122,5,Lost Customers
CUST06353,2025-12-22,10,875972.25,191,87597.225,2,4,5,245,11,At Risk
CUST06354,2025-02-03,4,30058.949999999997,513,7514.737499999999,1,2,1,121,4,Lost Customers
CUST06355,2026-03-10,6,341135.4,113,56855.9,3,3,4,334,10,Others
CUST06356,2026-05-27,24,883831.45,35,36826.31041666667,4,5,5,455,14,Champions
CUST06357,2026-06-06,1,15857.4,25,15857.4,5,1,1,511,7,Others
CUST06358,2026-06-08,6,127677.75,23,21279.625,5,3,2,532,10,Potential Loyalists
CUST06359,2025-11-24,3,64675.7,219,21558.566666666666,2,1,1,211,4,Lost Customers
CUST06360,2025-12-28,8,159354.9,185,19919.3625,2,3,2,232,7,At Risk
CUST06361,2025-08-30,4,162126.85,305,40531.7125,2,2,2,222,6,Lost Customers
CUST06362,2025-11-17,9,514948.5,226,57216.5,2,4,4,244,10,At Risk
CUST06363,2024-12-21,5,454768.55000000005,557,90953.71,1,2,4,124,7,Others
CUST06364,2026-05-19,23,958926.0,43,41692.434782608696,4,5,5,455,14,Champions
CUST06365,2026-04-11,8,232887.94999999998,81,29110.993749999998,3,3,3,333,9,Others
CUST06366,2026-05-17,21,1124707.3,45,53557.490476190476,4,5,5,455,14,Champions
CUST06367,2026-06-21,27,1902209.5,10,70452.20370370371,5,5,5,555,15,Champions
CUST06368,2026-04-29,19,689317.6,63,36279.87368421053,4,5,5,455,14,Champions
CUST06369,2026-06-07,5,135809.19999999998,24,27161.839999999997,5,2,2,522,9,Potential Loyalists
CUST06370,2026-06-18,26,1560896.3,13,60034.47307692308,5,5,5,555,15,Champions
CUST06371,2026-05-08,14,651040.7,54,46502.90714285714,4,5,5,455,14,Champions
CUST06372,2024-08-16,1,934.0,684,934.0,1,1,1,111,3,Lost Customers
CUST06373,2026-06-30,18,952628.2,1,52923.788888888885,5,5,5,555,15,Champions
CUST06374,2026-02-16,10,573201.65,135,57320.165,3,4,4,344,11,Loyal Customers
CUST06375,2025-03-03,2,44239.45,485,22119.725,1,1,1,111,3,Lost Customers
CUST06376,2025-12-08,6,414092.9,205,69015.48333333334,2,3,4,234,9,At Risk
CUST06377,2026-02-25,8,270999.05,126,33874.88125,3,3,3,333,9,Others
CUST06378,2026-05-25,17,760080.7,37,44710.629411764705,4,5,5,455,14,Champions
CUST06379,2025-11-10,1,28173.6,233,28173.6,2,1,1,211,4,Lost Customers
CUST06380,2026-02-16,13,609242.1,135,46864.77692307692,3,5,5,355,13,Loyal Customers
CUST06381,2026-06-28,7,332411.3,3,47487.32857142857,5,3,4,534,12,Potential Loyalists
CUST06382,2026-06-25,14,902917.25,6,64494.08928571428,5,5,5,555,15,Champions
CUST06383,2026-06-13,14,1153803.65,18,82414.54642857143,5,5,5,555,15,Champions
CUST06384,2026-02-23,7,220290.2,128,31470.028571428575,3,3,3,333,9,Others
CUST06385,2024-11-18,3,76470.4,590,25490.13333333333,1,1,2,112,4,Lost Customers
CUST06386,2026-03-15,4,42240.0,108,10560.0,3,2,1,321,6,Others
CUST06387,2026-05-01,6,159259.5,61,26543.25,4,3,2,432,9,Potential Loyalists
CUST06388,2025-10-15,6,152021.0,259,25336.833333333332,2,3,2,232,7,At Risk
CUST06389,2026-02-28,4,19568.75,123,4892.1875,3,2,1,321,6,Others
CUST06390,2026-05-31,16,1193581.75,31,74598.859375,4,5,5,455,14,Champions
CUST06391,2025-01-15,4,40152.8,532,10038.2,1,2,1,121,4,Lost Customers
CUST06392,2025-05-03,1,1998.0,424,1998.0,1,1,1,111,3,Lost Customers
CUST06393,2026-04-07,7,235632.5,85,33661.78571428572,3,3,3,333,9,Others
CUST06394,2025-11-27,2,107114.85,216,53557.425,2,1,2,212,5,Lost Customers
CUST06395,2025-09-08,3,64343.9,296,21447.966666666667,2,1,1,211,4,Lost Customers
CUST06396,2026-06-25,20,637756.4,6,31887.82,5,5,5,555,15,Champions
CUST06397,2025-08-28,5,66669.45,307,13333.89,2,2,1,221,5,Lost Customers
CUST06398,2026-04-09,7,319663.85,83,45666.264285714286,3,3,3,333,9,Others
CUST06399,2026-04-08,7,108310.40000000001,84,15472.914285714287,3,3,2,332,8,Others
CUST06400,2024-01-26,1,13257.45,887,13257.45,1,1,1,111,3,Lost Customers
CUST06401,2026-06-24,5,145318.65,7,29063.73,5,2,2,522,9,Potential Loyalists
CUST06402,2026-03-17,20,1169233.4,106,58461.67,3,5,5,355,13,Loyal Customers
CUST06403,2026-03-21,11,454374.1,102,41306.73636363636,3,4,4,344,11,Loyal Customers
CUST06404,2026-01-11,19,450148.94999999995,171,23692.05,2,5,4,254,11,At Risk
CUST06405,2025-12-18,7,397613.5,195,56801.92857142857,2,3,4,234,9,At Risk
CUST06406,2026-06-28,22,892825.9,3,40582.99545454545,5,5,5,555,15,Champions
CUST06407,2026-03-07,3,257025.3,116,85675.09999999999,3,1,3,313,7,Others
CUST06408,2026-05-22,8,331119.1,40,41389.8875,4,3,4,434,11,Potential Loyalists
CUST06409,2026-06-30,18,1002601.3,1,55700.072222222225,5,5,5,555,15,Champions
CUST06410,2026-05-30,4,149288.2,32,37322.05,4,2,2,422,8,Potential Loyalists
CUST06411,2025-03-12,2,64323.0,476,32161.5,1,1,1,111,3,Lost Customers
CUST06412,2026-06-19,3,69355.2,12,23118.399999999998,5,1,1,511,7,Others
CUST06413,2026-06-05,6,526321.1,26,87720.18333333333,5,3,4,534,12,Potential Loyalists
CUST06414,2026-03-05,11,271179.1,118,24652.64545454545,3,4,3,343,10,Loyal Customers
CUST06415,2026-05-18,12,474395.7,44,39532.975,4,4,4,444,12,Champions
CUST06416,2026-06-16,10,268505.95,15,26850.595,5,4,3,543,12,Loyal Customers
CUST06417,2026-06-30,18,869719.8,1,48317.76666666667,5,5,5,555,15,Champions
CUST06418,2026-02-17,17,708721.25,134,41689.48529411765,3,5,5,355,13,Loyal Customers
CUST06419,2024-07-07,1,17476.2,724,17476.2,1,1,1,111,3,Lost Customers
CUST06420,2025-11-04,2,103832.2,239,51916.1,2,1,2,212,5,Lost Customers
CUST06421,2025-11-05,4,301630.7,238,75407.675,2,2,3,223,7,Others
CUST06422,2026-04-21,4,79602.6,71,19900.65,3,2,2,322,7,Others
CUST06423,2026-03-23,6,369240.45,100,61540.075000000004,3,3,4,334,10,Others
CUST06424,2025-11-08,7,337752.55,235,48250.364285714284,2,3,4,234,9,At Risk
CUST06425,2025-01-31,1,29676.05,516,29676.05,1,1,1,111,3,Lost Customers
CUST06426,2025-07-07,3,88858.25,359,29619.416666666668,1,1,2,112,4,Lost Customers
CUST06427,2026-03-03,5,158570.8,120,31714.159999999996,3,2,2,322,7,Others
CUST06428,2024-05-16,1,3382.4,776,3382.4,1,1,1,111,3,Lost Customers
CUST06429,2026-04-24,8,214469.6,68,26808.7,4,3,3,433,10,Potential Loyalists
CUST06430,2026-06-24,2,95696.4,7,47848.2,5,1,2,512,8,Others
CUST06431,2026-01-04,13,903997.1,178,69538.23846153847,2,5,5,255,12,At Risk
CUST06432,2024-06-13,1,2224.8,748,2224.8,1,1,1,111,3,Lost Customers
CUST06433,2024-12-20,3,240513.8,558,80171.26666666666,1,1,3,113,5,Others
CUST06434,2025-07-10,4,31331.55,356,7832.8875,1,2,1,121,4,Lost Customers
CUST06435,2024-02-23,1,1507.9,859,1507.9,1,1,1,111,3,Lost Customers
CUST06436,2025-09-17,3,9390.9,287,3130.2999999999997,2,1,1,211,4,Lost Customers
CUST06437,2026-05-20,7,256193.2,42,36599.02857142857,4,3,3,433,10,Potential Loyalists
CUST06438,2025-07-18,3,49800.5,348,16600.166666666668,1,1,1,111,3,Lost Customers
CUST06439,2026-03-04,4,88595.8,119,22148.95,3,2,2,322,7,Others
CUST06440,2026-03-25,3,115469.54999999999,98,38489.85,3,1,2,312,6,Others
CUST06441,2026-05-03,6,161217.75,59,26869.625,4,3,2,432,9,Potential Loyalists
CUST06442,2026-03-26,6,293810.85,97,48968.475,3,3,3,333,9,Others
CUST06443,2025-07-11,5,145651.85,355,29130.370000000003,1,2,2,122,5,Lost Customers
CUST06444,2026-05-06,17,550080.3,56,32357.664705882355,4,5,4,454,13,Champions
CUST06445,2026-05-23,21,1126406.15,39,53638.38809523809,4,5,5,455,14,Champions
CUST06446,2026-05-12,10,412093.8,50,41209.38,4,4,4,444,12,Champions
CUST06447,2026-01-18,7,242149.30000000002,164,34592.75714285715,2,3,3,233,8,At Risk
CUST06448,2026-03-09,4,71255.35,114,17813.8375,3,2,1,321,6,Others
CUST06449,2026-01-25,11,360163.75,157,32742.159090909092,2,4,4,244,10,At Risk
CUST06450,2026-04-27,10,327951.0,65,32795.1,4,4,4,444,12,Champions
CUST06451,2025-09-05,4,41030.75,299,10257.6875,2,2,1,221,5,Lost Customers
CUST06452,2025-11-18,2,19680.2,225,9840.1,2,1,1,211,4,Lost Customers
CUST06453,2025-07-19,5,134001.55,347,26800.309999999998,1,2,2,122,5,Lost Customers
CUST06454,2026-06-03,17,632239.3,28,37190.54705882353,5,5,5,555,15,Champions
CUST06455,2026-05-27,15,657992.2,35,43866.14666666666,4,5,5,455,14,Champions
CUST06456,2026-02-21,2,17954.6,130,8977.3,3,1,1,311,5,Others
CUST06457,2024-08-06,2,22010.55,694,11005.275,1,1,1,111,3,Lost Customers
CUST06458,2025-09-03,2,35016.3,301,17508.15,2,1,1,211,4,Lost Customers
CUST06459,2026-06-17,6,214850.8,14,35808.46666666667,5,3,3,533,11,Potential Loyalists
CUST06460,2025-06-30,1,10053.0,366,10053.0,1,1,1,111,3,Lost Customers
CUST06461,2024-10-20,4,405461.10000000003,619,101365.27500000001,1,2,4,124,7,Others
CUST06462,2026-06-19,21,1169052.55,12,55669.16904761905,5,5,5,555,15,Champions
CUST06463,2025-04-22,6,204461.5,435,34076.916666666664,1,3,3,133,7,At Risk
CUST06464,2026-06-01,3,156769.2,30,52256.4,4,1,2,412,7,Others
CUST06465,2026-02-24,7,431909.15,127,61701.30714285715,3,3,4,334,10,Others
CUST06466,2026-04-30,21,1244708.8,62,59271.84761904762,4,5,5,455,14,Champions
CUST06467,2025-04-16,2,77521.3,441,38760.65,1,1,2,112,4,Lost Customers
CUST06468,2026-03-30,14,906763.9500000001,93,64768.853571428575,3,5,5,355,13,Loyal Customers
CUST06469,2026-02-21,2,153722.5,130,76861.25,3,1,2,312,6,Others
CUST06470,2026-05-26,13,756400.45,36,58184.649999999994,4,5,5,455,14,Champions
CUST06471,2026-02-13,6,493909.6,138,82318.26666666666,3,3,4,334,10,Others
CUST06472,2026-04-29,8,277758.6,63,34719.825,4,3,3,433,10,Potential Loyalists
CUST06473,2026-03-04,1,43231.2,119,43231.2,3,1,1,311,5,Others
CUST06474,2025-12-08,6,68733.0,205,11455.5,2,3,1,231,6,At Risk
CUST06475,2025-12-01,7,296688.0,212,42384.0,2,3,3,233,8,At Risk
CUST06476,2025-10-06,4,42805.95,268,10701.4875,2,2,1,221,5,Lost Customers
CUST06477,2026-02-15,9,365908.85,136,40656.538888888885,3,4,4,344,11,Loyal Customers
CUST06478,2026-06-24,11,678533.2000000001,7,61684.83636363637,5,4,5,545,14,Champions
CUST06479,2026-06-07,10,887619.7000000001,24,88761.97,5,4,5,545,14,Champions
CUST06480,2026-06-23,5,82756.7,8,16551.34,5,2,2,522,9,Potential Loyalists
CUST06481,2025-05-28,4,67788.1,399,16947.025,1,2,1,121,4,Lost Customers
CUST06482,2026-05-20,7,284614.85,42,40659.264285714286,4,3,3,433,10,Potential Loyalists
CUST06483,2025-08-14,4,198273.75,321,49568.4375,1,2,3,123,6,Others
CUST06484,2026-05-27,11,322225.05,35,29293.186363636363,4,4,3,443,11,Loyal Customers
CUST06485,2026-05-09,6,164355.3,53,27392.55,4,3,2,432,9,Potential Loyalists
CUST06486,2026-05-21,7,311602.9,41,44514.700000000004,4,3,3,433,10,Potential Loyalists
CUST06487,2025-11-17,9,384650.9,226,42738.98888888889,2,4,4,244,10,At Risk
CUST06488,2026-06-13,1,13116.6,18,13116.6,5,1,1,511,7,Others
CUST06489,2026-05-13,12,398579.15,49,33214.92916666667,4,4,4,444,12,Champions
CUST06490,2026-05-02,13,379439.1,60,29187.623076923075,4,5,4,454,13,Champions
CUST06491,2026-05-28,12,492963.0,34,41080.25,4,4,4,444,12,Champions
CUST06492,2026-01-22,5,27146.1,160,5429.219999999999,2,2,1,221,5,Lost Customers
CUST06493,2026-03-06,8,632501.15,117,79062.64375,3,3,5,335,11,Others
CUST06494,2026-06-19,8,373153.3,12,46644.1625,5,3,4,534,12,Potential Loyalists
CUST06495,2026-05-21,12,449176.7,41,37431.39166666667,4,4,4,444,12,Champions
CUST06496,2026-06-05,8,278996.05,26,34874.50625,5,3,3,533,11,Potential Loyalists
CUST06497,2026-03-28,18,777479.6499999999,95,43193.313888888886,3,5,5,355,13,Loyal Customers
CUST06498,2026-06-28,6,416352.2,3,69392.03333333334,5,3,4,534,12,Potential Loyalists
CUST06499,2024-09-10,3,9335.5,659,3111.8333333333335,1,1,1,111,3,Lost Customers
CUST06500,2024-07-04,2,30969.1,727,15484.55,1,1,1,111,3,Lost Customers
CUST06501,2026-06-27,14,493668.95,4,35262.06785714286,5,5,4,554,14,Champions
CUST06502,2026-06-25,10,579366.85,6,57936.685,5,4,4,544,13,Champions
CUST06503,2026-04-19,15,560249.7,73,37349.979999999996,3,5,4,354,12,Loyal Customers
CUST06504,2025-12-14,3,86387.8,199,28795.933333333334,2,1,2,212,5,Lost Customers
CUST06505,2026-04-13,4,242742.15,79,60685.5375,3,2,3,323,8,Others
CUST06506,2025-05-01,5,42363.35,426,8472.67,1,2,1,121,4,Lost Customers
CUST06507,2026-05-30,7,104885.9,32,14983.699999999999,4,3,2,432,9,Potential Loyalists
CUST06508,2026-01-01,14,811359.4,181,57954.24285714286,2,5,5,255,12,At Risk
CUST06509,2026-03-01,2,11799.2,122,5899.6,3,1,1,311,5,Others
CUST06510,2026-05-15,22,1017912.45,47,46268.74772727273,4,5,5,455,14,Champions
CUST06511,2026-06-21,13,397930.39999999997,10,30610.030769230765,5,5,4,554,14,Champions
CUST06512,2026-06-13,9,597347.3,18,66371.92222222223,5,4,5,545,14,Champions
CUST06513,2025-12-30,5,188704.3,183,37740.86,2,2,3,223,7,Others
CUST06514,2025-11-28,4,113580.85,215,28395.2125,2,2,2,222,6,Lost Customers
CUST06515,2026-06-20,8,137414.05000000002,11,17176.756250000002,5,3,2,532,10,Potential Loyalists
CUST06516,2025-10-31,3,15694.8,243,5231.599999999999,2,1,1,211,4,Lost Customers
CUST06517,2025-06-12,3,17214.85,384,5738.283333333333,1,1,1,111,3,Lost Customers
CUST06518,2026-04-22,11,368521.35,70,33501.94090909091,3,4,4,344,11,Loyal Customers
CUST06519,2026-05-27,2,38804.0,35,19402.0,4,1,1,411,6,Others
CUST06520,2026-05-10,14,998957.8,52,71354.12857142858,4,5,5,455,14,Champions
CUST06521,2025-01-02,4,122182.75,545,30545.6875,1,2,2,122,5,Lost Customers
CUST06522,2026-05-23,19,1089756.9,39,57355.62631578947,4,5,5,455,14,Champions
CUST06523,2024-08-19,3,111009.90000000001,681,37003.3,1,1,2,112,4,Lost Customers
CUST06524,2025-12-10,15,417138.5,203,27809.233333333334,2,5,4,254,11,At Risk
CUST06525,2026-06-04,8,150939.8,27,18867.475,5,3,2,532,10,Potential Loyalists
CUST06526,2026-01-27,7,302658.65,155,43236.950000000004,2,3,3,233,8,At Risk
CUST06527,2026-05-24,8,288694.45,38,36086.80625,4,3,3,433,10,Potential Loyalists
CUST06528,2025-02-20,2,65476.85,496,32738.425,1,1,1,111,3,Lost Customers
CUST06529,2026-06-20,23,620774.65,11,26990.202173913043,5,5,5,555,15,Champions
CUST06530,2026-04-22,3,28398.4,70,9466.133333333333,3,1,1,311,5,Others
CUST06531,2026-06-15,8,237739.3,16,29717.4125,5,3,3,533,11,Potential Loyalists
CUST06532,2026-06-09,15,634043.6,22,42269.573333333334,5,5,5,555,15,Champions
CUST06533,2025-08-12,7,269874.55,323,38553.50714285714,1,3,3,133,7,At Risk
CUST06534,2025-08-24,4,64540.3,311,16135.075,2,2,1,221,5,Lost Customers
CUST06535,2026-04-26,10,302887.0,66,30288.7,4,4,3,443,11,Loyal Customers
CUST06536,2025-05-16,1,5379.2,411,5379.2,1,1,1,111,3,Lost Customers
CUST06537,2024-01-01,1,8294.4,912,8294.4,1,1,1,111,3,Lost Customers
CUST06538,2025-10-17,4,52999.15,257,13249.7875,2,2,1,221,5,Lost Customers
CUST06539,2026-04-23,6,552681.55,69,92113.59166666667,4,3,4,434,11,Potential Loyalists
CUST06540,2025-02-27,1,26060.4,489,26060.4,1,1,1,111,3,Lost Customers
CUST06541,2026-06-03,6,262363.6,28,43727.26666666666,5,3,3,533,11,Potential Loyalists
CUST06542,2026-02-10,10,197920.7,141,19792.07,3,4,3,343,10,Loyal Customers
CUST06543,2026-04-13,5,50905.8,79,10181.16,3,2,1,321,6,Others
CUST06544,2026-03-17,4,85618.34999999999,106,21404.587499999998,3,2,2,322,7,Others
CUST06545,2026-01-30,1,6235.6,152,6235.6,2,1,1,211,4,Lost Customers
CUST06546,2026-05-31,11,901678.1000000001,31,81970.73636363637,4,4,5,445,13,Champions
CUST06547,2026-06-17,14,466419.0,14,33315.642857142855,5,5,4,554,14,Champions
CUST06548,2026-06-27,5,79131.15,4,15826.23,5,2,2,522,9,Potential Loyalists
CUST06549,2026-05-27,12,741950.55,35,61829.2125,4,4,5,445,13,Champions
CUST06550,2026-05-01,6,193639.85,61,32273.308333333334,4,3,3,433,10,Potential Loyalists
CUST06551,2026-05-20,15,524681.85,42,34978.79,4,5,4,454,13,Champions
CUST06552,2026-05-29,8,219241.6,33,27405.2,4,3,3,433,10,Potential Loyalists
CUST06553,2026-05-15,8,284141.15,47,35517.64375,4,3,3,433,10,Potential Loyalists
CUST06554,2024-07-28,3,169966.69999999998,703,56655.56666666666,1,1,2,112,4,Lost Customers
CUST06555,2025-06-06,4,93353.0,390,23338.25,1,2,2,122,5,Lost Customers
CUST06556,2026-03-26,26,1281575.1,97,49291.350000000006,3,5,5,355,13,Loyal Customers
CUST06557,2025-06-24,5,98791.45000000001,372,19758.29,1,2,2,122,5,Lost Customers
CUST06558,2024-12-11,4,132581.3,567,33145.325,1,2,2,122,5,Lost Customers
CUST06559,2026-05-22,5,93571.8,40,18714.36,4,2,2,422,8,Potential Loyalists
CUST06560,2026-06-09,8,349027.9,22,43628.4875,5,3,4,534,12,Potential Loyalists
CUST06561,2026-06-05,12,683699.5499999999,26,56974.962499999994,5,4,5,545,14,Champions
CUST06562,2025-09-27,6,163470.0,277,27245.0,2,3,2,232,7,At Risk
CUST06563,2026-04-23,10,402125.55,69,40212.555,4,4,4,444,12,Champions
CUST06564,2026-06-21,6,328853.8,10,54808.96666666667,5,3,4,534,12,Potential Loyalists
CUST06565,2026-01-31,13,398116.0,151,30624.30769230769,2,5,4,254,11,At Risk
CUST06566,2026-06-14,15,609700.45,17,40646.69666666666,5,5,5,555,15,Champions
CUST06567,2026-04-20,10,443892.55,72,44389.255,3,4,4,344,11,Loyal Customers
CUST06568,2026-06-15,9,337512.39999999997,16,37501.37777777777,5,4,4,544,13,Champions
CUST06569,2026-06-02,12,530270.9500000001,29,44189.24583333334,5,4,4,544,13,Champions
CUST06570,2026-02-28,14,450191.7,123,32156.55,3,5,4,354,12,Loyal Customers
CUST06571,2025-05-16,2,2870.9,411,1435.45,1,1,1,111,3,Lost Customers
CUST06572,2026-04-10,13,1102494.5,82,84807.26923076923,3,5,5,355,13,Loyal Customers
CUST06573,2026-05-14,25,1218214.8,48,48728.592000000004,4,5,5,455,14,Champions
CUST06574,2026-04-02,8,508337.3,90,63542.1625,3,3,4,334,10,Others
CUST06575,2025-08-22,3,116433.5,313,38811.166666666664,2,1,2,212,5,Lost Customers
CUST06576,2026-06-10,9,601265.4,21,66807.26666666666,5,4,5,545,14,Champions
CUST06577,2026-05-10,10,303889.35,52,30388.934999999998,4,4,3,443,11,Loyal Customers
CUST06578,2025-01-24,4,155193.1,523,38798.275,1,2,2,122,5,Lost Customers
CUST06579,2026-03-19,24,1432235.25,104,59676.46875,3,5,5,355,13,Loyal Customers
CUST06580,2026-06-02,20,1678256.9,29,83912.845,5,5,5,555,15,Champions
CUST06581,2026-03-30,9,515457.35000000003,93,57273.03888888889,3,4,4,344,11,Loyal Customers
CUST06582,2025-12-29,22,1030898.05,184,46859.00227272727,2,5,5,255,12,At Risk
CUST06583,2026-04-03,11,477802.35,89,43436.57727272727,3,4,4,344,11,Loyal Customers
CUST06584,2026-02-06,12,203962.9,145,16996.908333333333,3,4,3,343,10,Loyal Customers
CUST06585,2025-02-27,5,32497.4,489,6499.4800000000005,1,2,1,121,4,Lost Customers
CUST06586,2025-05-05,5,304198.14999999997,422,60839.62999999999,1,2,3,123,6,Others
CUST06587,2025-10-17,2,154696.9,257,77348.45,2,1,2,212,5,Lost Customers
CUST06588,2025-08-21,1,45000.0,314,45000.0,1,1,1,111,3,Lost Customers
CUST06589,2025-04-24,4,12555.25,433,3138.8125,1,2,1,121,4,Lost Customers
CUST06590,2026-03-27,11,310584.6,96,28234.963636363635,3,4,3,343,10,Loyal Customers
CUST06591,2026-06-12,15,334199.35,19,22279.956666666665,5,5,4,554,14,Champions
CUST06592,2026-06-17,19,627787.05,14,33041.42368421053,5,5,5,555,15,Champions
CUST06593,2025-11-01,2,149009.2,242,74504.6,2,1,2,212,5,Lost Customers
CUST06594,2025-11-01,14,334294.85000000003,242,23878.203571428574,2,5,4,254,11,At Risk
CUST06595,2026-05-30,3,165666.55,32,55222.18333333333,4,1,2,412,7,Others
CUST06596,2026-06-06,9,716633.1,25,79625.9,5,4,5,545,14,Champions
CUST06597,2026-05-21,16,651722.4,41,40732.65,4,5,5,455,14,Champions
CUST06598,2026-03-08,2,42305.85,115,21152.925,3,1,1,311,5,Others
CUST06599,2025-08-24,6,229465.05,311,38244.174999999996,2,3,3,233,8,At Risk
CUST06600,2026-03-31,1,6645.6,92,6645.6,3,1,1,311,5,Others
CUST06601,2026-05-25,15,693592.4,37,46239.49333333333,4,5,5,455,14,Champions
CUST06602,2025-10-19,6,237144.44999999998,255,39524.075,2,3,3,233,8,At Risk
CUST06603,2026-05-28,17,648676.2,34,38157.42352941176,4,5,5,455,14,Champions
CUST06604,2026-05-10,16,1003246.95,52,62702.934375,4,5,5,455,14,Champions
CUST06605,2026-06-13,8,251905.15,18,31488.14375,5,3,3,533,11,Potential Loyalists
CUST06606,2026-06-30,5,105107.65,1,21021.53,5,2,2,522,9,Potential Loyalists
CUST06607,2026-01-26,5,106139.30000000002,156,21227.860000000004,2,2,2,222,6,Lost Customers
CUST06608,2026-05-11,15,562893.55,51,37526.23666666667,4,5,4,454,13,Champions
CUST06609,2026-01-17,11,477182.85,165,43380.25909090909,2,4,4,244,10,At Risk
CUST06610,2025-07-12,4,146900.4,354,36725.1,1,2,2,122,5,Lost Customers
CUST06611,2025-05-20,4,78973.40000000001,407,19743.350000000002,1,2,2,122,5,Lost Customers
CUST06612,2026-05-23,2,61701.3,39,30850.65,4,1,1,411,6,Others
CUST06613,2026-05-25,12,301186.05,37,25098.837499999998,4,4,3,443,11,Loyal Customers
CUST06614,2026-01-10,3,176645.9,172,58881.96666666667,2,1,3,213,6,Others
CUST06615,2025-04-24,7,310235.1,433,44319.299999999996,1,3,3,133,7,At Risk
CUST06616,2026-04-25,12,581006.95,67,48417.24583333333,4,4,4,444,12,Champions
CUST06617,2026-01-08,7,482944.7,174,68992.1,2,3,4,234,9,At Risk
CUST06618,2025-10-28,2,79668.0,246,39834.0,2,1,2,212,5,Lost Customers
CUST06619,2026-01-11,14,434777.1,171,31055.507142857143,2,5,4,254,11,At Risk
CUST06620,2026-05-03,11,215535.2,59,19594.109090909093,4,4,3,443,11,Loyal Customers
CUST06621,2026-04-24,2,84277.5,68,42138.75,4,1,2,412,7,Others
CUST06622,2026-06-05,11,429493.25,26,39044.84090909091,5,4,4,544,13,Champions
CUST06623,2026-03-07,6,121196.05,116,20199.341666666667,3,3,2,332,8,Others
CUST06624,2026-04-20,10,477223.7,72,47722.37,3,4,4,344,11,Loyal Customers
CUST06625,2025-12-19,2,42696.65,194,21348.325,2,1,1,211,4,Lost Customers
CUST06626,2026-01-25,15,1364194.4,157,90946.29333333332,2,5,5,255,12,At Risk
CUST06627,2026-04-30,13,734136.0,62,56472.0,4,5,5,455,14,Champions
CUST06628,2026-05-30,13,271928.60000000003,32,20917.584615384618,4,5,3,453,12,Loyal Customers
CUST06629,2025-06-28,5,383501.3,368,76700.26,1,2,4,124,7,Others
CUST06630,2026-04-28,3,66322.9,64,22107.63333333333,4,1,1,411,6,Others
CUST06631,2026-05-12,10,512419.65,50,51241.965000000004,4,4,4,444,12,Champions
CUST06632,2026-04-13,9,226166.45,79,25129.605555555558,3,4,3,343,10,Loyal Customers
CUST06633,2026-06-30,8,264672.0,1,33084.0,5,3,3,533,11,Potential Loyalists
CUST06634,2025-06-11,3,51139.3,385,17046.433333333334,1,1,1,111,3,Lost Customers
CUST06635,2026-06-11,7,244833.75,20,34976.25,5,3,3,533,11,Potential Loyalists
CUST06636,2026-06-19,4,77016.5,12,19254.125,5,2,2,522,9,Potential Loyalists
CUST06637,2026-01-18,4,267293.0,164,66823.25,2,2,3,223,7,Others
CUST06638,2026-06-16,28,1479267.95,15,52830.99821428571,5,5,5,555,15,Champions
CUST06639,2025-08-01,6,359273.4,334,59878.9,1,3,4,134,8,At Risk
CUST06640,2026-01-02,12,356885.5,180,29740.458333333332,2,4,4,244,10,At Risk
CUST06641,2025-01-21,5,204327.90000000002,526,40865.58,1,2,3,123,6,Others
CUST06642,2025-11-08,8,468558.65,235,58569.83125,2,3,4,234,9,At Risk
CUST06643,2024-06-15,3,188520.55,746,62840.18333333333,1,1,3,113,5,Others
CUST06644,2026-05-16,8,317218.95,46,39652.36875,4,3,3,433,10,Potential Loyalists
CUST06645,2025-10-29,4,141318.05,245,35329.5125,2,2,2,222,6,Lost Customers
CUST06646,2026-06-15,11,308039.25,16,28003.56818181818,5,4,3,543,12,Loyal Customers
CUST06647,2026-01-07,3,58759.85,175,19586.616666666665,2,1,1,211,4,Lost Customers
CUST06648,2026-05-18,9,415837.3,44,46204.14444444444,4,4,4,444,12,Champions
CUST06649,2026-04-28,9,265896.45,64,29544.050000000003,4,4,3,443,11,Loyal Customers
CUST06650,2026-04-14,16,401634.95,78,25102.184375,3,5,4,354,12,Loyal Customers
CUST06651,2026-06-13,23,1581135.35,18,68745.01521739131,5,5,5,555,15,Champions
CUST06652,2025-08-14,6,575465.4,321,95910.90000000001,1,3,4,134,8,At Risk
CUST06653,2025-08-23,4,53292.799999999996,312,13323.199999999999,2,2,1,221,5,Lost Customers
CUST06654,2024-08-29,1,1922.4,671,1922.4,1,1,1,111,3,Lost Customers
CUST06655,2026-05-25,5,402735.25,37,80547.05,4,2,4,424,10,Potential Loyalists
CUST06656,2025-12-08,4,133230.6,205,33307.65,2,2,2,222,6,Lost Customers
CUST06657,2026-06-17,15,722358.35,14,48157.223333333335,5,5,5,555,15,Champions
CUST06658,2026-06-29,20,655041.4,2,32752.07,5,5,5,555,15,Champions
CUST06659,2026-06-24,9,398710.3,7,44301.14444444444,5,4,4,544,13,Champions
CUST06660,2026-06-20,25,1012691.55,11,40507.662000000004,5,5,5,555,15,Champions
CUST06661,2025-02-25,1,77039.1,491,77039.1,1,1,2,112,4,Lost Customers
CUST06662,2026-04-03,10,268305.10000000003,89,26830.510000000002,3,4,3,343,10,Loyal Customers
CUST06663,2025-12-19,2,25656.6,194,12828.3,2,1,1,211,4,Lost Customers
CUST06664,2025-07-25,3,32091.3,341,10697.1,1,1,1,111,3,Lost Customers
CUST06665,2026-06-06,11,621132.0,25,56466.545454545456,5,4,5,545,14,Champions
CUST06666,2025-12-18,9,251511.0,195,27945.666666666668,2,4,3,243,9,At Risk
CUST06667,2026-01-12,8,238069.55,170,29758.69375,2,3,3,233,8,At Risk
CUST06668,2026-06-11,11,342561.15,20,31141.92272727273,5,4,4,544,13,Champions
CUST06669,2026-04-12,5,423161.4,80,84632.28,3,2,4,324,9,Others
CUST06670,2024-06-03,2,97437.54999999999,758,48718.774999999994,1,1,2,112,4,Lost Customers
CUST06671,2026-02-09,18,661671.1,142,36759.50555555555,3,5,5,355,13,Loyal Customers
CUST06672,2026-01-29,8,203758.9,153,25469.8625,2,3,3,233,8,At Risk
CUST06673,2025-09-20,3,79925.05,284,26641.683333333334,2,1,2,212,5,Lost Customers
CUST06674,2025-10-18,1,47233.8,256,47233.8,2,1,1,211,4,Lost Customers
CUST06675,2026-04-04,4,79251.0,88,19812.75,3,2,2,322,7,Others
CUST06676,2026-01-23,7,186864.7,159,26694.957142857143,2,3,3,233,8,At Risk
CUST06677,2025-04-09,5,231387.9,448,46277.58,1,2,3,123,6,Others
CUST06678,2026-02-10,6,157898.35,141,26316.391666666666,3,3,2,332,8,Others
CUST06679,2025-07-19,5,122691.75,347,24538.35,1,2,2,122,5,Lost Customers
CUST06680,2025-11-28,10,294641.6,215,29464.159999999996,2,4,3,243,9,At Risk
CUST06681,2025-12-26,5,78612.2,187,15722.439999999999,2,2,2,222,6,Lost Customers
CUST06682,2025-04-16,4,72697.55,441,18174.3875,1,2,2,122,5,Lost Customers
CUST06683,2026-04-08,5,225705.19999999998,84,45141.03999999999,3,2,3,323,8,Others
CUST06684,2026-06-01,17,803175.4,30,47245.611764705885,4,5,5,455,14,Champions
CUST06685,2026-03-09,9,634065.65,114,70451.7388888889,3,4,5,345,12,Loyal Customers
CUST06686,2025-09-12,3,47376.45,292,15792.15,2,1,1,211,4,Lost Customers
CUST06687,2026-05-24,15,553357.65,38,36890.51,4,5,4,454,13,Champions
CUST06688,2026-06-23,26,1170065.95,8,45002.536538461536,5,5,5,555,15,Champions
CUST06689,2026-04-16,3,99262.85,76,33087.61666666667,3,1,2,312,6,Others
CUST06690,2026-06-26,10,209645.75,5,20964.575,5,4,3,543,12,Loyal Customers
CUST06691,2024-09-17,1,14286.0,652,14286.0,1,1,1,111,3,Lost Customers
CUST06692,2026-05-01,12,352151.7,61,29345.975000000002,4,4,4,444,12,Champions
CUST06693,2026-06-18,6,277727.85,13,46287.975,5,3,3,533,11,Potential Loyalists
CUST06694,2025-07-16,2,20526.0,350,10263.0,1,1,1,111,3,Lost Customers
CUST06695,2025-03-21,4,117420.7,467,29355.175,1,2,2,122,5,Lost Customers
CUST06696,2026-02-16,14,958840.9,135,68488.63571428572,3,5,5,355,13,Loyal Customers
CUST06697,2025-08-18,3,13983.1,317,4661.033333333334,1,1,1,111,3,Lost Customers
CUST06698,2025-06-23,3,180022.1,373,60007.36666666667,1,1,3,113,5,Others
CUST06699,2026-06-29,19,747819.05,2,39358.89736842106,5,5,5,555,15,Champions
CUST06700,2026-06-29,16,1047475.15,2,65467.196875,5,5,5,555,15,Champions
CUST06701,2026-05-29,11,364140.95,33,33103.722727272725,4,4,4,444,12,Champions
CUST06702,2026-05-29,18,1123195.9,33,62399.772222222215,4,5,5,455,14,Champions
CUST06703,2024-02-27,3,25360.9,855,8453.633333333333,1,1,1,111,3,Lost Customers
CUST06704,2024-07-28,2,65512.2,703,32756.1,1,1,1,111,3,Lost Customers
CUST06705,2025-04-26,1,12664.8,431,12664.8,1,1,1,111,3,Lost Customers
CUST06706,2026-05-09,9,270684.45,53,30076.050000000003,4,4,3,443,11,Loyal Customers
CUST06707,2025-11-01,5,241687.7,242,48337.54,2,2,3,223,7,Others
CUST06708,2024-12-28,1,21132.0,550,21132.0,1,1,1,111,3,Lost Customers
CUST06709,2025-03-13,4,33547.0,475,8386.75,1,2,1,121,4,Lost Customers
CUST06710,2026-06-01,12,427249.5,30,35604.125,4,4,4,444,12,Champions
CUST06711,2025-03-16,2,60688.65,472,30344.325,1,1,1,111,3,Lost Customers
CUST06712,2026-06-28,13,372336.4,3,28641.261538461542,5,5,4,554,14,Champions
CUST06713,2026-05-24,13,404545.05,38,31118.85,4,5,4,454,13,Champions
CUST06714,2025-11-09,9,338768.25,234,37640.916666666664,2,4,4,244,10,At Risk
CUST06715,2026-06-15,17,1546351.45,16,90961.84999999999,5,5,5,555,15,Champions
CUST06716,2026-06-26,12,573247.55,5,47770.62916666667,5,4,4,544,13,Champions
CUST06717,2026-06-08,14,887602.8,23,63400.200000000004,5,5,5,555,15,Champions
CUST06718,2026-04-20,14,371934.9,72,26566.778571428575,3,5,4,354,12,Loyal Customers
CUST06719,2026-03-27,14,392048.65,96,28003.475000000002,3,5,4,354,12,Loyal Customers
CUST06720,2026-03-13,7,475563.0,110,67937.57142857143,3,3,4,334,10,Others
CUST06721,2026-04-03,6,204356.15,89,34059.35833333333,3,3,3,333,9,Others
CUST06722,2025-05-15,6,194824.3,412,32470.716666666664,1,3,3,133,7,At Risk
CUST06723,2025-06-19,3,82439.4,377,27479.8,1,1,2,112,4,Lost Customers
CUST06724,2025-12-18,2,12821.8,195,6410.9,2,1,1,211,4,Lost Customers
CUST06725,2025-05-12,7,434705.7,415,62100.81428571429,1,3,4,134,8,At Risk
CUST06726,2026-03-19,9,197162.0,104,21906.88888888889,3,4,3,343,10,Loyal Customers
CUST06727,2025-12-30,6,121844.15000000001,183,20307.358333333334,2,3,2,232,7,At Risk
CUST06728,2025-08-29,4,153355.6,306,38338.9,2,2,2,222,6,Lost Customers
CUST06729,2026-04-09,8,176232.4,83,22029.05,3,3,3,333,9,Others
CUST06730,2026-05-29,18,973115.0,33,54061.944444444445,4,5,5,455,14,Champions
CUST06731,2025-03-11,2,26140.2,477,13070.1,1,1,1,111,3,Lost Customers
CUST06732,2026-02-09,15,792276.85,142,52818.456666666665,3,5,5,355,13,Loyal Customers
CUST06733,2025-06-21,3,40768.35,375,13589.449999999999,1,1,1,111,3,Lost Customers
CUST06734,2025-07-30,1,52169.4,336,52169.4,1,1,1,111,3,Lost Customers
CUST06735,2026-05-29,12,544351.8,33,45362.65,4,4,4,444,12,Champions
CUST06736,2026-04-30,9,639965.3999999999,62,71107.26666666666,4,4,5,445,13,Champions
CUST06737,2025-09-16,6,194938.84999999998,288,32489.80833333333,2,3,3,233,8,At Risk
CUST06738,2026-06-21,16,904608.8,10,56538.05,5,5,5,555,15,Champions
CUST06739,2026-04-21,10,254213.05000000002,71,25421.305,3,4,3,343,10,Loyal Customers
CUST06740,2026-06-03,23,833814.7,28,36252.81304347826,5,5,5,555,15,Champions
CUST06741,2026-03-06,7,659785.6,117,94255.08571428571,3,3,5,335,11,Others
CUST06742,2026-04-21,6,128699.65000000001,71,21449.94166666667,3,3,2,332,8,Others
CUST06743,2026-02-04,13,207475.15,147,15959.626923076923,2,5,3,253,10,At Risk
CUST06744,2026-05-07,7,258107.4,55,36872.485714285714,4,3,3,433,10,Potential Loyalists
CUST06745,2026-06-19,16,728959.55,12,45559.971875,5,5,5,555,15,Champions
CUST06746,2026-06-12,7,215073.6,19,30724.8,5,3,3,533,11,Potential Loyalists
CUST06747,2026-03-14,8,453718.95,109,56714.86875,3,3,4,334,10,Others
CUST06748,2025-03-11,3,57485.2,477,19161.733333333334,1,1,1,111,3,Lost Customers
CUST06749,2026-05-14,5,458203.55000000005,48,91640.71,4,2,4,424,10,Potential Loyalists
CUST06750,2026-03-23,9,272421.45,100,30269.050000000003,3,4,3,343,10,Loyal Customers
CUST06751,2024-04-06,1,12439.8,816,12439.8,1,1,1,111,3,Lost Customers
CUST06752,2025-08-22,4,122745.54999999999,313,30686.387499999997,2,2,2,222,6,Lost Customers
CUST06753,2026-04-15,12,698903.3,77,58241.94166666667,3,4,5,345,12,Loyal Customers
CUST06754,2025-12-19,8,468448.85,194,58556.10625,2,3,4,234,9,At Risk
CUST06755,2025-07-10,7,227588.35,356,32512.62142857143,1,3,3,133,7,At Risk
CUST06756,2026-06-22,16,921492.8,9,57593.3,5,5,5,555,15,Champions
CUST06757,2025-11-27,5,273069.5,216,54613.9,2,2,3,223,7,Others
CUST06758,2026-05-16,10,422335.64999999997,46,42233.564999999995,4,4,4,444,12,Champions
CUST06759,2026-06-12,5,423508.85,19,84701.76999999999,5,2,4,524,11,Potential Loyalists
CUST06760,2026-05-20,14,447562.9,42,31968.778571428575,4,5,4,454,13,Champions
CUST06761,2026-05-30,7,179761.95,32,25680.278571428575,4,3,3,433,10,Potential Loyalists
CUST06762,2024-02-15,1,2178.0,867,2178.0,1,1,1,111,3,Lost Customers
CUST06763,2024-11-15,2,2586.8,593,1293.4,1,1,1,111,3,Lost Customers
CUST06764,2026-06-10,5,239202.45,21,47840.490000000005,5,2,3,523,10,Potential Loyalists
CUST06765,2026-01-13,5,84916.1,169,16983.22,2,2,2,222,6,Lost Customers
CUST06766,2025-08-26,6,666369.4,309,111061.56666666667,2,3,5,235,10,At Risk
CUST06767,2026-01-28,5,433842.8,154,86768.56,2,2,4,224,8,Others
CUST06768,2026-04-27,8,109489.6,65,13686.2,4,3,2,432,9,Potential Loyalists
CUST06769,2026-06-20,14,452558.45,11,32325.60357142857,5,5,4,554,14,Champions
CUST06770,2025-08-06,3,58698.55,329,19566.183333333334,1,1,1,111,3,Lost Customers
CUST06771,2026-06-03,12,211801.45,28,17650.120833333334,5,4,3,543,12,Loyal Customers
CUST06772,2025-08-31,3,17342.65,304,5780.883333333334,2,1,1,211,4,Lost Customers
CUST06773,2025-10-27,2,8475.9,247,4237.95,2,1,1,211,4,Lost Customers
CUST06774,2026-06-19,10,269975.8,12,26997.579999999998,5,4,3,543,12,Loyal Customers
CUST06775,2025-04-16,5,154949.1,441,30989.82,1,2,2,122,5,Lost Customers
CUST06776,2026-03-20,2,158527.15,103,79263.575,3,1,2,312,6,Others
CUST06777,2026-05-07,11,810071.75,55,73642.88636363637,4,4,5,445,13,Champions
CUST06778,2024-04-15,1,44831.55,807,44831.55,1,1,1,111,3,Lost Customers
CUST06779,2025-12-18,7,112937.3,195,16133.9,2,3,2,232,7,At Risk
CUST06780,2025-11-16,5,130968.45,227,26193.69,2,2,2,222,6,Lost Customers
CUST06781,2026-06-22,10,565346.75,9,56534.675,5,4,4,544,13,Champions
CUST06782,2025-07-27,7,183848.85,339,26264.12142857143,1,3,3,133,7,At Risk
CUST06783,2026-05-03,24,880680.45,59,36695.018749999996,4,5,5,455,14,Champions
CUST06784,2026-06-10,4,40236.35,21,10059.0875,5,2,1,521,8,Potential Loyalists
CUST06785,2026-06-11,12,423303.19999999995,20,35275.26666666666,5,4,4,544,13,Champions
CUST06786,2025-07-28,4,242418.6,338,60604.65,1,2,3,123,6,Others
CUST06787,2026-05-17,5,471330.35,45,94266.06999999999,4,2,4,424,10,Potential Loyalists
CUST06788,2025-10-27,4,167757.6,247,41939.4,2,2,2,222,6,Lost Customers
CUST06789,2026-06-21,32,1400635.05,10,43769.8453125,5,5,5,555,15,Champions
CUST06790,2026-06-30,26,1476737.4000000001,1,56797.59230769231,5,5,5,555,15,Champions
CUST06791,2024-09-16,1,95964.25,653,95964.25,1,1,2,112,4,Lost Customers
CUST06792,2026-06-22,8,424717.95,9,53089.74375,5,3,4,534,12,Potential Loyalists
CUST06793,2025-04-25,5,128241.3,432,25648.260000000002,1,2,2,122,5,Lost Customers
CUST06794,2026-05-11,8,417347.2,51,52168.4,4,3,4,434,11,Potential Loyalists
CUST06795,2025-07-07,2,1762.4,359,881.2,1,1,1,111,3,Lost Customers
CUST06796,2026-03-25,8,329518.75,98,41189.84375,3,3,4,334,10,Others
CUST06797,2026-06-02,5,71548.95,29,14309.789999999999,5,2,1,521,8,Potential Loyalists
CUST06798,2025-12-09,6,188676.15,204,31446.024999999998,2,3,3,233,8,At Risk
CUST06799,2026-05-01,17,1136307.35,61,66841.60882352942,4,5,5,455,14,Champions
CUST06800,2025-11-18,13,719877.8999999999,225,55375.22307692307,2,5,5,255,12,At Risk
CUST06801,2026-06-01,11,134361.6,30,12214.69090909091,4,4,2,442,10,Loyal Customers
CUST06802,2026-04-28,23,847152.1,64,36832.7,4,5,5,455,14,Champions
CUST06803,2026-03-29,11,605220.75,94,55020.068181818184,3,4,5,345,12,Loyal Customers
CUST06804,2025-04-06,4,44560.9,451,11140.225,1,2,1,121,4,Lost Customers
CUST06805,2025-12-08,2,10681.2,205,5340.6,2,1,1,211,4,Lost Customers
CUST06806,2026-06-27,4,14698.25,4,3674.5625,5,2,1,521,8,Potential Loyalists
CUST06807,2025-07-25,3,27224.25,341,9074.75,1,1,1,111,3,Lost Customers
CUST06808,2026-04-08,16,1328387.05,84,83024.190625,3,5,5,355,13,Loyal Customers
CUST06809,2025-08-14,4,150491.65,321,37622.9125,1,2,2,122,5,Lost Customers
CUST06810,2026-01-17,14,734166.9500000001,165,52440.49642857143,2,5,5,255,12,At Risk
CUST06811,2026-05-17,3,33265.05,45,11088.35,4,1,1,411,6,Others
CUST06812,2026-06-18,12,468122.6,13,39010.21666666667,5,4,4,544,13,Champions
CUST06813,2025-10-31,9,439221.8,243,48802.42222222222,2,4,4,244,10,At Risk
CUST06814,2026-05-06,14,633895.65,56,45278.260714285716,4,5,5,455,14,Champions
CUST06815,2026-04-24,4,241359.5,68,60339.875,4,2,3,423,9,Potential Loyalists
CUST06816,2025-05-17,4,100769.35,410,25192.3375,1,2,2,122,5,Lost Customers
CUST06817,2026-05-02,14,753226.0,60,53801.857142857145,4,5,5,455,14,Champions
CUST06818,2026-05-28,20,1244384.85,34,62219.24250000001,4,5,5,455,14,Champions
CUST06819,2026-02-09,20,868921.7000000001,142,43446.08500000001,3,5,5,355,13,Loyal Customers
CUST06820,2026-05-24,14,540921.4,38,38637.24285714286,4,5,4,454,13,Champions
CUST06821,2026-06-18,1,108693.0,13,108693.0,5,1,2,512,8,Others
CUST06822,2025-05-16,2,5444.5,411,2722.25,1,1,1,111,3,Lost Customers
CUST06823,2026-05-26,11,198156.25,36,18014.204545454544,4,4,3,443,11,Loyal Customers
CUST06824,2026-04-03,14,631838.8,89,45131.34285714286,3,5,5,355,13,Loyal Customers
CUST06825,2026-05-25,17,510649.8,37,30038.223529411764,4,5,4,454,13,Champions
CUST06826,2026-01-10,8,293535.5,172,36691.9375,2,3,3,233,8,At Risk
CUST06827,2025-09-14,1,94338.0,290,94338.0,2,1,2,212,5,Lost Customers
CUST06828,2026-05-27,2,54173.700000000004,35,27086.850000000002,4,1,1,411,6,Others
CUST06829,2025-02-23,2,86182.70000000001,493,43091.350000000006,1,1,2,112,4,Lost Customers
CUST06830,2026-06-03,13,854415.2999999999,28,65724.25384615384,5,5,5,555,15,Champions
CUST06831,2026-05-21,10,230617.25,41,23061.725,4,4,3,443,11,Loyal Customers
CUST06832,2026-06-26,13,1237977.45,5,95229.03461538462,5,5,5,555,15,Champions
CUST06833,2026-06-30,8,219481.0,1,27435.125,5,3,3,533,11,Potential Loyalists
CUST06834,2025-03-27,2,4076.2,461,2038.1,1,1,1,111,3,Lost Customers
CUST06835,2026-05-04,10,430113.15,58,43011.315,4,4,4,444,12,Champions
CUST06836,2025-11-13,3,15593.3,230,5197.766666666666,2,1,1,211,4,Lost Customers
CUST06837,2026-06-29,22,1441885.05,2,65540.22954545455,5,5,5,555,15,Champions
CUST06838,2026-06-26,21,1034900.9,5,49280.99523809524,5,5,5,555,15,Champions
CUST06839,2024-01-20,1,171849.6,893,171849.6,1,1,2,112,4,Lost Customers
CUST06840,2025-10-18,6,180437.2,256,30072.86666666667,2,3,3,233,8,At Risk
CUST06841,2026-03-21,4,101003.20000000001,102,25250.800000000003,3,2,2,322,7,Others
CUST06842,2025-09-20,3,22738.05,284,7579.349999999999,2,1,1,211,4,Lost Customers
CUST06843,2024-08-04,2,59136.0,696,29568.0,1,1,1,111,3,Lost Customers
CUST06844,2026-06-19,6,307711.8,12,51285.299999999996,5,3,3,533,11,Potential Loyalists
CUST06845,2025-06-11,3,86944.1,385,28981.36666666667,1,1,2,112,4,Lost Customers
CUST06846,2026-06-30,5,100350.0,1,20070.0,5,2,2,522,9,Potential Loyalists
CUST06847,2026-06-12,8,553649.25,19,69206.15625,5,3,4,534,12,Potential Loyalists
CUST06848,2026-04-11,17,851518.05,81,50089.29705882353,3,5,5,355,13,Loyal Customers
CUST06849,2026-06-25,9,543711.05,6,60412.338888888895,5,4,4,544,13,Champions
CUST06850,2025-11-24,7,425157.2,219,60736.74285714286,2,3,4,234,9,At Risk
CUST06851,2026-05-04,15,587651.6,58,39176.77333333333,4,5,5,455,14,Champions
CUST06852,2026-02-24,10,642998.05,127,64299.80500000001,3,4,5,345,12,Loyal Customers
CUST06853,2026-05-29,14,1046394.1,33,74742.43571428572,4,5,5,455,14,Champions
CUST06854,2025-01-26,5,107239.2,521,21447.84,1,2,2,122,5,Lost Customers
CUST06855,2026-06-18,13,318962.05,13,24535.542307692307,5,5,3,553,13,Loyal Customers
CUST06856,2026-04-27,8,244088.65,65,30511.08125,4,3,3,433,10,Potential Loyalists
CUST06857,2025-10-29,4,210219.2,245,52554.8,2,2,3,223,7,Others
CUST06858,2025-12-06,1,2064.0,207,2064.0,2,1,1,211,4,Lost Customers
CUST06859,2026-04-17,9,805241.05,75,89471.22777777778,3,4,5,345,12,Loyal Customers
CUST06860,2026-04-01,8,375519.75,91,46939.96875,3,3,4,334,10,Others
CUST06861,2026-06-06,4,190879.0,25,47719.75,5,2,3,523,10,Potential Loyalists
CUST06862,2025-12-12,5,122785.8,201,24557.16,2,2,2,222,6,Lost Customers
CUST06863,2025-08-09,4,163153.55,326,40788.3875,1,2,2,122,5,Lost Customers
CUST06864,2025-10-14,3,67942.15,260,22647.38333333333,2,1,1,211,4,Lost Customers
CUST06865,2024-12-18,3,59346.7,560,19782.233333333334,1,1,1,111,3,Lost Customers
CUST06866,2026-03-05,5,265094.1,118,53018.81999999999,3,2,3,323,8,Others
CUST06867,2025-12-31,14,449591.7,182,32113.692857142858,2,5,4,254,11,At Risk
CUST06868,2025-07-08,5,30494.949999999997,358,6098.99,1,2,1,121,4,Lost Customers
CUST06869,2026-06-24,29,1291354.8,7,44529.47586206897,5,5,5,555,15,Champions
CUST06870,2024-06-12,1,84444.0,749,84444.0,1,1,2,112,4,Lost Customers
CUST06871,2026-04-27,7,223118.1,65,31874.014285714286,4,3,3,433,10,Potential Loyalists
CUST06872,2025-11-06,1,2128.8,237,2128.8,2,1,1,211,4,Lost Customers
CUST06873,2026-06-24,8,211545.95,7,26443.24375,5,3,3,533,11,Potential Loyalists
CUST06874,2026-02-18,14,135438.15,133,9674.153571428571,3,5,2,352,10,Loyal Customers
CUST06875,2026-04-26,6,146661.85,66,24443.641666666666,4,3,2,432,9,Potential Loyalists
CUST06876,2026-06-13,9,342998.5,18,38110.944444444445,5,4,4,544,13,Champions
CUST06877,2026-05-29,15,708002.9,33,47200.193333333336,4,5,5,455,14,Champions
CUST06878,2026-04-23,18,1076431.95,69,59801.774999999994,4,5,5,455,14,Champions
CUST06879,2026-01-16,20,905382.8,166,45269.14,2,5,5,255,12,At Risk
CUST06880,2024-05-31,1,632.4,761,632.4,1,1,1,111,3,Lost Customers
CUST06881,2025-04-12,5,40306.15,445,8061.2300000000005,1,2,1,121,4,Lost Customers
CUST06882,2026-03-26,3,19698.5,97,6566.166666666667,3,1,1,311,5,Others
CUST06883,2026-06-26,14,787399.5,5,56242.82142857143,5,5,5,555,15,Champions
CUST06884,2025-07-05,4,33637.75,361,8409.4375,1,2,1,121,4,Lost Customers
CUST06885,2025-12-11,5,78666.55,202,15733.310000000001,2,2,2,222,6,Lost Customers
CUST06886,2026-01-24,3,88083.65,158,29361.216666666664,2,1,2,212,5,Lost Customers
CUST06887,2025-12-06,8,478701.95,207,59837.74375,2,3,4,234,9,At Risk
CUST06888,2026-06-02,13,609537.1,29,46887.46923076923,5,5,5,555,15,Champions
CUST06889,2025-03-11,4,67018.1,477,16754.525,1,2,1,121,4,Lost Customers
CUST06890,2026-06-09,11,452193.3,22,41108.48181818182,5,4,4,544,13,Champions
CUST06891,2026-05-19,5,165078.85,43,33015.770000000004,4,2,2,422,8,Potential Loyalists
CUST06892,2026-04-28,6,75907.2,64,12651.199999999999,4,3,2,432,9,Potential Loyalists
CUST06893,2026-04-07,10,193949.0,85,19394.9,3,4,3,343,10,Loyal Customers
CUST06894,2025-10-10,4,45814.0,264,11453.5,2,2,1,221,5,Lost Customers
CUST06895,2026-06-30,18,938670.3,1,52148.350000000006,5,5,5,555,15,Champions
CUST06896,2025-01-09,1,1900.0,538,1900.0,1,1,1,111,3,Lost Customers
CUST06897,2025-12-17,14,642554.55,196,45896.75357142858,2,5,5,255,12,At Risk
CUST06898,2026-05-13,8,320374.2,49,40046.775,4,3,3,433,10,Potential Loyalists
CUST06899,2025-08-23,1,16184.8,312,16184.8,2,1,1,211,4,Lost Customers
CUST06900,2026-06-14,24,1280612.25,17,53358.84375,5,5,5,555,15,Champions
CUST06901,2026-06-28,7,305488.5,3,43641.21428571428,5,3,3,533,11,Potential Loyalists
CUST06902,2026-01-25,8,336818.65,157,42102.33125,2,3,4,234,9,At Risk
CUST06903,2026-06-04,8,148026.6,27,18503.325,5,3,2,532,10,Potential Loyalists
CUST06904,2024-02-20,1,26361.0,862,26361.0,1,1,1,111,3,Lost Customers
CUST06905,2025-04-21,3,78153.5,436,26051.166666666668,1,1,2,112,4,Lost Customers
CUST06906,2025-08-28,2,86054.0,307,43027.0,2,1,2,212,5,Lost Customers
CUST06907,2026-05-15,10,310942.1,47,31094.21,4,4,3,443,11,Loyal Customers
CUST06908,2026-03-16,9,560322.75,107,62258.083333333336,3,4,4,344,11,Loyal Customers
CUST06909,2026-06-23,3,91535.7,8,30511.899999999998,5,1,2,512,8,Others
CUST06910,2026-02-01,3,200090.0,150,66696.66666666667,2,1,3,213,6,Others
CUST06911,2025-08-26,10,640929.2,309,64092.92,2,4,5,245,11,At Risk
CUST06912,2025-11-20,4,181442.7,223,45360.675,2,2,3,223,7,Others
CUST06913,2024-11-28,2,33132.0,580,16566.0,1,1,1,111,3,Lost Customers
CUST06914,2026-05-06,10,733603.8,56,73360.38,4,4,5,445,13,Champions
CUST06915,2025-07-31,2,32133.55,335,16066.775,1,1,1,111,3,Lost Customers
CUST06916,2026-06-19,20,669304.5,12,33465.225,5,5,5,555,15,Champions
CUST06917,2026-04-30,25,816538.95,62,32661.557999999997,4,5,5,455,14,Champions
CUST06918,2026-06-11,6,410522.0,20,68420.33333333333,5,3,4,534,12,Potential Loyalists
CUST06919,2026-05-05,3,41874.9,57,13958.300000000001,4,1,1,411,6,Others
CUST06920,2025-09-27,1,33472.8,277,33472.8,2,1,1,211,4,Lost Customers
CUST06921,2026-02-15,11,322200.25,136,29290.93181818182,3,4,3,343,10,Loyal Customers
CUST06922,2026-03-02,6,375832.05,121,62638.674999999996,3,3,4,334,10,Others
CUST06923,2026-05-13,12,264509.6,49,22042.466666666664,4,4,3,443,11,Loyal Customers
CUST06924,2026-01-31,1,30517.55,151,30517.55,2,1,1,211,4,Lost Customers
CUST06925,2026-01-25,6,536888.1,157,89481.34999999999,2,3,4,234,9,At Risk
CUST06926,2026-01-04,2,88469.1,178,44234.55,2,1,2,212,5,Lost Customers
CUST06927,2026-06-13,7,142405.25,18,20343.60714285714,5,3,2,532,10,Potential Loyalists
CUST06928,2026-03-05,5,51947.1,118,10389.42,3,2,1,321,6,Others
CUST06929,2026-05-13,18,922135.4,49,51229.74444444445,4,5,5,455,14,Champions
CUST06930,2026-05-15,6,167564.5,47,27927.416666666668,4,3,2,432,9,Potential Loyalists
CUST06931,2026-05-29,25,1237272.65,33,49490.905999999995,4,5,5,455,14,Champions
CUST06932,2025-10-07,7,159059.15,267,22722.735714285714,2,3,2,232,7,At Risk
CUST06933,2026-06-12,8,247316.1,19,30914.5125,5,3,3,533,11,Potential Loyalists
CUST06934,2026-05-26,16,762651.7,36,47665.73125,4,5,5,455,14,Champions
CUST06935,2026-06-21,20,812257.2000000001,10,40612.86,5,5,5,555,15,Champions
CUST06936,2024-11-01,2,52088.0,607,26044.0,1,1,1,111,3,Lost Customers
CUST06937,2026-05-24,15,892355.0,38,59490.333333333336,4,5,5,455,14,Champions
CUST06938,2026-05-11,7,345326.65,51,49332.37857142858,4,3,4,434,11,Potential Loyalists
CUST06939,2025-06-08,4,152916.35,388,38229.0875,1,2,2,122,5,Lost Customers
CUST06940,2026-01-06,17,701664.5,176,41274.382352941175,2,5,5,255,12,At Risk
CUST06941,2026-06-26,4,26457.55,5,6614.3875,5,2,1,521,8,Potential Loyalists
CUST06942,2025-12-14,6,58919.4,199,9819.9,2,3,1,231,6,At Risk
CUST06943,2026-06-10,26,1057103.2,21,40657.81538461538,5,5,5,555,15,Champions
CUST06944,2026-05-07,10,430414.7,55,43041.47,4,4,4,444,12,Champions
CUST06945,2024-07-07,1,5920.4,724,5920.4,1,1,1,111,3,Lost Customers
CUST06946,2026-06-25,8,307227.35,6,38403.41875,5,3,3,533,11,Potential Loyalists
CUST06947,2026-04-21,4,71232.90000000001,71,17808.225000000002,3,2,1,321,6,Others
CUST06948,2026-03-17,6,129633.6,106,21605.600000000002,3,3,2,332,8,Others
CUST06949,2026-03-17,4,87534.95,106,21883.7375,3,2,2,322,7,Others
CUST06950,2026-04-06,7,181946.95,86,25992.42142857143,3,3,3,333,9,Others
CUST06951,2026-05-22,10,430622.3,40,43062.229999999996,4,4,4,444,12,Champions
CUST06952,2026-05-03,9,339339.8,59,37704.42222222222,4,4,4,444,12,Champions
CUST06953,2026-05-13,10,467560.80000000005,49,46756.08,4,4,4,444,12,Champions
CUST06954,2026-05-16,4,81548.0,46,20387.0,4,2,2,422,8,Potential Loyalists
CUST06955,2026-06-27,18,892583.55,4,49587.975000000006,5,5,5,555,15,Champions
CUST06956,2025-06-10,2,102257.35,386,51128.675,1,1,2,112,4,Lost Customers
CUST06957,2026-05-11,10,633180.2,51,63318.02,4,4,5,445,13,Champions
CUST06958,2025-03-24,1,20791.85,464,20791.85,1,1,1,111,3,Lost Customers
CUST06959,2025-11-09,15,532874.1,234,35524.939999999995,2,5,4,254,11,At Risk
CUST06960,2026-01-09,6,305894.35,173,50982.39166666666,2,3,3,233,8,At Risk
CUST06961,2026-04-02,7,266122.2,90,38017.45714285714,3,3,3,333,9,Others
CUST06962,2025-03-24,4,104301.3,464,26075.325,1,2,2,122,5,Lost Customers
CUST06963,2024-09-12,2,16344.8,657,8172.4,1,1,1,111,3,Lost Customers
CUST06964,2026-04-11,5,35425.35,81,7085.07,3,2,1,321,6,Others
CUST06965,2026-06-24,12,436645.64999999997,7,36387.1375,5,4,4,544,13,Champions
CUST06966,2026-06-17,23,1004533.0,14,43675.34782608696,5,5,5,555,15,Champions
CUST06967,2026-06-21,16,695949.15,10,43496.821875,5,5,5,555,15,Champions
CUST06968,2025-08-06,4,109670.04999999999,329,27417.512499999997,1,2,2,122,5,Lost Customers
CUST06969,2024-12-30,3,102131.1,548,34043.700000000004,1,1,2,112,4,Lost Customers
CUST06970,2026-06-30,18,573837.15,1,31879.841666666667,5,5,4,554,14,Champions
CUST06971,2025-04-09,2,35509.05,448,17754.525,1,1,1,111,3,Lost Customers
CUST06972,2026-03-07,8,294404.9,116,36800.6125,3,3,3,333,9,Others
CUST06973,2026-04-26,21,883192.15,66,42056.76904761905,4,5,5,455,14,Champions
CUST06974,2025-10-27,5,77955.4,247,15591.079999999998,2,2,2,222,6,Lost Customers
CUST06975,2025-08-16,5,87616.9,319,17523.379999999997,1,2,2,122,5,Lost Customers
CUST06976,2026-06-15,9,265758.05,16,29528.67222222222,5,4,3,543,12,Loyal Customers
CUST06977,2025-04-02,2,13855.400000000001,455,6927.700000000001,1,1,1,111,3,Lost Customers
CUST06978,2026-06-02,4,191122.15,29,47780.5375,5,2,3,523,10,Potential Loyalists
CUST06979,2026-05-12,21,908591.3,50,43266.252380952385,4,5,5,455,14,Champions
CUST06980,2026-01-17,4,134789.9,165,33697.475,2,2,2,222,6,Lost Customers
CUST06981,2025-02-28,3,39961.899999999994,488,13320.633333333331,1,1,1,111,3,Lost Customers
CUST06982,2026-05-13,7,143827.85,49,20546.835714285717,4,3,2,432,9,Potential Loyalists
CUST06983,2025-05-30,4,494434.8,397,123608.7,1,2,4,124,7,Others
CUST06984,2026-06-23,5,141607.2,8,28321.440000000002,5,2,2,522,9,Potential Loyalists
CUST06985,2026-06-17,6,107403.1,14,17900.516666666666,5,3,2,532,10,Potential Loyalists
CUST06986,2025-09-06,7,393200.25,298,56171.46428571428,2,3,4,234,9,At Risk
CUST06987,2025-08-22,6,220245.85,313,36707.64166666667,2,3,3,233,8,At Risk
CUST06988,2026-04-10,5,188354.45,82,37670.89,3,2,3,323,8,Others
CUST06989,2026-05-23,20,686075.05,39,34303.7525,4,5,5,455,14,Champions
CUST06990,2026-06-14,20,1448493.55,17,72424.6775,5,5,5,555,15,Champions
CUST06991,2026-01-05,9,191377.85,177,21264.205555555556,2,4,3,243,9,At Risk
CUST06992,2025-11-13,2,18718.85,230,9359.425,2,1,1,211,4,Lost Customers
CUST06993,2026-05-26,9,352904.7,36,39211.63333333333,4,4,4,444,12,Champions
CUST06994,2024-05-08,1,7840.35,784,7840.35,1,1,1,111,3,Lost Customers
CUST06995,2026-05-10,16,665016.45,52,41563.528125,4,5,5,455,14,Champions
CUST06996,2024-06-14,1,5472.0,747,5472.0,1,1,1,111,3,Lost Customers
CUST06997,2026-03-04,11,263522.95,119,23956.63181818182,3,4,3,343,10,Loyal Customers
CUST06998,2026-04-28,7,221511.4,64,31644.485714285714,4,3,3,433,10,Potential Loyalists
CUST06999,2026-04-28,13,156616.85,64,12047.45,4,5,2,452,11,Loyal Customers
CUST07000,2026-05-13,10,268732.3,49,26873.23,4,4,3,443,11,Loyal Customers
CUST07001,2026-01-05,7,120913.25,177,17273.321428571428,2,3,2,232,7,At Risk
CUST07002,2026-05-31,15,489104.89999999997,31,32606.993333333332,4,5,4,454,13,Champions
CUST07003,2026-05-22,11,165466.55,40,15042.413636363635,4,4,2,442,10,Loyal Customers
CUST07004,2025-06-28,5,76146.3,368,15229.26,1,2,2,122,5,Lost Customers
CUST07005,2026-06-18,3,88478.70000000001,13,29492.900000000005,5,1,2,512,8,Others
CUST07006,2026-01-05,7,308171.5,177,44024.5,2,3,3,233,8,At Risk
CUST07007,2025-12-24,3,114316.6,189,38105.53333333333,2,1,2,212,5,Lost Customers
CUST07008,2026-06-19,8,275041.3,12,34380.1625,5,3,3,533,11,Potential Loyalists
CUST07009,2025-07-28,2,87651.0,338,43825.5,1,1,2,112,4,Lost Customers
CUST07010,2026-05-10,15,589949.0,52,39329.933333333334,4,5,5,455,14,Champions
CUST07011,2026-06-18,8,207411.25,13,25926.40625,5,3,3,533,11,Potential Loyalists
CUST07012,2026-01-20,9,406058.65,162,45117.62777777778,2,4,4,244,10,At Risk
CUST07013,2026-04-04,11,400662.9,88,36423.9,3,4,4,344,11,Loyal Customers
CUST07014,2025-01-11,5,217892.84999999998,536,43578.56999999999,1,2,3,123,6,Others
CUST07015,2026-06-16,9,156959.8,15,17439.977777777778,5,4,2,542,11,Loyal Customers
CUST07016,2026-04-17,13,428166.75,75,32935.903846153844,3,5,4,354,12,Loyal Customers
CUST07017,2026-03-30,5,315124.95,93,63024.990000000005,3,2,3,323,8,Others
CUST07018,2025-12-23,4,29201.500000000004,190,7300.375000000001,2,2,1,221,5,Lost Customers
CUST07019,2026-06-28,30,1645640.15,3,54854.67166666666,5,5,5,555,15,Champions
CUST07020,2026-04-27,11,630844.3,65,57349.48181818182,4,4,5,445,13,Champions
CUST07021,2026-04-19,4,136524.0,73,34131.0,3,2,2,322,7,Others
CUST07022,2026-05-11,14,614748.85,51,43910.63214285714,4,5,5,455,14,Champions
CUST07023,2025-12-11,8,111981.59999999999,202,13997.699999999999,2,3,2,232,7,At Risk
CUST07024,2025-09-18,6,136593.5,286,22765.583333333332,2,3,2,232,7,At Risk
CUST07025,2025-12-11,1,55928.3,202,55928.3,2,1,1,211,4,Lost Customers
CUST07026,2026-03-24,10,327566.4,99,32756.640000000003,3,4,4,344,11,Loyal Customers
CUST07027,2026-01-21,5,381523.80000000005,161,76304.76000000001,2,2,4,224,8,Others
CUST07028,2026-02-17,2,21197.7,134,10598.85,3,1,1,311,5,Others
CUST07029,2026-02-01,14,764519.35,150,54608.525,2,5,5,255,12,At Risk
CUST07030,2026-05-19,13,273211.2,43,21016.246153846154,4,5,3,453,12,Loyal Customers
CUST07031,2024-04-08,1,200585.85,814,200585.85,1,1,3,113,5,Others
CUST07032,2024-01-20,1,1892.4,893,1892.4,1,1,1,111,3,Lost Customers
CUST07033,2026-06-01,8,193962.7,30,24245.3375,4,3,3,433,10,Potential Loyalists
CUST07034,2024-12-31,5,204917.5,547,40983.5,1,2,3,123,6,Others
CUST07035,2026-06-12,11,190602.25,19,17327.477272727272,5,4,3,543,12,Loyal Customers
CUST07036,2026-04-22,9,160347.6,70,17816.4,3,4,2,342,9,Loyal Customers
CUST07037,2026-06-07,19,1312501.35,24,69079.01842105263,5,5,5,555,15,Champions
CUST07038,2026-06-20,14,178265.45,11,12733.246428571429,5,5,3,553,13,Loyal Customers
CUST07039,2026-04-17,4,142246.9,75,35561.725,3,2,2,322,7,Others
CUST07040,2026-01-10,5,86402.4,172,17280.48,2,2,2,222,6,Lost Customers
CUST07041,2026-04-26,12,343779.35,66,28648.279166666664,4,4,4,444,12,Champions
CUST07042,2026-06-28,9,275621.7,3,30624.633333333335,5,4,3,543,12,Loyal Customers
CUST07043,2025-12-25,3,84338.29999999999,188,28112.766666666663,2,1,2,212,5,Lost Customers
CUST07044,2025-11-12,7,203680.0,231,29097.14285714286,2,3,3,233,8,At Risk
CUST07045,2025-10-27,9,349071.4,247,38785.711111111115,2,4,4,244,10,At Risk
CUST07046,2026-04-26,3,75954.35,66,25318.11666666667,4,1,2,412,7,Others
CUST07047,2026-04-22,6,491070.7,70,81845.11666666667,3,3,4,334,10,Others
CUST07048,2026-02-26,7,244299.0,125,34899.857142857145,3,3,3,333,9,Others
CUST07049,2026-01-21,2,18406.8,161,9203.4,2,1,1,211,4,Lost Customers
CUST07050,2025-09-27,5,78720.0,277,15744.0,2,2,2,222,6,Lost Customers
CUST07051,2026-01-17,6,489833.45,165,81638.90833333334,2,3,4,234,9,At Risk
CUST07052,2026-06-22,19,881243.7,9,46381.24736842105,5,5,5,555,15,Champions
CUST07053,2026-03-05,6,284382.25,118,47397.041666666664,3,3,3,333,9,Others
CUST07054,2026-06-25,2,18839.75,6,9419.875,5,1,1,511,7,Others
CUST07055,2026-06-21,10,409198.3,10,40919.83,5,4,4,544,13,Champions
CUST07056,2026-05-07,14,826022.75,55,59001.625,4,5,5,455,14,Champions
CUST07057,2026-04-20,3,13424.7,72,4474.900000000001,3,1,1,311,5,Others
CUST07058,2026-05-30,4,115711.65,32,28927.9125,4,2,2,422,8,Potential Loyalists
CUST07059,2026-04-03,4,170131.19999999998,89,42532.799999999996,3,2,2,322,7,Others
CUST07060,2025-10-19,13,463412.35,255,35647.10384615384,2,5,4,254,11,At Risk
CUST07061,2026-04-07,13,555716.5,85,42747.42307692308,3,5,4,354,12,Loyal Customers
CUST07062,2026-04-25,23,1278200.2,67,55573.921739130434,4,5,5,455,14,Champions
CUST07063,2026-06-15,8,278136.65,16,34767.08125,5,3,3,533,11,Potential Loyalists
CUST07064,2026-06-18,10,213588.1,13,21358.81,5,4,3,543,12,Loyal Customers
CUST07065,2026-02-21,5,162430.4,130,32486.079999999998,3,2,2,322,7,Others
CUST07066,2026-05-21,26,1092356.4,41,42013.70769230769,4,5,5,455,14,Champions
CUST07067,2025-11-26,4,107332.6,217,26833.15,2,2,2,222,6,Lost Customers
CUST07068,2024-11-11,1,143952.0,597,143952.0,1,1,2,112,4,Lost Customers
CUST07069,2026-06-23,17,1207330.25,8,71019.42647058824,5,5,5,555,15,Champions
CUST07070,2026-04-08,6,305380.2,84,50896.700000000004,3,3,3,333,9,Others
CUST07071,2026-06-11,19,714613.75,20,37611.25,5,5,5,555,15,Champions
CUST07072,2026-06-10,18,1244486.65,21,69138.14722222222,5,5,5,555,15,Champions
CUST07073,2026-06-06,3,83849.5,25,27949.833333333332,5,1,2,512,8,Others
CUST07074,2026-06-08,15,490413.8,23,32694.253333333334,5,5,4,554,14,Champions
CUST07075,2026-04-25,2,93230.5,67,46615.25,4,1,2,412,7,Others
CUST07076,2026-06-27,25,1096493.75,4,43859.75,5,5,5,555,15,Champions
CUST07077,2026-03-10,27,1650193.45,113,61118.275925925926,3,5,5,355,13,Loyal Customers
CUST07078,2026-06-27,21,583812.75,4,27800.60714285714,5,5,4,554,14,Champions
CUST07079,2025-11-15,3,143276.65000000002,228,47758.88333333334,2,1,2,212,5,Lost Customers
CUST07080,2025-02-01,2,13152.4,515,6576.2,1,1,1,111,3,Lost Customers
CUST07081,2026-02-20,11,211241.5,131,19203.772727272728,3,4,3,343,10,Loyal Customers
CUST07082,2025-11-14,3,158349.6,229,52783.200000000004,2,1,2,212,5,Lost Customers
CUST07083,2026-02-15,2,17364.8,136,8682.4,3,1,1,311,5,Others
CUST07084,2025-12-17,5,140750.95,196,28150.190000000002,2,2,2,222,6,Lost Customers
CUST07085,2026-06-25,5,114605.2,6,22921.04,5,2,2,522,9,Potential Loyalists
CUST07086,2026-04-19,10,439388.7,73,43938.87,3,4,4,344,11,Loyal Customers
CUST07087,2026-05-17,11,543543.5,45,49413.045454545456,4,4,4,444,12,Champions
CUST07088,2026-06-20,30,1358661.5,11,45288.71666666667,5,5,5,555,15,Champions
CUST07089,2026-02-17,8,386589.1,134,48323.6375,3,3,4,334,10,Others
CUST07090,2026-05-21,17,1051229.0,41,61837.0,4,5,5,455,14,Champions
CUST07091,2025-09-12,4,67132.8,292,16783.2,2,2,1,221,5,Lost Customers
CUST07092,2025-11-27,8,461612.85,216,57701.60625,2,3,4,234,9,At Risk
CUST07093,2026-05-20,9,518070.6,42,57563.399999999994,4,4,4,444,12,Champions
CUST07094,2026-02-26,9,620393.0,125,68932.55555555556,3,4,5,345,12,Loyal Customers
CUST07095,2025-10-07,4,64346.6,267,16086.65,2,2,1,221,5,Lost Customers
CUST07096,2026-02-08,11,271892.75,143,24717.522727272728,3,4,3,343,10,Loyal Customers
CUST07097,2025-05-14,4,24386.1,413,6096.525,1,2,1,121,4,Lost Customers
CUST07098,2026-05-03,12,144261.25,59,12021.770833333334,4,4,2,442,10,Loyal Customers
CUST07099,2026-03-02,10,372159.3,121,37215.93,3,4,4,344,11,Loyal Customers
CUST07100,2026-05-14,3,123136.4,48,41045.46666666667,4,1,2,412,7,Others
CUST07101,2026-04-22,22,850256.8,70,38648.03636363637,3,5,5,355,13,Loyal Customers
CUST07102,2026-05-26,14,743939.4,36,53138.52857142857,4,5,5,455,14,Champions
CUST07103,2026-01-16,8,295545.1,166,36943.1375,2,3,3,233,8,At Risk
CUST07104,2025-09-11,3,117795.00000000001,293,39265.00000000001,2,1,2,212,5,Lost Customers
CUST07105,2026-06-24,20,865338.85,7,43266.9425,5,5,5,555,15,Champions
CUST07106,2026-06-16,12,530758.9,15,44229.90833333333,5,4,4,544,13,Champions
CUST07107,2026-06-22,13,276078.25,9,21236.78846153846,5,5,3,553,13,Loyal Customers
CUST07108,2026-05-18,12,350208.25,44,29184.020833333332,4,4,4,444,12,Champions
CUST07109,2026-06-09,5,146951.7,22,29390.340000000004,5,2,2,522,9,Potential Loyalists
CUST07110,2026-04-30,15,768166.1,62,51211.073333333334,4,5,5,455,14,Champions
CUST07111,2026-04-23,7,150290.9,69,21470.12857142857,4,3,2,432,9,Potential Loyalists
CUST07112,2025-11-21,9,97552.7,222,10839.188888888888,2,4,2,242,8,At Risk
CUST07113,2026-04-06,8,275376.3,86,34422.0375,3,3,3,333,9,Others
CUST07114,2026-05-06,5,56074.15,56,11214.83,4,2,1,421,7,Potential Loyalists
CUST07115,2025-04-21,2,63979.6,436,31989.8,1,1,1,111,3,Lost Customers
CUST07116,2026-06-16,14,629975.0,15,44998.21428571428,5,5,5,555,15,Champions
CUST07117,2026-05-31,5,81093.4,31,16218.679999999998,4,2,2,422,8,Potential Loyalists
CUST07118,2026-02-23,10,258506.75,128,25850.675,3,4,3,343,10,Loyal Customers
CUST07119,2026-06-27,5,124075.85,4,24815.170000000002,5,2,2,522,9,Potential Loyalists
CUST07120,2025-04-24,4,69988.5,433,17497.125,1,2,1,121,4,Lost Customers
CUST07121,2026-02-09,3,121676.7,142,40558.9,3,1,2,312,6,Others
CUST07122,2025-09-09,5,113313.3,295,22662.66,2,2,2,222,6,Lost Customers
CUST07123,2026-02-17,9,543190.2,134,60354.46666666666,3,4,4,344,11,Loyal Customers
CUST07124,2025-05-08,4,76414.95000000001,419,19103.737500000003,1,2,2,122,5,Lost Customers
CUST07125,2024-10-12,1,6350.4,627,6350.4,1,1,1,111,3,Lost Customers
CUST07126,2026-04-15,10,434009.8,77,43400.979999999996,3,4,4,344,11,Loyal Customers
CUST07127,2025-08-26,3,129807.4,309,43269.13333333333,2,1,2,212,5,Lost Customers
CUST07128,2026-06-24,18,1181166.55,7,65620.3638888889,5,5,5,555,15,Champions
CUST07129,2025-07-17,2,23283.0,349,11641.5,1,1,1,111,3,Lost Customers
CUST07130,2026-03-13,10,492842.35,110,49284.235,3,4,4,344,11,Loyal Customers
CUST07131,2026-06-26,10,330346.05,5,33034.604999999996,5,4,4,544,13,Champions
CUST07132,2025-12-08,22,1120814.85,205,50946.12954545455,2,5,5,255,12,At Risk
CUST07133,2024-12-02,2,29953.5,576,14976.75,1,1,1,111,3,Lost Customers
CUST07134,2026-04-30,6,250612.95,62,41768.825000000004,4,3,3,433,10,Potential Loyalists
CUST07135,2025-04-06,4,141096.75,451,35274.1875,1,2,2,122,5,Lost Customers
CUST07136,2025-07-08,4,41584.9,358,10396.225,1,2,1,121,4,Lost Customers
CUST07137,2026-06-09,4,161179.4,22,40294.85,5,2,2,522,9,Potential Loyalists
CUST07138,2026-05-31,11,596935.55,31,54266.86818181819,4,4,5,445,13,Champions
CUST07139,2026-06-07,24,1428122.7,24,59505.112499999996,5,5,5,555,15,Champions
CUST07140,2026-03-01,5,164270.7,122,32854.14,3,2,2,322,7,Others
CUST07141,2026-06-20,7,223844.35,11,31977.764285714286,5,3,3,533,11,Potential Loyalists
CUST07142,2026-06-08,5,82469.05,23,16493.81,5,2,2,522,9,Potential Loyalists
CUST07143,2026-05-25,24,1547958.3,37,64498.262500000004,4,5,5,455,14,Champions
CUST07144,2026-04-24,12,343186.45,68,28598.870833333334,4,4,4,444,12,Champions
CUST07145,2026-06-03,7,294041.35,28,42005.90714285714,5,3,3,533,11,Potential Loyalists
CUST07146,2026-05-22,11,468598.85,40,42599.895454545454,4,4,4,444,12,Champions
CUST07147,2026-06-26,10,530286.25,5,53028.625,5,4,4,544,13,Champions
CUST07148,2026-05-23,7,178022.4,39,25431.77142857143,4,3,3,433,10,Potential Loyalists
CUST07149,2026-05-08,14,898897.4,54,64206.95714285714,4,5,5,455,14,Champions
CUST07150,2024-02-25,1,3462.0,857,3462.0,1,1,1,111,3,Lost Customers
CUST07151,2026-06-07,14,508364.9,24,36311.77857142857,5,5,4,554,14,Champions
CUST07152,2025-06-20,4,107099.45,376,26774.8625,1,2,2,122,5,Lost Customers
CUST07153,2026-06-17,3,120757.3,14,40252.433333333334,5,1,2,512,8,Others
CUST07154,2025-11-18,4,51149.1,225,12787.275,2,2,1,221,5,Lost Customers
CUST07155,2024-06-16,1,20446.4,745,20446.4,1,1,1,111,3,Lost Customers
CUST07156,2026-01-01,13,542892.5,181,41760.96153846154,2,5,4,254,11,At Risk
CUST07157,2026-01-21,4,46044.8,161,11511.2,2,2,1,221,5,Lost Customers
CUST07158,2026-04-24,9,298473.25,68,33163.694444444445,4,4,3,443,11,Loyal Customers
CUST07159,2026-06-06,10,307636.2,25,30763.620000000003,5,4,3,543,12,Loyal Customers
CUST07160,2026-03-03,11,363125.35,120,33011.395454545454,3,4,4,344,11,Loyal Customers
CUST07161,2026-03-01,8,253799.1,122,31724.8875,3,3,3,333,9,Others
CUST07162,2025-01-12,3,33148.8,535,11049.6,1,1,1,111,3,Lost Customers
CUST07163,2026-05-04,7,164654.25,58,23522.035714285714,4,3,2,432,9,Potential Loyalists
CUST07164,2026-03-03,6,168000.6,120,28000.100000000002,3,3,2,332,8,Others
CUST07165,2025-02-03,3,247888.9,513,82629.63333333333,1,1,3,113,5,Others
CUST07166,2025-09-28,1,4715.8,276,4715.8,2,1,1,211,4,Lost Customers
CUST07167,2026-05-29,7,244018.35,33,34859.764285714286,4,3,3,433,10,Potential Loyalists
CUST07168,2026-03-19,4,37014.8,104,9253.7,3,2,1,321,6,Others
CUST07169,2026-04-22,4,283815.15,70,70953.7875,3,2,3,323,8,Others
CUST07170,2026-05-15,8,748823.5,47,93602.9375,4,3,5,435,12,Potential Loyalists
CUST07171,2026-03-08,13,1159851.45,115,89219.3423076923,3,5,5,355,13,Loyal Customers
CUST07172,2026-05-17,7,373230.15,45,53318.59285714286,4,3,4,434,11,Potential Loyalists
CUST07173,2026-04-08,11,499860.0,84,45441.818181818184,3,4,4,344,11,Loyal Customers
CUST07174,2025-08-01,5,258303.7,334,51660.740000000005,1,2,3,123,6,Others
CUST07175,2024-01-06,1,2250.0,907,2250.0,1,1,1,111,3,Lost Customers
CUST07176,2025-07-06,5,233899.6,360,46779.92,1,2,3,123,6,Others
CUST07177,2025-12-19,5,64828.2,194,12965.64,2,2,1,221,5,Lost Customers
CUST07178,2025-09-06,9,282956.85,298,31439.649999999998,2,4,3,243,9,At Risk
CUST07179,2026-05-02,8,121685.85,60,15210.73125,4,3,2,432,9,Potential Loyalists
CUST07180,2025-07-01,7,173763.35,365,24823.335714285717,1,3,3,133,7,At Risk
CUST07181,2026-04-27,9,239859.5,65,26651.055555555555,4,4,3,443,11,Loyal Customers
CUST07182,2026-02-03,9,205093.85,148,22788.205555555556,2,4,3,243,9,At Risk
CUST07183,2024-09-02,1,6742.0,667,6742.0,1,1,1,111,3,Lost Customers
CUST07184,2025-10-15,3,17620.15,259,5873.383333333334,2,1,1,211,4,Lost Customers
CUST07185,2025-05-16,1,40457.45,411,40457.45,1,1,1,111,3,Lost Customers
CUST07186,2026-06-28,7,311228.45,3,44461.20714285714,5,3,3,533,11,Potential Loyalists
CUST07187,2026-06-12,14,785258.85,19,56089.91785714286,5,5,5,555,15,Champions
CUST07188,2024-06-06,1,18571.5,755,18571.5,1,1,1,111,3,Lost Customers
CUST07189,2026-01-14,7,112769.95,168,16109.992857142857,2,3,2,232,7,At Risk
CUST07190,2025-03-09,1,19430.35,479,19430.35,1,1,1,111,3,Lost Customers
CUST07191,2026-04-01,5,350546.7,91,70109.34,3,2,4,324,9,Others
CUST07192,2026-06-16,8,226803.2,15,28350.4,5,3,3,533,11,Potential Loyalists
CUST07193,2026-01-24,6,198176.1,158,33029.35,2,3,3,233,8,At Risk
CUST07194,2026-06-04,12,357404.8,27,29783.733333333334,5,4,4,544,13,Champions
CUST07195,2025-03-17,5,87804.1,471,17560.82,1,2,2,122,5,Lost Customers
CUST07196,2026-06-29,18,774028.55,2,43001.586111111115,5,5,5,555,15,Champions
CUST07197,2024-11-09,1,4457.4,599,4457.4,1,1,1,111,3,Lost Customers
CUST07198,2026-04-30,18,1097295.05,62,60960.836111111115,4,5,5,455,14,Champions
CUST07199,2026-06-05,17,917932.65,26,53996.038235294116,5,5,5,555,15,Champions
CUST07200,2026-05-15,12,279903.75,47,23325.3125,4,4,3,443,11,Loyal Customers
CUST07201,2026-06-20,9,320591.45,11,35621.27222222222,5,4,3,543,12,Loyal Customers
CUST07202,2026-03-18,7,103719.95000000001,105,14817.135714285716,3,3,2,332,8,Others
CUST07203,2026-04-27,6,286700.0,65,47783.333333333336,4,3,3,433,10,Potential Loyalists
CUST07204,2026-06-12,3,109835.4,19,36611.799999999996,5,1,2,512,8,Others
CUST07205,2026-02-08,12,869416.15,143,72451.34583333334,3,4,5,345,12,Loyal Customers
CUST07206,2024-07-18,2,68494.5,713,34247.25,1,1,1,111,3,Lost Customers
CUST07207,2025-03-17,1,180920.0,471,180920.0,1,1,3,113,5,Others
CUST07208,2025-11-19,5,253690.15,224,50738.03,2,2,3,223,7,Others
CUST07209,2024-06-03,1,610.3,758,610.3,1,1,1,111,3,Lost Customers
CUST07210,2026-03-05,7,359161.0,118,51308.71428571428,3,3,4,334,10,Others
CUST07211,2026-06-12,17,858728.4,19,50513.43529411765,5,5,5,555,15,Champions
CUST07212,2025-09-13,1,106715.8,291,106715.8,2,1,2,212,5,Lost Customers
CUST07213,2026-06-04,14,526065.65,27,37576.11785714286,5,5,4,554,14,Champions
CUST07214,2025-06-25,3,105703.45000000001,371,35234.48333333334,1,1,2,112,4,Lost Customers
CUST07215,2026-04-04,22,812705.0,88,36941.13636363636,3,5,5,355,13,Loyal Customers
CUST07216,2026-06-08,2,7479.85,23,3739.925,5,1,1,511,7,Others
CUST07217,2024-12-08,2,9490.099999999999,570,4745.049999999999,1,1,1,111,3,Lost Customers
CUST07218,2026-03-06,23,965136.2,117,41962.443478260866,3,5,5,355,13,Loyal Customers
CUST07219,2026-04-02,9,475217.7,90,52801.96666666667,3,4,4,344,11,Loyal Customers
CUST07220,2024-12-31,2,15629.9,547,7814.95,1,1,1,111,3,Lost Customers
CUST07221,2026-06-03,11,366394.0,28,33308.545454545456,5,4,4,544,13,Champions
CUST07222,2026-06-02,5,237439.7,29,47487.94,5,2,3,523,10,Potential Loyalists
CUST07223,2026-04-18,6,43255.549999999996,74,7209.258333333332,3,3,1,331,7,Others
CUST07224,2026-06-23,19,993492.65,8,52289.086842105266,5,5,5,555,15,Champions
CUST07225,2024-02-28,1,1666.0,854,1666.0,1,1,1,111,3,Lost Customers
CUST07226,2025-04-05,3,199915.19999999998,452,66638.4,1,1,3,113,5,Others
CUST07227,2026-04-28,9,388398.05,64,43155.33888888889,4,4,4,444,12,Champions
CUST07228,2025-01-04,2,24404.899999999998,543,12202.449999999999,1,1,1,111,3,Lost Customers
CUST07229,2025-01-21,5,42365.700000000004,526,8473.140000000001,1,2,1,121,4,Lost Customers
CUST07230,2026-03-02,11,104321.05,121,9483.73181818182,3,4,2,342,9,Loyal Customers
CUST07231,2026-04-06,10,360174.3,86,36017.43,3,4,4,344,11,Loyal Customers
CUST07232,2026-03-02,5,191297.50000000003,121,38259.50000000001,3,2,3,323,8,Others
CUST07233,2026-05-19,14,516536.4,43,36895.45714285714,4,5,4,454,13,Champions
CUST07234,2026-01-04,9,129364.65,178,14373.849999999999,2,4,2,242,8,At Risk
CUST07235,2026-04-14,13,843247.7,78,64865.20769230769,3,5,5,355,13,Loyal Customers
CUST07236,2025-11-26,4,80819.5,217,20204.875,2,2,2,222,6,Lost Customers
CUST07237,2026-04-06,10,414768.3,86,41476.83,3,4,4,344,11,Loyal Customers
CUST07238,2026-05-05,19,682701.75,57,35931.67105263158,4,5,5,455,14,Champions
CUST07239,2024-02-05,1,21181.2,877,21181.2,1,1,1,111,3,Lost Customers
CUST07240,2025-08-16,10,226779.4,319,22677.94,1,4,3,143,8,At Risk
CUST07241,2026-06-17,18,448068.9,14,24892.716666666667,5,5,4,554,14,Champions
CUST07242,2026-05-02,20,805737.95,60,40286.8975,4,5,5,455,14,Champions
CUST07243,2026-03-09,16,719305.05,114,44956.565625,3,5,5,355,13,Loyal Customers
CUST07244,2026-06-08,28,1527403.45,23,54550.12321428571,5,5,5,555,15,Champions
CUST07245,2025-10-30,4,77694.4,244,19423.6,2,2,2,222,6,Lost Customers
CUST07246,2026-05-04,14,480953.0,58,34353.78571428572,4,5,4,454,13,Champions
CUST07247,2026-06-27,16,721238.75,4,45077.421875,5,5,5,555,15,Champions
CUST07248,2026-06-25,11,318024.1,6,28911.281818181815,5,4,3,543,12,Loyal Customers
CUST07249,2026-06-09,9,286592.75,22,31843.63888888889,5,4,3,543,12,Loyal Customers
CUST07250,2026-04-28,10,520736.45,64,52073.645000000004,4,4,4,444,12,Champions
CUST07251,2026-06-16,6,173715.35,15,28952.558333333334,5,3,3,533,11,Potential Loyalists
CUST07252,2026-03-21,7,191986.25,102,27426.60714285714,3,3,3,333,9,Others
CUST07253,2026-05-29,5,78017.3,33,15603.460000000001,4,2,2,422,8,Potential Loyalists
CUST07254,2026-04-09,3,62510.8,83,20836.933333333334,3,1,1,311,5,Others
CUST07255,2026-05-17,11,505186.05,45,45926.00454545455,4,4,4,444,12,Champions
CUST07256,2026-03-23,23,933393.35,100,40582.31956521739,3,5,5,355,13,Loyal Customers
CUST07257,2024-09-27,2,38532.0,642,19266.0,1,1,1,111,3,Lost Customers
CUST07258,2025-10-04,4,57865.0,270,14466.25,2,2,1,221,5,Lost Customers
CUST07259,2024-09-03,2,8257.75,666,4128.875,1,1,1,111,3,Lost Customers
CUST07260,2026-05-16,5,219094.2,46,43818.840000000004,4,2,3,423,9,Potential Loyalists
CUST07261,2026-04-30,15,819075.2999999999,62,54605.02,4,5,5,455,14,Champions
CUST07262,2025-02-20,1,135507.6,496,135507.6,1,1,2,112,4,Lost Customers
CUST07263,2026-06-24,2,36581.9,7,18290.95,5,1,1,511,7,Others
CUST07264,2025-07-28,6,108229.40000000001,338,18038.233333333334,1,3,2,132,6,At Risk
CUST07265,2026-06-25,20,1192016.25,6,59600.8125,5,5,5,555,15,Champions
CUST07266,2025-12-31,1,49318.4,182,49318.4,2,1,1,211,4,Lost Customers
CUST07267,2025-05-18,1,9375.2,409,9375.2,1,1,1,111,3,Lost Customers
CUST07268,2025-08-06,5,42384.4,329,8476.880000000001,1,2,1,121,4,Lost Customers
CUST07269,2025-05-17,1,17624.7,410,17624.7,1,1,1,111,3,Lost Customers
CUST07270,2024-11-03,2,161011.45,605,80505.725,1,1,2,112,4,Lost Customers
CUST07271,2026-02-20,7,669843.55,131,95691.93571428572,3,3,5,335,11,Others
CUST07272,2025-03-24,3,95406.4,464,31802.13333333333,1,1,2,112,4,Lost Customers
CUST07273,2026-06-20,8,452459.6,11,56557.45,5,3,4,534,12,Potential Loyalists
CUST07274,2026-02-10,10,205856.75,141,20585.675,3,4,3,343,10,Loyal Customers
CUST07275,2024-08-07,1,5234.5,693,5234.5,1,1,1,111,3,Lost Customers
CUST07276,2025-02-13,1,1439.0,503,1439.0,1,1,1,111,3,Lost Customers
CUST07277,2026-04-11,4,17914.8,81,4478.7,3,2,1,321,6,Others
CUST07278,2026-04-28,10,325388.3,64,32538.829999999998,4,4,4,444,12,Champions
CUST07279,2025-03-09,3,40973.5,479,13657.833333333334,1,1,1,111,3,Lost Customers
CUST07280,2026-06-24,11,174414.94999999998,7,15855.904545454543,5,4,3,543,12,Loyal Customers
CUST07281,2026-04-13,16,456098.35,79,28506.146875,3,5,4,354,12,Loyal Customers
CUST07282,2025-07-29,6,283415.1,337,47235.85,1,3,3,133,7,At Risk
CUST07283,2024-07-19,1,5356.8,712,5356.8,1,1,1,111,3,Lost Customers
CUST07284,2026-04-30,7,115680.85,62,16525.835714285717,4,3,2,432,9,Potential Loyalists
CUST07285,2026-06-27,8,230269.35,4,28783.66875,5,3,3,533,11,Potential Loyalists
CUST07286,2025-07-24,4,211503.8,342,52875.95,1,2,3,123,6,Others
CUST07287,2025-07-03,1,4216.8,363,4216.8,1,1,1,111,3,Lost Customers
CUST07288,2025-07-20,7,590549.3,346,84364.18571428572,1,3,5,135,9,At Risk
CUST07289,2026-06-09,10,566898.05,22,56689.80500000001,5,4,4,544,13,Champions
CUST07290,2026-06-13,22,1547379.7,18,70335.4409090909,5,5,5,555,15,Champions
CUST07291,2026-03-11,3,29733.3,112,9911.1,3,1,1,311,5,Others
CUST07292,2026-01-03,3,15514.25,179,5171.416666666667,2,1,1,211,4,Lost Customers
CUST07293,2026-06-12,9,346196.14999999997,19,38466.23888888888,5,4,4,544,13,Champions
CUST07294,2026-03-20,2,13491.7,103,6745.85,3,1,1,311,5,Others
CUST07295,2026-04-30,12,831657.6,62,69304.8,4,4,5,445,13,Champions
CUST07296,2026-06-24,3,8892.6,7,2964.2000000000003,5,1,1,511,7,Others
CUST07297,2025-12-08,3,105853.2,205,35284.4,2,1,2,212,5,Lost Customers
CUST07298,2026-04-19,6,218408.2,73,36401.36666666667,3,3,3,333,9,Others
CUST07299,2025-12-07,7,277644.1,206,39663.44285714285,2,3,3,233,8,At Risk
CUST07300,2025-11-04,1,4728.55,239,4728.55,2,1,1,211,4,Lost Customers
CUST07301,2026-01-03,6,284205.65,179,47367.60833333334,2,3,3,233,8,At Risk
CUST07302,2026-06-02,7,330885.95,29,47269.42142857143,5,3,4,534,12,Potential Loyalists
CUST07303,2026-05-21,21,838102.25,41,39909.630952380954,4,5,5,455,14,Champions
CUST07304,2026-05-28,8,293853.25,34,36731.65625,4,3,3,433,10,Potential Loyalists
CUST07305,2026-04-14,5,89759.15,78,17951.829999999998,3,2,2,322,7,Others
CUST07306,2026-06-11,5,276872.9,20,55374.58,5,2,3,523,10,Potential Loyalists
CUST07307,2026-01-15,12,162274.85,167,13522.904166666667,2,4,2,242,8,At Risk
CUST07308,2026-06-12,10,717930.2999999999,19,71793.03,5,4,5,545,14,Champions
CUST07309,2024-05-12,3,95954.0,780,31984.666666666668,1,1,2,112,4,Lost Customers
CUST07310,2025-07-13,1,2467.8,353,2467.8,1,1,1,111,3,Lost Customers
CUST07311,2026-04-27,9,146808.6,65,16312.066666666668,4,4,2,442,10,Loyal Customers
CUST07312,2025-05-30,4,28221.6,397,7055.4,1,2,1,121,4,Lost Customers
CUST07313,2026-06-07,11,206160.4,24,18741.854545454546,5,4,3,543,12,Loyal Customers
CUST07314,2025-12-12,3,100068.65,201,33356.21666666667,2,1,2,212,5,Lost Customers
CUST07315,2026-02-16,13,433989.15,135,33383.78076923077,3,5,4,354,12,Loyal Customers
CUST07316,2026-02-01,2,6663.5,150,3331.75,2,1,1,211,4,Lost Customers
CUST07317,2025-11-24,2,143584.6,219,71792.3,2,1,2,212,5,Lost Customers
CUST07318,2026-06-24,22,985376.4500000001,7,44789.83863636364,5,5,5,555,15,Champions
CUST07319,2025-11-16,4,192862.75,227,48215.6875,2,2,3,223,7,Others
CUST07320,2026-01-12,5,250439.59999999998,170,50087.92,2,2,3,223,7,Others
CUST07321,2025-10-12,3,126594.4,262,42198.13333333333,2,1,2,212,5,Lost Customers
CUST07322,2026-03-03,8,421643.4,120,52705.425,3,3,4,334,10,Others
CUST07323,2026-05-25,15,659220.95,37,43948.06333333333,4,5,5,455,14,Champions
CUST07324,2025-11-10,5,30193.2,233,6038.64,2,2,1,221,5,Lost Customers
CUST07325,2026-03-12,5,71122.7,111,14224.539999999999,3,2,1,321,6,Others
CUST07326,2026-05-07,27,1455497.25,55,53907.305555555555,4,5,5,455,14,Champions
CUST07327,2025-05-30,10,432689.95,397,43268.995,1,4,4,144,9,At Risk
CUST07328,2026-05-05,15,394971.3,57,26331.42,4,5,4,454,13,Champions
CUST07329,2026-01-31,5,146241.7,151,29248.340000000004,2,2,2,222,6,Lost Customers
CUST07330,2025-01-13,3,12704.550000000001,534,4234.85,1,1,1,111,3,Lost Customers
CUST07331,2026-06-16,16,921669.7,15,57604.35625,5,5,5,555,15,Champions
CUST07332,2026-04-14,5,43566.549999999996,78,8713.31,3,2,1,321,6,Others
CUST07333,2025-03-24,4,96315.0,464,24078.75,1,2,2,122,5,Lost Customers
CUST07334,2026-05-05,8,218492.3,57,27311.5375,4,3,3,433,10,Potential Loyalists
CUST07335,2026-05-29,8,86040.5,33,10755.0625,4,3,2,432,9,Potential Loyalists
CUST07336,2026-05-14,14,422885.1,48,30206.07857142857,4,5,4,454,13,Champions
CUST07337,2026-02-28,6,89200.1,123,14866.683333333334,3,3,2,332,8,Others
CUST07338,2025-09-15,5,227296.55,289,45459.31,2,2,3,223,7,Others
CUST07339,2026-02-21,4,103566.9,130,25891.725,3,2,2,322,7,Others
CUST07340,2026-04-27,12,560341.85,65,46695.15416666667,4,4,4,444,12,Champions
CUST07341,2025-05-12,5,83212.35,415,16642.47,1,2,2,122,5,Lost Customers
CUST07342,2025-10-24,6,274227.55,250,45704.59166666667,2,3,3,233,8,At Risk
CUST07343,2026-04-16,6,444531.55,76,74088.59166666666,3,3,4,334,10,Others
CUST07344,2026-05-02,14,691896.3,60,49421.16428571429,4,5,5,455,14,Champions
CUST07345,2025-05-14,5,263741.1,413,52748.219999999994,1,2,3,123,6,Others
CUST07346,2026-06-28,5,144344.65,3,28868.93,5,2,2,522,9,Potential Loyalists
CUST07347,2026-04-20,9,198892.15,72,22099.127777777776,3,4,3,343,10,Loyal Customers
CUST07348,2026-04-25,20,986480.65,67,49324.0325,4,5,5,455,14,Champions
CUST07349,2026-06-20,9,322642.8,11,35849.2,5,4,3,543,12,Loyal Customers
CUST07350,2026-06-27,15,698109.4,4,46540.62666666667,5,5,5,555,15,Champions
CUST07351,2026-06-22,30,1679242.05,9,55974.735,5,5,5,555,15,Champions
CUST07352,2026-02-25,7,410142.55,126,58591.79285714286,3,3,4,334,10,Others
CUST07353,2025-10-07,4,172040.90000000002,267,43010.225000000006,2,2,2,222,6,Lost Customers
CUST07354,2026-02-11,7,470773.05,140,67253.29285714285,3,3,4,334,10,Others
CUST07355,2026-02-19,8,298390.15,132,37298.76875,3,3,3,333,9,Others
CUST07356,2026-01-25,6,343668.0,157,57278.0,2,3,4,234,9,At Risk
CUST07357,2026-03-25,8,295716.5,98,36964.5625,3,3,3,333,9,Others
CUST07358,2026-06-25,27,1860224.2,6,68897.19259259259,5,5,5,555,15,Champions
CUST07359,2024-11-21,1,185691.0,587,185691.0,1,1,3,113,5,Others
CUST07360,2025-07-25,11,489334.15,341,44484.92272727273,1,4,4,144,9,At Risk
CUST07361,2025-09-27,3,105799.7,277,35266.566666666666,2,1,2,212,5,Lost Customers
CUST07362,2026-04-09,2,38738.3,83,19369.15,3,1,1,311,5,Others
CUST07363,2024-10-13,2,64238.5,626,32119.25,1,1,1,111,3,Lost Customers
CUST07364,2026-06-13,21,1017970.4,18,48474.780952380956,5,5,5,555,15,Champions
CUST07365,2026-02-28,8,215633.85,123,26954.23125,3,3,3,333,9,Others
CUST07366,2026-02-26,4,153953.5,125,38488.375,3,2,2,322,7,Others
CUST07367,2025-05-15,4,17542.6,412,4385.65,1,2,1,121,4,Lost Customers
CUST07368,2026-02-24,11,306222.65,127,27838.42272727273,3,4,3,343,10,Loyal Customers
CUST07369,2026-06-27,8,287200.4,4,35900.05,5,3,3,533,11,Potential Loyalists
CUST07370,2026-05-16,13,635611.4,46,48893.18461538462,4,5,5,455,14,Champions
CUST07371,2025-12-25,6,356077.0,188,59346.166666666664,2,3,4,234,9,At Risk
CUST07372,2026-05-09,20,1059200.15,53,52960.00749999999,4,5,5,455,14,Champions
CUST07373,2026-04-18,3,113640.1,74,37880.03333333333,3,1,2,312,6,Others
CUST07374,2026-06-30,16,1087393.95,1,67962.121875,5,5,5,555,15,Champions
CUST07375,2026-06-30,8,164315.2,1,20539.4,5,3,2,532,10,Potential Loyalists
CUST07376,2025-03-10,4,33198.75,478,8299.6875,1,2,1,121,4,Lost Customers
CUST07377,2026-06-21,18,981516.25,10,54528.680555555555,5,5,5,555,15,Champions
CUST07378,2025-01-30,1,1102.0,517,1102.0,1,1,1,111,3,Lost Customers
CUST07379,2024-08-07,2,107668.65,693,53834.325,1,1,2,112,4,Lost Customers
CUST07380,2026-02-11,8,138536.55,140,17317.06875,3,3,2,332,8,Others
CUST07381,2024-10-09,5,210700.5,630,42140.1,1,2,3,123,6,Others
CUST07382,2025-10-24,3,130051.95000000001,250,43350.65,2,1,2,212,5,Lost Customers
CUST07383,2025-05-01,4,124255.05,426,31063.7625,1,2,2,122,5,Lost Customers
CUST07384,2026-06-26,8,176551.4,5,22068.925,5,3,3,533,11,Potential Loyalists
CUST07385,2026-01-06,5,79395.2,176,15879.039999999999,2,2,2,222,6,Lost Customers
CUST07386,2026-06-10,15,812575.4,21,54171.693333333336,5,5,5,555,15,Champions
CUST07387,2026-05-08,10,304199.75,54,30419.975,4,4,3,443,11,Loyal Customers
CUST07388,2026-06-23,10,229592.0,8,22959.2,5,4,3,543,12,Loyal Customers
CUST07389,2026-05-02,10,501284.45,60,50128.445,4,4,4,444,12,Champions
CUST07390,2026-06-19,39,1630776.0,12,41814.769230769234,5,5,5,555,15,Champions
CUST07391,2026-05-31,19,1293402.1,31,68073.79473684212,4,5,5,455,14,Champions
CUST07392,2026-05-21,8,244424.6,41,30553.075,4,3,3,433,10,Potential Loyalists
CUST07393,2026-06-25,15,800961.1,6,53397.40666666666,5,5,5,555,15,Champions
CUST07394,2024-07-20,2,61045.100000000006,711,30522.550000000003,1,1,1,111,3,Lost Customers
CUST07395,2025-11-23,3,59174.1,220,19724.7,2,1,1,211,4,Lost Customers
CUST07396,2025-06-05,1,6063.05,391,6063.05,1,1,1,111,3,Lost Customers
CUST07397,2025-07-13,4,88776.0,353,22194.0,1,2,2,122,5,Lost Customers
CUST07398,2026-06-03,11,874643.9,28,79513.08181818182,5,4,5,545,14,Champions
CUST07399,2026-06-28,23,1134886.8,3,49342.90434782609,5,5,5,555,15,Champions
CUST07400,2025-05-12,3,9306.550000000001,415,3102.183333333334,1,1,1,111,3,Lost Customers
CUST07401,2026-06-18,16,1134416.15,13,70901.009375,5,5,5,555,15,Champions
CUST07402,2026-05-02,22,1140336.8,60,51833.49090909091,4,5,5,455,14,Champions
CUST07403,2026-06-27,9,341933.05,4,37992.56111111111,5,4,4,544,13,Champions
CUST07404,2026-06-22,23,1126540.5,9,48980.02173913043,5,5,5,555,15,Champions
CUST07405,2026-06-15,8,371612.15,16,46451.51875,5,3,4,534,12,Potential Loyalists
CUST07406,2026-05-19,28,1496415.2,43,53443.4,4,5,5,455,14,Champions
CUST07407,2024-08-30,2,28692.9,670,14346.45,1,1,1,111,3,Lost Customers
CUST07408,2024-02-06,1,17892.3,876,17892.3,1,1,1,111,3,Lost Customers
CUST07409,2026-04-01,5,233011.2,91,46602.240000000005,3,2,3,323,8,Others
CUST07410,2025-11-14,9,649937.25,229,72215.25,2,4,5,245,11,At Risk
CUST07411,2026-04-13,10,584714.65,79,58471.465000000004,3,4,4,344,11,Loyal Customers
CUST07412,2025-12-06,2,76996.0,207,38498.0,2,1,2,212,5,Lost Customers
CUST07413,2025-04-27,3,54590.149999999994,430,18196.716666666664,1,1,1,111,3,Lost Customers
CUST07414,2026-02-14,5,247776.1,137,49555.22,3,2,3,323,8,Others
CUST07415,2025-11-27,5,154259.75,216,30851.95,2,2,2,222,6,Lost Customers
CUST07416,2026-05-12,7,414829.44999999995,50,59261.34999999999,4,3,4,434,11,Potential Loyalists
CUST07417,2026-04-16,3,73068.8,76,24356.266666666666,3,1,2,312,6,Others
CUST07418,2025-09-14,5,338444.75,290,67688.95,2,2,4,224,8,Others
CUST07419,2026-06-17,6,130436.9,14,21739.483333333334,5,3,2,532,10,Potential Loyalists
CUST07420,2026-06-23,5,136723.3,8,27344.659999999996,5,2,2,522,9,Potential Loyalists
CUST07421,2025-04-15,3,22280.75,442,7426.916666666667,1,1,1,111,3,Lost Customers
CUST07422,2026-01-02,2,131485.8,180,65742.9,2,1,2,212,5,Lost Customers
CUST07423,2026-03-31,5,150375.05,92,30075.01,3,2,2,322,7,Others
CUST07424,2025-06-03,3,97916.3,393,32638.766666666666,1,1,2,112,4,Lost Customers
CUST07425,2025-11-22,6,275629.8,221,45938.299999999996,2,3,3,233,8,At Risk
CUST07426,2026-04-18,3,58998.65,74,19666.216666666667,3,1,1,311,5,Others
CUST07427,2026-02-08,7,141586.05,143,20226.57857142857,3,3,2,332,8,Others
CUST07428,2026-01-15,9,284849.95,167,31649.994444444445,2,4,3,243,9,At Risk
CUST07429,2026-05-03,7,239147.6,59,34163.94285714286,4,3,3,433,10,Potential Loyalists
CUST07430,2026-06-27,8,534948.3,4,66868.5375,5,3,4,534,12,Potential Loyalists
CUST07431,2026-05-03,5,295367.0,59,59073.4,4,2,3,423,9,Potential Loyalists
CUST07432,2026-06-15,6,222478.5,16,37079.75,5,3,3,533,11,Potential Loyalists
CUST07433,2026-06-29,12,483507.2,2,40292.26666666667,5,4,4,544,13,Champions
CUST07434,2026-03-05,3,72379.3,118,24126.433333333334,3,1,2,312,6,Others
CUST07435,2026-05-27,4,51869.1,35,12967.275,4,2,1,421,7,Potential Loyalists
CUST07436,2026-04-14,9,345530.8,78,38392.31111111111,3,4,4,344,11,Loyal Customers
CUST07437,2026-04-16,14,508497.7,76,36321.264285714286,3,5,4,354,12,Loyal Customers
CUST07438,2025-05-27,2,119359.0,400,59679.5,1,1,2,112,4,Lost Customers
CUST07439,2026-04-10,15,501687.4,82,33445.82666666667,3,5,4,354,12,Loyal Customers
CUST07440,2025-11-08,4,142866.15,235,35716.5375,2,2,2,222,6,Lost Customers
CUST07441,2026-03-23,7,97302.9,100,13900.414285714285,3,3,2,332,8,Others
CUST07442,2025-06-14,3,128631.5,382,42877.166666666664,1,1,2,112,4,Lost Customers
CUST07443,2025-03-06,2,41668.1,482,20834.05,1,1,1,111,3,Lost Customers
CUST07444,2026-01-23,9,316167.10000000003,159,35129.67777777778,2,4,3,243,9,At Risk
CUST07445,2026-05-18,9,246468.95,44,27385.43888888889,4,4,3,443,11,Loyal Customers
CUST07446,2026-06-16,12,693976.6,15,57831.38333333333,5,4,5,545,14,Champions
CUST07447,2024-09-09,4,234786.05,660,58696.5125,1,2,3,123,6,Others
CUST07448,2026-06-10,15,478831.0,21,31922.066666666666,5,5,4,554,14,Champions
CUST07449,2026-06-22,25,1393280.25,9,55731.21,5,5,5,555,15,Champions
CUST07450,2025-02-10,2,17319.6,506,8659.8,1,1,1,111,3,Lost Customers
CUST07451,2024-07-01,2,70570.8,730,35285.4,1,1,1,111,3,Lost Customers
CUST07452,2026-06-12,11,522660.05000000005,19,47514.55,5,4,4,544,13,Champions
CUST07453,2026-06-30,17,815767.65,1,47986.33235294118,5,5,5,555,15,Champions
CUST07454,2025-07-02,1,48810.4,364,48810.4,1,1,1,111,3,Lost Customers
CUST07455,2025-06-06,3,122384.95000000001,390,40794.98333333334,1,1,2,112,4,Lost Customers
CUST07456,2026-06-12,3,63133.6,19,21044.533333333333,5,1,1,511,7,Others
CUST07457,2026-06-08,19,1111584.8,23,58504.46315789474,5,5,5,555,15,Champions
CUST07458,2025-04-19,1,8213.0,438,8213.0,1,1,1,111,3,Lost Customers
CUST07459,2026-04-23,4,96615.9,69,24153.975,4,2,2,422,8,Potential Loyalists
CUST07460,2026-03-15,3,66646.0,108,22215.333333333332,3,1,1,311,5,Others
CUST07461,2026-05-23,6,52376.95,39,8729.491666666667,4,3,1,431,8,Potential Loyalists
CUST07462,2026-05-29,9,380553.3,33,42283.7,4,4,4,444,12,Champions
CUST07463,2026-04-28,15,795280.4,64,53018.693333333336,4,5,5,455,14,Champions
CUST07464,2025-12-03,5,125556.5,210,25111.3,2,2,2,222,6,Lost Customers
CUST07465,2026-05-14,15,759950.25,48,50663.35,4,5,5,455,14,Champions
CUST07466,2026-01-16,3,44503.0,166,14834.333333333334,2,1,1,211,4,Lost Customers
CUST07467,2026-04-20,9,276489.3,72,30721.033333333333,3,4,3,343,10,Loyal Customers
CUST07468,2026-02-05,7,128267.4,146,18323.914285714283,3,3,2,332,8,Others
CUST07469,2025-11-23,9,320422.0,220,35602.444444444445,2,4,3,243,9,At Risk
CUST07470,2026-06-03,2,29427.0,28,14713.5,5,1,1,511,7,Others
CUST07471,2026-04-23,8,430611.4,69,53826.425,4,3,4,434,11,Potential Loyalists
CUST07472,2026-04-05,11,533552.4,87,48504.76363636364,3,4,4,344,11,Loyal Customers
CUST07473,2025-09-25,5,103090.59999999999,279,20618.12,2,2,2,222,6,Lost Customers
CUST07474,2026-03-05,7,311726.0,118,44532.28571428572,3,3,3,333,9,Others
CUST07475,2026-02-14,7,302787.05,137,43255.29285714286,3,3,3,333,9,Others
CUST07476,2026-02-13,7,73780.95,138,10540.135714285714,3,3,2,332,8,Others
CUST07477,2025-12-26,12,518277.0,187,43189.75,2,4,4,244,10,At Risk
CUST07478,2026-06-15,18,564954.25,16,31386.347222222223,5,5,4,554,14,Champions
CUST07479,2025-09-24,14,501157.2,280,35796.94285714286,2,5,4,254,11,At Risk
CUST07480,2026-06-15,3,10009.650000000001,16,3336.5500000000006,5,1,1,511,7,Others
CUST07481,2026-06-23,2,4594.35,8,2297.175,5,1,1,511,7,Others
CUST07482,2026-04-24,4,73293.3,68,18323.325,4,2,2,422,8,Potential Loyalists
CUST07483,2026-06-13,23,849710.4,18,36943.93043478261,5,5,5,555,15,Champions
CUST07484,2026-02-27,3,53663.5,124,17887.833333333332,3,1,1,311,5,Others
CUST07485,2026-06-22,13,355245.55,9,27326.580769230768,5,5,4,554,14,Champions
CUST07486,2025-10-17,5,272066.05,257,54413.21,2,2,3,223,7,Others
CUST07487,2026-03-21,10,417205.45,102,41720.545,3,4,4,344,11,Loyal Customers
CUST07488,2026-05-25,5,278830.0,37,55766.0,4,2,3,423,9,Potential Loyalists
CUST07489,2026-05-31,14,388962.85,31,27783.06071428571,4,5,4,454,13,Champions
CUST07490,2026-04-21,11,294523.1,71,26774.82727272727,3,4,3,343,10,Loyal Customers
CUST07491,2026-04-19,12,452818.55,73,37734.879166666666,3,4,4,344,11,Loyal Customers
CUST07492,2025-07-21,2,70473.0,345,35236.5,1,1,1,111,3,Lost Customers
CUST07493,2025-06-19,1,16634.5,377,16634.5,1,1,1,111,3,Lost Customers
CUST07494,2026-06-17,11,203227.05,14,18475.186363636363,5,4,3,543,12,Loyal Customers
CUST07495,2026-01-21,3,13722.3,161,4574.099999999999,2,1,1,211,4,Lost Customers
CUST07496,2026-01-03,8,453599.75,179,56699.96875,2,3,4,234,9,At Risk
CUST07497,2025-08-18,6,218052.25,317,36342.041666666664,1,3,3,133,7,At Risk
CUST07498,2026-06-15,4,224437.9,16,56109.475,5,2,3,523,10,Potential Loyalists
CUST07499,2026-02-23,3,25005.0,128,8335.0,3,2,1,321,6,Others
CUST07500,2026-06-23,9,572130.45,8,63570.049999999996,5,4,4,544,13,Champions
CUST07501,2025-08-05,3,126369.7,330,42123.23333333333,1,2,2,122,5,Lost Customers
CUST07502,2026-06-25,7,155931.44999999998,6,22275.921428571426,5,3,2,532,10,Potential Loyalists
CUST07503,2025-01-10,4,121028.8,537,30257.2,1,2,2,122,5,Lost Customers
CUST07504,2026-04-09,23,1518263.3,83,66011.44782608697,3,5,5,355,13,Loyal Customers
CUST07505,2025-06-11,4,172585.65,385,43146.4125,1,2,3,123,6,Others
CUST07506,2025-11-14,9,359237.3,229,39915.25555555555,2,4,4,244,10,At Risk
CUST07507,2026-04-23,7,282879.5,69,40411.357142857145,4,3,3,433,10,Potential Loyalists
CUST07508,2026-05-01,10,903010.35,61,90301.035,4,4,5,445,13,Champions
CUST07509,2025-12-31,4,12956.4,182,3239.1,2,2,1,221,5,Lost Customers
CUST07510,2024-07-07,1,12000.0,724,12000.0,1,1,1,111,3,Lost Customers
CUST07511,2026-05-17,14,516910.25,45,36922.16071428572,4,5,4,454,13,Champions
CUST07512,2025-12-05,1,3187.5,208,3187.5,2,1,1,211,4,Lost Customers
CUST07513,2026-04-04,13,849924.85,88,65378.834615384614,3,5,5,355,13,Loyal Customers
CUST07514,2024-09-29,2,88056.6,640,44028.3,1,1,2,112,4,Lost Customers
CUST07515,2024-10-20,3,18293.4,619,6097.8,1,2,1,121,4,Lost Customers
CUST07516,2025-07-29,7,54268.700000000004,337,7752.671428571429,1,3,1,131,5,At Risk
CUST07517,2025-02-10,5,49046.1,506,9809.22,1,2,1,121,4,Lost Customers
CUST07518,2026-01-29,6,98319.65,153,16386.608333333334,2,3,2,232,7,At Risk
CUST07519,2026-04-06,7,62245.2,86,8892.171428571428,3,3,1,331,7,Others
CUST07520,2026-01-29,6,220000.4,153,36666.73333333333,2,3,3,233,8,At Risk
CUST07521,2026-05-25,12,399929.14999999997,37,33327.42916666666,4,4,4,444,12,Champions
CUST07522,2026-05-11,7,289120.65,51,41302.950000000004,4,3,3,433,10,Potential Loyalists
CUST07523,2026-02-17,7,322728.45,134,46104.06428571429,3,3,3,333,9,Others
CUST07524,2026-06-05,2,19533.9,26,9766.95,5,1,1,511,7,Others
CUST07525,2025-12-24,5,106552.2,189,21310.44,2,2,2,222,6,Lost Customers
CUST07526,2024-11-08,4,116525.2,600,29131.3,1,2,2,122,5,Lost Customers
CUST07527,2026-05-21,14,340551.55,41,24325.110714285714,4,5,4,454,13,Champions
CUST07528,2024-12-18,1,14013.95,560,14013.95,1,1,1,111,3,Lost Customers
CUST07529,2025-11-22,3,190921.84999999998,221,63640.61666666666,2,2,3,223,7,Others
CUST07530,2025-10-03,2,14316.5,271,7158.25,2,1,1,211,4,Lost Customers
CUST07531,2025-07-07,2,44255.2,359,22127.6,1,1,1,111,3,Lost Customers
CUST07532,2026-03-12,5,55515.85,111,11103.17,3,2,1,321,6,Others
CUST07533,2025-08-19,4,116904.5,316,29226.125,1,2,2,122,5,Lost Customers
CUST07534,2025-09-28,5,219773.80000000002,276,43954.76,2,2,3,223,7,Others
CUST07535,2025-06-18,1,47581.2,378,47581.2,1,1,1,111,3,Lost Customers
CUST07536,2026-06-12,7,104065.4,19,14866.485714285713,5,3,2,532,10,Potential Loyalists
CUST07537,2026-04-26,15,607725.55,66,40515.03666666667,4,5,5,455,14,Champions
CUST07538,2026-03-04,7,251400.2,119,35914.31428571429,3,3,3,333,9,Others
CUST07539,2026-06-10,7,407608.7,21,58229.81428571429,5,3,4,534,12,Potential Loyalists
CUST07540,2026-06-10,10,474474.8,21,47447.479999999996,5,4,4,544,13,Champions
CUST07541,2026-01-25,9,266779.15,157,29642.12777777778,2,4,3,243,9,At Risk
CUST07542,2026-04-22,5,276300.75,70,55260.15,3,2,3,323,8,Others
CUST07543,2026-06-30,8,576156.7000000001,1,72019.58750000001,5,3,4,534,12,Potential Loyalists
CUST07544,2025-09-22,4,103936.04999999999,282,25984.012499999997,2,2,2,222,6,Lost Customers
CUST07545,2026-03-20,16,625031.65,103,39064.478125,3,5,5,355,13,Loyal Customers
CUST07546,2026-01-09,5,81074.75,173,16214.95,2,2,2,222,6,Lost Customers
CUST07547,2025-06-27,5,94024.2,369,18804.84,1,2,2,122,5,Lost Customers
CUST07548,2026-05-31,12,676511.1,31,56375.924999999996,4,4,5,445,13,Champions
CUST07549,2026-06-12,11,521970.35,19,47451.85,5,4,4,544,13,Champions
CUST07550,2026-06-28,19,689444.45,3,36286.549999999996,5,5,5,555,15,Champions
CUST07551,2026-02-12,13,255903.3,139,19684.86923076923,3,5,3,353,11,Loyal Customers
CUST07552,2026-06-05,8,405178.8,26,50647.35,5,3,4,534,12,Potential Loyalists
CUST07553,2025-03-27,7,245138.0,461,35019.71428571428,1,3,3,133,7,At Risk
CUST07554,2025-10-30,14,362997.45,244,25928.389285714286,2,5,4,254,11,At Risk
CUST07555,2026-05-13,7,187840.5,49,26834.35714285714,4,3,3,433,10,Potential Loyalists
CUST07556,2025-12-06,17,981816.65,207,57753.9205882353,2,5,5,255,12,At Risk
CUST07557,2025-07-26,6,330328.6,340,55054.76666666666,1,3,4,134,8,At Risk
CUST07558,2026-05-30,13,482882.45,32,37144.803846153845,4,5,4,454,13,Champions
CUST07559,2026-03-26,8,572118.7,97,71514.8375,3,3,4,334,10,Others
CUST07560,2026-03-31,10,258556.6,92,25855.66,3,4,3,343,10,Loyal Customers
CUST07561,2026-05-12,14,453282.1,50,32377.292857142857,4,5,4,454,13,Champions
CUST07562,2026-05-16,8,454210.8,46,56776.35,4,3,4,434,11,Potential Loyalists
CUST07563,2026-05-05,22,1103195.05,57,50145.229545454546,4,5,5,455,14,Champions
CUST07564,2026-03-06,13,1377829.25,117,105986.86538461539,3,5,5,355,13,Loyal Customers
CUST07565,2026-03-06,8,371314.69999999995,117,46414.337499999994,3,3,4,334,10,Others
CUST07566,2024-05-16,3,50599.799999999996,776,16866.6,1,2,1,121,4,Lost Customers
CUST07567,2026-06-19,8,137336.85,12,17167.10625,5,3,2,532,10,Potential Loyalists
CUST07568,2025-08-18,5,262098.2,317,52419.64,1,2,3,123,6,Others
CUST07569,2026-06-17,10,458432.15,14,45843.215000000004,5,4,4,544,13,Champions
CUST07570,2026-06-24,22,1283447.4,7,58338.51818181818,5,5,5,555,15,Champions
CUST07571,2026-06-12,20,949915.85,19,47495.792499999996,5,5,5,555,15,Champions
CUST07572,2025-05-24,3,237903.95,403,79301.31666666667,1,2,3,123,6,Others
CUST07573,2025-07-26,1,138064.5,340,138064.5,1,1,2,112,4,Lost Customers
CUST07574,2024-07-04,1,30775.1,727,30775.1,1,1,1,111,3,Lost Customers
CUST07575,2026-06-06,12,981676.9,25,81806.40833333334,5,4,5,545,14,Champions
CUST07576,2024-12-30,1,41178.6,548,41178.6,1,1,1,111,3,Lost Customers
CUST07577,2024-07-04,1,53097.3,727,53097.3,1,1,1,111,3,Lost Customers
CUST07578,2026-04-30,14,751947.8,62,53710.55714285715,4,5,5,455,14,Champions
CUST07579,2026-06-15,6,199070.4,16,33178.4,5,3,3,533,11,Potential Loyalists
CUST07580,2026-06-07,5,111598.9,24,22319.78,5,2,2,522,9,Potential Loyalists
CUST07581,2026-05-01,11,371779.35,61,33798.12272727273,4,4,4,444,12,Champions
CUST07582,2025-08-09,5,103104.45,326,20620.89,1,2,2,122,5,Lost Customers
CUST07583,2024-12-10,2,168838.8,568,84419.4,1,1,2,112,4,Lost Customers
CUST07584,2026-06-07,12,340498.3,24,28374.858333333334,5,4,4,544,13,Champions
CUST07585,2026-02-21,9,412764.45,130,45862.71666666667,3,4,4,344,11,Loyal Customers
CUST07586,2026-03-02,9,549988.1,121,61109.788888888885,3,4,4,344,11,Loyal Customers
CUST07587,2025-07-24,4,101015.4,342,25253.85,1,2,2,122,5,Lost Customers
CUST07588,2025-07-16,1,25990.1,350,25990.1,1,1,1,111,3,Lost Customers
CUST07589,2026-03-21,10,361251.45,102,36125.145000000004,3,4,4,344,11,Loyal Customers
CUST07590,2026-01-29,6,133450.05,153,22241.675,2,3,2,232,7,At Risk
CUST07591,2026-05-13,10,633344.8,49,63334.48,4,4,5,445,13,Champions
CUST07592,2026-01-20,5,92806.4,162,18561.28,2,2,2,222,6,Lost Customers
CUST07593,2025-02-18,3,89995.79999999999,498,29998.599999999995,1,2,2,122,5,Lost Customers
CUST07594,2026-02-11,5,257597.09999999998,140,51519.42,3,2,3,323,8,Others
CUST07595,2026-06-20,9,308070.5,11,34230.055555555555,5,4,3,543,12,Loyal Customers
CUST07596,2025-10-19,4,87808.55,255,21952.1375,2,2,2,222,6,Lost Customers
CUST07597,2026-06-17,10,843406.55,14,84340.655,5,4,5,545,14,Champions
CUST07598,2025-11-11,4,70452.5,232,17613.125,2,2,1,221,5,Lost Customers
CUST07599,2025-10-01,5,110893.79999999999,273,22178.76,2,2,2,222,6,Lost Customers
CUST07600,2025-12-28,10,418146.14999999997,185,41814.615,2,4,4,244,10,At Risk
CUST07601,2026-06-21,19,580939.85,10,30575.781578947368,5,5,4,554,14,Champions
CUST07602,2026-01-17,4,115221.0,165,28805.25,2,2,2,222,6,Lost Customers
CUST07603,2026-05-23,3,34737.4,39,11579.133333333333,4,2,1,421,7,Potential Loyalists
CUST07604,2026-02-04,4,126608.2,147,31652.05,2,2,2,222,6,Lost Customers
CUST07605,2025-06-12,3,66890.65,384,22296.88333333333,1,2,1,121,4,Lost Customers
CUST07606,2025-09-26,2,115800.65,278,57900.325,2,1,2,212,5,Lost Customers
CUST07607,2026-04-09,14,306656.85000000003,83,21904.060714285715,3,5,3,353,11,Loyal Customers
CUST07608,2026-06-17,14,532739.6,14,38052.82857142857,5,5,4,554,14,Champions
CUST07609,2026-01-06,6,244802.4,176,40800.4,2,3,3,233,8,At Risk
CUST07610,2025-07-20,5,428005.19999999995,346,85601.04,1,2,4,124,7,Others
CUST07611,2026-05-03,19,940945.75,59,49523.46052631579,4,5,5,455,14,Champions
CUST07612,2026-04-04,6,97457.45,88,16242.908333333333,3,3,2,332,8,Others
CUST07613,2026-04-17,20,1023127.0,75,51156.35,3,5,5,355,13,Loyal Customers
CUST07614,2026-05-19,4,122524.8,43,30631.2,4,2,2,422,8,Potential Loyalists
CUST07615,2026-01-29,7,184455.35,153,26350.764285714286,2,3,3,233,8,At Risk
CUST07616,2026-04-19,5,430194.8,73,86038.95999999999,3,2,4,324,9,Others
CUST07617,2026-05-24,15,679310.1,38,45287.34,4,5,5,455,14,Champions
CUST07618,2026-06-13,22,834318.85,18,37923.58409090909,5,5,5,555,15,Champions
CUST07619,2025-10-13,2,105576.3,261,52788.15,2,1,2,212,5,Lost Customers
CUST07620,2026-06-30,18,989077.45,1,54948.74722222222,5,5,5,555,15,Champions
CUST07621,2024-10-10,1,2521.8,629,2521.8,1,1,1,111,3,Lost Customers
CUST07622,2026-05-28,3,18758.4,34,6252.8,4,2,1,421,7,Potential Loyalists
CUST07623,2025-12-06,7,487822.0,207,69688.85714285714,2,3,4,234,9,At Risk
CUST07624,2026-02-27,9,354896.2,124,39432.91111111111,3,4,4,344,11,Loyal Customers
CUST07625,2026-06-21,26,1175316.25,10,45204.471153846156,5,5,5,555,15,Champions
CUST07626,2026-06-03,33,1593908.65,28,48300.262121212116,5,5,5,555,15,Champions
CUST07627,2025-06-08,7,348740.8,388,49820.114285714284,1,3,4,134,8,At Risk
CUST07628,2026-05-05,4,62859.899999999994,57,15714.974999999999,4,2,1,421,7,Potential Loyalists
CUST07629,2025-09-23,5,175369.75,281,35073.95,2,2,3,223,7,Others
CUST07630,2026-05-04,20,788614.5,58,39430.725,4,5,5,455,14,Champions
CUST07631,2026-06-17,17,461937.8,14,27172.811764705883,5,5,4,554,14,Champions
CUST07632,2026-04-05,7,477011.2,87,68144.45714285715,3,3,4,334,10,Others
CUST07633,2026-06-25,8,288220.7,6,36027.5875,5,3,3,533,11,Potential Loyalists
CUST07634,2025-10-22,5,163473.25,252,32694.65,2,2,2,222,6,Lost Customers
CUST07635,2026-01-10,18,821419.05,172,45634.39166666667,2,5,5,255,12,At Risk
CUST07636,2026-05-20,6,237490.75,42,39581.791666666664,4,3,3,433,10,Potential Loyalists
CUST07637,2024-10-06,1,14510.7,633,14510.7,1,1,1,111,3,Lost Customers
CUST07638,2025-12-07,3,264185.6,206,88061.86666666665,2,2,3,223,7,Others
CUST07639,2026-01-31,11,205662.15,151,18696.55909090909,2,4,3,243,9,At Risk
CUST07640,2025-08-19,1,2629.6,316,2629.6,1,1,1,111,3,Lost Customers
CUST07641,2024-09-06,1,5943.2,663,5943.2,1,1,1,111,3,Lost Customers
CUST07642,2026-05-24,7,323276.5,38,46182.357142857145,4,3,4,434,11,Potential Loyalists
CUST07643,2025-01-12,3,77321.65,535,25773.88333333333,1,2,2,122,5,Lost Customers
CUST07644,2026-05-22,25,1578024.25,40,63120.97,4,5,5,455,14,Champions
CUST07645,2025-06-04,3,20926.15,392,6975.383333333334,1,2,1,121,4,Lost Customers
CUST07646,2026-05-06,16,1036563.2,56,64785.2,4,5,5,455,14,Champions
CUST07647,2024-09-23,1,7444.8,646,7444.8,1,1,1,111,3,Lost Customers
CUST07648,2026-06-29,10,456752.2,2,45675.22,5,4,4,544,13,Champions
CUST07649,2024-04-18,1,33489.4,804,33489.4,1,1,1,111,3,Lost Customers
CUST07650,2024-04-09,1,42990.0,813,42990.0,1,1,1,111,3,Lost Customers
CUST07651,2026-04-19,10,200238.35,73,20023.835,3,4,3,343,10,Loyal Customers
CUST07652,2024-08-14,1,7524.0,686,7524.0,1,1,1,111,3,Lost Customers
CUST07653,2026-04-04,12,447232.9,88,37269.40833333333,3,4,4,344,11,Loyal Customers
CUST07654,2024-12-24,1,17709.75,554,17709.75,1,1,1,111,3,Lost Customers
CUST07655,2026-05-05,17,836393.4,57,49199.611764705885,4,5,5,455,14,Champions
CUST07656,2025-05-13,2,95707.5,414,47853.75,1,1,2,112,4,Lost Customers
CUST07657,2026-01-08,1,4366.8,174,4366.8,2,1,1,211,4,Lost Customers
CUST07658,2026-06-06,17,676894.0,25,39817.294117647056,5,5,5,555,15,Champions
CUST07659,2026-04-20,10,128787.25,72,12878.725,3,4,2,342,9,Loyal Customers
CUST07660,2025-02-04,4,83086.15000000001,512,20771.537500000002,1,2,2,122,5,Lost Customers
CUST07661,2026-02-24,2,33826.6,127,16913.3,3,1,1,311,5,Others
CUST07662,2026-04-07,7,279926.3,85,39989.47142857143,3,3,3,333,9,Others
CUST07663,2025-12-19,16,588778.15,194,36798.634375,2,5,5,255,12,At Risk
CUST07664,2026-04-29,14,503973.15,63,35998.08214285714,4,5,4,454,13,Champions
CUST07665,2025-11-22,5,250417.4,221,50083.479999999996,2,2,3,223,7,Others
CUST07666,2026-06-17,6,174297.25,14,29049.541666666668,5,3,3,533,11,Potential Loyalists
CUST07667,2024-08-12,2,33471.8,688,16735.9,1,1,1,111,3,Lost Customers
CUST07668,2026-04-21,11,542727.15,71,49338.83181818182,3,4,4,344,11,Loyal Customers
CUST07669,2026-04-07,7,203010.9,85,29001.557142857142,3,3,3,333,9,Others
CUST07670,2026-04-22,30,1523008.35,70,50766.945,3,5,5,355,13,Loyal Customers
CUST07671,2025-05-29,4,53668.09999999999,398,13417.024999999998,1,2,1,121,4,Lost Customers
CUST07672,2026-04-17,13,340247.8,75,26172.90769230769,3,5,4,354,12,Loyal Customers
CUST07673,2026-03-20,25,1022613.35,103,40904.534,3,5,5,355,13,Loyal Customers
CUST07674,2025-05-15,3,61798.05,412,20599.350000000002,1,2,1,121,4,Lost Customers
CUST07675,2025-05-17,3,29008.850000000002,410,9669.616666666667,1,2,1,121,4,Lost Customers
CUST07676,2026-06-16,12,351752.85,15,29312.7375,5,4,4,544,13,Champions
CUST07677,2026-05-13,15,1233756.55,49,82250.43666666668,4,5,5,455,14,Champions
CUST07678,2026-06-08,11,307837.14999999997,23,27985.19545454545,5,4,3,543,12,Loyal Customers
CUST07679,2026-06-21,10,503521.0,10,50352.1,5,4,4,544,13,Champions
CUST07680,2025-10-27,3,93708.4,247,31236.13333333333,2,2,2,222,6,Lost Customers
CUST07681,2026-06-14,16,1057136.2,17,66071.0125,5,5,5,555,15,Champions
CUST07682,2025-09-08,4,218693.15,296,54673.2875,2,2,3,223,7,Others
CUST07683,2026-03-11,2,68972.1,112,34486.05,3,1,1,311,5,Others
CUST07684,2026-04-25,26,751937.0,67,28920.653846153848,4,5,5,455,14,Champions
CUST07685,2026-02-06,14,547123.9,145,39080.27857142857,3,5,4,354,12,Loyal Customers
CUST07686,2026-06-10,7,220453.40000000002,21,31493.34285714286,5,3,3,533,11,Potential Loyalists
CUST07687,2025-12-24,3,38716.8,189,12905.6,2,2,1,221,5,Lost Customers
CUST07688,2024-06-02,1,4837.4,759,4837.4,1,1,1,111,3,Lost Customers
CUST07689,2026-05-03,18,1023504.35,59,56861.35277777778,4,5,5,455,14,Champions
CUST07690,2026-06-29,31,2181822.6,2,70381.37419354838,5,5,5,555,15,Champions
CUST07691,2025-02-23,5,106181.8,493,21236.36,1,2,2,122,5,Lost Customers
CUST07692,2026-05-12,25,1040770.9,50,41630.836,4,5,5,455,14,Champions
CUST07693,2026-05-20,15,634469.15,42,42297.943333333336,4,5,5,455,14,Champions
CUST07694,2025-01-30,1,116342.0,517,116342.0,1,1,2,112,4,Lost Customers
CUST07695,2026-06-16,11,368319.65,15,33483.604545454546,5,4,4,544,13,Champions
CUST07696,2026-06-29,30,2532370.85,2,84412.36166666666,5,5,5,555,15,Champions
CUST07697,2026-03-09,9,304650.1,114,33850.01111111111,3,4,3,343,10,Loyal Customers
CUST07698,2026-06-03,13,560312.4,28,43100.95384615385,5,5,4,554,14,Champions
CUST07699,2026-06-05,3,86940.05,26,28980.016666666666,5,2,2,522,9,Potential Loyalists
CUST07700,2024-11-13,4,66511.1,595,16627.775,1,2,1,121,4,Lost Customers
CUST07701,2026-03-14,5,138085.8,109,27617.159999999996,3,2,2,322,7,Others
CUST07702,2026-03-14,2,46228.15,109,23114.075,3,1,1,311,5,Others
CUST07703,2026-03-05,6,51231.049999999996,118,8538.508333333333,3,3,1,331,7,Others
CUST07704,2026-01-31,4,64952.15,151,16238.0375,2,2,1,221,5,Lost Customers
CUST07705,2025-07-14,5,187884.45,352,37576.89,1,2,3,123,6,Others
CUST07706,2025-11-28,8,767149.35,215,95893.66875,2,3,5,235,10,At Risk
CUST07707,2026-02-20,12,437492.85,131,36457.737499999996,3,4,4,344,11,Loyal Customers
CUST07708,2026-05-25,23,1582047.35,37,68784.66739130435,4,5,5,455,14,Champions
CUST07709,2025-05-07,2,17694.9,420,8847.45,1,1,1,111,3,Lost Customers
CUST07710,2026-04-21,3,316620.75,71,105540.25,3,2,3,323,8,Others
CUST07711,2026-03-27,3,62787.2,96,20929.066666666666,3,2,1,321,6,Others
CUST07712,2025-12-27,6,328513.85000000003,186,54752.30833333334,2,3,4,234,9,At Risk
CUST07713,2025-10-16,3,48146.45,258,16048.816666666666,2,2,1,221,5,Lost Customers
CUST07714,2026-04-15,6,285752.45,77,47625.40833333333,3,3,3,333,9,Others
CUST07715,2025-10-18,3,139392.4,256,46464.13333333333,2,2,2,222,6,Lost Customers
CUST07716,2025-10-26,5,94817.95,248,18963.59,2,2,2,222,6,Lost Customers
CUST07717,2025-08-19,4,68067.4,316,17016.85,1,2,1,121,4,Lost Customers
CUST07718,2026-01-29,13,936451.9,153,72034.76153846153,2,5,5,255,12,At Risk
CUST07719,2026-05-25,6,387743.2,37,64623.86666666667,4,3,4,434,11,Potential Loyalists
CUST07720,2025-11-29,11,389765.05,214,35433.18636363636,2,4,4,244,10,At Risk
CUST07721,2025-10-28,3,65223.9,246,21741.3,2,2,1,221,5,Lost Customers
CUST07722,2026-01-16,4,54440.549999999996,166,13610.137499999999,2,2,1,221,5,Lost Customers
CUST07723,2025-12-04,2,196712.4,209,98356.2,2,1,3,213,6,Others
CUST07724,2026-03-03,7,95360.05,120,13622.864285714286,3,3,2,332,8,Others
CUST07725,2025-11-12,4,93061.25,231,23265.3125,2,2,2,222,6,Lost Customers
CUST07726,2025-12-17,9,322089.60000000003,196,35787.73333333334,2,4,3,243,9,At Risk
CUST07727,2025-09-16,9,190550.6,288,21172.28888888889,2,4,3,243,9,At Risk
CUST07728,2026-02-01,2,138735.0,150,69367.5,2,1,2,212,5,Lost Customers
CUST07729,2026-02-23,13,543496.25,128,41807.403846153844,3,5,4,354,12,Loyal Customers
CUST07730,2026-05-27,8,449084.1,35,56135.5125,4,3,4,434,11,Potential Loyalists
CUST07731,2026-01-01,5,100303.35,181,20060.670000000002,2,2,2,222,6,Lost Customers
CUST07732,2026-05-05,10,386667.10000000003,57,38666.71000000001,4,4,4,444,12,Champions
CUST07733,2026-05-15,22,801776.25,47,36444.375,4,5,5,455,14,Champions
CUST07734,2026-02-02,4,40516.59999999999,149,10129.149999999998,2,2,1,221,5,Lost Customers
CUST07735,2025-11-22,6,306531.55,221,51088.59166666667,2,3,3,233,8,At Risk
CUST07736,2025-03-30,2,19631.6,458,9815.8,1,1,1,111,3,Lost Customers
CUST07737,2025-07-14,4,393885.05,352,98471.2625,1,2,4,124,7,Others
CUST07738,2026-04-26,15,547206.45,66,36480.43,4,5,4,454,13,Champions
CUST07739,2025-07-27,1,1139.4,339,1139.4,1,1,1,111,3,Lost Customers
CUST07740,2026-06-04,6,292886.7,27,48814.450000000004,5,3,3,533,11,Potential Loyalists
CUST07741,2025-09-16,3,49812.6,288,16604.2,2,2,1,221,5,Lost Customers
CUST07742,2026-06-21,13,720549.15,10,55426.85769230769,5,5,5,555,15,Champions
CUST07743,2025-09-29,7,70548.3,275,10078.328571428572,2,3,1,231,6,At Risk
CUST07744,2026-05-20,6,510746.19999999995,42,85124.36666666665,4,3,4,434,11,Potential Loyalists
CUST07745,2026-06-09,8,402189.95,22,50273.74375,5,3,4,534,12,Potential Loyalists
CUST07746,2026-06-14,8,285056.95,17,35632.11875,5,3,3,533,11,Potential Loyalists
CUST07747,2026-03-30,16,1026536.0,93,64158.5,3,5,5,355,13,Loyal Customers
CUST07748,2026-05-10,12,559537.2,52,46628.1,4,4,4,444,12,Champions
CUST07749,2026-06-06,5,125293.9,25,25058.78,5,2,2,522,9,Potential Loyalists
CUST07750,2025-01-23,4,116686.09999999999,524,29171.524999999998,1,2,2,122,5,Lost Customers
CUST07751,2026-06-08,15,1192082.85,23,79472.19,5,5,5,555,15,Champions
CUST07752,2025-09-20,1,9080.1,284,9080.1,2,1,1,211,4,Lost Customers
CUST07753,2025-12-11,7,334212.65,202,47744.66428571429,2,3,4,234,9,At Risk
CUST07754,2025-11-09,11,635057.85,234,57732.531818181815,2,4,5,245,11,At Risk
CUST07755,2025-11-21,10,507505.55000000005,222,50750.55500000001,2,4,4,244,10,At Risk
CUST07756,2026-06-28,24,1249079.2,3,52044.96666666667,5,5,5,555,15,Champions
CUST07757,2026-04-24,9,167525.75,68,18613.972222222223,4,4,2,442,10,Loyal Customers
CUST07758,2025-11-16,10,505868.25,227,50586.825,2,4,4,244,10,At Risk
CUST07759,2026-02-23,11,473496.5,128,43045.13636363636,3,4,4,344,11,Loyal Customers
CUST07760,2026-06-15,16,1004187.6,16,62761.725,5,5,5,555,15,Champions
CUST07761,2026-06-01,7,248687.69999999998,30,35526.81428571428,4,3,3,433,10,Potential Loyalists
CUST07762,2026-05-15,5,256687.15,47,51337.43,4,2,3,423,9,Potential Loyalists
CUST07763,2025-05-04,4,203495.0,423,50873.75,1,2,3,123,6,Others
CUST07764,2025-10-24,5,128269.65,250,25653.93,2,2,2,222,6,Lost Customers
CUST07765,2025-09-15,4,82257.85,289,20564.4625,2,2,2,222,6,Lost Customers
CUST07766,2026-04-30,9,143388.8,62,15932.088888888888,4,4,2,442,10,Loyal Customers
CUST07767,2025-11-29,3,20630.0,214,6876.666666666667,2,2,1,221,5,Lost Customers
CUST07768,2026-04-06,5,164516.45,86,32903.29,3,2,2,322,7,Others
CUST07769,2026-03-13,6,305858.2,110,50976.36666666667,3,3,3,333,9,Others
CUST07770,2025-08-17,3,46708.8,318,15569.6,1,2,1,121,4,Lost Customers
CUST07771,2026-06-27,6,399415.3,4,66569.21666666666,5,3,4,534,12,Potential Loyalists
CUST07772,2026-03-24,9,625561.6000000001,99,69506.84444444446,3,4,5,345,12,Loyal Customers
CUST07773,2026-06-25,8,481311.6,6,60163.95,5,3,4,534,12,Potential Loyalists
CUST07774,2025-12-08,2,59096.600000000006,205,29548.300000000003,2,1,1,211,4,Lost Customers
CUST07775,2026-02-09,7,202673.0,142,28953.285714285714,3,3,3,333,9,Others
CUST07776,2026-04-23,10,683247.35,69,68324.735,4,4,5,445,13,Champions
CUST07777,2026-06-21,10,417400.35,10,41740.034999999996,5,4,4,544,13,Champions
CUST07778,2026-01-28,6,180138.9,154,30023.149999999998,2,3,3,233,8,At Risk
CUST07779,2026-05-19,17,445387.8,43,26199.282352941176,4,5,4,454,13,Champions
CUST07780,2025-05-05,8,273146.9,422,34143.3625,1,3,3,133,7,At Risk
CUST07781,2026-06-02,13,773700.6,29,59515.43076923077,5,5,5,555,15,Champions
CUST07782,2026-02-06,6,183291.9,145,30548.649999999998,3,3,3,333,9,Others
CUST07783,2025-07-06,1,11899.2,360,11899.2,1,1,1,111,3,Lost Customers
CUST07784,2026-06-07,6,171896.45,24,28649.408333333336,5,3,2,532,10,Potential Loyalists
CUST07785,2026-03-12,3,12976.3,111,4325.433333333333,3,2,1,321,6,Others
CUST07786,2026-05-26,11,605192.9,36,55017.53636363637,4,4,5,445,13,Champions
CUST07787,2025-11-15,6,256503.25,228,42750.541666666664,2,3,3,233,8,At Risk
CUST07788,2025-12-13,7,84274.45,200,12039.207142857142,2,3,2,232,7,At Risk
CUST07789,2025-02-24,3,141671.2,492,47223.73333333334,1,2,2,122,5,Lost Customers
CUST07790,2024-06-08,1,10632.65,753,10632.65,1,1,1,111,3,Lost Customers
CUST07791,2026-06-15,11,323970.2,16,29451.836363636365,5,4,4,544,13,Champions
CUST07792,2024-04-26,1,900.0,796,900.0,1,1,1,111,3,Lost Customers
CUST07793,2024-06-01,1,12663.2,760,12663.2,1,1,1,111,3,Lost Customers
CUST07794,2025-03-22,1,939.55,466,939.55,1,1,1,111,3,Lost Customers
CUST07795,2026-06-21,22,1809752.4,10,82261.47272727272,5,5,5,555,15,Champions
CUST07796,2026-06-10,6,204068.30000000002,21,34011.38333333334,5,3,3,533,11,Potential Loyalists
CUST07797,2026-05-04,11,1058249.7,58,96204.51818181817,4,4,5,445,13,Champions
CUST07798,2025-05-31,1,16840.0,396,16840.0,1,1,1,111,3,Lost Customers
CUST07799,2026-02-09,5,97977.55,142,19595.510000000002,3,2,2,322,7,Others
CUST07800,2024-10-04,1,978.3,635,978.3,1,1,1,111,3,Lost Customers
CUST07801,2025-06-03,4,127395.0,393,31848.75,1,2,2,122,5,Lost Customers
CUST07802,2025-11-15,2,16382.15,228,8191.075,2,1,1,211,4,Lost Customers
CUST07803,2026-05-07,8,168479.15,55,21059.89375,4,3,2,432,9,Potential Loyalists
CUST07804,2026-06-10,15,153081.75,21,10205.45,5,5,2,552,12,Loyal Customers
CUST07805,2026-02-04,10,440536.35000000003,147,44053.635,2,4,4,244,10,At Risk
CUST07806,2025-05-28,4,147788.05,399,36947.0125,1,2,2,122,5,Lost Customers
CUST07807,2026-04-19,10,307884.45,73,30788.445,3,4,3,343,10,Loyal Customers
CUST07808,2026-04-09,11,465847.55,83,42349.777272727275,3,4,4,344,11,Loyal Customers
CUST07809,2025-08-23,5,157154.1,312,31430.82,2,2,2,222,6,Lost Customers
CUST07810,2026-04-27,10,582675.5,65,58267.55,4,4,4,444,12,Champions
CUST07811,2026-05-21,17,553520.8,41,32560.047058823533,4,5,4,454,13,Champions
CUST07812,2026-06-22,27,885120.5,9,32782.24074074074,5,5,5,555,15,Champions
CUST07813,2026-06-01,11,696611.2999999999,30,63328.299999999996,4,4,5,445,13,Champions
CUST07814,2025-03-18,1,250036.2,470,250036.2,1,1,3,113,5,Others
CUST07815,2026-02-21,10,333060.1,130,33306.009999999995,3,4,4,344,11,Loyal Customers
CUST07816,2025-10-26,13,447011.85,248,34385.52692307692,2,5,4,254,11,At Risk
CUST07817,2025-06-02,2,25445.15,394,12722.575,1,1,1,111,3,Lost Customers
CUST07818,2026-06-26,8,284598.55,5,35574.81875,5,3,3,533,11,Potential Loyalists
CUST07819,2025-11-21,5,54915.7,222,10983.14,2,2,1,221,5,Lost Customers
CUST07820,2026-05-07,6,471900.14999999997,55,78650.025,4,3,4,434,11,Potential Loyalists
CUST07821,2026-05-10,5,165672.4,52,33134.479999999996,4,2,2,422,8,Potential Loyalists
CUST07822,2026-03-23,4,214479.6,100,53619.9,3,2,3,323,8,Others
CUST07823,2025-06-03,4,158399.0,393,39599.75,1,2,2,122,5,Lost Customers
CUST07824,2025-01-23,1,2494.8,524,2494.8,1,1,1,111,3,Lost Customers
CUST07825,2024-09-28,1,11299.5,641,11299.5,1,1,1,111,3,Lost Customers
CUST07826,2025-01-22,1,8140.45,525,8140.45,1,1,1,111,3,Lost Customers
CUST07827,2025-06-08,1,19000.0,388,19000.0,1,1,1,111,3,Lost Customers
CUST07828,2025-07-28,7,289002.19999999995,338,41286.028571428564,1,3,3,133,7,At Risk
CUST07829,2026-06-16,25,1436667.6,15,57466.704000000005,5,5,5,555,15,Champions
CUST07830,2026-04-07,7,329606.7,85,47086.67142857143,3,3,4,334,10,Others
CUST07831,2025-09-27,3,33879.35,277,11293.116666666667,2,2,1,221,5,Lost Customers
CUST07832,2026-06-15,9,217296.25,16,24144.027777777777,5,4,3,543,12,Loyal Customers
CUST07833,2024-04-28,2,68007.9,794,34003.95,1,1,1,111,3,Lost Customers
CUST07834,2026-04-24,13,677835.35,68,52141.18076923077,4,5,5,455,14,Champions
CUST07835,2024-10-12,4,85302.9,627,21325.725,1,2,2,122,5,Lost Customers
CUST07836,2026-06-13,28,1017212.8,18,36329.02857142857,5,5,5,555,15,Champions
CUST07837,2026-03-03,8,277351.9,120,34668.9875,3,3,3,333,9,Others
CUST07838,2026-02-03,8,292782.25,148,36597.78125,2,3,3,233,8,At Risk
CUST07839,2026-05-21,9,227850.6,41,25316.733333333334,4,4,3,443,11,Loyal Customers
CUST07840,2026-06-10,10,360118.39999999997,21,36011.84,5,4,4,544,13,Champions
CUST07841,2026-05-02,12,482291.2,60,40190.933333333334,4,4,4,444,12,Champions
CUST07842,2025-08-18,2,126843.6,317,63421.8,1,1,2,112,4,Lost Customers
CUST07843,2025-02-04,3,19757.3,512,6585.766666666666,1,2,1,121,4,Lost Customers
CUST07844,2026-06-06,5,113479.75,25,22695.95,5,2,2,522,9,Potential Loyalists
CUST07845,2026-03-19,3,161993.95,104,53997.98333333334,3,2,2,322,7,Others
CUST07846,2026-05-04,6,337748.95,58,56291.49166666667,4,3,4,434,11,Potential Loyalists
CUST07847,2025-12-17,8,102267.25,196,12783.40625,2,3,2,232,7,At Risk
CUST07848,2026-03-05,8,607173.5,118,75896.6875,3,3,5,335,11,Others
CUST07849,2026-04-24,12,735042.4500000001,68,61253.537500000006,4,4,5,445,13,Champions
CUST07850,2026-06-21,24,1635923.7,10,68163.4875,5,5,5,555,15,Champions
CUST07851,2026-02-18,12,274204.1,133,22850.341666666664,3,4,3,343,10,Loyal Customers
CUST07852,2026-04-26,10,497413.85,66,49741.384999999995,4,4,4,444,12,Champions
CUST07853,2025-05-03,2,7351.5,424,3675.75,1,1,1,111,3,Lost Customers
CUST07854,2026-06-12,10,164836.65,19,16483.665,5,4,2,542,11,Loyal Customers
CUST07855,2025-10-22,5,160819.40000000002,252,32163.880000000005,2,2,2,222,6,Lost Customers
CUST07856,2026-05-23,11,467701.19999999995,39,42518.2909090909,4,4,4,444,12,Champions
CUST07857,2026-01-09,2,6892.25,173,3446.125,2,1,1,211,4,Lost Customers
CUST07858,2026-05-07,17,855339.85,55,50314.10882352941,4,5,5,455,14,Champions
CUST07859,2026-06-14,12,277374.6,17,23114.55,5,4,3,543,12,Loyal Customers
CUST07860,2026-05-08,6,391125.4,54,65187.56666666667,4,3,4,434,11,Potential Loyalists
CUST07861,2025-09-05,4,121756.85,299,30439.2125,2,2,2,222,6,Lost Customers
CUST07862,2026-06-01,7,482368.15,30,68909.73571428572,4,3,4,434,11,Potential Loyalists
CUST07863,2025-09-28,6,213825.80000000002,276,35637.63333333334,2,3,3,233,8,At Risk
CUST07864,2026-04-23,6,299119.6,69,49853.26666666666,4,3,3,433,10,Potential Loyalists
CUST07865,2024-10-27,2,14674.2,612,7337.1,1,1,1,111,3,Lost Customers
CUST07866,2026-06-19,9,447494.5,12,49721.61111111111,5,4,4,544,13,Champions
CUST07867,2025-09-18,6,100691.75,286,16781.958333333332,2,3,2,232,7,At Risk
CUST07868,2026-05-31,9,313556.0,31,34839.555555555555,4,4,3,443,11,Loyal Customers
CUST07869,2025-07-04,6,50136.9,362,8356.15,1,3,1,131,5,At Risk
CUST07870,2024-07-23,1,116096.4,708,116096.4,1,1,2,112,4,Lost Customers
CUST07871,2026-01-03,1,36570.25,179,36570.25,2,1,1,211,4,Lost Customers
CUST07872,2025-11-25,3,119819.29999999999,218,39939.76666666666,2,2,2,222,6,Lost Customers
CUST07873,2025-09-23,2,67479.8,281,33739.9,2,1,1,211,4,Lost Customers
CUST07874,2026-04-21,10,399823.05000000005,71,39982.30500000001,3,4,4,344,11,Loyal Customers
CUST07875,2026-06-01,14,366567.5,30,26183.39285714286,4,5,4,454,13,Champions
CUST07876,2026-04-09,12,436926.4,83,36410.53333333333,3,4,4,344,11,Loyal Customers
CUST07877,2026-03-10,4,49185.8,113,12296.45,3,2,1,321,6,Others
CUST07878,2026-04-12,5,321063.3,80,64212.659999999996,3,2,3,323,8,Others
CUST07879,2026-05-02,6,192393.65,60,32065.608333333334,4,3,3,433,10,Potential Loyalists
CUST07880,2026-06-16,13,706508.3,15,54346.79230769231,5,5,5,555,15,Champions
CUST07881,2025-10-01,1,887.3,273,887.3,2,1,1,211,4,Lost Customers
CUST07882,2025-03-25,7,120280.0,463,17182.85714285714,1,3,2,132,6,At Risk
CUST07883,2025-12-10,3,179064.4,203,59688.13333333333,2,2,3,223,7,Others
CUST07884,2025-10-28,10,314735.55,246,31473.555,2,4,3,243,9,At Risk
CUST07885,2025-10-19,4,42928.15,255,10732.0375,2,2,1,221,5,Lost Customers
CUST07886,2026-05-29,8,75119.29999999999,33,9389.912499999999,4,3,2,432,9,Potential Loyalists
CUST07887,2024-09-24,2,52706.7,645,26353.35,1,1,1,111,3,Lost Customers
CUST07888,2025-05-23,1,56030.4,404,56030.4,1,1,1,111,3,Lost Customers
CUST07889,2026-01-08,12,512374.7,174,42697.89166666667,2,4,4,244,10,At Risk
CUST07890,2026-04-14,12,1195050.8,78,99587.56666666667,3,4,5,345,12,Loyal Customers
CUST07891,2026-02-24,8,173009.25,127,21626.15625,3,3,3,333,9,Others
CUST07892,2026-02-21,13,998955.95,130,76842.76538461538,3,5,5,355,13,Loyal Customers
CUST07893,2026-06-01,11,307433.2,30,27948.47272727273,4,4,3,443,11,Loyal Customers
CUST07894,2026-06-23,14,416719.55000000005,8,29765.682142857146,5,5,4,554,14,Champions
CUST07895,2026-06-27,29,899993.5,4,31034.258620689656,5,5,5,555,15,Champions
CUST07896,2026-01-02,13,352600.45,180,27123.11153846154,2,5,4,254,11,At Risk
CUST07897,2026-02-02,9,579511.7,149,64390.188888888886,2,4,4,244,10,At Risk
CUST07898,2025-05-12,2,101872.8,415,50936.4,1,1,2,112,4,Lost Customers
CUST07899,2026-03-01,6,181904.90000000002,122,30317.483333333337,3,3,3,333,9,Others
CUST07900,2026-05-26,14,636516.5499999999,36,45465.46785714285,4,5,5,455,14,Champions
CUST07901,2026-04-20,21,982276.75,72,46775.083333333336,3,5,5,355,13,Loyal Customers
CUST07902,2026-05-28,14,471429.95,34,33673.56785714286,4,5,4,454,13,Champions
CUST07903,2026-06-27,22,1868444.15,4,84929.27954545454,5,5,5,555,15,Champions
CUST07904,2026-01-16,5,190914.3,166,38182.86,2,2,3,223,7,Others
CUST07905,2026-02-24,10,262366.9,127,26236.690000000002,3,4,3,343,10,Loyal Customers
CUST07906,2026-05-08,10,510101.6,54,51010.159999999996,4,4,4,444,12,Champions
CUST07907,2026-03-07,9,261171.25,116,29019.027777777777,3,4,3,343,10,Loyal Customers
CUST07908,2026-04-16,11,1043203.1,76,94836.64545454545,3,4,5,345,12,Loyal Customers
CUST07909,2026-06-20,12,446544.0,11,37212.0,5,4,4,544,13,Champions
CUST07910,2026-05-19,26,1551425.5,43,59670.21153846154,4,5,5,455,14,Champions
CUST07911,2024-07-03,4,95543.55,728,23885.8875,1,2,2,122,5,Lost Customers
CUST07912,2026-05-16,20,922184.5,46,46109.225,4,5,5,455,14,Champions
CUST07913,2026-05-26,9,219876.35,36,24430.705555555556,4,4,3,443,11,Loyal Customers
CUST07914,2026-01-27,9,72607.6,155,8067.511111111112,2,4,2,242,8,At Risk
CUST07915,2026-04-12,8,351092.9,80,43886.6125,3,3,4,334,10,Others
CUST07916,2026-04-16,14,561683.45,76,40120.24642857142,3,5,4,354,12,Loyal Customers
CUST07917,2025-06-02,4,110259.9,394,27564.975,1,2,2,122,5,Lost Customers
CUST07918,2026-06-20,6,373411.7,11,62235.28333333333,5,3,4,534,12,Potential Loyalists
CUST07919,2024-12-27,4,60132.7,551,15033.175,1,2,1,121,4,Lost Customers
CUST07920,2026-01-18,5,207829.85,164,41565.97,2,2,3,223,7,Others
CUST07921,2026-06-25,15,689625.1,6,45975.00666666667,5,5,5,555,15,Champions
CUST07922,2026-02-20,8,255438.7,131,31929.8375,3,3,3,333,9,Others
CUST07923,2025-05-10,4,289201.45,417,72300.3625,1,2,3,123,6,Others
CUST07924,2024-12-19,2,57563.35,559,28781.675,1,1,1,111,3,Lost Customers
CUST07925,2026-06-28,10,354289.6,3,35428.96,5,4,4,544,13,Champions
CUST07926,2026-06-12,18,1078101.3,19,59894.51666666667,5,5,5,555,15,Champions
CUST07927,2024-01-19,1,34722.0,894,34722.0,1,1,1,111,3,Lost Customers
CUST07928,2025-10-15,3,54469.35,259,18156.45,2,2,1,221,5,Lost Customers
CUST07929,2025-12-22,3,74708.9,191,24902.966666666664,2,2,2,222,6,Lost Customers
CUST07930,2025-06-21,4,138680.6,375,34670.15,1,2,2,122,5,Lost Customers
CUST07931,2026-02-25,7,25545.6,126,3649.371428571428,3,3,1,331,7,Others
CUST07932,2025-12-18,13,537998.0,195,41384.46153846154,2,5,4,254,11,At Risk
CUST07933,2026-05-27,6,61562.600000000006,35,10260.433333333334,4,3,1,431,8,Potential Loyalists
CUST07934,2026-01-11,12,554846.1,171,46237.174999999996,2,4,4,244,10,At Risk
CUST07935,2026-06-22,12,285287.8,9,23773.983333333334,5,4,3,543,12,Loyal Customers
CUST07936,2026-04-03,18,1290877.6,89,71715.42222222223,3,5,5,355,13,Loyal Customers
CUST07937,2025-02-19,2,100497.6,497,50248.8,1,1,2,112,4,Lost Customers
CUST07938,2026-06-16,8,204562.3,15,25570.2875,5,3,3,533,11,Potential Loyalists
CUST07939,2026-04-29,19,1132409.4,63,59600.4947368421,4,5,5,455,14,Champions
CUST07940,2026-06-21,14,996219.85,10,71158.56071428572,5,5,5,555,15,Champions
CUST07941,2026-05-25,12,268137.35,37,22344.779166666664,4,4,3,443,11,Loyal Customers
CUST07942,2026-02-17,15,299406.75,134,19960.45,3,5,3,353,11,Loyal Customers
CUST07943,2026-06-26,17,1140090.3,5,67064.13529411764,5,5,5,555,15,Champions
CUST07944,2026-05-24,7,116832.79999999999,38,16690.399999999998,4,3,2,432,9,Potential Loyalists
CUST07945,2026-04-02,4,42272.5,90,10568.125,3,2,1,321,6,Others
CUST07946,2025-10-06,3,93667.0,268,31222.333333333332,2,2,2,222,6,Lost Customers
CUST07947,2026-01-03,17,794538.95,179,46737.58529411764,2,5,5,255,12,At Risk
CUST07948,2026-06-11,19,1021614.6,20,53769.18947368421,5,5,5,555,15,Champions
CUST07949,2026-05-03,9,253448.8,59,28160.977777777778,4,4,3,443,11,Loyal Customers
CUST07950,2026-04-03,10,171094.05,89,17109.405,3,4,2,342,9,Loyal Customers
CUST07951,2026-03-17,4,207570.5,106,51892.625,3,2,3,323,8,Others
CUST07952,2026-05-08,13,418755.4,54,32211.953846153847,4,5,4,454,13,Champions
CUST07953,2026-03-27,1,30229.95,96,30229.95,3,1,1,311,5,Others
CUST07954,2026-06-28,11,184344.1,3,16758.554545454546,5,4,3,543,12,Loyal Customers
CUST07955,2025-10-05,1,4691.15,269,4691.15,2,1,1,211,4,Lost Customers
CUST07956,2025-09-10,2,14162.55,294,7081.275,2,1,1,211,4,Lost Customers
CUST07957,2025-11-12,6,165636.09999999998,231,27606.016666666663,2,3,2,232,7,At Risk
CUST07958,2024-12-13,1,41493.6,565,41493.6,1,1,1,111,3,Lost Customers
CUST07959,2026-04-26,9,218363.75,66,24262.63888888889,4,4,3,443,11,Loyal Customers
CUST07960,2026-03-07,5,111631.15000000001,116,22326.230000000003,3,2,2,322,7,Others
CUST07961,2026-05-04,17,866613.4,58,50977.25882352941,4,5,5,455,14,Champions
CUST07962,2025-07-21,2,18752.4,345,9376.2,1,1,1,111,3,Lost Customers
CUST07963,2026-05-18,29,1001991.55,44,34551.43275862069,4,5,5,455,14,Champions
CUST07964,2026-05-03,10,464907.35,59,46490.735,4,4,4,444,12,Champions
CUST07965,2026-06-02,10,247861.59999999998,29,24786.159999999996,5,4,3,543,12,Loyal Customers
CUST07966,2025-07-21,4,70224.5,345,17556.125,1,2,1,121,4,Lost Customers
CUST07967,2026-05-07,5,88717.2,55,17743.44,4,2,2,422,8,Potential Loyalists
CUST07968,2026-03-21,12,375844.1,102,31320.341666666664,3,4,4,344,11,Loyal Customers
CUST07969,2026-03-12,2,102038.2,111,51019.1,3,1,2,312,6,Others
CUST07970,2026-01-12,16,874024.6,170,54626.5375,2,5,5,255,12,At Risk
CUST07971,2026-05-21,8,363786.7,41,45473.3375,4,3,4,434,11,Potential Loyalists
CUST07972,2024-09-12,2,14951.5,657,7475.75,1,1,1,111,3,Lost Customers
CUST07973,2026-04-20,13,404176.7,72,31090.515384615384,3,5,4,354,12,Loyal Customers
CUST07974,2025-09-11,5,72508.65,293,14501.73,2,2,2,222,6,Lost Customers
CUST07975,2025-10-14,4,199342.3,260,49835.575,2,2,3,223,7,Others
CUST07976,2026-06-15,7,67446.75,16,9635.25,5,3,1,531,9,Potential Loyalists
CUST07977,2026-01-01,1,1344.25,181,1344.25,2,1,1,211,4,Lost Customers
CUST07978,2026-04-22,15,450472.0,70,30031.466666666667,3,5,4,354,12,Loyal Customers
CUST07979,2026-06-01,11,326530.45,30,29684.586363636365,4,4,4,444,12,Champions
CUST07980,2026-01-22,3,475048.4,160,158349.46666666667,2,2,4,224,8,Others
CUST07981,2026-02-22,21,1492178.95,129,71056.14047619047,3,5,5,355,13,Loyal Customers
CUST07982,2025-08-25,7,150254.75,310,21464.964285714286,2,3,2,232,7,At Risk
CUST07983,2026-06-15,5,302741.8,16,60548.36,5,2,3,523,10,Potential Loyalists
CUST07984,2026-06-22,13,932823.3,9,71755.63846153846,5,5,5,555,15,Champions
CUST07985,2026-06-01,30,1554024.65,30,51800.82166666666,4,5,5,455,14,Champions
CUST07986,2024-12-17,7,199332.5,561,28476.071428571428,1,3,3,133,7,At Risk
CUST07987,2024-06-04,1,6584.0,757,6584.0,1,1,1,111,3,Lost Customers
CUST07988,2024-06-05,1,2792.0,756,2792.0,1,1,1,111,3,Lost Customers
CUST07989,2026-04-28,31,1296178.95,64,41812.22419354838,4,5,5,455,14,Champions
CUST07990,2025-08-10,4,42181.5,325,10545.375,1,2,1,121,4,Lost Customers
CUST07991,2026-04-10,24,1194317.3,82,49763.22083333333,3,5,5,355,13,Loyal Customers
CUST07992,2026-05-27,8,286629.9,35,35828.7375,4,3,3,433,10,Potential Loyalists
CUST07993,2026-05-27,13,624925.3,35,48071.17692307693,4,5,5,455,14,Champions
CUST07994,2025-08-04,5,152636.0,331,30527.2,1,2,2,122,5,Lost Customers
CUST07995,2026-03-20,10,626561.9,103,62656.19,3,4,5,345,12,Loyal Customers
CUST07996,2025-12-16,6,291096.5,197,48516.083333333336,2,3,3,233,8,At Risk
CUST07997,2025-01-27,2,131180.0,520,65590.0,1,1,2,112,4,Lost Customers
CUST07998,2026-02-17,3,148504.75,134,49501.583333333336,3,2,2,322,7,Others
CUST07999,2025-05-30,2,28951.5,397,14475.75,1,1,1,111,3,Lost Customers
CUST08000,2025-03-08,3,15374.349999999999,480,5124.783333333333,1,2,1,121,4,Lost Customers
CUST08001,2026-03-08,8,286238.7,115,35779.8375,3,3,3,333,9,Others
CUST08002,2025-08-18,4,37090.05,317,9272.5125,1,2,1,121,4,Lost Customers
CUST08003,2025-07-16,2,8748.05,350,4374.025,1,1,1,111,3,Lost Customers
CUST08004,2025-12-23,13,571126.4,190,43932.8,2,5,4,254,11,At Risk
CUST08005,2025-11-28,5,103980.05,215,20796.010000000002,2,2,2,222,6,Lost Customers
CUST08006,2026-06-10,21,1156243.15,21,55059.19761904761,5,5,5,555,15,Champions
CUST08007,2024-08-20,2,6351.2,680,3175.6,1,1,1,111,3,Lost Customers
CUST08008,2026-03-13,5,230852.55,110,46170.509999999995,3,2,3,323,8,Others
CUST08009,2025-10-11,4,222043.19999999998,263,55510.799999999996,2,2,3,223,7,Others
CUST08010,2025-09-14,6,392622.7,290,65437.11666666667,2,3,4,234,9,At Risk
CUST08011,2025-09-16,3,26466.0,288,8822.0,2,2,1,221,5,Lost Customers
CUST08012,2026-06-17,11,304862.75,14,27714.795454545456,5,4,3,543,12,Loyal Customers
CUST08013,2026-05-18,16,1082747.9,44,67671.74375,4,5,5,455,14,Champions
CUST08014,2026-06-20,13,401079.9,11,30852.300000000003,5,5,4,554,14,Champions
CUST08015,2026-02-18,14,540595.15,133,38613.93928571429,3,5,4,354,12,Loyal Customers
CUST08016,2026-06-22,22,723002.1,9,32863.73181818182,5,5,5,555,15,Champions
CUST08017,2026-05-29,13,231617.25,33,17816.71153846154,4,5,3,453,12,Loyal Customers
CUST08018,2026-02-05,7,425543.7,146,60791.95714285714,3,3,4,334,10,Others
CUST08019,2026-06-13,18,725790.9,18,40321.71666666667,5,5,5,555,15,Champions
CUST08020,2025-11-04,10,300368.55,239,30036.855,2,4,3,243,9,At Risk
CUST08021,2025-07-13,8,590060.35,353,73757.54375,1,3,5,135,9,At Risk
CUST08022,2025-08-10,4,321968.2,325,80492.05,1,2,3,123,6,Others
CUST08023,2026-05-13,6,335385.55,49,55897.59166666667,4,3,4,434,11,Potential Loyalists
CUST08024,2026-06-17,5,104063.4,14,20812.68,5,2,2,522,9,Potential Loyalists
CUST08025,2026-01-18,3,106380.0,164,35460.0,2,2,2,222,6,Lost Customers
CUST08026,2025-12-13,10,268069.7,200,26806.97,2,4,3,243,9,At Risk
CUST08027,2025-09-15,3,95268.3,289,31756.100000000002,2,2,2,222,6,Lost Customers
CUST08028,2025-04-03,4,106418.9,454,26604.725,1,2,2,122,5,Lost Customers
CUST08029,2026-05-28,7,177756.6,34,25393.8,4,3,3,433,10,Potential Loyalists
CUST08030,2026-05-02,8,400929.14999999997,60,50116.143749999996,4,3,4,434,11,Potential Loyalists
CUST08031,2026-06-08,7,176100.15,23,25157.164285714283,5,3,3,533,11,Potential Loyalists
CUST08032,2026-06-11,25,992746.9,20,39709.876000000004,5,5,5,555,15,Champions
CUST08033,2025-05-20,3,188704.4,407,62901.46666666667,1,2,3,123,6,Others
CUST08034,2026-03-17,9,374695.15,106,41632.794444444444,3,4,4,344,11,Loyal Customers
CUST08035,2026-06-30,14,373940.1,1,26710.007142857143,5,5,4,554,14,Champions
CUST08036,2026-06-12,5,56677.55,19,11335.51,5,2,1,521,8,Potential Loyalists
CUST08037,2025-12-12,9,412468.35,201,45829.816666666666,2,4,4,244,10,At Risk
CUST08038,2024-10-31,3,13684.8,608,4561.599999999999,1,2,1,121,4,Lost Customers
CUST08039,2026-03-15,9,514519.0,108,57168.77777777778,3,4,4,344,11,Loyal Customers
CUST08040,2024-06-23,2,51481.7,738,25740.85,1,1,1,111,3,Lost Customers
CUST08041,2026-04-24,13,248319.35,68,19101.48846153846,4,5,3,453,12,Loyal Customers
CUST08042,2026-06-19,11,746820.35,12,67892.7590909091,5,4,5,545,14,Champions
CUST08043,2026-01-12,4,106685.8,170,26671.45,2,2,2,222,6,Lost Customers
CUST08044,2025-10-03,1,55603.5,271,55603.5,2,1,1,211,4,Lost Customers
CUST08045,2025-11-22,12,177023.45,221,14751.954166666668,2,4,3,243,9,At Risk
CUST08046,2026-01-08,9,500246.80000000005,174,55582.977777777785,2,4,4,244,10,At Risk
CUST08047,2026-02-09,14,949293.35,142,67806.66785714285,3,5,5,355,13,Loyal Customers
CUST08048,2026-06-20,17,556765.75,11,32750.926470588234,5,5,4,554,14,Champions
CUST08049,2025-09-18,4,211120.35,286,52780.0875,2,2,3,223,7,Others
CUST08050,2025-04-22,4,6811.5,435,1702.875,1,2,1,121,4,Lost Customers
CUST08051,2026-05-25,10,257237.6,37,25723.760000000002,4,4,3,443,11,Loyal Customers
CUST08052,2026-05-14,13,474054.0,48,36465.692307692305,4,5,4,454,13,Champions
CUST08053,2025-10-03,2,13513.199999999999,271,6756.599999999999,2,1,1,211,4,Lost Customers
CUST08054,2026-02-26,2,13356.8,125,6678.4,3,1,1,311,5,Others
CUST08055,2026-06-26,7,547316.45,5,78188.06428571428,5,3,4,534,12,Potential Loyalists
CUST08056,2026-03-04,7,260178.05,119,37168.29285714286,3,3,3,333,9,Others
CUST08057,2026-05-26,5,103932.25,36,20786.45,4,2,2,422,8,Potential Loyalists
CUST08058,2025-10-08,9,409522.95,266,45502.55,2,4,4,244,10,At Risk
CUST08059,2026-05-29,20,871824.1,33,43591.205,4,5,5,455,14,Champions
CUST08060,2025-03-08,4,82788.6,480,20697.15,1,2,2,122,5,Lost Customers
CUST08061,2026-05-23,12,393290.25,39,32774.1875,4,4,4,444,12,Champions
CUST08062,2026-01-07,9,452517.95,175,50279.77222222222,2,4,4,244,10,At Risk
CUST08063,2026-06-12,17,715111.15,19,42065.361764705885,5,5,5,555,15,Champions
CUST08064,2026-06-03,19,869736.8,28,45775.621052631584,5,5,5,555,15,Champions
CUST08065,2026-05-12,3,74937.8,50,24979.266666666666,4,2,2,422,8,Potential Loyalists
CUST08066,2026-06-16,14,320925.05,15,22923.217857142856,5,5,3,553,13,Loyal Customers
CUST08067,2026-06-18,17,544141.75,13,32008.33823529412,5,5,4,554,14,Champions
CUST08068,2026-04-10,12,687002.9,82,57250.24166666667,3,4,5,345,12,Loyal Customers
CUST08069,2025-08-05,4,80113.25,330,20028.3125,1,2,2,122,5,Lost Customers
CUST08070,2025-01-05,4,477870.4,542,119467.6,1,2,4,124,7,Others
CUST08071,2026-06-09,21,1404990.5,22,66904.30952380953,5,5,5,555,15,Champions
CUST08072,2026-01-16,5,215453.5,166,43090.7,2,2,3,223,7,Others
CUST08073,2026-06-26,11,612523.9,5,55683.99090909091,5,4,5,545,14,Champions
CUST08074,2026-06-26,14,674718.4,5,48194.17142857143,5,5,5,555,15,Champions
CUST08075,2025-05-04,8,292379.14999999997,423,36547.393749999996,1,3,3,133,7,At Risk
CUST08076,2025-07-13,1,131617.8,353,131617.8,1,1,2,112,4,Lost Customers
CUST08077,2026-01-23,4,173844.2,159,43461.05,2,2,3,223,7,Others
CUST08078,2025-08-24,5,73464.9,311,14692.98,2,2,2,222,6,Lost Customers
CUST08079,2025-12-09,3,37392.7,204,12464.233333333332,2,2,1,221,5,Lost Customers
CUST08080,2025-07-30,3,38522.8,336,12840.933333333334,1,2,1,121,4,Lost Customers
CUST08081,2026-06-20,11,375374.3,11,34124.93636363636,5,4,4,544,13,Champions
CUST08082,2025-10-10,14,464130.05,264,33152.146428571425,2,5,4,254,11,At Risk
CUST08083,2026-04-21,25,1923830.95,71,76953.238,3,5,5,355,13,Loyal Customers
CUST08084,2025-11-19,4,54306.65,224,13576.6625,2,2,1,221,5,Lost Customers
CUST08085,2026-06-26,8,114729.8,5,14341.225,5,3,2,532,10,Potential Loyalists
CUST08086,2025-09-29,3,70909.85,275,23636.61666666667,2,2,1,221,5,Lost Customers
CUST08087,2026-06-24,13,297171.45,7,22859.34230769231,5,5,3,553,13,Loyal Customers
CUST08088,2025-09-17,3,36764.6,287,12254.866666666667,2,2,1,221,5,Lost Customers
CUST08089,2026-04-28,10,280423.75,64,28042.375,4,4,3,443,11,Loyal Customers
CUST08090,2026-04-13,13,308055.60000000003,79,23696.584615384618,3,5,3,353,11,Loyal Customers
CUST08091,2025-09-27,10,283168.3,277,28316.829999999998,2,4,3,243,9,At Risk
CUST08092,2026-06-16,21,801684.1,15,38175.433333333334,5,5,5,555,15,Champions
CUST08093,2026-03-30,10,421209.05,93,42120.905,3,4,4,344,11,Loyal Customers
CUST08094,2026-04-14,18,1115073.05,78,61948.50277777778,3,5,5,355,13,Loyal Customers
CUST08095,2026-06-17,4,129701.4,14,32425.35,5,2,2,522,9,Potential Loyalists
CUST08096,2026-01-18,21,1371877.4,164,65327.49523809523,2,5,5,255,12,At Risk
CUST08097,2024-02-28,1,25032.0,854,25032.0,1,1,1,111,3,Lost Customers
CUST08098,2026-05-23,13,433120.8,39,33316.984615384616,4,5,4,454,13,Champions
CUST08099,2026-03-02,6,200356.3,121,33392.71666666667,3,3,3,333,9,Others
CUST08100,2025-09-08,2,13470.7,296,6735.35,2,1,1,211,4,Lost Customers
CUST08101,2026-05-27,14,1318943.4000000001,35,94210.24285714286,4,5,5,455,14,Champions
CUST08102,2026-06-15,22,1915369.7,16,87062.2590909091,5,5,5,555,15,Champions
CUST08103,2026-04-19,6,326382.95,73,54397.15833333333,3,3,4,334,10,Others
CUST08104,2026-05-02,17,620887.5499999999,60,36522.797058823526,4,5,5,455,14,Champions
CUST08105,2026-06-08,13,323354.10000000003,23,24873.39230769231,5,5,4,554,14,Champions
CUST08106,2026-04-07,4,70631.5,85,17657.875,3,2,1,321,6,Others
CUST08107,2026-06-17,19,836348.5,14,44018.34210526316,5,5,5,555,15,Champions
CUST08108,2025-09-20,3,46557.0,284,15519.0,2,2,1,221,5,Lost Customers
CUST08109,2026-05-15,18,961589.05,47,53421.61388888889,4,5,5,455,14,Champions
CUST08110,2025-12-05,5,303186.0,208,60637.2,2,2,3,223,7,Others
CUST08111,2025-01-12,5,149941.4,535,29988.28,1,2,2,122,5,Lost Customers
CUST08112,2025-05-27,7,160593.7,400,22941.957142857143,1,3,2,132,6,At Risk
CUST08113,2026-06-09,6,57972.85,22,9662.141666666666,5,3,1,531,9,Potential Loyalists
CUST08114,2025-11-19,1,36933.3,224,36933.3,2,1,1,211,4,Lost Customers
CUST08115,2026-06-08,22,1134817.25,23,51582.60227272727,5,5,5,555,15,Champions
CUST08116,2026-06-16,18,1349145.25,15,74952.51388888889,5,5,5,555,15,Champions
CUST08117,2025-02-05,3,218248.6,511,72749.53333333334,1,2,3,123,6,Others
CUST08118,2026-04-12,5,451409.65,80,90281.93000000001,3,2,4,324,9,Others
CUST08119,2025-11-14,3,34696.5,229,11565.5,2,2,1,221,5,Lost Customers
CUST08120,2026-03-15,3,98144.8,108,32714.933333333334,3,2,2,322,7,Others
CUST08121,2025-02-02,1,55128.5,514,55128.5,1,1,1,111,3,Lost Customers
CUST08122,2024-09-16,2,25602.75,653,12801.375,1,1,1,111,3,Lost Customers
CUST08123,2026-01-18,4,77144.9,164,19286.225,2,2,2,222,6,Lost Customers
CUST08124,2024-05-04,3,72448.15,788,24149.38333333333,1,2,2,122,5,Lost Customers
CUST08125,2026-04-23,7,602512.55,69,86073.22142857143,4,3,5,435,12,Potential Loyalists
CUST08126,2025-05-19,4,34267.2,408,8566.8,1,2,1,121,4,Lost Customers
CUST08127,2024-08-14,5,102228.54999999999,686,20445.71,1,2,2,122,5,Lost Customers
CUST08128,2026-02-10,8,182884.45,141,22860.55625,3,3,3,333,9,Others
CUST08129,2026-06-05,15,557315.65,26,37154.37666666667,5,5,4,554,14,Champions
CUST08130,2026-06-05,16,508991.9,26,31811.99375,5,5,4,554,14,Champions
CUST08131,2026-06-28,11,409190.5,3,37199.13636363636,5,4,4,544,13,Champions
CUST08132,2026-06-08,4,57985.9,23,14496.475,5,2,1,521,8,Potential Loyalists
CUST08133,2026-06-29,7,490420.1,2,70060.01428571428,5,3,4,534,12,Potential Loyalists
CUST08134,2025-12-26,3,49299.0,187,16433.0,2,2,1,221,5,Lost Customers
CUST08135,2026-05-27,7,476096.35,35,68013.76428571428,4,3,4,434,11,Potential Loyalists
CUST08136,2026-05-15,24,1308568.05,47,54523.668750000004,4,5,5,455,14,Champions
CUST08137,2026-05-21,7,192593.05,41,27513.292857142857,4,3,3,433,10,Potential Loyalists
CUST08138,2026-06-26,9,325781.95,5,36197.99444444445,5,4,4,544,13,Champions
CUST08139,2026-04-05,11,420648.25,87,38240.75,3,4,4,344,11,Loyal Customers
CUST08140,2026-06-29,7,332023.15,2,47431.87857142858,5,3,4,534,12,Potential Loyalists
CUST08141,2025-06-03,2,16713.5,393,8356.75,1,1,1,111,3,Lost Customers
CUST08142,2026-01-05,10,248487.05,177,24848.704999999998,2,4,3,243,9,At Risk
CUST08143,2026-06-09,21,750089.0,22,35718.52380952381,5,5,5,555,15,Champions
CUST08144,2026-03-20,5,71642.25,103,14328.45,3,2,2,322,7,Others
CUST08145,2026-06-21,27,1422922.0,10,52700.81481481482,5,5,5,555,15,Champions
CUST08146,2026-05-27,9,382809.05,35,42534.33888888889,4,4,4,444,12,Champions
CUST08147,2026-04-17,11,176003.15,75,16000.286363636364,3,4,3,343,10,Loyal Customers
CUST08148,2026-05-04,6,303411.35,58,50568.55833333333,4,3,3,433,10,Potential Loyalists
CUST08149,2025-08-19,6,73754.2,316,12292.366666666667,1,3,2,132,6,At Risk
CUST08150,2024-12-12,3,75219.3,566,25073.100000000002,1,2,2,122,5,Lost Customers
CUST08151,2026-05-23,15,694764.5,39,46317.63333333333,4,5,5,455,14,Champions
CUST08152,2026-06-13,6,175870.05000000002,18,29311.675000000003,5,3,3,533,11,Potential Loyalists
CUST08153,2026-02-18,5,475094.25,133,95018.85,3,2,4,324,9,Others
CUST08154,2025-07-08,4,138931.8,358,34732.95,1,2,2,122,5,Lost Customers
CUST08155,2025-10-04,3,121040.05,270,40346.683333333334,2,2,2,222,6,Lost Customers
CUST08156,2025-09-09,5,219475.5,295,43895.1,2,2,3,223,7,Others
CUST08157,2024-12-16,2,16739.2,562,8369.6,1,1,1,111,3,Lost Customers
CUST08158,2026-05-01,9,469624.1,61,52180.455555555556,4,4,4,444,12,Champions
CUST08159,2025-12-30,3,50971.350000000006,183,16990.45,2,2,1,221,5,Lost Customers
CUST08160,2026-04-28,6,154021.35,64,25670.225000000002,4,3,2,432,9,Potential Loyalists
CUST08161,2026-04-04,7,185872.69999999998,88,26553.242857142854,3,3,3,333,9,Others
CUST08162,2024-02-16,1,126526.7,866,126526.7,1,1,2,112,4,Lost Customers
CUST08163,2026-05-21,15,1375444.0999999999,41,91696.27333333333,4,5,5,455,14,Champions
CUST08164,2024-11-30,1,1258.85,578,1258.85,1,1,1,111,3,Lost Customers
CUST08165,2025-04-06,2,14014.0,451,7007.0,1,1,1,111,3,Lost Customers
CUST08166,2024-11-12,1,5816.0,596,5816.0,1,1,1,111,3,Lost Customers
CUST08167,2026-05-26,11,373892.3,36,33990.20909090909,4,4,4,444,12,Champions
CUST08168,2026-06-23,10,692173.7,8,69217.37,5,4,5,545,14,Champions
CUST08169,2025-12-20,1,1686.25,193,1686.25,2,1,1,211,4,Lost Customers
CUST08170,2026-01-30,2,20693.4,152,10346.7,2,1,1,211,4,Lost Customers
CUST08171,2026-06-07,11,267827.85000000003,24,24347.986363636366,5,4,3,543,12,Loyal Customers
CUST08172,2025-11-11,1,29512.7,232,29512.7,2,1,1,211,4,Lost Customers
CUST08173,2026-06-01,7,184866.95,30,26409.56428571429,4,3,3,433,10,Potential Loyalists
CUST08174,2025-06-30,2,22600.5,366,11300.25,1,1,1,111,3,Lost Customers
CUST08175,2026-03-08,5,143994.7,115,28798.940000000002,3,2,2,322,7,Others
CUST08176,2025-12-17,2,5797.95,196,2898.975,2,1,1,211,4,Lost Customers
CUST08177,2026-06-11,9,256382.0,20,28486.88888888889,5,4,3,543,12,Loyal Customers
CUST08178,2026-04-13,4,61168.4,79,15292.1,3,2,1,321,6,Others
CUST08179,2026-05-31,7,134417.09999999998,31,19202.442857142854,4,3,2,432,9,Potential Loyalists
CUST08180,2025-12-20,3,221740.0,193,73913.33333333333,2,2,3,223,7,Others
CUST08181,2026-05-19,26,1304617.5,43,50177.596153846156,4,5,5,455,14,Champions
CUST08182,2026-01-04,5,113109.55,178,22621.91,2,2,2,222,6,Lost Customers
CUST08183,2026-06-15,4,250244.0,16,62561.0,5,2,3,523,10,Potential Loyalists
CUST08184,2026-05-20,3,48026.149999999994,42,16008.716666666665,4,2,1,421,7,Potential Loyalists
CUST08185,2026-05-09,10,269431.89999999997,53,26943.189999999995,4,4,3,443,11,Loyal Customers
CUST08186,2026-04-24,8,279242.60000000003,68,34905.325000000004,4,3,3,433,10,Potential Loyalists
CUST08187,2025-03-13,6,131293.25,475,21882.208333333332,1,3,2,132,6,At Risk
CUST08188,2026-04-15,13,528604.7,77,40661.899999999994,3,5,4,354,12,Loyal Customers
CUST08189,2026-03-20,9,459460.15,103,51051.12777777778,3,4,4,344,11,Loyal Customers
CUST08190,2026-04-03,10,134137.85,89,13413.785,3,4,2,342,9,Loyal Customers
CUST08191,2025-05-22,3,12772.0,405,4257.333333333333,1,2,1,121,4,Lost Customers
CUST08192,2025-12-12,4,162071.05,201,40517.7625,2,2,2,222,6,Lost Customers
CUST08193,2025-08-04,3,56328.45,331,18776.149999999998,1,2,1,121,4,Lost Customers
CUST08194,2025-01-30,5,81514.2,517,16302.84,1,2,2,122,5,Lost Customers
CUST08195,2026-06-29,21,884037.7,2,42097.03333333333,5,5,5,555,15,Champions
CUST08196,2025-08-23,2,76856.15,312,38428.075,2,1,2,212,5,Lost Customers
CUST08197,2026-03-21,11,710743.05,102,64613.00454545455,3,4,5,345,12,Loyal Customers
CUST08198,2026-04-14,7,206518.9,78,29502.7,3,3,3,333,9,Others
CUST08199,2026-06-07,24,999220.5499999999,24,41634.18958333333,5,5,5,555,15,Champions
CUST08200,2025-12-21,7,559750.75,192,79964.39285714286,2,3,4,234,9,At Risk
CUST08201,2026-02-04,7,79568.5,147,11366.92857142857,2,3,2,232,7,At Risk
CUST08202,2025-12-10,4,198602.1,203,49650.525,2,2,3,223,7,Others
CUST08203,2026-04-13,21,809832.6,79,38563.45714285714,3,5,5,355,13,Loyal Customers
CUST08204,2026-04-27,27,1347337.35,65,49901.38333333334,4,5,5,455,14,Champions
CUST08205,2026-03-20,7,257676.6,103,36810.94285714286,3,3,3,333,9,Others
CUST08206,2026-05-27,8,252212.40000000002,35,31526.550000000003,4,3,3,433,10,Potential Loyalists
CUST08207,2025-09-04,1,2878.2,300,2878.2,2,1,1,211,4,Lost Customers
CUST08208,2026-04-16,12,401633.7,76,33469.475,3,4,4,344,11,Loyal Customers
CUST08209,2026-06-21,15,670595.75,10,44706.38333333333,5,5,5,555,15,Champions
CUST08210,2025-11-28,7,635321.55,215,90760.22142857143,2,3,5,235,10,At Risk
CUST08211,2026-05-18,2,44965.8,44,22482.9,4,1,1,411,6,Others
CUST08212,2025-12-13,3,54583.2,200,18194.399999999998,2,2,1,221,5,Lost Customers
CUST08213,2026-05-19,26,828674.4,43,31872.09230769231,4,5,5,455,14,Champions
CUST08214,2025-10-15,3,62079.95,259,20693.316666666666,2,2,1,221,5,Lost Customers
CUST08215,2025-08-27,3,247541.5,308,82513.83333333333,2,2,3,223,7,Others
CUST08216,2026-06-22,14,343200.7,9,24514.335714285717,5,5,4,554,14,Champions
CUST08217,2025-02-28,1,6160.0,488,6160.0,1,1,1,111,3,Lost Customers
CUST08218,2025-11-03,2,215641.9,240,107820.95,2,1,3,213,6,Others
CUST08219,2026-05-13,14,907282.05,49,64805.860714285714,4,5,5,455,14,Champions
CUST08220,2026-01-27,18,901718.35,155,50095.46388888889,2,5,5,255,12,At Risk
CUST08221,2026-04-03,10,326083.45,89,32608.345,3,4,4,344,11,Loyal Customers
CUST08222,2026-06-14,11,399875.60000000003,17,36352.32727272728,5,4,4,544,13,Champions
CUST08223,2025-11-04,4,270847.64999999997,239,67711.91249999999,2,2,3,223,7,Others
CUST08224,2026-06-20,6,198581.7,11,33096.950000000004,5,3,3,533,11,Potential Loyalists
CUST08225,2025-09-23,4,59091.75,281,14772.9375,2,2,1,221,5,Lost Customers
CUST08226,2026-03-18,11,259127.1,105,23557.00909090909,3,4,3,343,10,Loyal Customers
CUST08227,2026-06-12,17,616173.85,19,36245.52058823529,5,5,5,555,15,Champions
CUST08228,2025-11-16,5,102207.85,227,20441.57,2,2,2,222,6,Lost Customers
CUST08229,2026-01-17,7,352371.75,165,50338.82142857143,2,3,4,234,9,At Risk
CUST08230,2025-12-14,14,832256.7999999999,199,59446.91428571428,2,5,5,255,12,At Risk
CUST08231,2026-06-11,7,407057.69999999995,20,58151.09999999999,5,3,4,534,12,Potential Loyalists
CUST08232,2025-12-22,5,188269.8,191,37653.96,2,2,3,223,7,Others
CUST08233,2026-06-24,6,171751.4,7,28625.233333333334,5,3,2,532,10,Potential Loyalists
CUST08234,2026-03-04,2,93846.29999999999,119,46923.149999999994,3,1,2,312,6,Others
CUST08235,2026-05-26,19,841835.6,36,44307.13684210526,4,5,5,455,14,Champions
CUST08236,2025-09-25,1,1756.0,279,1756.0,2,1,1,211,4,Lost Customers
CUST08237,2026-03-17,2,6139.8,106,3069.9,3,1,1,311,5,Others
CUST08238,2026-05-31,12,947635.25,31,78969.60416666667,4,4,5,445,13,Champions
CUST08239,2026-01-30,7,222848.4,152,31835.485714285714,2,3,3,233,8,At Risk
CUST08240,2026-05-16,25,979367.3,46,39174.692,4,5,5,455,14,Champions
CUST08241,2025-06-12,8,394022.9,384,49252.8625,1,3,4,134,8,At Risk
CUST08242,2025-05-23,4,36567.2,404,9141.8,1,2,1,121,4,Lost Customers
CUST08243,2025-12-02,3,42813.7,211,14271.233333333332,2,2,1,221,5,Lost Customers
CUST08244,2026-01-04,3,73752.7,178,24584.233333333334,2,2,2,222,6,Lost Customers
CUST08245,2026-01-24,11,404809.95,158,36800.90454545455,2,4,4,244,10,At Risk
CUST08246,2025-08-30,5,51320.6,305,10264.119999999999,2,2,1,221,5,Lost Customers
CUST08247,2026-05-01,11,638267.0,61,58024.27272727273,4,4,5,445,13,Champions
CUST08248,2025-07-20,4,72449.4,346,18112.35,1,2,2,122,5,Lost Customers
CUST08249,2026-01-17,12,467016.15,165,38918.012500000004,2,4,4,244,10,At Risk
CUST08250,2025-04-11,2,25265.25,446,12632.625,1,1,1,111,3,Lost Customers
CUST08251,2025-03-16,4,148354.45,472,37088.6125,1,2,2,122,5,Lost Customers
CUST08252,2026-02-24,15,384947.5,127,25663.166666666668,3,5,4,354,12,Loyal Customers
CUST08253,2026-06-11,24,867101.0,20,36129.208333333336,5,5,5,555,15,Champions
CUST08254,2024-05-20,1,25061.95,772,25061.95,1,1,1,111,3,Lost Customers
CUST08255,2025-12-10,1,3641.4,203,3641.4,2,1,1,211,4,Lost Customers
CUST08256,2026-06-11,30,1472896.6,20,49096.55333333334,5,5,5,555,15,Champions
CUST08257,2025-06-19,16,345970.7,377,21623.16875,1,5,4,154,10,At Risk
CUST08258,2026-06-06,27,592869.5,25,21958.12962962963,5,5,5,555,15,Champions
CUST08259,2026-06-17,3,38357.75,14,12785.916666666666,5,2,1,521,8,Potential Loyalists
CUST08260,2026-04-03,8,164136.15,89,20517.01875,3,3,2,332,8,Others
CUST08261,2025-07-23,3,102400.55,343,34133.51666666667,1,2,2,122,5,Lost Customers
CUST08262,2026-03-22,2,19412.600000000002,101,9706.300000000001,3,1,1,311,5,Others
CUST08263,2026-04-19,19,808557.9,73,42555.678947368426,3,5,5,355,13,Loyal Customers
CUST08264,2026-02-28,6,228407.4,123,38067.9,3,3,3,333,9,Others
CUST08265,2026-02-10,1,1610.0,141,1610.0,3,1,1,311,5,Others
CUST08266,2026-03-11,10,301977.05,112,30197.704999999998,3,4,3,343,10,Loyal Customers
CUST08267,2026-05-28,13,529595.5499999999,34,40738.119230769225,4,5,4,454,13,Champions
CUST08268,2026-05-15,6,78705.90000000001,47,13117.650000000001,4,3,2,432,9,Potential Loyalists
CUST08269,2026-02-12,12,470522.75,139,39210.229166666664,3,4,4,344,11,Loyal Customers
CUST08270,2026-04-21,16,615002.3,71,38437.64375,3,5,5,355,13,Loyal Customers
CUST08271,2025-09-07,4,266623.2,297,66655.8,2,2,3,223,7,Others
CUST08272,2026-02-02,5,160479.3,149,32095.859999999997,2,2,2,222,6,Lost Customers
CUST08273,2025-10-08,3,133073.5,266,44357.833333333336,2,2,2,222,6,Lost Customers
CUST08274,2024-02-16,1,65030.1,866,65030.1,1,1,1,111,3,Lost Customers
CUST08275,2026-06-27,22,1100887.0,4,50040.318181818184,5,5,5,555,15,Champions
CUST08276,2026-03-31,5,497727.8,92,99545.56,3,2,4,324,9,Others
CUST08277,2026-06-08,6,188945.8,23,31490.966666666664,5,3,3,533,11,Potential Loyalists
CUST08278,2025-11-06,8,195402.3,237,24425.2875,2,3,3,233,8,At Risk
CUST08279,2026-06-14,15,277037.9,17,18469.193333333336,5,5,3,553,13,Loyal Customers
CUST08280,2025-04-25,4,163552.95,432,40888.2375,1,2,2,122,5,Lost Customers
CUST08281,2025-03-27,4,149961.45,461,37490.3625,1,2,2,122,5,Lost Customers
CUST08282,2025-12-07,6,404305.4,206,67384.23333333334,2,3,4,234,9,At Risk
CUST08283,2025-05-31,5,63817.1,396,12763.42,1,2,1,121,4,Lost Customers
CUST08284,2026-04-03,8,320332.7,89,40041.5875,3,3,3,333,9,Others
CUST08285,2025-03-07,1,28490.4,481,28490.4,1,1,1,111,3,Lost Customers
CUST08286,2025-10-24,6,141294.75,250,23549.125,2,3,2,232,7,At Risk
CUST08287,2026-05-13,5,108759.2,49,21751.84,4,2,2,422,8,Potential Loyalists
CUST08288,2025-01-27,3,104445.09999999999,520,34815.03333333333,1,2,2,122,5,Lost Customers
CUST08289,2026-03-16,2,56301.799999999996,107,28150.899999999998,3,1,1,311,5,Others
CUST08290,2025-06-30,5,133632.2,366,26726.440000000002,1,2,2,122,5,Lost Customers
CUST08291,2026-06-19,12,747800.05,12,62316.67083333334,5,4,5,545,14,Champions
CUST08292,2026-01-01,10,389112.25,181,38911.225,2,4,4,244,10,At Risk
CUST08293,2026-02-17,4,175218.25,134,43804.5625,3,2,3,323,8,Others
CUST08294,2026-05-02,11,518331.5,60,47121.045454545456,4,4,4,444,12,Champions
CUST08295,2026-06-29,8,387450.75,2,48431.34375,5,3,4,534,12,Potential Loyalists
CUST08296,2025-12-25,2,5808.9,188,2904.45,2,1,1,211,4,Lost Customers
CUST08297,2026-02-26,11,805045.1,125,73185.91818181818,3,4,5,345,12,Loyal Customers
CUST08298,2026-06-10,26,1698939.7,21,65343.834615384614,5,5,5,555,15,Champions
CUST08299,2025-11-18,2,71088.6,225,35544.3,2,1,1,211,4,Lost Customers
CUST08300,2026-01-28,13,636949.1,154,48996.084615384614,2,5,5,255,12,At Risk
CUST08301,2025-05-13,5,213304.59999999998,414,42660.92,1,2,3,123,6,Others
CUST08302,2026-03-18,19,839735.4,105,44196.6,3,5,5,355,13,Loyal Customers
CUST08303,2024-09-28,1,3076.5,641,3076.5,1,1,1,111,3,Lost Customers
CUST08304,2026-06-17,12,546470.5,14,45539.208333333336,5,4,4,544,13,Champions
CUST08305,2026-01-01,6,131744.4,181,21957.399999999998,2,3,2,232,7,At Risk
CUST08306,2026-02-06,20,788845.5,145,39442.275,3,5,5,355,13,Loyal Customers
CUST08307,2026-04-24,9,512856.4,68,56984.044444444444,4,4,4,444,12,Champions
CUST08308,2025-07-15,3,78018.4,351,26006.13333333333,1,2,2,122,5,Lost Customers
CUST08309,2026-03-30,10,228605.35,93,22860.535,3,4,3,343,10,Loyal Customers
CUST08310,2025-11-27,7,227046.7,216,32435.242857142857,2,3,3,233,8,At Risk
CUST08311,2026-03-20,6,90074.55,103,15012.425000000001,3,3,2,332,8,Others
CUST08312,2025-03-25,3,162652.4,463,54217.46666666667,1,2,2,122,5,Lost Customers
CUST08313,2026-06-22,4,117918.3,9,29479.575,5,2,2,522,9,Potential Loyalists
CUST08314,2026-05-06,23,1108434.1,56,48192.78695652174,4,5,5,455,14,Champions
CUST08315,2026-05-08,8,401325.2,54,50165.65,4,3,4,434,11,Potential Loyalists
CUST08316,2026-06-09,26,1041704.15,22,40065.54423076923,5,5,5,555,15,Champions
CUST08317,2026-06-15,8,256180.05,16,32022.50625,5,3,3,533,11,Potential Loyalists
CUST08318,2026-01-17,3,195052.5,165,65017.5,2,2,3,223,7,Others
CUST08319,2026-05-21,9,270273.8,41,30030.42222222222,4,4,3,443,11,Loyal Customers
CUST08320,2026-01-30,2,166911.3,152,83455.65,2,1,2,212,5,Lost Customers
CUST08321,2026-02-20,8,232264.69999999998,131,29033.087499999998,3,3,3,333,9,Others
CUST08322,2024-12-13,2,30658.0,565,15329.0,1,1,1,111,3,Lost Customers
CUST08323,2026-06-04,6,121581.0,27,20263.5,5,3,2,532,10,Potential Loyalists
CUST08324,2025-03-05,2,21676.0,483,10838.0,1,1,1,111,3,Lost Customers
CUST08325,2026-05-18,6,361981.8,44,60330.299999999996,4,3,4,434,11,Potential Loyalists
CUST08326,2025-05-28,1,78634.0,399,78634.0,1,1,2,112,4,Lost Customers
CUST08327,2026-06-30,9,206050.65,1,22894.516666666666,5,4,3,543,12,Loyal Customers
CUST08328,2026-06-07,24,1363879.5999999999,24,56828.31666666666,5,5,5,555,15,Champions
CUST08329,2025-11-14,5,226353.45,229,45270.69,2,2,3,223,7,Others
CUST08330,2026-05-26,17,1430085.05,36,84122.65000000001,4,5,5,455,14,Champions
CUST08331,2026-04-26,19,1216999.7,66,64052.61578947368,4,5,5,455,14,Champions
CUST08332,2025-08-25,12,420449.8,310,35037.48333333333,2,4,4,244,10,At Risk
CUST08333,2026-06-02,4,33938.2,29,8484.55,5,2,1,521,8,Potential Loyalists
CUST08334,2025-05-12,4,158225.1,415,39556.275,1,2,2,122,5,Lost Customers
CUST08335,2025-05-23,4,48336.05,404,12084.0125,1,2,1,121,4,Lost Customers
CUST08336,2026-06-14,17,842675.0,17,49569.117647058825,5,5,5,555,15,Champions
CUST08337,2025-08-07,1,40500.0,328,40500.0,1,1,1,111,3,Lost Customers
CUST08338,2025-10-15,7,166285.85,259,23755.12142857143,2,3,2,232,7,At Risk
CUST08339,2026-05-11,17,1167901.25,51,68700.07352941176,4,5,5,455,14,Champions
CUST08340,2026-06-11,11,515494.44999999995,20,46863.13181818181,5,4,4,544,13,Champions
CUST08341,2026-04-30,6,93012.35,62,15502.058333333334,4,3,2,432,9,Potential Loyalists
CUST08342,2026-04-28,8,254550.85,64,31818.85625,4,3,3,433,10,Potential Loyalists
CUST08343,2026-06-15,5,212388.6,16,42477.72,5,2,3,523,10,Potential Loyalists
CUST08344,2026-06-25,12,386664.65,6,32222.05416666667,5,4,4,544,13,Champions
CUST08345,2026-05-02,11,258914.5,60,23537.68181818182,4,4,3,443,11,Loyal Customers
CUST08346,2026-02-18,9,253715.9,133,28190.655555555553,3,4,3,343,10,Loyal Customers
CUST08347,2026-03-09,18,616337.7,114,34240.98333333333,3,5,5,355,13,Loyal Customers
CUST08348,2026-04-14,11,113137.65,78,10285.240909090908,3,4,2,342,9,Loyal Customers
CUST08349,2026-06-22,6,105393.70000000001,9,17565.61666666667,5,3,2,532,10,Potential Loyalists
CUST08350,2025-11-26,2,8004.6,217,4002.3,2,1,1,211,4,Lost Customers
CUST08351,2026-05-15,21,1192648.9,47,56792.80476190476,4,5,5,455,14,Champions
CUST08352,2025-12-10,4,206105.0,203,51526.25,2,2,3,223,7,Others
CUST08353,2025-12-15,5,143604.65,198,28720.93,2,2,2,222,6,Lost Customers
CUST08354,2026-05-11,13,674708.7,51,51900.66923076923,4,5,5,455,14,Champions
CUST08355,2026-03-09,2,10299.5,114,5149.75,3,1,1,311,5,Others
CUST08356,2026-06-05,5,175762.7,26,35152.54,5,2,3,523,10,Potential Loyalists
CUST08357,2026-04-12,4,120526.09999999999,80,30131.524999999998,3,2,2,322,7,Others
CUST08358,2025-10-20,2,23010.75,254,11505.375,2,1,1,211,4,Lost Customers
CUST08359,2025-12-09,3,219679.8,204,73226.59999999999,2,2,3,223,7,Others
CUST08360,2026-04-27,10,356207.3,65,35620.729999999996,4,4,4,444,12,Champions
CUST08361,2026-04-27,2,40287.4,65,20143.7,4,1,1,411,6,Others
CUST08362,2026-05-16,6,329968.3,46,54994.71666666667,4,3,4,434,11,Potential Loyalists
CUST08363,2026-04-01,6,95518.0,91,15919.666666666666,3,3,2,332,8,Others
CUST08364,2025-12-29,4,219687.6,184,54921.9,2,2,3,223,7,Others
CUST08365,2026-06-23,13,531691.0,8,40899.307692307695,5,5,4,554,14,Champions
CUST08366,2024-09-25,3,300941.3,644,100313.76666666666,1,2,3,123,6,Others
CUST08367,2025-06-08,3,25244.55,388,8414.85,1,2,1,121,4,Lost Customers
CUST08368,2025-10-20,6,101660.9,254,16943.483333333334,2,3,2,232,7,At Risk
CUST08369,2026-05-28,7,58439.85,34,8348.55,4,3,1,431,8,Potential Loyalists
CUST08370,2025-10-20,9,587348.6,254,65260.955555555556,2,4,5,245,11,At Risk
CUST08371,2025-12-28,11,436554.05,185,39686.73181818182,2,4,4,244,10,At Risk
CUST08372,2025-05-06,3,20448.55,421,6816.183333333333,1,2,1,121,4,Lost Customers
CUST08373,2026-06-29,9,331700.9,2,36855.65555555556,5,4,4,544,13,Champions
CUST08374,2025-09-07,4,280436.2,297,70109.05,2,2,3,223,7,Others
CUST08375,2026-06-17,19,584138.85,14,30744.149999999998,5,5,4,554,14,Champions
CUST08376,2026-06-25,14,667863.75,6,47704.55357142857,5,5,5,555,15,Champions
CUST08377,2026-02-15,6,194685.4,136,32447.566666666666,3,3,3,333,9,Others
CUST08378,2026-05-19,8,628157.5,43,78519.6875,4,3,5,435,12,Potential Loyalists
CUST08379,2024-10-25,5,153048.55,614,30609.71,1,2,2,122,5,Lost Customers
CUST08380,2026-05-09,14,390564.35,53,27897.45357142857,4,5,4,454,13,Champions
CUST08381,2026-06-18,17,976389.85,13,57434.69705882353,5,5,5,555,15,Champions
CUST08382,2026-03-07,1,11163.0,116,11163.0,3,1,1,311,5,Others
CUST08383,2025-03-11,4,136963.35,477,34240.8375,1,2,2,122,5,Lost Customers
CUST08384,2026-06-18,15,565582.85,13,37705.52333333333,5,5,4,554,14,Champions
CUST08385,2026-05-11,18,551572.55,51,30642.919444444447,4,5,4,454,13,Champions
CUST08386,2025-07-17,6,187550.0,349,31258.333333333332,1,3,3,133,7,At Risk
CUST08387,2026-06-11,19,550729.95,20,28985.78684210526,5,5,4,554,14,Champions
CUST08388,2025-05-21,5,155540.55,406,31108.109999999997,1,2,2,122,5,Lost Customers
CUST08389,2025-08-02,4,86400.4,333,21600.1,1,2,2,122,5,Lost Customers
CUST08390,2024-11-29,3,47658.25,579,15886.083333333334,1,2,1,121,4,Lost Customers
CUST08391,2026-03-28,24,1514449.15,95,63102.04791666666,3,5,5,355,13,Loyal Customers
CUST08392,2026-04-13,20,726098.1000000001,79,36304.905000000006,3,5,5,355,13,Loyal Customers
CUST08393,2026-06-02,6,424506.2,29,70751.03333333334,5,3,4,534,12,Potential Loyalists
CUST08394,2024-02-22,1,1200.0,860,1200.0,1,1,1,111,3,Lost Customers
CUST08395,2026-04-05,7,140390.6,87,20055.8,3,3,2,332,8,Others
CUST08396,2026-04-26,2,43935.0,66,21967.5,4,1,1,411,6,Others
CUST08397,2026-01-20,5,395043.7,162,79008.74,2,2,4,224,8,Others
CUST08398,2026-05-05,7,199799.45,57,28542.778571428575,4,3,3,433,10,Potential Loyalists
CUST08399,2026-04-17,11,690121.15,75,62738.28636363637,3,4,5,345,12,Loyal Customers
CUST08400,2025-11-11,6,145722.15,232,24287.024999999998,2,3,2,232,7,At Risk
CUST08401,2026-06-26,13,267329.1,5,20563.776923076923,5,5,3,553,13,Loyal Customers
CUST08402,2026-06-02,10,625378.0,29,62537.8,5,4,5,545,14,Champions
CUST08403,2025-09-28,8,310380.85,276,38797.60625,2,3,3,233,8,At Risk
CUST08404,2025-09-15,2,11270.5,289,5635.25,2,1,1,211,4,Lost Customers
CUST08405,2026-06-04,18,1374346.1,27,76352.56111111112,5,5,5,555,15,Champions
CUST08406,2026-06-27,10,562278.85,4,56227.884999999995,5,4,4,544,13,Champions
CUST08407,2026-05-28,4,48055.75,34,12013.9375,4,2,1,421,7,Potential Loyalists
CUST08408,2026-01-07,13,380036.39999999997,175,29233.56923076923,2,5,4,254,11,At Risk
CUST08409,2026-04-10,3,20936.6,82,6978.866666666666,3,2,1,321,6,Others
CUST08410,2025-12-26,10,391496.3,187,39149.63,2,4,4,244,10,At Risk
CUST08411,2025-05-23,2,33817.2,404,16908.6,1,1,1,111,3,Lost Customers
CUST08412,2025-07-05,4,67724.7,361,16931.175,1,2,1,121,4,Lost Customers
CUST08413,2026-05-20,9,217078.55000000002,42,24119.83888888889,4,4,3,443,11,Loyal Customers
CUST08414,2026-01-14,6,174676.8,168,29112.8,2,3,3,233,8,At Risk
CUST08415,2026-06-26,9,564136.5,5,62681.833333333336,5,4,4,544,13,Champions
CUST08416,2026-05-24,7,274070.8,38,39152.97142857143,4,3,3,433,10,Potential Loyalists
CUST08417,2025-09-19,8,264675.75,285,33084.46875,2,3,3,233,8,At Risk
CUST08418,2025-09-30,6,170691.15,274,28448.524999999998,2,3,2,232,7,At Risk
CUST08419,2025-10-25,19,1813268.5,249,95435.18421052632,2,5,5,255,12,At Risk
CUST08420,2025-06-11,6,309450.15,385,51575.025,1,3,3,133,7,At Risk
CUST08421,2026-06-22,13,411245.35,9,31634.257692307692,5,5,4,554,14,Champions
CUST08422,2025-08-16,3,56714.4,319,18904.8,1,2,1,121,4,Lost Customers
CUST08423,2026-02-20,13,365955.45,131,28150.419230769232,3,5,4,354,12,Loyal Customers
CUST08424,2026-01-21,7,348319.35,161,49759.90714285714,2,3,4,234,9,At Risk
CUST08425,2026-02-18,18,1051949.6,133,58441.64444444445,3,5,5,355,13,Loyal Customers
CUST08426,2026-03-06,15,403726.15,117,26915.076666666668,3,5,4,354,12,Loyal Customers
CUST08427,2026-04-11,7,325316.4,81,46473.77142857143,3,3,4,334,10,Others
CUST08428,2026-04-22,9,195940.95,70,21771.216666666667,3,4,3,343,10,Loyal Customers
CUST08429,2025-12-19,13,432482.9,194,33267.915384615386,2,5,4,254,11,At Risk
CUST08430,2026-06-14,13,304232.8,17,23402.523076923077,5,5,3,553,13,Loyal Customers
CUST08431,2026-01-12,4,98592.5,170,24648.125,2,2,2,222,6,Lost Customers
CUST08432,2025-08-01,5,104808.1,334,20961.620000000003,1,2,2,122,5,Lost Customers
CUST08433,2025-09-26,6,263788.0,278,43964.666666666664,2,3,3,233,8,At Risk
CUST08434,2024-09-12,4,77220.9,657,19305.225,1,2,2,122,5,Lost Customers
CUST08435,2025-09-28,6,406676.9,276,67779.48333333334,2,3,4,234,9,At Risk
CUST08436,2026-06-09,5,123441.5,22,24688.3,5,2,2,522,9,Potential Loyalists
CUST08437,2025-12-25,5,199568.85,188,39913.770000000004,2,2,3,223,7,Others
CUST08438,2026-02-28,2,80361.0,123,40180.5,3,1,2,312,6,Others
CUST08439,2024-04-29,1,20858.4,793,20858.4,1,1,1,111,3,Lost Customers
CUST08440,2025-09-17,4,104485.25,287,26121.3125,2,2,2,222,6,Lost Customers
CUST08441,2026-03-04,8,404241.15,119,50530.14375,3,3,4,334,10,Others
CUST08442,2026-04-14,12,441385.15,78,36782.09583333333,3,4,4,344,11,Loyal Customers
CUST08443,2026-05-21,7,173184.7,41,24740.67142857143,4,3,3,433,10,Potential Loyalists
CUST08444,2025-07-20,5,152275.3,346,30455.059999999998,1,2,2,122,5,Lost Customers
CUST08445,2025-12-31,4,38249.95,182,9562.4875,2,2,1,221,5,Lost Customers
CUST08446,2025-12-04,5,181806.1,209,36361.22,2,2,3,223,7,Others
CUST08447,2025-05-14,3,55940.1,413,18646.7,1,2,1,121,4,Lost Customers
CUST08448,2025-10-10,3,219893.4,264,73297.8,2,2,3,223,7,Others
CUST08449,2026-05-31,5,114821.7,31,22964.34,4,2,2,422,8,Potential Loyalists
CUST08450,2026-05-31,10,939101.8,31,93910.18000000001,4,4,5,445,13,Champions
CUST08451,2026-06-10,10,732790.1,21,73279.01,5,4,5,545,14,Champions
CUST08452,2025-08-09,4,105375.1,326,26343.775,1,2,2,122,5,Lost Customers
CUST08453,2026-06-21,5,175748.85,10,35149.770000000004,5,2,3,523,10,Potential Loyalists
CUST08454,2026-05-04,9,153963.55,58,17107.06111111111,4,4,2,442,10,Loyal Customers
CUST08455,2026-03-27,8,362074.10000000003,96,45259.262500000004,3,3,4,334,10,Others
CUST08456,2026-06-30,7,322544.69999999995,1,46077.81428571428,5,3,3,533,11,Potential Loyalists
CUST08457,2026-03-13,11,483013.5,110,43910.318181818184,3,4,4,344,11,Loyal Customers
CUST08458,2026-03-24,5,571248.95,99,114249.79,3,2,4,324,9,Others
CUST08459,2026-04-22,6,197990.45,70,32998.40833333333,3,3,3,333,9,Others
CUST08460,2025-09-04,4,104463.55,300,26115.8875,2,2,2,222,6,Lost Customers
CUST08461,2026-03-12,3,38226.0,111,12742.0,3,2,1,321,6,Others
CUST08462,2026-05-30,8,261072.05,32,32634.00625,4,3,3,433,10,Potential Loyalists
CUST08463,2025-12-09,6,105049.8,204,17508.3,2,3,2,232,7,At Risk
CUST08464,2026-06-23,15,1189553.65,8,79303.57666666666,5,5,5,555,15,Champions
CUST08465,2025-05-26,2,61941.299999999996,401,30970.649999999998,1,1,1,111,3,Lost Customers
CUST08466,2025-09-24,3,67200.0,280,22400.0,2,2,1,221,5,Lost Customers
CUST08467,2026-02-05,5,181725.3,146,36345.06,3,2,3,323,8,Others
CUST08468,2026-06-17,9,214223.0,14,23802.555555555555,5,4,3,543,12,Loyal Customers
CUST08469,2025-08-13,1,1481.55,322,1481.55,1,1,1,111,3,Lost Customers
CUST08470,2025-12-01,2,77259.0,212,38629.5,2,1,2,212,5,Lost Customers
CUST08471,2024-08-24,1,8633.45,676,8633.45,1,1,1,111,3,Lost Customers
CUST08472,2026-04-22,16,421061.15,70,26316.321875,3,5,4,354,12,Loyal Customers
CUST08473,2026-02-26,6,83038.75,125,13839.791666666666,3,3,2,332,8,Others
CUST08474,2025-04-01,3,433583.6,456,144527.86666666667,1,2,4,124,7,Others
CUST08475,2026-06-18,7,285439.3,13,40777.04285714286,5,3,3,533,11,Potential Loyalists
CUST08476,2026-01-14,11,617279.3,168,56116.3,2,4,5,245,11,At Risk
CUST08477,2026-03-13,18,1388393.8,110,77132.9888888889,3,5,5,355,13,Loyal Customers
CUST08478,2026-05-02,13,532381.85,60,40952.45,4,5,4,454,13,Champions
CUST08479,2025-07-31,6,320437.1,335,53406.18333333333,1,3,3,133,7,At Risk
CUST08480,2026-04-18,7,338769.5,74,48395.642857142855,3,3,4,334,10,Others
CUST08481,2026-04-27,7,322841.15,65,46120.16428571429,4,3,4,434,11,Potential Loyalists
CUST08482,2025-09-27,4,140310.0,277,35077.5,2,2,2,222,6,Lost Customers
CUST08483,2026-03-08,10,461067.1,115,46106.71,3,4,4,344,11,Loyal Customers
CUST08484,2026-04-25,2,49107.95,67,24553.975,4,1,1,411,6,Others
CUST08485,2026-05-25,11,256678.9,37,23334.445454545454,4,4,3,443,11,Loyal Customers
CUST08486,2026-06-25,8,180722.9,6,22590.3625,5,3,3,533,11,Potential Loyalists
CUST08487,2024-07-31,3,234406.95,700,78135.65000000001,1,2,3,123,6,Others
CUST08488,2024-11-04,4,130859.9,604,32714.975,1,2,2,122,5,Lost Customers
CUST08489,2025-12-24,10,490042.75,189,49004.275,2,4,4,244,10,At Risk
CUST08490,2025-06-25,5,124948.55,371,24989.71,1,2,2,122,5,Lost Customers
CUST08491,2026-04-25,5,541119.9,67,108223.98000000001,4,2,4,424,10,Potential Loyalists
CUST08492,2026-01-07,1,16200.0,175,16200.0,2,1,1,211,4,Lost Customers
CUST08493,2025-09-20,5,180640.8,284,36128.159999999996,2,2,3,223,7,Others
CUST08494,2025-12-11,3,88845.29999999999,202,29615.099999999995,2,2,2,222,6,Lost Customers
CUST08495,2025-09-22,4,114691.25,282,28672.8125,2,2,2,222,6,Lost Customers
CUST08496,2026-06-19,21,1206873.7,12,57470.17619047619,5,5,5,555,15,Champions
CUST08497,2025-09-20,4,85320.3,284,21330.075,2,2,2,222,6,Lost Customers
CUST08498,2026-02-01,6,199738.4,150,33289.73333333333,2,3,3,233,8,At Risk
CUST08499,2026-06-19,30,1128198.0,12,37606.6,5,5,5,555,15,Champions
CUST08500,2026-05-29,20,843169.25,33,42158.4625,4,5,5,455,14,Champions
CUST08501,2026-05-08,8,131172.05,54,16396.50625,4,3,2,432,9,Potential Loyalists
CUST08502,2026-04-07,12,271466.6,85,22622.216666666664,3,4,3,343,10,Loyal Customers
CUST08503,2025-09-25,5,96934.05,279,19386.81,2,2,2,222,6,Lost Customers
CUST08504,2024-09-08,5,120052.25,661,24010.45,1,2,2,122,5,Lost Customers
CUST08505,2026-05-18,3,75221.5,44,25073.833333333332,4,2,2,422,8,Potential Loyalists
CUST08506,2026-05-07,11,299386.8,55,27216.981818181815,4,4,3,443,11,Loyal Customers
CUST08507,2026-05-30,8,529933.3,32,66241.6625,4,3,4,434,11,Potential Loyalists
CUST08508,2025-08-27,3,226308.45,308,75436.15000000001,2,2,3,223,7,Others
CUST08509,2026-06-20,24,980695.0,11,40862.291666666664,5,5,5,555,15,Champions
CUST08510,2026-05-26,12,727024.95,36,60585.4125,4,4,5,445,13,Champions
CUST08511,2026-03-25,14,1053819.55,98,75272.825,3,5,5,355,13,Loyal Customers
CUST08512,2025-11-10,7,342742.80000000005,233,48963.25714285715,2,3,4,234,9,At Risk
CUST08513,2026-01-05,9,251489.0,177,27943.222222222223,2,4,3,243,9,At Risk
CUST08514,2025-05-24,4,147092.15,403,36773.0375,1,2,2,122,5,Lost Customers
CUST08515,2026-05-19,20,1286331.2,43,64316.56,4,5,5,455,14,Champions
CUST08516,2026-01-20,5,106798.85,162,21359.77,2,2,2,222,6,Lost Customers
CUST08517,2026-03-20,12,1026500.0,103,85541.66666666667,3,4,5,345,12,Loyal Customers
CUST08518,2026-05-20,14,465341.8,42,33238.7,4,5,4,454,13,Champions
CUST08519,2025-05-16,3,81760.5,411,27253.5,1,2,2,122,5,Lost Customers
CUST08520,2026-06-23,8,336239.9,8,42029.9875,5,3,4,534,12,Potential Loyalists
CUST08521,2026-04-29,12,599809.25,63,49984.104166666664,4,4,5,445,13,Champions
CUST08522,2025-10-10,4,126554.95,264,31638.7375,2,2,2,222,6,Lost Customers
CUST08523,2026-04-01,12,368013.8,91,30667.816666666666,3,4,4,344,11,Loyal Customers
CUST08524,2026-05-30,14,1069715.8,32,76408.27142857143,4,5,5,455,14,Champions
CUST08525,2026-06-21,7,274574.35,10,39224.90714285714,5,3,3,533,11,Potential Loyalists
CUST08526,2026-06-01,10,747666.7,30,74766.67,4,4,5,445,13,Champions
CUST08527,2026-03-31,6,193048.49999999997,92,32174.749999999996,3,3,3,333,9,Others
CUST08528,2025-02-27,1,58456.0,489,58456.0,1,1,1,111,3,Lost Customers
CUST08529,2026-05-18,11,353622.8,44,32147.52727272727,4,4,4,444,12,Champions
CUST08530,2025-12-24,5,109504.7,189,21900.94,2,2,2,222,6,Lost Customers
CUST08531,2025-12-09,6,63818.8,204,10636.466666666667,2,3,1,231,6,At Risk
CUST08532,2026-03-20,7,584112.1,103,83444.58571428571,3,3,4,334,10,Others
CUST08533,2026-05-20,11,408960.85,42,37178.25909090909,4,4,4,444,12,Champions
CUST08534,2026-01-29,2,3129.4,153,1564.7,2,1,1,211,4,Lost Customers
CUST08535,2026-03-17,7,163863.5,106,23409.071428571428,3,3,2,332,8,Others
CUST08536,2026-05-10,29,1831760.85,52,63164.16724137931,4,5,5,455,14,Champions
CUST08537,2025-05-31,3,247349.84999999998,396,82449.95,1,2,3,123,6,Others
CUST08538,2026-04-19,6,312060.3,73,52010.049999999996,3,3,3,333,9,Others
CUST08539,2025-05-31,3,30159.649999999998,396,10053.216666666665,1,2,1,121,4,Lost Customers
CUST08540,2026-03-26,7,176169.55,97,25167.07857142857,3,3,3,333,9,Others
CUST08541,2026-04-12,3,143415.35,80,47805.11666666667,3,2,2,322,7,Others
CUST08542,2025-10-09,1,17618.8,265,17618.8,2,1,1,211,4,Lost Customers
CUST08543,2026-06-05,23,1476421.0,26,64192.217391304344,5,5,5,555,15,Champions
CUST08544,2026-05-23,15,898643.45,39,59909.56333333333,4,5,5,455,14,Champions
CUST08545,2025-03-07,2,51936.45,481,25968.225,1,1,1,111,3,Lost Customers
CUST08546,2026-05-24,10,527591.0,38,52759.1,4,4,4,444,12,Champions
CUST08547,2025-11-15,5,212061.55,228,42412.31,2,2,3,223,7,Others
CUST08548,2026-04-29,30,2019275.45,63,67309.18166666667,4,5,5,455,14,Champions
CUST08549,2026-06-10,12,479154.4,21,39929.53333333333,5,4,4,544,13,Champions
CUST08550,2024-11-30,2,19302.0,578,9651.0,1,1,1,111,3,Lost Customers
CUST08551,2026-06-18,17,746202.8,13,43894.282352941176,5,5,5,555,15,Champions
CUST08552,2025-04-19,2,3418.05,438,1709.025,1,1,1,111,3,Lost Customers
CUST08553,2025-02-13,2,2532.0,503,1266.0,1,1,1,111,3,Lost Customers
CUST08554,2026-05-05,8,332351.7,57,41543.9625,4,3,4,434,11,Potential Loyalists
CUST08555,2026-04-16,6,259596.9,76,43266.15,3,3,3,333,9,Others
CUST08556,2025-12-30,5,262195.05,183,52439.009999999995,2,2,3,223,7,Others
CUST08557,2026-02-14,8,297068.6,137,37133.575,3,3,3,333,9,Others
CUST08558,2026-05-05,29,963881.55,57,33237.29482758621,4,5,5,455,14,Champions
CUST08559,2025-03-19,5,339534.75,469,67906.95,1,2,4,124,7,Others
CUST08560,2026-02-21,4,105377.0,130,26344.25,3,2,2,322,7,Others
CUST08561,2026-03-20,10,256430.6,103,25643.06,3,4,3,343,10,Loyal Customers
CUST08562,2026-05-06,27,1230276.75,56,45565.805555555555,4,5,5,455,14,Champions
CUST08563,2025-10-21,4,76221.4,253,19055.35,2,2,2,222,6,Lost Customers
CUST08564,2025-12-09,1,1330.0,204,1330.0,2,1,1,211,4,Lost Customers
CUST08565,2026-03-31,6,159346.2,92,26557.7,3,3,2,332,8,Others
CUST08566,2026-03-12,1,40751.2,111,40751.2,3,1,1,311,5,Others
CUST08567,2025-12-08,5,114185.6,205,22837.120000000003,2,2,2,222,6,Lost Customers
CUST08568,2025-12-27,8,228435.8,186,28554.475,2,3,3,233,8,At Risk
CUST08569,2026-05-23,10,425925.75,39,42592.575,4,4,4,444,12,Champions
CUST08570,2026-05-04,7,730580.75,58,104368.67857142857,4,3,5,435,12,Potential Loyalists
CUST08571,2026-06-12,14,472753.15,19,33768.08214285714,5,5,4,554,14,Champions
CUST08572,2026-05-17,9,173282.8,45,19253.644444444442,4,4,3,443,11,Loyal Customers
CUST08573,2026-06-08,1,570.0,23,570.0,5,1,1,511,7,Others
CUST08574,2026-04-10,7,190814.34999999998,82,27259.192857142854,3,3,3,333,9,Others
CUST08575,2024-07-31,3,46474.6,700,15491.533333333333,1,2,1,121,4,Lost Customers
CUST08576,2025-09-09,5,91675.15,295,18335.03,2,2,2,222,6,Lost Customers
CUST08577,2026-05-20,9,260497.4,42,28944.155555555553,4,4,3,443,11,Loyal Customers
CUST08578,2026-04-04,4,98018.4,88,24504.6,3,2,2,322,7,Others
CUST08579,2025-08-26,4,63503.1,309,15875.775,2,2,1,221,5,Lost Customers
CUST08580,2026-03-02,5,82693.2,121,16538.64,3,2,2,322,7,Others
CUST08581,2024-08-27,3,237130.75,673,79043.58333333333,1,2,3,123,6,Others
CUST08582,2026-06-18,17,867280.3,13,51016.48823529412,5,5,5,555,15,Champions
CUST08583,2024-11-10,2,75022.0,598,37511.0,1,1,2,112,4,Lost Customers
CUST08584,2026-02-20,4,94706.6,131,23676.65,3,2,2,322,7,Others
CUST08585,2026-04-18,9,174306.55,74,19367.394444444442,3,4,3,343,10,Loyal Customers
CUST08586,2026-06-24,14,497946.85,7,35567.63214285714,5,5,4,554,14,Champions
CUST08587,2025-01-12,5,84197.15,535,16839.43,1,2,2,122,5,Lost Customers
CUST08588,2026-05-27,20,826890.4,35,41344.520000000004,4,5,5,455,14,Champions
CUST08589,2025-02-01,2,46189.8,515,23094.9,1,1,1,111,3,Lost Customers
CUST08590,2026-05-02,5,254822.5,60,50964.5,4,2,3,423,9,Potential Loyalists
CUST08591,2026-06-11,8,155005.3,20,19375.6625,5,3,2,532,10,Potential Loyalists
CUST08592,2025-08-09,8,241547.05,326,30193.38125,1,3,3,133,7,At Risk
CUST08593,2026-06-06,10,373997.7,25,37399.770000000004,5,4,4,544,13,Champions
CUST08594,2026-06-29,10,742025.55,2,74202.55500000001,5,4,5,545,14,Champions
CUST08595,2026-05-31,8,117045.1,31,14630.6375,4,3,2,432,9,Potential Loyalists
CUST08596,2026-01-15,4,125247.09999999999,167,31311.774999999998,2,2,2,222,6,Lost Customers
CUST08597,2026-06-23,9,357357.25,8,39706.36111111111,5,4,4,544,13,Champions
CUST08598,2025-07-19,3,4040.0,347,1346.6666666666667,1,2,1,121,4,Lost Customers
CUST08599,2026-01-02,3,20664.5,180,6888.166666666667,2,2,1,221,5,Lost Customers
CUST08600,2026-05-17,11,255265.6,45,23205.96363636364,4,4,3,443,11,Loyal Customers
CUST08601,2026-06-16,3,70937.6,15,23645.86666666667,5,2,1,521,8,Potential Loyalists
CUST08602,2026-05-30,15,738779.4,32,49251.96,4,5,5,455,14,Champions
CUST08603,2026-03-16,8,310193.0,107,38774.125,3,3,3,333,9,Others
CUST08604,2024-12-15,5,173545.15,563,34709.03,1,2,3,123,6,Others
CUST08605,2026-05-28,9,114185.09999999999,34,12687.233333333332,4,4,2,442,10,Loyal Customers
CUST08606,2025-05-30,3,160312.2,397,53437.4,1,2,2,122,5,Lost Customers
CUST08607,2024-12-06,3,73680.5,572,24560.166666666668,1,2,2,122,5,Lost Customers
CUST08608,2026-04-19,9,470350.75,73,52261.194444444445,3,4,4,344,11,Loyal Customers
CUST08609,2026-06-01,6,178016.8,30,29669.466666666664,4,3,3,433,10,Potential Loyalists
CUST08610,2026-06-10,10,456569.1,21,45656.909999999996,5,4,4,544,13,Champions
CUST08611,2026-06-24,28,1421357.65,7,50762.77321428571,5,5,5,555,15,Champions
CUST08612,2026-04-30,18,938762.15,62,52153.45277777778,4,5,5,455,14,Champions
CUST08613,2024-05-21,1,7147.8,771,7147.8,1,1,1,111,3,Lost Customers
CUST08614,2025-03-08,5,143059.1,480,28611.82,1,2,2,122,5,Lost Customers
CUST08615,2026-06-26,11,361723.9,5,32883.99090909091,5,4,4,544,13,Champions
CUST08616,2025-11-09,5,425921.1,234,85184.22,2,2,4,224,8,Others
CUST08617,2025-11-11,2,1788.8,232,894.4,2,1,1,211,4,Lost Customers
CUST08618,2026-04-30,16,519943.7,62,32496.48125,4,5,4,454,13,Champions
CUST08619,2024-11-24,5,47215.6,584,9443.119999999999,1,2,1,121,4,Lost Customers
CUST08620,2025-11-12,7,235180.8,231,33597.25714285714,2,3,3,233,8,At Risk
CUST08621,2026-03-09,5,34030.1,114,6806.0199999999995,3,2,1,321,6,Others
CUST08622,2026-03-21,6,446860.6,102,74476.76666666666,3,3,4,334,10,Others
CUST08623,2026-06-07,6,286352.6,24,47725.43333333333,5,3,3,533,11,Potential Loyalists
CUST08624,2026-03-01,6,129719.2,122,21619.866666666665,3,3,2,332,8,Others
CUST08625,2026-01-13,3,16374.099999999999,169,5458.033333333333,2,2,1,221,5,Lost Customers
CUST08626,2026-03-01,5,176776.8,122,35355.36,3,2,3,323,8,Others
CUST08627,2025-12-06,2,7992.9,207,3996.45,2,1,1,211,4,Lost Customers
CUST08628,2026-06-02,10,422428.65,29,42242.865000000005,5,4,4,544,13,Champions
CUST08629,2026-03-24,6,321041.6,99,53506.93333333333,3,3,3,333,9,Others
CUST08630,2025-06-18,1,41858.1,378,41858.1,1,1,1,111,3,Lost Customers
CUST08631,2026-06-14,9,338884.15,17,37653.794444444444,5,4,4,544,13,Champions
CUST08632,2026-06-18,5,61306.200000000004,13,12261.240000000002,5,2,1,521,8,Potential Loyalists
CUST08633,2026-04-10,8,399572.2,82,49946.525,3,3,4,334,10,Others
CUST08634,2026-05-31,13,678802.2,31,52215.553846153845,4,5,5,455,14,Champions
CUST08635,2026-03-24,12,231623.7,99,19301.975000000002,3,4,3,343,10,Loyal Customers
CUST08636,2026-06-28,18,572916.25,3,31828.680555555555,5,5,4,554,14,Champions
CUST08637,2026-01-23,4,53518.0,159,13379.5,2,2,1,221,5,Lost Customers
CUST08638,2026-06-30,8,139846.55,1,17480.81875,5,3,2,532,10,Potential Loyalists
CUST08639,2024-11-13,1,60185.95,595,60185.95,1,1,1,111,3,Lost Customers
CUST08640,2025-07-16,3,86335.90000000001,350,28778.633333333335,1,2,2,122,5,Lost Customers
CUST08641,2026-06-12,8,336853.5,19,42106.6875,5,3,4,534,12,Potential Loyalists
CUST08642,2026-04-12,19,693432.5,80,36496.44736842105,3,5,5,355,13,Loyal Customers
CUST08643,2026-04-07,9,459967.10000000003,85,51107.455555555556,3,4,4,344,11,Loyal Customers
CUST08644,2025-04-18,3,225879.6,439,75293.2,1,2,3,123,6,Others
CUST08645,2025-10-13,7,245908.40000000002,261,35129.77142857143,2,3,3,233,8,At Risk
CUST08646,2026-04-24,17,677377.5,68,39845.73529411765,4,5,5,455,14,Champions
CUST08647,2026-02-05,8,363191.5,146,45398.9375,3,3,4,334,10,Others
CUST08648,2026-05-15,10,582948.8999999999,47,58294.88999999999,4,4,4,444,12,Champions
CUST08649,2026-02-15,5,402347.8,136,80469.56,3,2,4,324,9,Others
CUST08650,2026-04-11,15,637569.85,81,42504.65666666666,3,5,5,355,13,Loyal Customers
CUST08651,2026-05-10,14,517633.85,52,36973.84642857143,4,5,4,454,13,Champions
CUST08652,2025-12-02,6,241767.30000000002,211,40294.55,2,3,3,233,8,At Risk
CUST08653,2024-11-26,3,27688.6,582,9229.533333333333,1,2,1,121,4,Lost Customers
CUST08654,2025-08-14,1,3129.7,321,3129.7,1,1,1,111,3,Lost Customers
CUST08655,2025-12-21,4,73943.3,192,18485.825,2,2,2,222,6,Lost Customers
CUST08656,2026-03-05,19,836365.55,118,44019.23947368421,3,5,5,355,13,Loyal Customers
CUST08657,2026-06-01,2,7193.0,30,3596.5,4,1,1,411,6,Others
CUST08658,2024-08-18,1,19651.7,682,19651.7,1,1,1,111,3,Lost Customers
CUST08659,2024-11-16,1,14280.0,592,14280.0,1,1,1,111,3,Lost Customers
CUST08660,2026-03-24,5,101609.15,99,20321.829999999998,3,2,2,322,7,Others
CUST08661,2025-07-10,2,40533.75,356,20266.875,1,1,1,111,3,Lost Customers
CUST08662,2024-07-23,1,138823.2,708,138823.2,1,1,2,112,4,Lost Customers
CUST08663,2025-02-13,4,171578.75,503,42894.6875,1,2,2,122,5,Lost Customers
CUST08664,2024-12-15,3,207817.3,563,69272.43333333333,1,2,3,123,6,Others
CUST08665,2026-03-29,7,347055.35,94,49579.33571428571,3,3,4,334,10,Others
CUST08666,2026-05-07,20,1092091.75,55,54604.5875,4,5,5,455,14,Champions
CUST08667,2026-06-22,12,631375.35,9,52614.612499999996,5,4,5,545,14,Champions
CUST08668,2026-06-10,18,471526.9,21,26195.93888888889,5,5,4,554,14,Champions
CUST08669,2026-03-10,3,46380.9,113,15460.300000000001,3,2,1,321,6,Others
CUST08670,2025-12-10,3,48841.8,203,16280.6,2,2,1,221,5,Lost Customers
CUST08671,2026-06-18,11,363996.25,13,33090.568181818184,5,4,4,544,13,Champions
CUST08672,2025-10-22,12,289937.4,252,24161.45,2,4,3,243,9,At Risk
CUST08673,2025-12-17,4,124731.20000000001,196,31182.800000000003,2,2,2,222,6,Lost Customers
CUST08674,2026-03-24,7,347284.1,99,49612.014285714286,3,3,4,334,10,Others
CUST08675,2025-09-03,2,223344.1,301,111672.05,2,1,3,213,6,Others
CUST08676,2026-06-18,7,276594.75,13,39513.53571428572,5,3,3,533,11,Potential Loyalists
CUST08677,2025-12-04,3,69553.45000000001,209,23184.483333333337,2,2,1,221,5,Lost Customers
CUST08678,2026-03-22,14,417974.85,101,29855.346428571425,3,5,4,354,12,Loyal Customers
CUST08679,2026-01-26,2,63271.2,156,31635.6,2,1,1,211,4,Lost Customers
CUST08680,2026-05-16,7,330622.39999999997,46,47231.771428571425,4,3,4,434,11,Potential Loyalists
CUST08681,2026-06-25,10,434729.69999999995,6,43472.969999999994,5,4,4,544,13,Champions
CUST08682,2026-01-29,5,138451.85,153,27690.370000000003,2,2,2,222,6,Lost Customers
CUST08683,2026-04-29,7,310274.0,63,44324.857142857145,4,3,3,433,10,Potential Loyalists
CUST08684,2025-03-08,2,61484.8,480,30742.4,1,1,1,111,3,Lost Customers
CUST08685,2026-06-15,6,201658.0,16,33609.666666666664,5,3,3,533,11,Potential Loyalists
CUST08686,2026-04-13,16,700126.25,79,43757.890625,3,5,5,355,13,Loyal Customers
CUST08687,2026-04-09,2,39476.0,83,19738.0,3,1,1,311,5,Others
CUST08688,2025-02-27,1,342.0,489,342.0,1,1,1,111,3,Lost Customers
CUST08689,2025-07-20,1,82742.4,346,82742.4,1,1,2,112,4,Lost Customers
CUST08690,2026-05-18,17,684209.1,44,40247.59411764706,4,5,5,455,14,Champions
CUST08691,2024-07-08,1,2835.2,723,2835.2,1,1,1,111,3,Lost Customers
CUST08692,2025-11-01,9,401296.14999999997,242,44588.46111111111,2,4,4,244,10,At Risk
CUST08693,2026-04-17,8,370500.15,75,46312.51875,3,3,4,334,10,Others
CUST08694,2026-03-29,3,129512.9,94,43170.96666666667,3,2,2,322,7,Others
CUST08695,2025-05-09,3,115920.65,418,38640.21666666667,1,2,2,122,5,Lost Customers
CUST08696,2026-04-30,16,1106983.3,62,69186.45625,4,5,5,455,14,Champions
CUST08697,2026-06-14,10,485196.5,17,48519.65,5,4,4,544,13,Champions
CUST08698,2026-06-22,12,536722.3,9,44726.85833333334,5,4,4,544,13,Champions
CUST08699,2024-08-15,2,51361.65,685,25680.825,1,1,1,111,3,Lost Customers
CUST08700,2026-01-31,8,436220.65,151,54527.58125,2,3,4,234,9,At Risk
CUST08701,2025-12-13,3,39271.1,200,13090.366666666667,2,2,1,221,5,Lost Customers
CUST08702,2026-05-10,11,158859.75,52,14441.795454545454,4,4,2,442,10,Loyal Customers
CUST08703,2026-01-02,15,841053.75,180,56070.25,2,5,5,255,12,At Risk
CUST08704,2025-02-26,2,47613.200000000004,490,23806.600000000002,1,1,1,111,3,Lost Customers
CUST08705,2025-09-30,3,137570.85,274,45856.950000000004,2,2,2,222,6,Lost Customers
CUST08706,2026-06-14,13,913310.0,17,70254.61538461539,5,5,5,555,15,Champions
CUST08707,2026-02-03,2,28490.45,148,14245.225,2,1,1,211,4,Lost Customers
CUST08708,2025-04-16,5,53239.850000000006,441,10647.970000000001,1,2,1,121,4,Lost Customers
CUST08709,2026-06-27,6,82404.7,4,13734.116666666667,5,3,2,532,10,Potential Loyalists
CUST08710,2026-06-29,9,312172.75,2,34685.86111111111,5,4,3,543,12,Loyal Customers
CUST08711,2026-05-14,6,168797.8,48,28132.966666666664,4,3,2,432,9,Potential Loyalists
CUST08712,2026-06-08,12,1017441.85,23,84786.82083333333,5,4,5,545,14,Champions
CUST08713,2026-03-20,5,436021.2,103,87204.24,3,2,4,324,9,Others
CUST08714,2026-04-10,13,435158.25,82,33473.71153846154,3,5,4,354,12,Loyal Customers
CUST08715,2026-06-21,16,615593.55,10,38474.596875,5,5,5,555,15,Champions
CUST08716,2025-12-10,4,259059.99999999997,203,64764.99999999999,2,2,3,223,7,Others
CUST08717,2026-05-11,12,517194.45,51,43099.5375,4,4,4,444,12,Champions
CUST08718,2026-01-29,2,39650.2,153,19825.1,2,1,1,211,4,Lost Customers
CUST08719,2026-05-13,16,621124.3,49,38820.26875,4,5,5,455,14,Champions
CUST08720,2026-04-05,6,170832.7,87,28472.11666666667,3,3,2,332,8,Others
CUST08721,2024-12-08,5,134279.05,570,26855.809999999998,1,2,2,122,5,Lost Customers
CUST08722,2026-05-20,8,356549.1,42,44568.6375,4,3,4,434,11,Potential Loyalists
CUST08723,2025-12-29,9,563410.9,184,62601.211111111115,2,4,4,244,10,At Risk
CUST08724,2026-04-01,8,391597.3,91,48949.6625,3,3,4,334,10,Others
CUST08725,2026-04-03,5,137982.7,89,27596.54,3,2,2,322,7,Others
CUST08726,2025-06-20,5,193920.85,376,38784.17,1,2,3,123,6,Others
CUST08727,2026-05-06,5,224970.85,56,44994.17,4,2,3,423,9,Potential Loyalists
CUST08728,2025-02-25,1,40016.7,491,40016.7,1,1,1,111,3,Lost Customers
CUST08729,2026-05-03,5,59596.200000000004,59,11919.240000000002,4,2,1,421,7,Potential Loyalists
CUST08730,2026-06-05,12,498124.25,26,41510.354166666664,5,4,4,544,13,Champions
CUST08731,2026-01-06,6,170668.7,176,28444.783333333336,2,3,2,232,7,At Risk
CUST08732,2026-05-28,21,1231717.8,34,58653.228571428575,4,5,5,455,14,Champions
CUST08733,2024-07-19,1,283673.8,712,283673.8,1,1,3,113,5,Others
CUST08734,2025-11-14,13,651064.2,229,50081.86153846153,2,5,5,255,12,At Risk
CUST08735,2026-03-16,2,123945.0,107,61972.5,3,1,2,312,6,Others
CUST08736,2025-12-01,8,140578.6,212,17572.325,2,3,2,232,7,At Risk
CUST08737,2026-03-28,11,201106.55,95,18282.413636363635,3,4,3,343,10,Loyal Customers
CUST08738,2026-06-26,6,249155.1,5,41525.85,5,3,3,533,11,Potential Loyalists
CUST08739,2026-03-14,10,190735.55,109,19073.555,3,4,3,343,10,Loyal Customers
CUST08740,2026-05-20,9,280382.0,42,31153.555555555555,4,4,3,443,11,Loyal Customers
CUST08741,2025-09-24,6,246707.8,280,41117.96666666667,2,3,3,233,8,At Risk
CUST08742,2026-03-01,5,286173.8,122,57234.759999999995,3,2,3,323,8,Others
CUST08743,2026-05-25,9,379733.05,37,42192.56111111111,4,4,4,444,12,Champions
CUST08744,2026-06-15,9,432501.4,16,48055.711111111115,5,4,4,544,13,Champions
CUST08745,2026-06-15,4,125885.3,16,31471.325,5,2,2,522,9,Potential Loyalists
CUST08746,2026-04-01,3,155637.3,91,51879.1,3,2,2,322,7,Others
CUST08747,2026-05-12,10,600273.65,50,60027.365000000005,4,4,5,445,13,Champions
CUST08748,2024-11-01,2,45060.15,607,22530.075,1,1,1,111,3,Lost Customers
CUST08749,2026-04-23,12,1232538.85,69,102711.57083333335,4,4,5,445,13,Champions
CUST08750,2026-05-31,15,1561342.8,31,104089.52,4,5,5,455,14,Champions
CUST08751,2026-04-24,6,148365.75,68,24727.625,4,3,2,432,9,Potential Loyalists
CUST08752,2026-02-16,8,248111.25,135,31013.90625,3,3,3,333,9,Others
CUST08753,2025-07-13,4,70432.5,353,17608.125,1,2,1,121,4,Lost Customers
CUST08754,2025-06-28,5,38846.65,368,7769.33,1,2,1,121,4,Lost Customers
CUST08755,2026-04-26,21,875338.8500000001,66,41682.80238095239,4,5,5,455,14,Champions
CUST08756,2026-03-27,12,525386.65,96,43782.22083333333,3,4,4,344,11,Loyal Customers
CUST08757,2026-03-16,11,213571.0,107,19415.545454545456,3,4,3,343,10,Loyal Customers
CUST08758,2026-06-10,15,555021.15,21,37001.41,5,5,4,554,14,Champions
CUST08759,2026-05-04,3,97027.8,58,32342.600000000002,4,2,2,422,8,Potential Loyalists
CUST08760,2026-05-11,15,581562.7,51,38770.846666666665,4,5,4,454,13,Champions
CUST08761,2026-06-15,25,2092275.4,16,83691.016,5,5,5,555,15,Champions
CUST08762,2026-06-05,3,57230.95,26,19076.983333333334,5,2,1,521,8,Potential Loyalists
CUST08763,2026-05-25,15,597768.0,37,39851.2,4,5,5,455,14,Champions
CUST08764,2026-03-23,9,573609.75,100,63734.416666666664,3,4,4,344,11,Loyal Customers
CUST08765,2026-06-19,11,193500.95,12,17590.995454545457,5,4,3,543,12,Loyal Customers
CUST08766,2025-12-31,12,339999.85,182,28333.32083333333,2,4,4,244,10,At Risk
CUST08767,2024-10-04,1,23598.4,635,23598.4,1,1,1,111,3,Lost Customers
CUST08768,2025-08-06,4,139141.7,329,34785.425,1,2,2,122,5,Lost Customers
CUST08769,2025-05-28,2,24777.75,399,12388.875,1,1,1,111,3,Lost Customers
CUST08770,2025-10-25,3,69477.2,249,23159.066666666666,2,2,1,221,5,Lost Customers
CUST08771,2026-05-12,13,537302.15,50,41330.93461538462,4,5,4,454,13,Champions
CUST08772,2025-04-06,1,36364.8,451,36364.8,1,1,1,111,3,Lost Customers
CUST08773,2026-05-02,6,163701.94999999998,60,27283.65833333333,4,3,2,432,9,Potential Loyalists
CUST08774,2026-01-27,9,327561.55,155,36395.72777777778,2,4,4,244,10,At Risk
CUST08775,2025-09-17,6,155704.2,287,25950.7,2,3,2,232,7,At Risk
CUST08776,2026-05-14,13,988914.75,48,76070.36538461539,4,5,5,455,14,Champions
CUST08777,2026-01-20,4,183369.35,162,45842.3375,2,2,3,223,7,Others
CUST08778,2026-05-16,19,1282088.25,46,67478.32894736843,4,5,5,455,14,Champions
CUST08779,2026-01-07,12,399771.85,175,33314.32083333333,2,4,4,244,10,At Risk
CUST08780,2026-05-31,17,381946.3,31,22467.429411764704,4,5,4,454,13,Champions
CUST08781,2026-05-21,26,1738000.7,41,66846.18076923076,4,5,5,455,14,Champions
CUST08782,2025-05-20,1,6817.5,407,6817.5,1,1,1,111,3,Lost Customers
CUST08783,2025-11-21,5,101008.8,222,20201.760000000002,2,2,2,222,6,Lost Customers
CUST08784,2025-06-19,5,330680.65,377,66136.13,1,2,4,124,7,Others
CUST08785,2026-04-18,17,551524.7,74,32442.629411764705,3,5,4,354,12,Loyal Customers
CUST08786,2026-04-24,11,460229.0,68,41839.0,4,4,4,444,12,Champions
CUST08787,2026-05-23,16,526986.05,39,32936.628125,4,5,4,454,13,Champions
CUST08788,2025-10-28,3,54948.5,246,18316.166666666668,2,2,1,221,5,Lost Customers
CUST08789,2026-06-20,25,1550139.9000000001,11,62005.596000000005,5,5,5,555,15,Champions
CUST08790,2024-04-30,1,3252.8,792,3252.8,1,1,1,111,3,Lost Customers
CUST08791,2026-03-18,12,763908.1,105,63659.00833333333,3,4,5,345,12,Loyal Customers
CUST08792,2025-03-23,2,111570.1,465,55785.05,1,1,2,112,4,Lost Customers
CUST08793,2025-07-30,3,21229.95,336,7076.650000000001,1,2,1,121,4,Lost Customers
CUST08794,2025-04-22,2,45981.2,435,22990.6,1,1,1,111,3,Lost Customers
CUST08795,2026-05-24,26,1109708.05,38,42681.07884615385,4,5,5,455,14,Champions
CUST08796,2026-03-28,6,180957.0,95,30159.5,3,3,3,333,9,Others
CUST08797,2026-06-14,20,1073311.35,17,53665.567500000005,5,5,5,555,15,Champions
CUST08798,2025-12-17,4,29177.050000000003,196,7294.262500000001,2,2,1,221,5,Lost Customers
CUST08799,2026-05-06,1,12259.8,56,12259.8,4,1,1,411,6,Others
CUST08800,2024-05-17,1,23267.0,775,23267.0,1,1,1,111,3,Lost Customers
CUST08801,2026-06-25,11,830588.8999999999,6,75508.0818181818,5,4,5,545,14,Champions
CUST08802,2026-04-25,6,149495.7,67,24915.95,4,3,2,432,9,Potential Loyalists
CUST08803,2025-08-18,4,287050.5,317,71762.625,1,2,3,123,6,Others
CUST08804,2026-05-28,4,24265.5,34,6066.375,4,2,1,421,7,Potential Loyalists
CUST08805,2026-01-04,6,360534.5,178,60089.083333333336,2,3,4,234,9,At Risk
CUST08806,2026-05-05,9,148030.9,57,16447.877777777776,4,4,2,442,10,Loyal Customers
CUST08807,2025-03-06,3,62754.549999999996,482,20918.18333333333,1,2,1,121,4,Lost Customers
CUST08808,2025-05-04,2,159868.55000000002,423,79934.27500000001,1,1,2,112,4,Lost Customers
CUST08809,2025-11-07,11,633828.7,236,57620.7909090909,2,4,5,245,11,At Risk
CUST08810,2026-02-13,12,671766.05,138,55980.50416666667,3,4,5,345,12,Loyal Customers
CUST08811,2026-05-15,5,303680.0,47,60736.0,4,2,3,423,9,Potential Loyalists
CUST08812,2026-02-24,6,219322.7,127,36553.78333333333,3,3,3,333,9,Others
CUST08813,2025-08-19,4,164664.90000000002,316,41166.225000000006,1,2,2,122,5,Lost Customers
CUST08814,2026-05-31,14,809165.95,31,57797.56785714285,4,5,5,455,14,Champions
CUST08815,2026-05-30,3,32148.4,32,10716.133333333333,4,2,1,421,7,Potential Loyalists
CUST08816,2026-01-21,5,130062.75,161,26012.55,2,2,2,222,6,Lost Customers
CUST08817,2026-05-07,9,354354.14999999997,55,39372.68333333333,4,4,4,444,12,Champions
CUST08818,2025-08-05,8,237003.85,330,29625.48125,1,3,3,133,7,At Risk
CUST08819,2026-04-16,14,515697.6,76,36835.54285714286,3,5,4,354,12,Loyal Customers
CUST08820,2026-06-17,11,655990.35,14,59635.48636363636,5,4,5,545,14,Champions
CUST08821,2026-04-27,9,323946.5,65,35994.055555555555,4,4,4,444,12,Champions
CUST08822,2026-02-05,10,307630.0,146,30763.0,3,4,3,343,10,Loyal Customers
CUST08823,2026-05-06,9,337474.0,56,37497.11111111111,4,4,4,444,12,Champions
CUST08824,2025-12-26,4,92260.3,187,23065.075,2,2,2,222,6,Lost Customers
CUST08825,2026-05-15,9,182146.40000000002,47,20238.488888888893,4,4,3,443,11,Loyal Customers
CUST08826,2026-01-12,10,186635.4,170,18663.54,2,4,3,243,9,At Risk
CUST08827,2026-06-02,12,246405.75,29,20533.8125,5,4,3,543,12,Loyal Customers
CUST08828,2026-06-09,10,195762.6,22,19576.260000000002,5,4,3,543,12,Loyal Customers
CUST08829,2026-06-17,5,242234.55,14,48446.909999999996,5,2,3,523,10,Potential Loyalists
CUST08830,2025-11-21,12,239129.9,222,19927.491666666665,2,4,3,243,9,At Risk
CUST08831,2025-01-01,2,22759.6,546,11379.8,1,1,1,111,3,Lost Customers
CUST08832,2026-05-28,16,613259.35,34,38328.709375,4,5,5,455,14,Champions
CUST08833,2026-06-02,6,105592.8,29,17598.8,5,3,2,532,10,Potential Loyalists
CUST08834,2026-05-08,13,309306.05,54,23792.773076923077,4,5,3,453,12,Loyal Customers
CUST08835,2026-05-21,17,1293205.1,41,76070.88823529413,4,5,5,455,14,Champions
CUST08836,2026-05-21,11,331366.75,41,30124.25,4,4,4,444,12,Champions
CUST08837,2026-05-11,7,303839.3,51,43405.614285714284,4,3,3,433,10,Potential Loyalists
CUST08838,2026-06-27,10,347545.45,4,34754.545,5,4,4,544,13,Champions
CUST08839,2026-02-04,11,305579.95,147,27779.995454545457,2,4,3,243,9,At Risk
CUST08840,2026-01-23,13,659492.55,159,50730.196153846155,2,5,5,255,12,At Risk
CUST08841,2026-05-18,8,259393.75,44,32424.21875,4,3,3,433,10,Potential Loyalists
CUST08842,2026-04-23,6,544408.75,69,90734.79166666667,4,3,4,434,11,Potential Loyalists
CUST08843,2026-05-01,6,72895.65,61,12149.275,4,3,2,432,9,Potential Loyalists
CUST08844,2026-06-03,14,430166.3,28,30726.164285714283,5,5,4,554,14,Champions
CUST08845,2026-05-14,11,456587.65,48,41507.968181818185,4,4,4,444,12,Champions
CUST08846,2026-06-06,18,843078.85,25,46837.71388888889,5,5,5,555,15,Champions
CUST08847,2026-04-03,19,1092945.6,89,57523.452631578955,3,5,5,355,13,Loyal Customers
CUST08848,2026-01-27,5,99163.8,155,19832.760000000002,2,2,2,222,6,Lost Customers
CUST08849,2025-05-28,5,51676.3,399,10335.26,1,3,1,131,5,At Risk
CUST08850,2026-06-20,19,765889.15,11,40309.9552631579,5,5,5,555,15,Champions
CUST08851,2025-09-25,7,437244.0,279,62463.42857142857,2,3,4,234,9,At Risk
CUST08852,2026-06-05,24,1257532.1,26,52397.17083333334,5,5,5,555,15,Champions
CUST08853,2025-07-07,3,75083.7,359,25027.899999999998,1,2,2,122,5,Lost Customers
CUST08854,2026-01-03,6,94495.85,179,15749.308333333334,2,3,2,232,7,At Risk
CUST08855,2026-03-02,5,330341.85,121,66068.37,3,3,4,334,10,Others
CUST08856,2026-06-29,14,443464.9,2,31676.06428571429,5,5,4,554,14,Champions
CUST08857,2026-05-16,18,702494.8,46,39027.48888888889,4,5,5,455,14,Champions
CUST08858,2025-12-12,5,143157.0,201,28631.4,2,3,2,232,7,At Risk
CUST08859,2026-05-28,17,443063.05,34,26062.532352941176,4,5,4,454,13,Champions
CUST08860,2025-01-08,3,152219.2,539,50739.73333333334,1,2,2,122,5,Lost Customers
CUST08861,2026-03-25,6,116128.0,98,19354.666666666668,3,3,2,332,8,Others
CUST08862,2026-06-22,13,407252.55,9,31327.11923076923,5,5,4,554,14,Champions
CUST08863,2026-05-20,9,446441.45,42,49604.60555555556,4,4,4,444,12,Champions
CUST08864,2025-12-07,6,135849.75,206,22641.625,2,3,2,232,7,At Risk
CUST08865,2025-12-04,9,274086.1,209,30454.011111111107,2,4,3,243,9,At Risk
CUST08866,2026-03-31,7,180707.1,92,25815.3,3,3,3,333,9,Others
CUST08867,2026-04-21,2,242697.2,71,121348.6,3,1,3,313,7,Others
CUST08868,2025-07-07,5,32812.65,359,6562.530000000001,1,3,1,131,5,At Risk
CUST08869,2026-05-04,17,532275.5,58,31310.323529411766,4,5,4,454,13,Champions
CUST08870,2026-06-15,13,672973.2,16,51767.16923076923,5,5,5,555,15,Champions
CUST08871,2026-02-02,12,310029.7,149,25835.808333333334,2,4,3,243,9,At Risk
CUST08872,2026-01-27,15,450042.10000000003,155,30002.806666666667,2,5,4,254,11,At Risk
CUST08873,2026-06-21,8,580509.0,10,72563.625,5,3,4,534,12,Potential Loyalists
CUST08874,2026-02-01,9,363884.7,150,40431.63333333333,2,4,4,244,10,At Risk
CUST08875,2026-06-04,3,87225.75,27,29075.25,5,2,2,522,9,Potential Loyalists
CUST08876,2026-06-27,13,510266.3,4,39251.25384615384,5,5,4,554,14,Champions
CUST08877,2026-01-26,1,4061.3,156,4061.3,2,1,1,211,4,Lost Customers
CUST08878,2024-04-28,2,6357.0,794,3178.5,1,1,1,111,3,Lost Customers
CUST08879,2025-08-17,9,254957.6,318,28328.622222222224,1,4,3,143,8,At Risk
CUST08880,2026-03-19,1,22570.2,104,22570.2,3,1,1,311,5,Others
CUST08881,2026-06-22,20,1225587.15,9,61279.3575,5,5,5,555,15,Champions
CUST08882,2026-04-14,7,88742.55,78,12677.507142857143,3,3,2,332,8,Others
CUST08883,2026-01-10,12,278512.75,172,23209.395833333332,2,4,3,243,9,At Risk
CUST08884,2026-03-14,2,13007.15,109,6503.575,3,1,1,311,5,Others
CUST08885,2026-06-09,10,238386.30000000002,22,23838.63,5,4,3,543,12,Loyal Customers
CUST08886,2026-06-27,15,335661.05,4,22377.403333333332,5,5,4,554,14,Champions
CUST08887,2026-03-02,6,136965.5,121,22827.583333333332,3,3,2,332,8,Others
CUST08888,2025-11-30,9,96261.85,213,10695.761111111111,2,4,2,242,8,At Risk
CUST08889,2025-06-14,4,116589.55,382,29147.3875,1,2,2,122,5,Lost Customers
CUST08890,2026-01-29,12,469008.6,153,39084.049999999996,2,4,4,244,10,At Risk
CUST08891,2026-02-28,9,303805.25,123,33756.13888888889,3,4,3,343,10,Loyal Customers
CUST08892,2026-06-04,10,357168.15,27,35716.815,5,4,4,544,13,Champions
CUST08893,2025-11-08,5,201021.3,235,40204.259999999995,2,3,3,233,8,At Risk
CUST08894,2026-06-15,23,1183295.15,16,51447.6152173913,5,5,5,555,15,Champions
CUST08895,2026-03-12,8,150187.9,111,18773.4875,3,3,2,332,8,Others
CUST08896,2026-06-22,7,268844.45,9,38406.35,5,3,3,533,11,Potential Loyalists
CUST08897,2026-04-21,3,23059.8,71,7686.599999999999,3,2,1,321,6,Others
CUST08898,2026-03-15,19,959885.6,108,50520.2947368421,3,5,5,355,13,Loyal Customers
CUST08899,2025-09-03,3,22659.4,301,7553.133333333334,2,2,1,221,5,Lost Customers
CUST08900,2025-09-05,5,152997.8,299,30599.559999999998,2,3,2,232,7,At Risk
CUST08901,2026-06-22,7,252539.8,9,36077.114285714284,5,3,3,533,11,Potential Loyalists
CUST08902,2025-04-18,2,26790.699999999997,439,13395.349999999999,1,1,1,111,3,Lost Customers
CUST08903,2026-01-31,8,264870.5,151,33108.8125,2,3,3,233,8,At Risk
CUST08904,2025-07-26,7,452579.25,340,64654.17857142857,1,3,4,134,8,At Risk
CUST08905,2026-06-07,11,923750.55,24,83977.32272727274,5,4,5,545,14,Champions
CUST08906,2026-06-18,2,4478.3,13,2239.15,5,1,1,511,7,Others
CUST08907,2026-05-29,7,106324.55,33,15189.221428571429,4,3,2,432,9,Potential Loyalists
CUST08908,2024-02-22,1,8168.1,860,8168.1,1,1,1,111,3,Lost Customers
CUST08909,2026-03-22,11,511142.89999999997,101,46467.53636363636,3,4,4,344,11,Loyal Customers
CUST08910,2025-07-25,5,400874.3,341,80174.86,1,3,4,134,8,At Risk
CUST08911,2025-11-15,4,176959.34999999998,228,44239.837499999994,2,2,3,223,7,Others
CUST08912,2026-03-27,24,1126631.25,96,46942.96875,3,5,5,355,13,Loyal Customers
CUST08913,2026-06-25,20,920537.1,6,46026.854999999996,5,5,5,555,15,Champions
CUST08914,2026-01-12,6,108178.15,170,18029.691666666666,2,3,2,232,7,At Risk
CUST08915,2026-06-20,25,1414700.95,11,56588.038,5,5,5,555,15,Champions
CUST08916,2026-06-14,5,114277.9,17,22855.579999999998,5,3,2,532,10,Potential Loyalists
CUST08917,2026-06-19,5,86589.8,12,17317.96,5,3,2,532,10,Potential Loyalists
CUST08918,2026-06-13,10,259199.25,18,25919.925,5,4,3,543,12,Loyal Customers
CUST08919,2026-01-27,10,388840.8,155,38884.08,2,4,4,244,10,At Risk
CUST08920,2026-04-08,9,322053.45,84,35783.71666666667,3,4,3,343,10,Loyal Customers
CUST08921,2025-09-10,4,153063.6,294,38265.9,2,2,2,222,6,Lost Customers
CUST08922,2026-03-23,14,508771.6,100,36340.82857142857,3,5,4,354,12,Loyal Customers
CUST08923,2026-06-01,13,277404.8,30,21338.830769230768,4,5,3,453,12,Loyal Customers
CUST08924,2026-01-20,7,385043.39999999997,162,55006.2,2,3,4,234,9,At Risk
CUST08925,2025-09-05,5,352807.30000000005,299,70561.46,2,3,4,234,9,At Risk
CUST08926,2026-01-01,3,129510.25,181,43170.083333333336,2,2,2,222,6,Lost Customers
CUST08927,2026-05-24,20,826032.3,38,41301.615000000005,4,5,5,455,14,Champions
CUST08928,2026-01-31,4,185851.5,151,46462.875,2,2,3,223,7,Others
CUST08929,2026-04-18,4,99419.2,74,24854.8,3,2,2,322,7,Others
CUST08930,2026-05-06,23,1294863.1,56,56298.39565217392,4,5,5,455,14,Champions
CUST08931,2026-04-13,15,919282.3500000001,79,61285.490000000005,3,5,5,355,13,Loyal Customers
CUST08932,2025-11-03,9,408891.6,240,45432.399999999994,2,4,4,244,10,At Risk
CUST08933,2026-05-11,17,1192886.8,51,70169.81176470588,4,5,5,455,14,Champions
CUST08934,2026-06-04,6,299478.2,27,49913.03333333333,5,3,3,533,11,Potential Loyalists
CUST08935,2024-11-11,1,12795.55,597,12795.55,1,1,1,111,3,Lost Customers
CUST08936,2026-04-05,2,77464.75,87,38732.375,3,1,2,312,6,Others
CUST08937,2026-05-06,21,1166859.9,56,55564.75714285714,4,5,5,455,14,Champions
CUST08938,2025-10-19,6,185112.9,255,30852.149999999998,2,3,3,233,8,At Risk
CUST08939,2026-06-11,18,696717.25,20,38706.51388888889,5,5,5,555,15,Champions
CUST08940,2025-11-10,5,113551.55,233,22710.31,2,3,2,232,7,At Risk
CUST08941,2025-05-24,5,204355.0,403,40871.0,1,3,3,133,7,At Risk
CUST08942,2026-06-28,15,1054197.35,3,70279.82333333333,5,5,5,555,15,Champions
CUST08943,2025-11-27,12,418369.19999999995,216,34864.1,2,4,4,244,10,At Risk
CUST08944,2026-05-31,16,1013971.3500000001,31,63373.209375000006,4,5,5,455,14,Champions
CUST08945,2026-05-02,7,205594.45,60,29370.635714285716,4,3,3,433,10,Potential Loyalists
CUST08946,2026-03-09,3,6434.8,114,2144.9333333333334,3,2,1,321,6,Others
CUST08947,2026-01-10,8,112565.65,172,14070.70625,2,3,2,232,7,At Risk
CUST08948,2026-03-19,3,78104.85,104,26034.95,3,2,2,322,7,Others
CUST08949,2024-11-27,5,109030.55,581,21806.11,1,3,2,132,6,At Risk
CUST08950,2026-06-24,14,348189.7,7,24870.692857142858,5,5,4,554,14,Champions
CUST08951,2026-04-05,15,665460.3999999999,87,44364.02666666666,3,5,5,355,13,Loyal Customers
CUST08952,2026-05-08,10,611371.25,54,61137.125,4,4,5,445,13,Champions
CUST08953,2026-05-15,10,581320.65,47,58132.065,4,4,4,444,12,Champions
CUST08954,2026-05-24,22,1226737.35,38,55760.78863636364,4,5,5,455,14,Champions
CUST08955,2026-01-07,9,142630.8,175,15847.866666666665,2,4,2,242,8,At Risk
CUST08956,2026-04-25,16,503798.75,67,31487.421875,4,5,4,454,13,Champions
CUST08957,2026-05-31,8,134053.65,31,16756.70625,4,3,2,432,9,Potential Loyalists
CUST08958,2026-05-23,11,468006.9,39,42546.08181818182,4,4,4,444,12,Champions
CUST08959,2025-08-16,2,60520.4,319,30260.2,1,1,1,111,3,Lost Customers
CUST08960,2026-01-08,3,200548.3,174,66849.43333333333,2,2,3,223,7,Others
CUST08961,2026-04-04,9,296584.25,88,32953.805555555555,3,4,3,343,10,Loyal Customers
CUST08962,2025-05-12,2,46445.399999999994,415,23222.699999999997,1,1,1,111,3,Lost Customers
CUST08963,2025-02-26,3,116456.0,490,38818.666666666664,1,2,2,122,5,Lost Customers
CUST08964,2026-04-01,2,2873.35,91,1436.675,3,1,1,311,5,Others
CUST08965,2026-05-27,15,769801.25,35,51320.083333333336,4,5,5,455,14,Champions
CUST08966,2026-05-09,9,750142.85,53,83349.20555555556,4,4,5,445,13,Champions
CUST08967,2024-12-06,2,44269.0,572,22134.5,1,1,1,111,3,Lost Customers
CUST08968,2025-08-17,5,94154.35,318,18830.870000000003,1,3,2,132,6,At Risk
CUST08969,2024-12-11,5,115184.25,567,23036.85,1,3,2,132,6,At Risk
CUST08970,2025-01-17,3,38440.3,530,12813.433333333334,1,2,1,121,4,Lost Customers
CUST08971,2026-02-22,9,180106.8,129,20011.866666666665,3,4,3,343,10,Loyal Customers
CUST08972,2026-05-09,11,254778.40000000002,53,23161.67272727273,4,4,3,443,11,Loyal Customers
CUST08973,2025-04-06,4,58833.2,451,14708.3,1,2,1,121,4,Lost Customers
CUST08974,2026-02-20,8,503418.19999999995,131,62927.274999999994,3,3,4,334,10,Others
CUST08975,2026-05-14,10,118129.0,48,11812.9,4,4,2,442,10,Loyal Customers
CUST08976,2026-05-06,3,45181.05,56,15060.35,4,2,1,421,7,Potential Loyalists
CUST08977,2026-05-23,5,195810.25,39,39162.05,4,3,3,433,10,Potential Loyalists
CUST08978,2026-03-17,5,52985.1,106,10597.02,3,3,1,331,7,Others
CUST08979,2026-04-17,8,489561.5,75,61195.1875,3,3,4,334,10,Others
CUST08980,2025-06-02,4,96786.6,394,24196.65,1,2,2,122,5,Lost Customers
CUST08981,2025-09-13,3,125531.2,291,41843.73333333333,2,2,2,222,6,Lost Customers
CUST08982,2026-03-14,8,135987.30000000002,109,16998.412500000002,3,3,2,332,8,Others
CUST08983,2024-12-26,3,32798.85,552,10932.949999999999,1,2,1,121,4,Lost Customers
CUST08984,2026-04-07,5,149459.0,85,29891.8,3,3,2,332,8,Others
CUST08985,2026-05-28,19,1055444.3,34,55549.700000000004,4,5,5,455,14,Champions
CUST08986,2025-06-06,2,46704.850000000006,390,23352.425000000003,1,1,1,111,3,Lost Customers
CUST08987,2026-05-03,11,876071.0,59,79642.81818181818,4,4,5,445,13,Champions
CUST08988,2026-05-10,8,236018.1,52,29502.2625,4,3,3,433,10,Potential Loyalists
CUST08989,2025-07-14,2,19493.3,352,9746.65,1,1,1,111,3,Lost Customers
CUST08990,2026-05-19,11,447050.35000000003,43,40640.94090909091,4,4,4,444,12,Champions
CUST08991,2026-06-08,8,277398.15,23,34674.76875,5,3,3,533,11,Potential Loyalists
CUST08992,2026-01-04,5,166061.9,178,33212.38,2,3,2,232,7,At Risk
CUST08993,2026-06-16,27,1709427.0,15,63312.11111111111,5,5,5,555,15,Champions
CUST08994,2026-01-02,5,149491.95,180,29898.390000000003,2,3,2,232,7,At Risk
CUST08995,2026-06-22,9,319258.45,9,35473.16111111111,5,4,3,543,12,Loyal Customers
CUST08996,2025-05-10,3,31023.2,417,10341.066666666668,1,2,1,121,4,Lost Customers
CUST08997,2024-11-25,3,91998.6,583,30666.2,1,2,2,122,5,Lost Customers
CUST08998,2026-03-12,5,15207.8,111,3041.56,3,3,1,331,7,Others
CUST08999,2025-12-13,3,65546.0,200,21848.666666666668,2,2,1,221,5,Lost Customers
CUST09000,2026-01-29,7,320721.0,153,45817.28571428572,2,3,3,233,8,At Risk
CUST09001,2026-06-28,11,344538.65,3,31321.695454545457,5,4,4,544,13,Champions
CUST09002,2026-01-08,4,106055.25,174,26513.8125,2,2,2,222,6,Lost Customers
CUST09003,2026-04-20,11,426790.64999999997,72,38799.149999999994,3,4,4,344,11,Loyal Customers
CUST09004,2026-02-26,6,199857.8,125,33309.63333333333,3,3,3,333,9,Others
CUST09005,2024-09-03,1,1014.0,666,1014.0,1,1,1,111,3,Lost Customers
CUST09006,2026-01-01,3,231033.09999999998,181,77011.03333333333,2,2,3,223,7,Others
CUST09007,2025-10-25,15,804384.4,249,53625.62666666667,2,5,5,255,12,At Risk
CUST09008,2025-01-21,2,146080.25,526,73040.125,1,1,2,112,4,Lost Customers
CUST09009,2026-04-03,4,324479.35,89,81119.8375,3,2,4,324,9,Others
CUST09010,2026-06-03,14,589454.1,28,42103.864285714284,5,5,5,555,15,Champions
CUST09011,2026-01-19,6,222359.7,163,37059.950000000004,2,3,3,233,8,At Risk
CUST09012,2024-06-28,1,2161.8,733,2161.8,1,1,1,111,3,Lost Customers
CUST09013,2025-10-27,1,5000.0,247,5000.0,2,1,1,211,4,Lost Customers
CUST09014,2026-06-11,10,526210.5,20,52621.05,5,4,4,544,13,Champions
CUST09015,2026-05-26,4,61313.75,36,15328.4375,4,2,1,421,7,Potential Loyalists
CUST09016,2026-02-12,5,65180.5,139,13036.1,3,3,1,331,7,Others
CUST09017,2026-05-29,14,835703.6,33,59693.114285714284,4,5,5,455,14,Champions
CUST09018,2025-03-08,3,105981.6,480,35327.200000000004,1,2,2,122,5,Lost Customers
CUST09019,2026-04-21,12,755579.0,71,62964.916666666664,3,4,5,345,12,Loyal Customers
CUST09020,2025-12-31,3,32355.800000000003,182,10785.266666666668,2,2,1,221,5,Lost Customers
CUST09021,2025-07-07,4,229303.1,359,57325.775,1,2,3,123,6,Others
CUST09022,2026-01-23,5,206902.75,159,41380.55,2,3,3,233,8,At Risk
CUST09023,2026-05-09,2,5745.7,53,2872.85,4,1,1,411,6,Others
CUST09024,2026-06-15,17,991480.0499999999,16,58322.35588235294,5,5,5,555,15,Champions
CUST09025,2024-12-14,1,12795.3,564,12795.3,1,1,1,111,3,Lost Customers
CUST09026,2026-04-23,15,504488.2,69,33632.54666666667,4,5,4,454,13,Champions
CUST09027,2026-01-19,8,154681.1,163,19335.1375,2,3,2,232,7,At Risk
CUST09028,2026-05-21,4,122877.5,41,30719.375,4,2,2,422,8,Potential Loyalists
CUST09029,2026-05-08,21,905863.85,54,43136.37380952381,4,5,5,455,14,Champions
CUST09030,2026-04-04,7,280708.4,88,40101.200000000004,3,3,3,333,9,Others
CUST09031,2026-06-18,7,361535.9,13,51647.985714285714,5,3,4,534,12,Potential Loyalists
CUST09032,2025-04-08,2,31767.7,449,15883.85,1,1,1,111,3,Lost Customers
CUST09033,2026-03-15,10,380363.5,108,38036.35,3,4,4,344,11,Loyal Customers
CUST09034,2026-06-27,5,173290.85,4,34658.17,5,3,3,533,11,Potential Loyalists
CUST09035,2025-04-19,3,12580.5,438,4193.5,1,2,1,121,4,Lost Customers
CUST09036,2026-02-19,8,98444.6,132,12305.575,3,3,2,332,8,Others
CUST09037,2026-05-03,5,478787.75,59,95757.55,4,3,4,434,11,Potential Loyalists
CUST09038,2024-09-15,4,126900.4,654,31725.1,1,2,2,122,5,Lost Customers
CUST09039,2026-04-12,11,418882.35,80,38080.21363636363,3,4,4,344,11,Loyal Customers
CUST09040,2026-04-22,10,224015.2,70,22401.52,3,4,3,343,10,Loyal Customers
CUST09041,2026-04-08,14,321783.55000000005,84,22984.53928571429,3,5,3,353,11,Loyal Customers
CUST09042,2024-10-20,1,42832.0,619,42832.0,1,1,1,111,3,Lost Customers
CUST09043,2025-06-18,1,34197.3,378,34197.3,1,1,1,111,3,Lost Customers
CUST09044,2025-07-26,5,71642.2,340,14328.439999999999,1,3,2,132,6,At Risk
CUST09045,2026-05-30,13,459340.0,32,35333.846153846156,4,5,4,454,13,Champions
CUST09046,2025-06-08,3,53715.4,388,17905.133333333335,1,2,1,121,4,Lost Customers
CUST09047,2025-09-06,4,140558.6,298,35139.65,2,2,2,222,6,Lost Customers
CUST09048,2026-06-01,13,475796.19999999995,30,36599.70769230769,4,5,4,454,13,Champions
CUST09049,2026-04-24,7,230260.55,68,32894.364285714284,4,3,3,433,10,Potential Loyalists
CUST09050,2026-04-04,8,502191.2,88,62773.9,3,3,4,334,10,Others
CUST09051,2025-05-21,3,14167.2,406,4722.400000000001,1,2,1,121,4,Lost Customers
CUST09052,2026-05-26,16,960273.15,36,60017.071875,4,5,5,455,14,Champions
CUST09053,2026-03-02,12,956186.75,121,79682.22916666667,3,4,5,345,12,Loyal Customers
CUST09054,2024-01-20,1,17715.6,893,17715.6,1,1,1,111,3,Lost Customers
CUST09055,2026-03-21,10,223919.85,102,22391.985,3,4,3,343,10,Loyal Customers
CUST09056,2025-01-28,4,26985.4,519,6746.35,1,2,1,121,4,Lost Customers
CUST09057,2026-05-08,8,944917.25,54,118114.65625,4,3,5,435,12,Potential Loyalists
CUST09058,2024-02-19,1,1810.8,863,1810.8,1,1,1,111,3,Lost Customers
CUST09059,2026-06-20,16,838770.0,11,52423.125,5,5,5,555,15,Champions
CUST09060,2025-07-03,3,51782.350000000006,363,17260.783333333336,1,2,1,121,4,Lost Customers
CUST09061,2025-10-21,7,120932.85,253,17276.12142857143,2,3,2,232,7,At Risk
CUST09062,2026-06-12,16,316799.39999999997,19,19799.962499999998,5,5,3,553,13,Loyal Customers
CUST09063,2025-08-15,2,107552.4,320,53776.2,1,1,2,112,4,Lost Customers
CUST09064,2024-03-21,2,97053.25,832,48526.625,1,1,2,112,4,Lost Customers
CUST09065,2025-12-29,8,189705.5,184,23713.1875,2,3,3,233,8,At Risk
CUST09066,2026-04-14,1,2263.85,78,2263.85,3,1,1,311,5,Others
CUST09067,2025-08-02,2,22525.45,333,11262.725,1,1,1,111,3,Lost Customers
CUST09068,2025-01-20,4,216312.35,527,54078.0875,1,2,3,123,6,Others
CUST09069,2026-04-02,16,699835.5,90,43739.71875,3,5,5,355,13,Loyal Customers
CUST09070,2026-05-23,24,650810.6,39,27117.108333333334,4,5,5,455,14,Champions
CUST09071,2026-06-12,13,868262.9500000001,19,66789.4576923077,5,5,5,555,15,Champions
CUST09072,2026-05-05,5,145026.3,57,29005.26,4,3,2,432,9,Potential Loyalists
CUST09073,2026-04-10,21,1554919.55,82,74043.7880952381,3,5,5,355,13,Loyal Customers
CUST09074,2026-03-15,4,56625.05,108,14156.2625,3,2,1,321,6,Others
CUST09075,2026-05-24,18,490911.85,38,27272.880555555555,4,5,4,454,13,Champions
CUST09076,2026-06-22,10,436342.85,9,43634.284999999996,5,4,4,544,13,Champions
CUST09077,2026-02-25,5,136465.7,126,27293.140000000003,3,3,2,332,8,Others
CUST09078,2026-04-27,11,332096.15,65,30190.559090909093,4,4,4,444,12,Champions
CUST09079,2026-03-06,6,97933.65,117,16322.275,3,3,2,332,8,Others
CUST09080,2026-05-11,9,444117.6,51,49346.399999999994,4,4,4,444,12,Champions
CUST09081,2026-03-29,10,279058.2,94,27905.82,3,4,3,343,10,Loyal Customers
CUST09082,2026-05-07,14,835773.1,55,59698.07857142857,4,5,5,455,14,Champions
CUST09083,2024-08-21,2,69665.8,679,34832.9,1,1,1,111,3,Lost Customers
CUST09084,2026-02-20,9,187505.15,131,20833.905555555553,3,4,3,343,10,Loyal Customers
CUST09085,2024-11-08,1,36000.0,600,36000.0,1,1,1,111,3,Lost Customers
CUST09086,2026-02-11,16,729022.9,140,45563.93125,3,5,5,355,13,Loyal Customers
CUST09087,2026-04-08,4,89415.8,84,22353.95,3,2,2,322,7,Others
CUST09088,2026-05-12,6,179568.55,50,29928.091666666664,4,3,3,433,10,Potential Loyalists
CUST09089,2024-10-28,3,29396.2,611,9798.733333333334,1,2,1,121,4,Lost Customers
CUST09090,2026-06-01,16,1030925.15,30,64432.821875,4,5,5,455,14,Champions
CUST09091,2026-01-26,14,619836.3,156,44274.02142857143,2,5,5,255,12,At Risk
CUST09092,2025-03-06,2,62236.15,482,31118.075,1,1,1,111,3,Lost Customers
CUST09093,2025-10-28,3,222194.45,246,74064.81666666667,2,2,3,223,7,Others
CUST09094,2025-05-04,1,85500.0,423,85500.0,1,1,2,112,4,Lost Customers
CUST09095,2026-02-21,6,372113.9,130,62018.98333333334,3,3,4,334,10,Others
CUST09096,2025-03-04,4,123592.55,484,30898.1375,1,2,2,122,5,Lost Customers
CUST09097,2026-06-12,11,572096.6,19,52008.781818181815,5,4,4,544,13,Champions
CUST09098,2026-04-22,10,240284.34999999998,70,24028.434999999998,3,4,3,343,10,Loyal Customers
CUST09099,2026-05-20,7,187616.6,42,26802.37142857143,4,3,3,433,10,Potential Loyalists
CUST09100,2026-06-01,14,563884.1,30,40277.43571428571,4,5,4,454,13,Champions
CUST09101,2026-06-24,14,464053.2,7,33146.65714285714,5,5,4,554,14,Champions
CUST09102,2024-11-24,2,37808.0,584,18904.0,1,1,1,111,3,Lost Customers
CUST09103,2026-01-13,12,504706.5,169,42058.875,2,4,4,244,10,At Risk
CUST09104,2026-06-21,9,633753.5,10,70417.05555555556,5,4,5,545,14,Champions
CUST09105,2026-02-03,4,41820.6,148,10455.15,2,2,1,221,5,Lost Customers
CUST09106,2026-05-26,20,870129.7,36,43506.485,4,5,5,455,14,Champions
CUST09107,2026-03-20,14,449468.8,103,32104.914285714283,3,5,4,354,12,Loyal Customers
CUST09108,2026-01-06,14,1003957.35,176,71711.23928571428,2,5,5,255,12,At Risk
CUST09109,2026-06-09,20,958522.9,22,47926.145000000004,5,5,5,555,15,Champions
CUST09110,2024-10-19,1,25626.4,620,25626.4,1,1,1,111,3,Lost Customers
CUST09111,2025-11-20,6,54683.8,223,9113.966666666667,2,3,1,231,6,At Risk
CUST09112,2026-03-04,9,343070.19999999995,119,38118.911111111105,3,4,4,344,11,Loyal Customers
CUST09113,2025-11-30,1,1612.45,213,1612.45,2,1,1,211,4,Lost Customers
CUST09114,2025-10-01,14,1326733.85,273,94766.70357142857,2,5,5,255,12,At Risk
CUST09115,2025-05-26,3,101992.84999999999,401,33997.61666666666,1,2,2,122,5,Lost Customers
CUST09116,2026-06-28,11,248869.3,3,22624.481818181815,5,4,3,543,12,Loyal Customers
CUST09117,2026-04-30,22,1117345.8,62,50788.44545454546,4,5,5,455,14,Champions
CUST09118,2026-06-20,20,900028.15,11,45001.4075,5,5,5,555,15,Champions
CUST09119,2026-06-13,15,591584.8,18,39438.98666666667,5,5,5,555,15,Champions
CUST09120,2024-12-28,3,135977.9,550,45325.96666666667,1,2,2,122,5,Lost Customers
CUST09121,2025-12-30,10,296201.0,183,29620.1,2,4,3,243,9,At Risk
CUST09122,2026-06-09,19,331171.45,22,17430.076315789473,5,5,4,554,14,Champions
CUST09123,2026-06-23,4,473286.3,8,118321.575,5,2,4,524,11,Potential Loyalists
CUST09124,2025-05-31,4,56213.1,396,14053.275,1,2,1,121,4,Lost Customers
CUST09125,2026-06-21,8,422451.64999999997,10,52806.456249999996,5,3,4,534,12,Potential Loyalists
CUST09126,2026-04-23,13,363882.3,69,27990.946153846155,4,5,4,454,13,Champions
CUST09127,2026-02-23,8,467734.95,128,58466.86875,3,3,4,334,10,Others
CUST09128,2026-04-03,6,162970.45,89,27161.74166666667,3,3,2,332,8,Others
CUST09129,2025-08-21,3,121748.5,314,40582.833333333336,1,2,2,122,5,Lost Customers
CUST09130,2026-04-04,8,148504.25,88,18563.03125,3,3,2,332,8,Others
CUST09131,2026-06-23,11,670151.1,8,60922.82727272727,5,4,5,545,14,Champions
CUST09132,2026-04-24,22,812125.4,68,36914.79090909091,4,5,5,455,14,Champions
CUST09133,2026-06-24,25,1016317.65,7,40652.706,5,5,5,555,15,Champions
CUST09134,2026-04-24,15,919716.8,68,61314.45333333334,4,5,5,455,14,Champions
CUST09135,2026-03-04,6,225538.2,119,37589.700000000004,3,3,3,333,9,Others
CUST09136,2025-08-21,3,118186.95000000001,314,39395.65,1,2,2,122,5,Lost Customers
CUST09137,2026-04-27,13,453123.1,65,34855.623076923075,4,5,4,454,13,Champions
CUST09138,2026-04-08,7,372827.6,84,53261.08571428571,3,3,4,334,10,Others
CUST09139,2026-06-17,7,256488.05,14,36641.15,5,3,3,533,11,Potential Loyalists
CUST09140,2026-06-25,17,926965.45,6,54527.379411764705,5,5,5,555,15,Champions
CUST09141,2026-05-26,10,264252.2,36,26425.22,4,4,3,443,11,Loyal Customers
CUST09142,2026-06-29,12,471490.95,2,39290.9125,5,4,4,544,13,Champions
CUST09143,2026-03-30,11,756219.95,93,68747.26818181817,3,4,5,345,12,Loyal Customers
CUST09144,2026-05-02,4,116032.29999999999,60,29008.074999999997,4,2,2,422,8,Potential Loyalists
CUST09145,2024-11-14,2,55941.5,594,27970.75,1,1,1,111,3,Lost Customers
CUST09146,2024-07-06,1,24571.2,725,24571.2,1,1,1,111,3,Lost Customers
CUST09147,2026-05-28,23,1040025.8,34,45218.51304347826,4,5,5,455,14,Champions
CUST09148,2026-06-14,11,735372.9,17,66852.08181818182,5,4,5,545,14,Champions
CUST09149,2025-03-06,4,252476.3,482,63119.075,1,2,3,123,6,Others
CUST09150,2026-04-25,2,31595.75,67,15797.875,4,1,1,411,6,Others
CUST09151,2026-06-01,6,201266.65,30,33544.441666666666,4,3,3,433,10,Potential Loyalists
CUST09152,2026-05-23,12,272864.1,39,22738.675,4,4,3,443,11,Loyal Customers
CUST09153,2026-05-27,11,630095.85,35,57281.44090909091,4,4,5,445,13,Champions
CUST09154,2026-01-02,3,221127.2,180,73709.06666666667,2,2,3,223,7,Others
CUST09155,2025-12-12,4,116050.5,201,29012.625,2,2,2,222,6,Lost Customers
CUST09156,2026-02-27,14,628111.4500000001,124,44865.103571428575,3,5,5,355,13,Loyal Customers
CUST09157,2026-04-20,4,244239.0,72,61059.75,3,2,3,323,8,Others
CUST09158,2025-12-16,1,50597.0,197,50597.0,2,1,1,211,4,Lost Customers
CUST09159,2026-06-25,19,1031937.2,6,54312.484210526316,5,5,5,555,15,Champions
CUST09160,2025-11-29,4,47099.9,214,11774.975,2,2,1,221,5,Lost Customers
CUST09161,2026-05-26,1,722.25,36,722.25,4,1,1,411,6,Others
CUST09162,2026-06-07,8,438630.45,24,54828.80625,5,3,4,534,12,Potential Loyalists
CUST09163,2025-12-23,7,324611.75,190,46373.107142857145,2,3,4,234,9,At Risk
CUST09164,2026-05-03,14,501747.15,59,35839.08214285714,4,5,4,454,13,Champions
CUST09165,2026-01-18,7,314988.15,164,44998.30714285715,2,3,3,233,8,At Risk
CUST09166,2026-04-17,4,107056.4,75,26764.1,3,2,2,322,7,Others
CUST09167,2026-06-15,14,766697.5,16,54764.107142857145,5,5,5,555,15,Champions
CUST09168,2025-02-27,2,60247.4,489,30123.7,1,1,1,111,3,Lost Customers
CUST09169,2026-04-20,4,58800.4,72,14700.1,3,2,1,321,6,Others
CUST09170,2025-02-20,2,48215.0,496,24107.5,1,1,1,111,3,Lost Customers
CUST09171,2025-08-23,5,190980.7,312,38196.14,2,3,3,233,8,At Risk
CUST09172,2026-03-30,6,260644.3,93,43440.71666666667,3,3,3,333,9,Others
CUST09173,2026-06-11,25,1366587.15,20,54663.486,5,5,5,555,15,Champions
CUST09174,2024-01-28,1,24926.25,885,24926.25,1,1,1,111,3,Lost Customers
CUST09175,2026-04-14,11,201949.15,78,18359.013636363637,3,4,3,343,10,Loyal Customers
CUST09176,2025-10-12,8,536306.85,262,67038.35625,2,3,4,234,9,At Risk
CUST09177,2026-02-16,9,429623.3,135,47735.92222222222,3,4,4,344,11,Loyal Customers
CUST09178,2026-03-20,10,392934.15,103,39293.415,3,4,4,344,11,Loyal Customers
CUST09179,2026-05-20,7,306218.1,42,43745.44285714285,4,3,3,433,10,Potential Loyalists
CUST09180,2025-12-16,4,35822.25,197,8955.5625,2,2,1,221,5,Lost Customers
CUST09181,2026-05-25,16,1062220.6,37,66388.7875,4,5,5,455,14,Champions
CUST09182,2026-03-03,19,1301569.5999999999,120,68503.66315789473,3,5,5,355,13,Loyal Customers
CUST09183,2026-06-11,12,112244.9,20,9353.741666666667,5,4,2,542,11,Loyal Customers
CUST09184,2026-05-09,7,692095.8,53,98870.82857142857,4,3,5,435,12,Potential Loyalists
CUST09185,2026-06-13,8,256720.25,18,32090.03125,5,3,3,533,11,Potential Loyalists
CUST09186,2026-06-19,18,868522.5,12,48251.25,5,5,5,555,15,Champions
CUST09187,2025-08-16,10,323403.2,319,32340.32,1,4,4,144,9,At Risk
CUST09188,2026-06-27,13,581108.75,4,44700.67307692308,5,5,4,554,14,Champions
CUST09189,2026-03-25,13,350154.85000000003,98,26934.988461538465,3,5,4,354,12,Loyal Customers
CUST09190,2026-05-21,5,377542.15,41,75508.43000000001,4,3,4,434,11,Potential Loyalists
CUST09191,2025-07-21,4,177555.2,345,44388.8,1,2,3,123,6,Others
CUST09192,2026-02-26,17,837188.85,125,49246.40294117647,3,5,5,355,13,Loyal Customers
CUST09193,2026-05-13,6,478632.6,49,79772.09999999999,4,3,4,434,11,Potential Loyalists
CUST09194,2026-04-11,3,44810.7,81,14936.9,3,2,1,321,6,Others
CUST09195,2025-10-28,4,434923.5,246,108730.875,2,2,4,224,8,Others
CUST09196,2026-01-31,16,794418.2,151,49651.1375,2,5,5,255,12,At Risk
CUST09197,2025-05-20,6,231199.0,407,38533.166666666664,1,3,3,133,7,At Risk
CUST09198,2024-06-10,1,74795.4,751,74795.4,1,1,2,112,4,Lost Customers
CUST09199,2026-04-28,11,333863.95,64,30351.268181818185,4,4,4,444,12,Champions
CUST09200,2026-04-25,4,99370.34999999999,67,24842.587499999998,4,2,2,422,8,Potential Loyalists
CUST09201,2026-03-16,6,297128.85000000003,107,49521.475000000006,3,3,3,333,9,Others
CUST09202,2025-03-01,10,353028.85,487,35302.884999999995,1,4,4,144,9,At Risk
CUST09203,2026-04-05,9,434367.6,87,48263.066666666666,3,4,4,344,11,Loyal Customers
CUST09204,2026-05-07,7,165885.9,55,23697.985714285714,4,3,2,432,9,Potential Loyalists
CUST09205,2026-02-11,6,77793.05,140,12965.508333333333,3,3,2,332,8,Others
CUST09206,2026-03-18,4,58189.7,105,14547.425,3,2,1,321,6,Others
CUST09207,2026-06-26,9,431515.8,5,47946.2,5,4,4,544,13,Champions
CUST09208,2025-08-14,6,32404.8,321,5400.8,1,3,1,131,5,At Risk
CUST09209,2026-02-10,8,394734.35000000003,141,49341.793750000004,3,3,4,334,10,Others
CUST09210,2025-05-23,4,72763.1,404,18190.775,1,2,2,122,5,Lost Customers
CUST09211,2026-06-28,13,542239.4,3,41710.72307692308,5,5,4,554,14,Champions
CUST09212,2025-10-23,4,232388.55000000002,251,58097.137500000004,2,2,3,223,7,Others
CUST09213,2025-12-24,6,72988.34999999999,189,12164.724999999999,2,3,2,232,7,At Risk
CUST09214,2026-05-31,18,754866.2,31,41937.01111111111,4,5,5,455,14,Champions
CUST09215,2026-06-20,12,402224.35000000003,11,33518.69583333334,5,4,4,544,13,Champions
CUST09216,2025-03-24,3,56854.5,464,18951.5,1,2,1,121,4,Lost Customers
CUST09217,2025-03-16,2,45894.5,472,22947.25,1,1,1,111,3,Lost Customers
CUST09218,2025-01-15,4,85470.4,532,21367.6,1,2,2,122,5,Lost Customers
CUST09219,2026-06-20,12,850736.25,11,70894.6875,5,4,5,545,14,Champions
CUST09220,2026-06-14,19,1215514.5,17,63974.44736842105,5,5,5,555,15,Champions
CUST09221,2026-05-12,11,113699.75,50,10336.34090909091,4,4,2,442,10,Loyal Customers
CUST09222,2026-04-07,17,855223.1,85,50307.24117647059,3,5,5,355,13,Loyal Customers
CUST09223,2024-04-24,1,7915.5,798,7915.5,1,1,1,111,3,Lost Customers
CUST09224,2025-08-18,1,2724.8,317,2724.8,1,1,1,111,3,Lost Customers
CUST09225,2025-09-18,6,168474.05000000002,286,28079.008333333335,2,3,2,232,7,At Risk
CUST09226,2026-03-21,1,25063.95,102,25063.95,3,1,1,311,5,Others
CUST09227,2026-03-21,3,52020.25,102,17340.083333333332,3,2,1,321,6,Others
CUST09228,2026-05-06,9,164111.7,56,18234.633333333335,4,4,2,442,10,Loyal Customers
CUST09229,2026-06-05,5,153512.2,26,30702.440000000002,5,3,2,532,10,Potential Loyalists
CUST09230,2025-12-26,8,347796.95,187,43474.61875,2,3,4,234,9,At Risk
CUST09231,2025-05-20,2,131695.0,407,65847.5,1,1,2,112,4,Lost Customers
CUST09232,2025-12-19,11,195943.8,194,17813.072727272727,2,4,3,243,9,At Risk
CUST09233,2026-05-09,10,976529.5,53,97652.95,4,4,5,445,13,Champions
CUST09234,2026-05-10,4,64438.7,52,16109.675,4,2,1,421,7,Potential Loyalists
CUST09235,2026-05-06,4,99272.84999999999,56,24818.212499999998,4,2,2,422,8,Potential Loyalists
CUST09236,2025-11-03,12,281366.55,240,23447.212499999998,2,4,3,243,9,At Risk
CUST09237,2025-05-20,5,138062.55,407,27612.51,1,3,2,132,6,At Risk
CUST09238,2026-03-18,11,596582.85,105,54234.80454545454,3,4,5,345,12,Loyal Customers
CUST09239,2026-06-14,15,658874.55,17,43924.97,5,5,5,555,15,Champions
CUST09240,2025-08-26,4,166188.75,309,41547.1875,2,2,2,222,6,Lost Customers
CUST09241,2025-11-15,4,52862.9,228,13215.725,2,2,1,221,5,Lost Customers
CUST09242,2026-01-09,13,438543.2,173,33734.092307692306,2,5,4,254,11,At Risk
CUST09243,2024-12-15,1,24147.9,563,24147.9,1,1,1,111,3,Lost Customers
CUST09244,2026-02-06,11,105633.95,145,9603.086363636363,3,4,2,342,9,Loyal Customers
CUST09245,2026-04-29,6,225017.7,63,37502.950000000004,4,3,3,433,10,Potential Loyalists
CUST09246,2026-04-17,10,231373.9,75,23137.39,3,4,3,343,10,Loyal Customers
CUST09247,2026-06-18,7,216247.55,13,30892.507142857143,5,3,3,533,11,Potential Loyalists
CUST09248,2026-06-06,9,366425.2,25,40713.91111111111,5,4,4,544,13,Champions
CUST09249,2026-06-16,9,476332.4,15,52925.822222222225,5,4,4,544,13,Champions
CUST09250,2025-08-15,4,104854.4,320,26213.6,1,2,2,122,5,Lost Customers
CUST09251,2026-02-21,12,350344.55,130,29195.379166666666,3,4,4,344,11,Loyal Customers
CUST09252,2025-12-06,5,263451.2,207,52690.240000000005,2,3,3,233,8,At Risk
CUST09253,2026-05-03,7,201754.0,59,28822.0,4,3,3,433,10,Potential Loyalists
CUST09254,2026-04-01,5,152831.65,91,30566.329999999998,3,3,2,332,8,Others
CUST09255,2026-06-13,17,757060.3,18,44532.958823529414,5,5,5,555,15,Champions
CUST09256,2026-02-20,8,249089.65,131,31136.20625,3,3,3,333,9,Others
CUST09257,2024-11-20,5,64169.65,588,12833.93,1,3,1,131,5,At Risk
CUST09258,2026-03-09,9,695201.35,114,77244.59444444445,3,4,5,345,12,Loyal Customers
CUST09259,2026-06-05,22,919554.35,26,41797.924999999996,5,5,5,555,15,Champions
CUST09260,2026-06-29,22,945679.0,2,42985.40909090909,5,5,5,555,15,Champions
CUST09261,2025-01-25,2,36463.0,522,18231.5,1,1,1,111,3,Lost Customers
CUST09262,2026-06-17,2,68121.4,14,34060.7,5,1,1,511,7,Others
CUST09263,2026-05-17,3,82392.85,45,27464.283333333336,4,2,2,422,8,Potential Loyalists
CUST09264,2026-03-05,25,1706545.85,118,68261.834,3,5,5,355,13,Loyal Customers
CUST09265,2026-04-16,10,820382.9,76,82038.29000000001,3,4,5,345,12,Loyal Customers
CUST09266,2025-12-17,5,298375.5,196,59675.1,2,3,3,233,8,At Risk
CUST09267,2026-01-10,8,517247.8,172,64655.975,2,3,4,234,9,At Risk
CUST09268,2026-06-18,5,341758.35,13,68351.67,5,3,4,534,12,Potential Loyalists
CUST09269,2026-06-25,7,396595.95,6,56656.56428571429,5,3,4,534,12,Potential Loyalists
CUST09270,2026-01-15,7,127347.05,167,18192.435714285715,2,3,2,232,7,At Risk
CUST09271,2026-06-15,4,56422.05,16,14105.5125,5,2,1,521,8,Potential Loyalists
CUST09272,2025-08-09,3,81595.7,326,27198.566666666666,1,2,2,122,5,Lost Customers
CUST09273,2026-04-22,5,197160.69999999998,70,39432.14,3,3,3,333,9,Others
CUST09274,2026-03-01,5,76680.8,122,15336.16,3,3,2,332,8,Others
CUST09275,2026-03-20,9,313199.95,103,34799.99444444445,3,4,3,343,10,Loyal Customers
CUST09276,2025-02-01,7,155472.4,515,22210.342857142856,1,3,2,132,6,At Risk
CUST09277,2026-04-23,7,503332.6,69,71904.65714285713,4,3,4,434,11,Potential Loyalists
CUST09278,2024-08-17,4,82075.95,683,20518.9875,1,2,2,122,5,Lost Customers
CUST09279,2024-04-04,1,9709.55,818,9709.55,1,1,1,111,3,Lost Customers
CUST09280,2025-12-13,4,86495.0,200,21623.75,2,2,2,222,6,Lost Customers
CUST09281,2026-05-25,12,260246.7,37,21687.225000000002,4,4,3,443,11,Loyal Customers
CUST09282,2025-11-02,7,174458.25,241,24922.60714285714,2,3,3,233,8,At Risk
CUST09283,2026-06-27,12,424951.2,4,35412.6,5,4,4,544,13,Champions
CUST09284,2025-01-13,1,2028.95,534,2028.95,1,1,1,111,3,Lost Customers
CUST09285,2025-09-25,3,80601.3,279,26867.100000000002,2,2,2,222,6,Lost Customers
CUST09286,2025-08-10,6,111814.05,325,18635.675,1,3,2,132,6,At Risk
CUST09287,2026-02-26,6,88609.2,125,14768.199999999999,3,3,2,332,8,Others
CUST09288,2026-03-16,12,593567.25,107,49463.9375,3,4,5,345,12,Loyal Customers
CUST09289,2026-06-05,10,689825.95,26,68982.595,5,4,5,545,14,Champions
CUST09290,2026-06-03,5,672123.85,28,134424.77,5,3,5,535,13,Potential Loyalists
CUST09291,2026-06-29,9,273336.95,2,30370.772222222222,5,4,3,543,12,Loyal Customers
CUST09292,2025-06-17,5,158330.9,379,31666.18,1,3,2,132,6,At Risk
CUST09293,2026-06-22,5,82926.4,9,16585.28,5,3,2,532,10,Potential Loyalists
CUST09294,2026-05-09,11,604992.1,53,54999.281818181815,4,4,5,445,13,Champions
CUST09295,2025-12-30,4,101861.8,183,25465.45,2,2,2,222,6,Lost Customers
CUST09296,2026-06-04,10,444889.15,27,44488.915,5,4,4,544,13,Champions
CUST09297,2026-05-28,10,179468.3,34,17946.829999999998,4,4,3,443,11,Loyal Customers
CUST09298,2026-06-12,4,49491.2,19,12372.8,5,2,1,521,8,Potential Loyalists
CUST09299,2026-06-29,9,216667.75,2,24074.194444444445,5,4,3,543,12,Loyal Customers
CUST09300,2026-04-15,7,246450.1,77,35207.15714285714,3,3,3,333,9,Others
CUST09301,2025-01-26,5,361397.15,521,72279.43000000001,1,3,4,134,8,At Risk
CUST09302,2026-06-22,13,487262.6,9,37481.73846153846,5,5,4,554,14,Champions
CUST09303,2026-06-18,4,40056.6,13,10014.15,5,2,1,521,8,Potential Loyalists
CUST09304,2026-04-13,3,72056.2,79,24018.733333333334,3,2,2,322,7,Others
CUST09305,2025-12-07,8,138289.15,206,17286.14375,2,3,2,232,7,At Risk
CUST09306,2026-06-26,18,645282.45,5,35849.024999999994,5,5,5,555,15,Champions
CUST09307,2026-05-18,2,75373.20000000001,44,37686.600000000006,4,1,2,412,7,Others
CUST09308,2025-01-03,6,132611.55,544,22101.925,1,3,2,132,6,At Risk
CUST09309,2026-03-01,13,519726.9,122,39978.99230769231,3,5,4,354,12,Loyal Customers
CUST09310,2026-06-01,13,522417.15,30,40185.93461538462,4,5,4,454,13,Champions
CUST09311,2026-06-05,17,504505.9,26,29676.817647058826,5,5,4,554,14,Champions
CUST09312,2026-03-13,2,14730.4,110,7365.2,3,1,1,311,5,Others
CUST09313,2026-04-05,5,48318.7,87,9663.74,3,3,1,331,7,Others
CUST09314,2026-02-28,3,321517.7,123,107172.56666666667,3,2,3,323,8,Others
CUST09315,2026-05-05,12,204445.95,57,17037.162500000002,4,4,3,443,11,Loyal Customers
CUST09316,2025-01-03,2,43172.8,544,21586.4,1,1,1,111,3,Lost Customers
CUST09317,2024-12-30,4,197020.5,548,49255.125,1,2,3,123,6,Others
CUST09318,2026-05-16,12,461888.89999999997,46,38490.74166666666,4,4,4,444,12,Champions
CUST09319,2025-06-21,1,27000.0,375,27000.0,1,1,1,111,3,Lost Customers
CUST09320,2025-03-17,4,217817.45,471,54454.3625,1,2,3,123,6,Others
CUST09321,2026-03-30,13,381214.15,93,29324.165384615386,3,5,4,354,12,Loyal Customers
CUST09322,2026-03-09,15,592739.05,114,39515.93666666667,3,5,5,355,13,Loyal Customers
CUST09323,2026-03-04,10,317784.89999999997,119,31778.489999999998,3,4,3,343,10,Loyal Customers
CUST09324,2025-10-17,5,213696.75,257,42739.35,2,3,3,233,8,At Risk
CUST09325,2026-06-02,22,1047718.4,29,47623.56363636364,5,5,5,555,15,Champions
CUST09326,2026-02-14,8,318362.55,137,39795.31875,3,3,3,333,9,Others
CUST09327,2026-06-29,9,333030.05,2,37003.33888888889,5,4,4,544,13,Champions
CUST09328,2025-10-12,3,48822.8,262,16274.266666666668,2,2,1,221,5,Lost Customers
CUST09329,2026-05-12,8,80919.65,50,10114.95625,4,3,2,432,9,Potential Loyalists
CUST09330,2026-04-12,6,262927.4,80,43821.23333333334,3,3,3,333,9,Others
CUST09331,2026-04-26,21,789919.8,66,37615.228571428575,4,5,5,455,14,Champions
CUST09332,2025-12-08,4,73145.29999999999,205,18286.324999999997,2,2,2,222,6,Lost Customers
CUST09333,2026-06-15,8,284968.8,16,35621.1,5,3,3,533,11,Potential Loyalists
CUST09334,2026-06-28,5,152495.6,3,30499.120000000003,5,3,2,532,10,Potential Loyalists
CUST09335,2026-05-01,10,311621.4,61,31162.140000000003,4,4,3,443,11,Loyal Customers
CUST09336,2026-06-12,11,506124.3,19,46011.299999999996,5,4,4,544,13,Champions
CUST09337,2026-06-09,22,1468556.45,22,66752.5659090909,5,5,5,555,15,Champions
CUST09338,2026-02-12,7,913410.7,139,130487.24285714285,3,3,5,335,11,Others
CUST09339,2026-03-25,10,653344.0,98,65334.4,3,4,5,345,12,Loyal Customers
CUST09340,2026-04-11,17,1736666.1,81,102156.82941176472,3,5,5,355,13,Loyal Customers
CUST09341,2025-08-12,7,441459.9,323,63065.700000000004,1,3,4,134,8,At Risk
CUST09342,2025-08-17,6,312787.85,318,52131.30833333333,1,3,3,133,7,At Risk
CUST09343,2026-05-10,11,366633.5,52,33330.318181818184,4,4,4,444,12,Champions
CUST09344,2026-06-07,7,151987.1,24,21712.442857142858,5,3,2,532,10,Potential Loyalists
CUST09345,2026-01-28,5,107586.8,154,21517.36,2,3,2,232,7,At Risk
CUST09346,2025-06-17,6,49584.0,379,8264.0,1,3,1,131,5,At Risk
CUST09347,2025-12-08,5,128679.6,205,25735.920000000002,2,3,2,232,7,At Risk
CUST09348,2025-08-16,2,235179.65,319,117589.825,1,1,3,113,5,Others
CUST09349,2026-05-27,20,1543515.05,35,77175.7525,4,5,5,455,14,Champions
CUST09350,2026-05-30,13,483239.85,32,37172.29615384615,4,5,4,454,13,Champions
CUST09351,2025-06-29,5,450346.25000000006,367,90069.25000000001,1,3,4,134,8,At Risk
CUST09352,2026-03-31,14,1277962.5,92,91283.03571428571,3,5,5,355,13,Loyal Customers
CUST09353,2026-01-16,8,205334.8,166,25666.85,2,3,3,233,8,At Risk
CUST09354,2026-02-09,7,635505.0,142,90786.42857142857,3,3,5,335,11,Others
CUST09355,2025-03-08,3,233923.8,480,77974.59999999999,1,2,3,123,6,Others
CUST09356,2026-05-27,10,250777.15,35,25077.715,4,4,3,443,11,Loyal Customers
CUST09357,2025-07-12,4,34499.0,354,8624.75,1,2,1,121,4,Lost Customers
CUST09358,2026-05-05,13,451965.95,57,34766.61153846154,4,5,4,454,13,Champions
CUST09359,2026-03-17,6,257053.15,106,42842.191666666666,3,3,3,333,9,Others
CUST09360,2026-06-09,2,45459.8,22,22729.9,5,1,1,511,7,Others
CUST09361,2026-05-23,3,37747.95,39,12582.65,4,2,1,421,7,Potential Loyalists
CUST09362,2024-05-24,3,239934.8,768,79978.26666666666,1,2,3,123,6,Others
CUST09363,2025-12-21,4,68579.5,192,17144.875,2,2,1,221,5,Lost Customers
CUST09364,2025-03-23,3,260590.09999999998,465,86863.36666666665,1,2,3,123,6,Others
CUST09365,2025-06-07,4,102848.1,389,25712.025,1,2,2,122,5,Lost Customers
CUST09366,2025-06-17,5,165899.1,379,33179.82,1,3,2,132,6,At Risk
CUST09367,2026-06-26,16,1008817.9,5,63051.11875,5,5,5,555,15,Champions
CUST09368,2026-05-26,9,354575.4,36,39397.26666666667,4,4,4,444,12,Champions
CUST09369,2025-08-02,4,101080.75,333,25270.1875,1,2,2,122,5,Lost Customers
CUST09370,2026-03-15,4,7564.5,108,1891.125,3,2,1,321,6,Others
CUST09371,2026-05-30,8,100000.05,32,12500.00625,4,3,2,432,9,Potential Loyalists
CUST09372,2026-01-12,8,222352.84999999998,170,27794.106249999997,2,3,3,233,8,At Risk
CUST09373,2026-02-09,5,287769.5,142,57553.9,3,3,3,333,9,Others
CUST09374,2026-03-10,3,7573.9,113,2524.633333333333,3,2,1,321,6,Others
CUST09375,2024-10-21,1,3262.4,618,3262.4,1,1,1,111,3,Lost Customers
CUST09376,2026-05-26,12,386969.60000000003,36,32247.46666666667,4,4,4,444,12,Champions
CUST09377,2026-05-05,12,629571.6,57,52464.299999999996,4,4,5,445,13,Champions
CUST09378,2026-02-28,5,234909.9,123,46981.979999999996,3,3,3,333,9,Others
CUST09379,2026-06-12,6,275502.05,19,45917.00833333333,5,3,3,533,11,Potential Loyalists
CUST09380,2026-06-30,28,1453207.0,1,51900.25,5,5,5,555,15,Champions
CUST09381,2026-05-13,10,405672.4,49,40567.240000000005,4,4,4,444,12,Champions
CUST09382,2026-03-22,11,116989.95000000001,101,10635.45,3,4,2,342,9,Loyal Customers
CUST09383,2025-12-29,12,552072.45,184,46006.0375,2,4,4,244,10,At Risk
CUST09384,2026-05-02,19,955077.7,60,50267.24736842105,4,5,5,455,14,Champions
CUST09385,2026-01-21,8,251974.84999999998,161,31496.856249999997,2,3,3,233,8,At Risk
CUST09386,2026-05-19,9,423254.94999999995,43,47028.32777777777,4,4,4,444,12,Champions
CUST09387,2025-07-14,4,156853.5,352,39213.375,1,2,2,122,5,Lost Customers
CUST09388,2026-04-20,7,126831.75,72,18118.821428571428,3,3,2,332,8,Others
CUST09389,2026-03-04,9,298261.5,119,33140.166666666664,3,4,3,343,10,Loyal Customers
CUST09390,2026-01-27,2,13336.5,155,6668.25,2,1,1,211,4,Lost Customers
CUST09391,2026-06-18,15,598244.2,13,39882.94666666666,5,5,5,555,15,Champions
CUST09392,2026-06-24,21,1035131.9,7,49291.99523809524,5,5,5,555,15,Champions
CUST09393,2024-09-20,3,51729.7,649,17243.233333333334,1,2,1,121,4,Lost Customers
CUST09394,2026-04-18,13,417723.5,74,32132.576923076922,3,5,4,354,12,Loyal Customers
CUST09395,2026-01-04,3,31938.0,178,10646.0,2,2,1,221,5,Lost Customers
CUST09396,2026-04-30,12,660407.4,62,55033.950000000004,4,4,5,445,13,Champions
CUST09397,2025-04-16,1,13746.4,441,13746.4,1,1,1,111,3,Lost Customers
CUST09398,2025-11-15,2,79745.6,228,39872.8,2,1,2,212,5,Lost Customers
CUST09399,2026-06-24,13,885805.15,7,68138.85769230769,5,5,5,555,15,Champions
CUST09400,2026-04-30,13,264659.0,62,20358.384615384617,4,5,3,453,12,Loyal Customers
CUST09401,2026-05-18,13,513629.0,44,39509.92307692308,4,5,4,454,13,Champions
CUST09402,2026-05-22,17,484850.2,40,28520.600000000002,4,5,4,454,13,Champions
CUST09403,2024-12-25,4,122134.45,553,30533.6125,1,2,2,122,5,Lost Customers
CUST09404,2026-04-23,7,229491.1,69,32784.44285714286,4,3,3,433,10,Potential Loyalists
CUST09405,2026-03-14,8,158547.45,109,19818.43125,3,3,2,332,8,Others
CUST09406,2024-10-26,1,26617.1,613,26617.1,1,1,1,111,3,Lost Customers
CUST09407,2026-06-14,12,196095.7,17,16341.308333333334,5,4,3,543,12,Loyal Customers
CUST09408,2026-02-15,9,388360.65,136,43151.183333333334,3,4,4,344,11,Loyal Customers
CUST09409,2026-04-29,6,142010.5,63,23668.416666666668,4,3,2,432,9,Potential Loyalists
CUST09410,2026-01-23,11,582186.05,159,52926.00454545455,2,4,4,244,10,At Risk
CUST09411,2026-03-14,9,208448.1,109,23160.9,3,4,3,343,10,Loyal Customers
CUST09412,2026-01-16,6,176327.6,166,29387.933333333334,2,3,3,233,8,At Risk
CUST09413,2026-05-19,8,195645.35,43,24455.66875,4,3,3,433,10,Potential Loyalists
CUST09414,2026-06-16,2,52551.75,15,26275.875,5,1,1,511,7,Others
CUST09415,2026-01-01,5,78903.1,181,15780.62,2,3,2,232,7,At Risk
CUST09416,2026-06-20,25,1013705.05,11,40548.202000000005,5,5,5,555,15,Champions
CUST09417,2026-06-12,4,103567.3,19,25891.825,5,2,2,522,9,Potential Loyalists
CUST09418,2025-09-19,2,19953.55,285,9976.775,2,1,1,211,4,Lost Customers
CUST09419,2026-06-03,17,642455.7,28,37791.51176470588,5,5,5,555,15,Champions
CUST09420,2025-09-08,5,88375.9,296,17675.18,2,3,2,232,7,At Risk
CUST09421,2026-05-13,23,1013222.7,49,44053.16086956522,4,5,5,455,14,Champions
CUST09422,2025-12-23,14,1428958.4,190,102068.45714285714,2,5,5,255,12,At Risk
CUST09423,2026-06-26,21,856320.25,5,40777.15476190476,5,5,5,555,15,Champions
CUST09424,2026-04-19,10,260079.9,73,26007.989999999998,3,4,3,343,10,Loyal Customers
CUST09425,2026-04-22,7,281416.5,70,40202.357142857145,3,3,3,333,9,Others
CUST09426,2024-08-06,2,13699.1,694,6849.55,1,1,1,111,3,Lost Customers
CUST09427,2026-04-24,11,859433.8,68,78130.34545454546,4,4,5,445,13,Champions
CUST09428,2026-06-13,21,1056402.65,18,50304.88809523809,5,5,5,555,15,Champions
CUST09429,2025-12-07,3,83640.45,206,27880.149999999998,2,2,2,222,6,Lost Customers
CUST09430,2026-05-08,19,1607918.2,54,84627.27368421052,4,5,5,455,14,Champions
CUST09431,2026-04-19,13,558277.45,73,42944.41923076923,3,5,4,354,12,Loyal Customers
CUST09432,2025-08-27,4,127162.15,308,31790.5375,2,2,2,222,6,Lost Customers
CUST09433,2026-05-08,12,723903.4,54,60325.28333333333,4,4,5,445,13,Champions
CUST09434,2025-07-18,3,243805.75,348,81268.58333333333,1,2,3,123,6,Others
CUST09435,2025-10-03,4,86203.65,271,21550.9125,2,2,2,222,6,Lost Customers
CUST09436,2025-07-12,3,65089.200000000004,354,21696.4,1,2,1,121,4,Lost Customers
CUST09437,2026-06-09,15,830165.5,22,55344.36666666667,5,5,5,555,15,Champions
CUST09438,2026-05-23,10,302551.35,39,30255.135,4,4,3,443,11,Loyal Customers
CUST09439,2025-11-14,10,403468.75,229,40346.875,2,4,4,244,10,At Risk
CUST09440,2026-02-08,6,119919.4,143,19986.566666666666,3,3,2,332,8,Others
CUST09441,2026-02-22,11,307478.5,129,27952.590909090908,3,4,3,343,10,Loyal Customers
CUST09442,2026-06-26,10,448739.2,5,44873.92,5,4,4,544,13,Champions
CUST09443,2026-06-05,8,275385.8,26,34423.225,5,3,3,533,11,Potential Loyalists
CUST09444,2026-05-28,7,317278.7,34,45325.52857142857,4,3,3,433,10,Potential Loyalists
CUST09445,2025-05-22,3,104621.9,405,34873.96666666667,1,2,2,122,5,Lost Customers
CUST09446,2026-06-15,12,198392.2,16,16532.683333333334,5,4,3,543,12,Loyal Customers
CUST09447,2026-06-07,11,857281.15,24,77934.65000000001,5,4,5,545,14,Champions
CUST09448,2024-10-23,3,41851.5,616,13950.5,1,2,1,121,4,Lost Customers
CUST09449,2026-05-22,9,261935.0,40,29103.88888888889,4,4,3,443,11,Loyal Customers
CUST09450,2025-11-06,3,93444.9,237,31148.3,2,2,2,222,6,Lost Customers
CUST09451,2026-06-22,10,228903.5,9,22890.35,5,4,3,543,12,Loyal Customers
CUST09452,2026-06-10,14,388650.3,21,27760.735714285714,5,5,4,554,14,Champions
CUST09453,2024-12-13,3,112804.8,565,37601.6,1,2,2,122,5,Lost Customers
CUST09454,2025-01-14,1,4212.6,533,4212.6,1,1,1,111,3,Lost Customers
CUST09455,2024-03-27,1,7000.0,826,7000.0,1,1,1,111,3,Lost Customers
CUST09456,2026-03-27,17,1022932.7,96,60172.51176470588,3,5,5,355,13,Loyal Customers
CUST09457,2026-05-06,12,658755.45,56,54896.2875,4,4,5,445,13,Champions
CUST09458,2025-11-05,6,360082.75,238,60013.791666666664,2,3,4,234,9,At Risk
CUST09459,2025-11-20,5,278963.85,223,55792.77,2,3,3,233,8,At Risk
CUST09460,2026-05-20,15,913443.75,42,60896.25,4,5,5,455,14,Champions
CUST09461,2024-03-08,2,169535.8,845,84767.9,1,1,2,112,4,Lost Customers
CUST09462,2026-04-16,4,275396.4,76,68849.1,3,2,3,323,8,Others
CUST09463,2026-02-15,14,761023.9,136,54358.85,3,5,5,355,13,Loyal Customers
CUST09464,2026-06-28,5,178845.65,3,35769.13,5,3,3,533,11,Potential Loyalists
CUST09465,2025-06-09,1,59088.0,387,59088.0,1,1,1,111,3,Lost Customers
CUST09466,2026-06-06,8,204487.1,25,25560.8875,5,3,3,533,11,Potential Loyalists
CUST09467,2026-04-30,13,377825.45,62,29063.496153846154,4,5,4,454,13,Champions
CUST09468,2026-04-02,8,188195.09999999998,90,23524.387499999997,3,3,3,333,9,Others
CUST09469,2026-01-09,5,106808.5,173,21361.7,2,3,2,232,7,At Risk
CUST09470,2026-06-22,22,1075229.05,9,48874.04772727273,5,5,5,555,15,Champions
CUST09471,2025-10-03,7,439266.8,271,62752.4,2,3,4,234,9,At Risk
CUST09472,2025-01-22,3,58180.649999999994,525,19393.55,1,2,1,121,4,Lost Customers
CUST09473,2026-04-23,20,1149210.55,69,57460.527500000004,4,5,5,455,14,Champions
CUST09474,2026-06-11,9,784142.95,20,87126.99444444444,5,4,5,545,14,Champions
CUST09475,2026-04-20,18,851200.95,72,47288.941666666666,3,5,5,355,13,Loyal Customers
CUST09476,2026-05-26,8,177622.55,36,22202.81875,4,3,3,433,10,Potential Loyalists
CUST09477,2024-07-27,2,277819.6,704,138909.8,1,1,3,113,5,Others
CUST09478,2024-12-07,2,5563.5,571,2781.75,1,1,1,111,3,Lost Customers
CUST09479,2024-11-01,1,9797.4,607,9797.4,1,1,1,111,3,Lost Customers
CUST09480,2026-06-01,9,258776.45,30,28752.93888888889,4,4,3,443,11,Loyal Customers
CUST09481,2025-06-08,1,1312.4,388,1312.4,1,1,1,111,3,Lost Customers
CUST09482,2024-04-11,1,39334.4,811,39334.4,1,1,1,111,3,Lost Customers
CUST09483,2026-02-23,22,842654.9,128,38302.49545454545,3,5,5,355,13,Loyal Customers
CUST09484,2026-03-06,11,800587.0,117,72780.63636363637,3,4,5,345,12,Loyal Customers
CUST09485,2026-02-14,19,294255.7,137,15487.142105263158,3,5,3,353,11,Loyal Customers
CUST09486,2026-06-19,16,1269635.85,12,79352.240625,5,5,5,555,15,Champions
CUST09487,2026-04-23,16,384599.85,69,24037.490625,4,5,4,454,13,Champions
CUST09488,2026-06-23,11,399125.15,8,36284.104545454546,5,4,4,544,13,Champions
CUST09489,2026-06-01,18,1298379.4,30,72132.18888888888,4,5,5,455,14,Champions
CUST09490,2025-11-30,6,305714.7,213,50952.450000000004,2,3,3,233,8,At Risk
CUST09491,2026-06-14,11,720098.15,17,65463.468181818185,5,4,5,545,14,Champions
CUST09492,2026-02-03,6,250918.2,148,41819.700000000004,2,3,3,233,8,At Risk
CUST09493,2026-02-04,6,100039.35,147,16673.225000000002,2,3,2,232,7,At Risk
CUST09494,2026-05-25,10,406232.9,37,40623.29,4,4,4,444,12,Champions
CUST09495,2026-03-29,10,456973.55,94,45697.354999999996,3,4,4,344,11,Loyal Customers
CUST09496,2026-04-18,12,824433.4,74,68702.78333333334,3,4,5,345,12,Loyal Customers
CUST09497,2026-06-15,5,77968.8,16,15593.76,5,3,2,532,10,Potential Loyalists
CUST09498,2025-07-31,3,152683.8,335,50894.6,1,2,2,122,5,Lost Customers
CUST09499,2026-03-15,14,1077714.85,108,76979.63214285715,3,5,5,355,13,Loyal Customers
CUST09500,2026-05-20,21,939496.45,42,44737.92619047619,4,5,5,455,14,Champions
CUST09501,2026-03-11,5,139927.95,112,27985.590000000004,3,3,2,332,8,Others
CUST09502,2026-03-23,10,603599.5,100,60359.95,3,4,5,345,12,Loyal Customers
CUST09503,2026-06-25,26,1184091.3,6,45541.97307692308,5,5,5,555,15,Champions
CUST09504,2026-06-04,11,286035.9,27,26003.263636363637,5,4,3,543,12,Loyal Customers
CUST09505,2026-02-17,6,31221.75,134,5203.625,3,3,1,331,7,Others
CUST09506,2025-06-16,2,65949.0,380,32974.5,1,1,1,111,3,Lost Customers
CUST09507,2026-04-26,5,104793.6,66,20958.72,4,3,2,432,9,Potential Loyalists
CUST09508,2025-12-19,8,761908.1,194,95238.5125,2,3,5,235,10,At Risk
CUST09509,2026-06-24,14,678723.95,7,48480.28214285714,5,5,5,555,15,Champions
CUST09510,2026-04-21,15,491540.35,71,32769.35666666667,3,5,4,354,12,Loyal Customers
CUST09511,2025-08-23,2,124356.0,312,62178.0,2,1,2,212,5,Lost Customers
CUST09512,2025-11-30,3,166059.9,213,55353.299999999996,2,2,2,222,6,Lost Customers
CUST09513,2026-06-06,6,126250.84999999999,25,21041.80833333333,5,3,2,532,10,Potential Loyalists
CUST09514,2026-06-17,29,1218926.8,14,42031.95862068966,5,5,5,555,15,Champions
CUST09515,2026-06-29,22,848422.35,2,38564.652272727275,5,5,5,555,15,Champions
CUST09516,2024-09-24,2,78755.0,645,39377.5,1,1,2,112,4,Lost Customers
CUST09517,2025-06-05,3,28194.0,391,9398.0,1,2,1,121,4,Lost Customers
CUST09518,2025-07-18,4,88093.5,348,22023.375,1,2,2,122,5,Lost Customers
CUST09519,2025-04-09,2,9548.75,448,4774.375,1,1,1,111,3,Lost Customers
CUST09520,2024-06-02,1,1890.0,759,1890.0,1,1,1,111,3,Lost Customers
CUST09521,2025-09-08,7,94776.6,296,13539.514285714287,2,3,2,232,7,At Risk
CUST09522,2026-04-07,13,332943.2,85,25611.015384615384,3,5,4,354,12,Loyal Customers
CUST09523,2026-05-30,22,1788337.1,32,81288.05,4,5,5,455,14,Champions
CUST09524,2025-03-03,4,51825.8,485,12956.45,1,2,1,121,4,Lost Customers
CUST09525,2026-05-18,26,1545149.65,44,59428.83269230769,4,5,5,455,14,Champions
CUST09526,2025-10-26,5,64694.9,248,12938.98,2,3,1,231,6,At Risk
CUST09527,2025-11-11,4,30486.35,232,7621.5875,2,2,1,221,5,Lost Customers
CUST09528,2026-03-26,7,285133.7,97,40733.385714285716,3,3,3,333,9,Others
CUST09529,2025-08-31,3,121249.75,304,40416.583333333336,2,2,2,222,6,Lost Customers
CUST09530,2025-11-25,4,59360.0,218,14840.0,2,2,1,221,5,Lost Customers
CUST09531,2026-01-14,6,237571.85,168,39595.308333333334,2,3,3,233,8,At Risk
CUST09532,2025-12-03,14,319925.89999999997,210,22851.85,2,5,3,253,10,At Risk
CUST09533,2025-03-26,3,156228.2,462,52076.06666666667,1,2,2,122,5,Lost Customers
CUST09534,2026-05-30,21,1124529.25,32,53549.01190476191,4,5,5,455,14,Champions
CUST09535,2025-10-02,4,146900.2,272,36725.05,2,2,2,222,6,Lost Customers
CUST09536,2024-08-12,5,136300.35,688,27260.07,1,3,2,132,6,At Risk
CUST09537,2025-12-11,3,168196.1,202,56065.36666666667,2,2,2,222,6,Lost Customers
CUST09538,2026-04-26,5,97812.05,66,19562.41,4,3,2,432,9,Potential Loyalists
CUST09539,2025-09-21,5,159090.8,283,31818.159999999996,2,3,2,232,7,At Risk
CUST09540,2026-02-13,8,301794.35,138,37724.29375,3,3,3,333,9,Others
CUST09541,2026-04-26,4,51083.65,66,12770.9125,4,2,1,421,7,Potential Loyalists
CUST09542,2024-09-15,2,32575.800000000003,654,16287.900000000001,1,1,1,111,3,Lost Customers
CUST09543,2025-07-15,3,16087.2,351,5362.400000000001,1,2,1,121,4,Lost Customers
CUST09544,2025-12-06,3,60929.7,207,20309.899999999998,2,2,1,221,5,Lost Customers
CUST09545,2026-06-29,12,303952.69999999995,2,25329.391666666663,5,4,3,543,12,Loyal Customers
CUST09546,2026-06-06,5,66683.45,25,13336.689999999999,5,3,1,531,9,Potential Loyalists
CUST09547,2024-07-20,2,54594.899999999994,711,27297.449999999997,1,1,1,111,3,Lost Customers
CUST09548,2024-07-08,2,47356.2,723,23678.1,1,1,1,111,3,Lost Customers
CUST09549,2025-08-25,3,90620.3,310,30206.766666666666,2,2,2,222,6,Lost Customers
CUST09550,2025-12-17,4,178224.4,196,44556.1,2,2,3,223,7,Others
CUST09551,2025-05-12,4,143258.25,415,35814.5625,1,2,2,122,5,Lost Customers
CUST09552,2026-05-25,24,1179771.3,37,49157.137500000004,4,5,5,455,14,Champions
CUST09553,2025-01-27,2,24358.0,520,12179.0,1,1,1,111,3,Lost Customers
CUST09554,2026-02-26,16,601062.9,125,37566.43125,3,5,5,355,13,Loyal Customers
CUST09555,2025-04-28,4,112029.65,429,28007.4125,1,2,2,122,5,Lost Customers
CUST09556,2025-12-19,6,450793.5,194,75132.25,2,3,4,234,9,At Risk
CUST09557,2026-06-20,13,471003.85000000003,11,36231.06538461539,5,5,4,554,14,Champions
CUST09558,2025-08-09,6,124655.84999999999,326,20775.975,1,3,2,132,6,At Risk
CUST09559,2026-05-31,13,563587.6,31,43352.89230769231,4,5,4,454,13,Champions
CUST09560,2025-04-05,2,97819.29999999999,452,48909.649999999994,1,1,2,112,4,Lost Customers
CUST09561,2026-02-02,1,80338.6,149,80338.6,2,1,2,212,5,Lost Customers
CUST09562,2025-12-15,8,394597.75,198,49324.71875,2,3,4,234,9,At Risk
CUST09563,2025-06-22,6,67934.35,374,11322.391666666668,1,3,1,131,5,At Risk
CUST09564,2026-03-06,10,286493.75,117,28649.375,3,4,3,343,10,Loyal Customers
CUST09565,2025-12-28,4,146406.4,185,36601.6,2,2,2,222,6,Lost Customers
CUST09566,2026-02-02,8,171281.7,149,21410.2125,2,3,2,232,7,At Risk
CUST09567,2026-06-18,15,871641.3,13,58109.420000000006,5,5,5,555,15,Champions
CUST09568,2026-04-20,10,954608.55,72,95460.85500000001,3,4,5,345,12,Loyal Customers
CUST09569,2026-06-30,5,585034.05,1,117006.81000000001,5,3,4,534,12,Potential Loyalists
CUST09570,2026-06-01,11,263905.25,30,23991.386363636364,4,4,3,443,11,Loyal Customers
CUST09571,2025-11-03,4,65844.25,240,16461.0625,2,2,1,221,5,Lost Customers
CUST09572,2026-06-12,8,150832.6,19,18854.075,5,3,2,532,10,Potential Loyalists
CUST09573,2026-06-09,6,72359.25,22,12059.875,5,3,2,532,10,Potential Loyalists
CUST09574,2026-06-26,4,86600.3,5,21650.075,5,2,2,522,9,Potential Loyalists
CUST09575,2026-05-26,20,1183834.5,36,59191.725,4,5,5,455,14,Champions
CUST09576,2026-03-14,8,440358.45,109,55044.80625,3,3,4,334,10,Others
CUST09577,2026-02-12,6,130045.34999999999,139,21674.225,3,3,2,332,8,Others
CUST09578,2026-04-08,11,418650.45,84,38059.13181818182,3,4,4,344,11,Loyal Customers
CUST09579,2026-01-26,8,328552.85,156,41069.10625,2,3,4,234,9,At Risk
CUST09580,2026-01-17,5,25050.35,165,5010.07,2,3,1,231,6,At Risk
CUST09581,2026-06-14,6,395463.45,17,65910.575,5,3,4,534,12,Potential Loyalists
CUST09582,2025-06-09,3,120034.0,387,40011.333333333336,1,2,2,122,5,Lost Customers
CUST09583,2026-05-12,10,920080.4,50,92008.04000000001,4,4,5,445,13,Champions
CUST09584,2026-05-17,14,176810.1,45,12629.292857142858,4,5,3,453,12,Loyal Customers
CUST09585,2026-06-19,11,504252.0,12,45841.09090909091,5,4,4,544,13,Champions
CUST09586,2025-11-17,3,261214.0,226,87071.33333333333,2,2,3,223,7,Others
CUST09587,2025-08-17,3,88384.85,318,29461.61666666667,1,2,2,122,5,Lost Customers
CUST09588,2025-05-09,1,2394.0,418,2394.0,1,1,1,111,3,Lost Customers
CUST09589,2026-04-12,16,476039.1,80,29752.44375,3,5,4,354,12,Loyal Customers
CUST09590,2026-06-29,11,275406.35,2,25036.940909090907,5,4,3,543,12,Loyal Customers
CUST09591,2025-01-23,2,77259.6,524,38629.8,1,1,2,112,4,Lost Customers
CUST09592,2026-05-16,4,108071.7,46,27017.925,4,2,2,422,8,Potential Loyalists
CUST09593,2025-01-18,2,4940.25,529,2470.125,1,1,1,111,3,Lost Customers
CUST09594,2026-05-09,12,516947.0,53,43078.916666666664,4,4,4,444,12,Champions
CUST09595,2026-05-27,14,653066.3,35,46647.59285714286,4,5,5,455,14,Champions
CUST09596,2026-01-08,5,195716.55000000002,174,39143.310000000005,2,3,3,233,8,At Risk
CUST09597,2026-05-13,7,172655.15,49,24665.02142857143,4,3,3,433,10,Potential Loyalists
CUST09598,2025-11-07,6,114753.45,236,19125.575,2,3,2,232,7,At Risk
CUST09599,2025-11-07,4,353175.4,236,88293.85,2,2,4,224,8,Others
CUST09600,2026-06-23,14,852461.15,8,60890.08214285714,5,5,5,555,15,Champions
CUST09601,2026-03-31,15,376949.55,92,25129.969999999998,3,5,4,354,12,Loyal Customers
CUST09602,2025-05-17,4,177772.95,410,44443.2375,1,2,3,123,6,Others
CUST09603,2026-04-04,12,708734.2,88,59061.18333333333,3,4,5,345,12,Loyal Customers
CUST09604,2026-05-02,11,343981.35,60,31271.031818181815,4,4,4,444,12,Champions
CUST09605,2026-06-22,12,549111.8,9,45759.31666666667,5,4,4,544,13,Champions
CUST09606,2025-10-17,8,456558.7,257,57069.8375,2,3,4,234,9,At Risk
CUST09607,2026-06-28,4,144246.3,3,36061.575,5,2,2,522,9,Potential Loyalists
CUST09608,2026-04-15,11,435330.1,77,39575.46363636363,3,4,4,344,11,Loyal Customers
CUST09609,2025-12-26,4,126422.8,187,31605.7,2,2,2,222,6,Lost Customers
CUST09610,2025-09-06,5,117740.65,298,23548.129999999997,2,3,2,232,7,At Risk
CUST09611,2026-06-26,10,290333.55,5,29033.355,5,4,3,543,12,Loyal Customers
CUST09612,2026-04-27,9,407067.14999999997,65,45229.68333333333,4,4,4,444,12,Champions
CUST09613,2026-03-23,6,124093.75,100,20682.291666666668,3,3,2,332,8,Others
CUST09614,2025-09-14,5,305138.39999999997,290,61027.67999999999,2,3,3,233,8,At Risk
CUST09615,2026-02-21,10,274720.75,130,27472.075,3,4,3,343,10,Loyal Customers
CUST09616,2025-04-26,1,5635.8,431,5635.8,1,1,1,111,3,Lost Customers
CUST09617,2026-01-10,4,150879.2,172,37719.8,2,2,2,222,6,Lost Customers
CUST09618,2026-06-12,11,297664.5,19,27060.409090909092,5,4,3,543,12,Loyal Customers
CUST09619,2026-01-29,6,169798.4,153,28299.733333333334,2,3,2,232,7,At Risk
CUST09620,2026-05-25,4,60432.9,37,15108.225,4,2,1,421,7,Potential Loyalists
CUST09621,2026-03-17,18,1135000.8,106,63055.600000000006,3,5,5,355,13,Loyal Customers
CUST09622,2026-04-14,5,49664.9,78,9932.98,3,3,1,331,7,Others
CUST09623,2024-10-27,1,64942.95,612,64942.95,1,1,1,111,3,Lost Customers
CUST09624,2024-03-08,1,25272.0,845,25272.0,1,1,1,111,3,Lost Customers
CUST09625,2026-06-25,9,292710.15,6,32523.350000000002,5,4,3,543,12,Loyal Customers
CUST09626,2026-06-16,6,135224.75,15,22537.458333333332,5,3,2,532,10,Potential Loyalists
CUST09627,2026-02-10,11,564335.1,141,51303.19090909091,3,4,4,344,11,Loyal Customers
CUST09628,2026-06-30,23,1572574.9,1,68372.82173913044,5,5,5,555,15,Champions
CUST09629,2026-05-15,4,97163.35,47,24290.8375,4,2,2,422,8,Potential Loyalists
CUST09630,2025-05-02,4,52647.2,425,13161.8,1,2,1,121,4,Lost Customers
CUST09631,2026-05-22,10,205983.3,40,20598.329999999998,4,4,3,443,11,Loyal Customers
CUST09632,2026-05-02,4,69449.1,60,17362.275,4,2,1,421,7,Potential Loyalists
CUST09633,2026-05-29,14,812904.95,33,58064.639285714286,4,5,5,455,14,Champions
CUST09634,2026-01-04,9,725990.75,178,80665.63888888889,2,4,5,245,11,At Risk
CUST09635,2026-05-17,7,306268.45,45,43752.635714285716,4,3,3,433,10,Potential Loyalists
CUST09636,2025-06-05,4,62209.0,391,15552.25,1,2,1,121,4,Lost Customers
CUST09637,2026-06-15,12,456351.9,16,38029.325000000004,5,4,4,544,13,Champions
CUST09638,2026-04-28,11,441758.45,64,40159.85909090909,4,4,4,444,12,Champions
CUST09639,2026-06-12,9,442805.75,19,49200.63888888889,5,4,4,544,13,Champions
CUST09640,2026-05-31,11,528907.8,31,48082.527272727275,4,4,4,444,12,Champions
CUST09641,2026-05-17,10,334462.05000000005,45,33446.205,4,4,4,444,12,Champions
CUST09642,2025-10-10,3,73037.35,264,24345.783333333336,2,2,2,222,6,Lost Customers
CUST09643,2026-04-28,7,93806.5,64,13400.92857142857,4,3,2,432,9,Potential Loyalists
CUST09644,2026-04-12,13,381797.9,80,29369.069230769233,3,5,4,354,12,Loyal Customers
CUST09645,2026-05-17,12,412227.3,45,34352.275,4,4,4,444,12,Champions
CUST09646,2026-05-30,3,73932.5,32,24644.166666666668,4,2,2,422,8,Potential Loyalists
CUST09647,2026-04-20,15,647966.55,72,43197.770000000004,3,5,5,355,13,Loyal Customers
CUST09648,2026-06-23,18,967612.45,8,53756.24722222222,5,5,5,555,15,Champions
CUST09649,2026-06-23,7,161314.0,8,23044.85714285714,5,3,2,532,10,Potential Loyalists
CUST09650,2025-11-03,5,162931.6,240,32586.32,2,3,2,232,7,At Risk
CUST09651,2025-11-18,4,330511.05,225,82627.7625,2,2,4,224,8,Others
CUST09652,2026-05-18,1,23548.4,44,23548.4,4,1,1,411,6,Others
CUST09653,2026-05-12,3,79069.1,50,26356.36666666667,4,2,2,422,8,Potential Loyalists
CUST09654,2026-03-15,12,615480.2,108,51290.01666666666,3,4,5,345,12,Loyal Customers
CUST09655,2025-01-24,4,114165.0,523,28541.25,1,2,2,122,5,Lost Customers
CUST09656,2026-03-02,14,756879.2999999999,121,54062.807142857135,3,5,5,355,13,Loyal Customers
CUST09657,2025-06-19,2,54997.4,377,27498.7,1,1,1,111,3,Lost Customers
CUST09658,2025-07-25,5,319241.4,341,63848.280000000006,1,3,3,133,7,At Risk
CUST09659,2025-09-09,2,24267.45,295,12133.725,2,1,1,211,4,Lost Customers
CUST09660,2025-06-01,3,89008.0,395,29669.333333333332,1,2,2,122,5,Lost Customers
CUST09661,2026-05-26,15,521808.95,36,34787.263333333336,4,5,4,454,13,Champions
CUST09662,2025-01-24,5,39864.7,523,7972.94,1,3,1,131,5,At Risk
CUST09663,2026-04-19,10,431569.05000000005,73,43156.905000000006,3,4,4,344,11,Loyal Customers
CUST09664,2026-03-03,6,324011.8,120,54001.96666666667,3,3,4,334,10,Others
CUST09665,2026-01-17,3,310739.0,165,103579.66666666667,2,2,3,223,7,Others
CUST09666,2026-06-19,20,1024798.0,12,51239.9,5,5,5,555,15,Champions
CUST09667,2026-04-03,5,99447.15000000001,89,19889.43,3,3,2,332,8,Others
CUST09668,2026-01-13,11,724087.1,169,65826.09999999999,2,4,5,245,11,At Risk
CUST09669,2026-04-28,10,395268.6,64,39526.86,4,4,4,444,12,Champions
CUST09670,2026-06-29,11,492494.65,2,44772.24090909091,5,4,4,544,13,Champions
CUST09671,2025-09-08,5,419841.3,296,83968.26,2,3,4,234,9,At Risk
CUST09672,2026-06-30,3,51841.35,1,17280.45,5,2,1,521,8,Potential Loyalists
CUST09673,2025-02-04,3,143533.75,512,47844.583333333336,1,2,2,122,5,Lost Customers
CUST09674,2025-01-14,3,35400.9,533,11800.300000000001,1,2,1,121,4,Lost Customers
CUST09675,2026-06-04,11,1182973.8,27,107543.07272727274,5,4,5,545,14,Champions
CUST09676,2026-04-15,11,381992.15,77,34726.55909090909,3,4,4,344,11,Loyal Customers
CUST09677,2026-06-29,10,573906.2,2,57390.619999999995,5,4,4,544,13,Champions
CUST09678,2026-05-06,20,2021065.45,56,101053.27249999999,4,5,5,455,14,Champions
CUST09679,2026-06-13,13,212888.15,18,16376.011538461538,5,5,3,553,13,Loyal Customers
CUST09680,2025-11-24,15,757949.85,219,50529.99,2,5,5,255,12,At Risk
CUST09681,2026-05-08,6,403526.95,54,67254.49166666667,4,3,4,434,11,Potential Loyalists
CUST09682,2025-11-27,4,27704.2,216,6926.05,2,2,1,221,5,Lost Customers
CUST09683,2026-05-27,29,1823484.25,35,62878.76724137931,4,5,5,455,14,Champions
CUST09684,2026-04-20,9,456025.95,72,50669.55,3,4,4,344,11,Loyal Customers
CUST09685,2025-07-26,2,119778.0,340,59889.0,1,1,2,112,4,Lost Customers
CUST09686,2026-04-14,8,163768.65,78,20471.08125,3,3,2,332,8,Others
CUST09687,2026-05-01,16,619740.6,61,38733.7875,4,5,5,455,14,Champions
CUST09688,2024-12-13,3,19589.8,565,6529.933333333333,1,2,1,121,4,Lost Customers
CUST09689,2024-08-30,3,106222.80000000002,670,35407.600000000006,1,2,2,122,5,Lost Customers
CUST09690,2026-04-21,8,119496.70000000001,71,14937.087500000001,3,3,2,332,8,Others
CUST09691,2026-06-29,4,109409.34999999999,2,27352.337499999998,5,2,2,522,9,Potential Loyalists
CUST09692,2025-08-23,4,131071.95,312,32767.9875,2,2,2,222,6,Lost Customers
CUST09693,2026-05-05,8,415968.15,57,51996.01875,4,3,4,434,11,Potential Loyalists
CUST09694,2025-04-29,1,3157.6,428,3157.6,1,1,1,111,3,Lost Customers
CUST09695,2026-04-17,16,968705.8,75,60544.1125,3,5,5,355,13,Loyal Customers
CUST09696,2025-11-24,2,127431.45,219,63715.725,2,1,2,212,5,Lost Customers
CUST09697,2026-01-31,6,65653.55,151,10942.258333333333,2,3,1,231,6,At Risk
CUST09698,2024-07-15,3,128798.79999999999,716,42932.93333333333,1,2,2,122,5,Lost Customers
CUST09699,2025-12-12,5,406993.69999999995,201,81398.73999999999,2,3,4,234,9,At Risk
CUST09700,2026-05-30,6,130857.75,32,21809.625,4,3,2,432,9,Potential Loyalists
CUST09701,2025-10-10,2,2483.7,264,1241.85,2,1,1,211,4,Lost Customers
CUST09702,2026-03-21,9,538970.4,102,59885.600000000006,3,4,4,344,11,Loyal Customers
CUST09703,2026-03-21,18,666540.0,102,37030.0,3,5,5,355,13,Loyal Customers
CUST09704,2026-03-29,3,22335.4,94,7445.133333333334,3,2,1,321,6,Others
CUST09705,2026-05-30,7,272542.8,32,38934.68571428571,4,3,3,433,10,Potential Loyalists
CUST09706,2026-06-04,24,1036922.55,27,43205.106250000004,5,5,5,555,15,Champions
CUST09707,2026-06-26,8,645024.95,5,80628.11875,5,3,5,535,13,Potential Loyalists
CUST09708,2025-06-26,7,159851.35,370,22835.907142857144,1,3,2,132,6,At Risk
CUST09709,2026-06-06,23,968220.5,25,42096.54347826087,5,5,5,555,15,Champions
CUST09710,2025-07-17,2,77809.29999999999,349,38904.649999999994,1,1,2,112,4,Lost Customers
CUST09711,2025-10-28,6,278356.0,246,46392.666666666664,2,3,3,233,8,At Risk
CUST09712,2025-12-15,8,507120.4,198,63390.05,2,3,4,234,9,At Risk
CUST09713,2026-05-27,24,782790.35,35,32616.264583333334,4,5,5,455,14,Champions
CUST09714,2025-03-15,3,84912.4,473,28304.13333333333,1,2,2,122,5,Lost Customers
CUST09715,2025-09-11,6,227458.6,293,37909.76666666667,2,3,3,233,8,At Risk
CUST09716,2025-11-10,8,266657.1,233,33332.1375,2,3,3,233,8,At Risk
CUST09717,2026-06-30,24,999721.9,1,41655.07916666667,5,5,5,555,15,Champions
CUST09718,2025-06-16,4,83535.15,380,20883.7875,1,2,2,122,5,Lost Customers
CUST09719,2026-03-02,4,25804.65,121,6451.1625,3,2,1,321,6,Others
CUST09720,2026-06-13,6,542211.55,18,90368.59166666667,5,3,4,534,12,Potential Loyalists
CUST09721,2026-06-11,11,554411.6,20,50401.05454545454,5,4,4,544,13,Champions
CUST09722,2026-06-24,22,1000242.8,7,45465.58181818182,5,5,5,555,15,Champions
CUST09723,2026-02-07,12,899536.85,144,74961.40416666666,3,4,5,345,12,Loyal Customers
CUST09724,2024-10-06,2,43599.6,633,21799.8,1,1,1,111,3,Lost Customers
CUST09725,2026-03-15,2,72504.45,108,36252.225,3,1,2,312,6,Others
CUST09726,2025-07-26,5,180240.75,340,36048.15,1,3,3,133,7,At Risk
CUST09727,2025-11-24,5,40905.45,219,8181.089999999999,2,3,1,231,6,At Risk
CUST09728,2026-05-26,19,895182.25,36,47114.85526315789,4,5,5,455,14,Champions
CUST09729,2026-05-26,5,136556.15,36,27311.23,4,3,2,432,9,Potential Loyalists
CUST09730,2024-10-25,4,126147.0,614,31536.75,1,2,2,122,5,Lost Customers
CUST09731,2026-06-14,15,748800.45,17,49920.03,5,5,5,555,15,Champions
CUST09732,2026-03-21,4,58602.7,102,14650.675,3,2,1,321,6,Others
CUST09733,2025-05-08,2,13823.55,419,6911.775,1,1,1,111,3,Lost Customers
CUST09734,2026-04-27,5,201573.8,65,40314.759999999995,4,3,3,433,10,Potential Loyalists
CUST09735,2025-11-27,10,219163.6,216,21916.36,2,4,3,243,9,At Risk
CUST09736,2025-06-01,4,82838.8,395,20709.7,1,2,2,122,5,Lost Customers
CUST09737,2025-12-22,5,148370.3,191,29674.059999999998,2,3,2,232,7,At Risk
CUST09738,2026-06-08,13,604676.0,23,46513.53846153846,5,5,5,555,15,Champions
CUST09739,2026-03-12,20,1012529.3999999999,111,50626.469999999994,3,5,5,355,13,Loyal Customers
CUST09740,2025-02-10,2,13747.5,506,6873.75,1,1,1,111,3,Lost Customers
CUST09741,2025-11-20,2,92642.7,223,46321.35,2,1,2,212,5,Lost Customers
CUST09742,2026-06-06,12,639976.2000000001,25,53331.350000000006,5,4,5,545,14,Champions
CUST09743,2026-06-28,16,1194610.25,3,74663.140625,5,5,5,555,15,Champions
CUST09744,2025-09-26,2,37077.85,278,18538.925,2,1,1,211,4,Lost Customers
CUST09745,2024-11-26,3,88981.5,582,29660.5,1,2,2,122,5,Lost Customers
CUST09746,2026-01-26,4,69726.5,156,17431.625,2,2,1,221,5,Lost Customers
CUST09747,2026-05-25,11,674853.1,37,61350.281818181815,4,4,5,445,13,Champions
CUST09748,2025-02-20,3,98551.4,496,32850.46666666667,1,2,2,122,5,Lost Customers
CUST09749,2026-02-20,5,47333.4,131,9466.68,3,3,1,331,7,Others
CUST09750,2025-11-09,2,2185.75,234,1092.875,2,1,1,211,4,Lost Customers
CUST09751,2026-05-16,10,317574.65,46,31757.465000000004,4,4,3,443,11,Loyal Customers
CUST09752,2025-06-22,5,359810.35,374,71962.06999999999,1,3,4,134,8,At Risk
CUST09753,2024-03-28,1,26058.6,825,26058.6,1,1,1,111,3,Lost Customers
CUST09754,2026-04-15,10,357357.55,77,35735.755,3,4,4,344,11,Loyal Customers
CUST09755,2026-03-04,4,221378.85,119,55344.7125,3,2,3,323,8,Others
CUST09756,2026-01-14,8,580091.75,168,72511.46875,2,3,4,234,9,At Risk
CUST09757,2026-06-29,4,372058.2,2,93014.55,5,2,4,524,11,Potential Loyalists
CUST09758,2026-01-26,8,196032.45,156,24504.05625,2,3,3,233,8,At Risk
CUST09759,2024-04-06,1,45501.75,816,45501.75,1,1,1,111,3,Lost Customers
CUST09760,2026-04-20,11,499861.2,72,45441.92727272728,3,4,4,344,11,Loyal Customers
CUST09761,2026-04-27,5,188071.2,65,37614.240000000005,4,3,3,433,10,Potential Loyalists
CUST09762,2026-03-01,3,61899.0,122,20633.0,3,2,1,321,6,Others
CUST09763,2026-04-25,8,244295.50000000003,67,30536.937500000004,4,3,3,433,10,Potential Loyalists
CUST09764,2026-05-31,13,395184.6,31,30398.815384615384,4,5,4,454,13,Champions
CUST09765,2026-02-03,7,287883.0,148,41126.142857142855,2,3,3,233,8,At Risk
CUST09766,2026-06-17,8,524949.35,14,65618.66875,5,3,4,534,12,Potential Loyalists
CUST09767,2025-09-02,4,28270.6,302,7067.65,2,2,1,221,5,Lost Customers
CUST09768,2025-12-31,2,26524.449999999997,182,13262.224999999999,2,1,1,211,4,Lost Customers
CUST09769,2026-01-09,12,549286.75,173,45773.895833333336,2,4,4,244,10,At Risk
CUST09770,2026-05-25,9,447648.95,37,49738.77222222222,4,4,4,444,12,Champions
CUST09771,2026-05-27,11,531331.3,35,48302.84545454546,4,4,4,444,12,Champions
CUST09772,2026-04-29,19,641027.55,63,33738.29210526316,4,5,5,455,14,Champions
CUST09773,2026-06-20,14,756471.4,11,54033.67142857143,5,5,5,555,15,Champions
CUST09774,2026-01-29,10,140194.25,153,14019.425,2,4,2,242,8,At Risk
CUST09775,2026-01-27,14,770018.05,155,55001.28928571429,2,5,5,255,12,At Risk
CUST09776,2026-06-23,13,1003390.35,8,77183.87307692308,5,5,5,555,15,Champions
CUST09777,2024-06-08,3,24388.65,753,8129.55,1,2,1,121,4,Lost Customers
CUST09778,2026-04-09,4,363599.9,83,90899.975,3,2,4,324,9,Others
CUST09779,2026-06-14,13,496236.95,17,38172.07307692308,5,5,4,554,14,Champions
CUST09780,2026-06-05,32,1038888.7,26,32465.271875,5,5,5,555,15,Champions
CUST09781,2025-06-13,7,381299.55000000005,383,54471.36428571429,1,3,4,134,8,At Risk
CUST09782,2026-06-28,13,591364.55,3,45489.58076923077,5,5,5,555,15,Champions
CUST09783,2026-06-19,7,420257.2,12,60036.74285714286,5,3,4,534,12,Potential Loyalists
CUST09784,2026-05-05,9,118386.6,57,13154.066666666668,4,4,2,442,10,Loyal Customers
CUST09785,2026-06-06,33,2043510.15,25,61924.549999999996,5,5,5,555,15,Champions
CUST09786,2026-05-12,4,75905.3,50,18976.325,4,2,2,422,8,Potential Loyalists
CUST09787,2026-04-20,10,229238.25,72,22923.825,3,4,3,343,10,Loyal Customers
CUST09788,2026-02-15,12,632657.15,136,52721.42916666667,3,4,5,345,12,Loyal Customers
CUST09789,2025-04-22,2,8203.1,435,4101.55,1,1,1,111,3,Lost Customers
CUST09790,2026-06-28,11,667126.8,3,60647.890909090915,5,4,5,545,14,Champions
CUST09791,2025-08-07,9,771411.1,328,85712.34444444445,1,4,5,145,10,At Risk
CUST09792,2025-11-18,4,16764.600000000002,225,4191.150000000001,2,2,1,221,5,Lost Customers
CUST09793,2026-02-24,12,485399.4,127,40449.950000000004,3,4,4,344,11,Loyal Customers
CUST09794,2026-03-28,10,272079.35,95,27207.934999999998,3,4,3,343,10,Loyal Customers
CUST09795,2026-06-11,16,1089208.6,20,68075.5375,5,5,5,555,15,Champions
CUST09796,2026-03-10,4,161944.5,113,40486.125,3,2,2,322,7,Others
CUST09797,2025-01-31,5,93171.85,516,18634.370000000003,1,3,2,132,6,At Risk
CUST09798,2025-05-12,3,223507.15,415,74502.38333333333,1,2,3,123,6,Others
CUST09799,2025-03-19,4,334155.30000000005,469,83538.82500000001,1,2,4,124,7,Others
CUST09800,2025-03-03,2,4408.95,485,2204.475,1,1,1,111,3,Lost Customers
CUST09801,2025-10-30,5,344442.8,244,68888.56,2,3,4,234,9,At Risk
CUST09802,2026-06-25,11,717408.0,6,65218.90909090909,5,4,5,545,14,Champions
CUST09803,2026-05-30,11,431155.85,32,39195.98636363636,4,4,4,444,12,Champions
CUST09804,2026-06-26,24,1377493.7,5,57395.57083333333,5,5,5,555,15,Champions
CUST09805,2024-11-09,4,80174.25,599,20043.5625,1,2,2,122,5,Lost Customers
CUST09806,2026-05-16,6,107529.8,46,17921.633333333335,4,3,2,432,9,Potential Loyalists
CUST09807,2025-07-18,4,82579.9,348,20644.975,1,2,2,122,5,Lost Customers
CUST09808,2025-12-06,15,1043581.4500000001,207,69572.09666666666,2,5,5,255,12,At Risk
CUST09809,2025-10-30,5,92058.5,244,18411.7,2,3,2,232,7,At Risk
CUST09810,2026-05-22,11,573161.75,40,52105.61363636364,4,4,4,444,12,Champions
CUST09811,2025-04-03,2,17815.2,454,8907.6,1,1,1,111,3,Lost Customers
CUST09812,2025-08-14,2,81288.2,321,40644.1,1,1,2,112,4,Lost Customers
CUST09813,2026-06-25,11,207886.75,6,18898.795454545456,5,4,3,543,12,Loyal Customers
CUST09814,2025-08-12,3,61864.5,323,20621.5,1,2,1,121,4,Lost Customers
CUST09815,2025-07-06,3,82751.25,360,27583.75,1,2,2,122,5,Lost Customers
CUST09816,2024-09-08,3,216150.0,661,72050.0,1,2,3,123,6,Others
CUST09817,2026-02-05,4,249038.95,146,62259.7375,3,2,3,323,8,Others
CUST09818,2026-04-17,10,394790.15,75,39479.015,3,4,4,344,11,Loyal Customers
CUST09819,2025-07-30,7,198325.5,336,28332.214285714286,1,3,3,133,7,At Risk
CUST09820,2025-09-08,4,63715.75,296,15928.9375,2,2,1,221,5,Lost Customers
CUST09821,2025-06-22,6,107875.5,374,17979.25,1,3,2,132,6,At Risk
CUST09822,2026-06-13,7,370912.9,18,52987.55714285715,5,3,4,534,12,Potential Loyalists
CUST09823,2025-05-11,1,4565.35,416,4565.35,1,1,1,111,3,Lost Customers
CUST09824,2026-06-01,12,535482.8,30,44623.56666666667,4,4,4,444,12,Champions
CUST09825,2026-03-08,9,621296.9,115,69032.9888888889,3,4,5,345,12,Loyal Customers
CUST09826,2026-05-28,1,12000.0,34,12000.0,4,1,1,411,6,Others
CUST09827,2025-09-08,5,126298.6,296,25259.72,2,3,2,232,7,At Risk
CUST09828,2024-11-12,2,71548.0,596,35774.0,1,1,1,111,3,Lost Customers
CUST09829,2025-11-30,10,448489.5,213,44848.95,2,4,4,244,10,At Risk
CUST09830,2026-04-21,8,262382.0,71,32797.75,3,3,3,333,9,Others
CUST09831,2025-11-26,3,6117.299999999999,217,2039.0999999999997,2,2,1,221,5,Lost Customers
CUST09832,2026-05-17,1,249.05,45,249.05,4,1,1,411,6,Others
CUST09833,2024-02-17,1,2007.35,865,2007.35,1,1,1,111,3,Lost Customers
CUST09834,2024-12-15,1,877.2,563,877.2,1,1,1,111,3,Lost Customers
CUST09835,2025-12-19,8,508331.75,194,63541.46875,2,3,4,234,9,At Risk
CUST09836,2025-10-11,6,43565.4,263,7260.900000000001,2,3,1,231,6,At Risk
CUST09837,2024-12-28,1,6708.0,550,6708.0,1,1,1,111,3,Lost Customers
CUST09838,2026-02-28,5,66023.35,123,13204.670000000002,3,3,1,331,7,Others
CUST09839,2026-02-05,2,94757.8,146,47378.9,3,1,2,312,6,Others
CUST09840,2026-06-25,9,631290.9,6,70143.43333333333,5,4,5,545,14,Champions
CUST09841,2026-02-11,6,189867.9,140,31644.649999999998,3,3,3,333,9,Others
CUST09842,2026-03-24,2,88703.8,99,44351.9,3,1,2,312,6,Others
CUST09843,2026-06-23,17,631627.45,8,37154.555882352935,5,5,5,555,15,Champions
CUST09844,2025-04-25,5,160225.55,432,32045.109999999997,1,3,2,132,6,At Risk
CUST09845,2025-12-29,2,29454.4,184,14727.2,2,1,1,211,4,Lost Customers
CUST09846,2026-05-12,8,148202.2,50,18525.275,4,3,2,432,9,Potential Loyalists
CUST09847,2026-01-21,3,124189.05,161,41396.35,2,2,2,222,6,Lost Customers
CUST09848,2025-05-23,4,85535.7,404,21383.925,1,2,2,122,5,Lost Customers
CUST09849,2025-08-25,2,47089.8,310,23544.9,2,1,1,211,4,Lost Customers
CUST09850,2026-02-01,13,478497.85,150,36807.52692307692,2,5,4,254,11,At Risk
CUST09851,2025-09-10,1,1805.4,294,1805.4,2,1,1,211,4,Lost Customers
CUST09852,2025-10-10,5,160980.4,264,32196.079999999998,2,3,2,232,7,At Risk
CUST09853,2026-05-06,14,503724.95,56,35980.353571428575,4,5,4,454,13,Champions
CUST09854,2026-05-19,7,142817.4,43,20402.485714285714,4,3,2,432,9,Potential Loyalists
CUST09855,2026-06-29,3,24165.4,2,8055.133333333334,5,2,1,521,8,Potential Loyalists
CUST09856,2026-03-25,4,62601.65,98,15650.4125,3,2,1,321,6,Others
CUST09857,2026-06-24,12,331278.8,7,27606.566666666666,5,4,4,544,13,Champions
CUST09858,2025-09-23,5,193869.85,281,38773.97,2,3,3,233,8,At Risk
CUST09859,2026-06-18,19,727126.65,13,38269.823684210525,5,5,5,555,15,Champions
CUST09860,2025-08-08,6,374334.4,327,62389.06666666667,1,3,4,134,8,At Risk
CUST09861,2026-02-26,2,157574.7,125,78787.35,3,1,2,312,6,Others
CUST09862,2026-05-13,10,187397.55,49,18739.754999999997,4,4,3,443,11,Loyal Customers
CUST09863,2026-06-06,11,521007.6,25,47364.32727272727,5,4,4,544,13,Champions
CUST09864,2024-12-12,2,98766.6,566,49383.3,1,1,2,112,4,Lost Customers
CUST09865,2025-08-09,4,147234.1,326,36808.525,1,2,2,122,5,Lost Customers
CUST09866,2026-06-22,3,72969.0,9,24323.0,5,2,2,522,9,Potential Loyalists
CUST09867,2026-02-23,7,357240.85,128,51034.40714285714,3,3,4,334,10,Others
CUST09868,2026-06-04,4,162099.9,27,40524.975,5,2,2,522,9,Potential Loyalists
CUST09869,2026-06-08,12,470037.5,23,39169.791666666664,5,4,4,544,13,Champions
CUST09870,2024-04-03,1,4911.3,819,4911.3,1,1,1,111,3,Lost Customers
CUST09871,2026-03-11,6,63152.6,112,10525.433333333332,3,3,1,331,7,Others
CUST09872,2024-10-06,2,41217.65,633,20608.825,1,1,1,111,3,Lost Customers
CUST09873,2025-10-27,8,371509.4,247,46438.675,2,3,4,234,9,At Risk
CUST09874,2026-06-27,9,226221.6,4,25135.733333333334,5,4,3,543,12,Loyal Customers
CUST09875,2025-07-27,3,35194.75,339,11731.583333333334,1,2,1,121,4,Lost Customers
CUST09876,2026-06-26,12,570876.7,5,47573.05833333333,5,4,4,544,13,Champions
CUST09877,2026-02-28,20,975549.8,123,48777.490000000005,3,5,5,355,13,Loyal Customers
CUST09878,2024-11-18,3,79195.40000000001,590,26398.46666666667,1,2,2,122,5,Lost Customers
CUST09879,2026-04-04,6,33572.75,88,5595.458333333333,3,3,1,331,7,Others
CUST09880,2026-06-29,12,350727.65,2,29227.30416666667,5,4,4,544,13,Champions
CUST09881,2026-03-04,10,295505.8,119,29550.579999999998,3,4,3,343,10,Loyal Customers
CUST09882,2026-06-30,12,541934.3,1,45161.19166666667,5,4,4,544,13,Champions
CUST09883,2025-11-23,6,235911.15,220,39318.525,2,3,3,233,8,At Risk
CUST09884,2025-09-20,3,30758.2,284,10252.733333333334,2,2,1,221,5,Lost Customers
CUST09885,2025-11-23,2,18450.3,220,9225.15,2,1,1,211,4,Lost Customers
CUST09886,2026-06-24,10,525818.4,7,52581.840000000004,5,4,4,544,13,Champions
CUST09887,2026-06-26,12,485444.8,5,40453.73333333333,5,4,4,544,13,Champions
CUST09888,2025-02-16,4,106268.0,500,26567.0,1,2,2,122,5,Lost Customers
CUST09889,2026-04-27,5,223062.05000000002,65,44612.41,4,3,3,433,10,Potential Loyalists
CUST09890,2026-06-30,13,1110454.3,1,85419.56153846154,5,5,5,555,15,Champions
CUST09891,2026-04-05,3,23715.550000000003,87,7905.183333333334,3,2,1,321,6,Others
CUST09892,2024-09-02,1,32547.6,667,32547.6,1,1,1,111,3,Lost Customers
CUST09893,2025-12-28,2,17484.1,185,8742.05,2,1,1,211,4,Lost Customers
CUST09894,2026-01-29,5,92403.34999999999,153,18480.67,2,3,2,232,7,At Risk
CUST09895,2026-05-15,3,36562.2,47,12187.4,4,2,1,421,7,Potential Loyalists
CUST09896,2025-11-22,3,86391.7,221,28797.233333333334,2,2,2,222,6,Lost Customers
CUST09897,2026-06-04,16,792757.5,27,49547.34375,5,5,5,555,15,Champions
CUST09898,2025-03-22,3,103954.09999999999,466,34651.36666666666,1,2,2,122,5,Lost Customers
CUST09899,2026-01-14,6,169807.9,168,28301.316666666666,2,3,2,232,7,At Risk
CUST09900,2026-05-05,9,267125.7,57,29680.633333333335,4,4,3,443,11,Loyal Customers
CUST09901,2026-06-24,5,150525.55,7,30105.109999999997,5,3,2,532,10,Potential Loyalists
CUST09902,2026-04-20,1,11149.45,72,11149.45,3,1,1,311,5,Others
CUST09903,2026-05-02,11,390748.3,60,35522.57272727272,4,4,4,444,12,Champions
CUST09904,2026-06-03,20,599987.7,28,29999.385,5,5,5,555,15,Champions
CUST09905,2026-06-10,18,881115.65,21,48950.86944444445,5,5,5,555,15,Champions
CUST09906,2026-06-10,14,419378.14999999997,21,29955.58214285714,5,5,4,554,14,Champions
CUST09907,2026-06-26,10,557118.65,5,55711.865000000005,5,4,4,544,13,Champions
CUST09908,2026-04-14,4,12258.15,78,3064.5375,3,2,1,321,6,Others
CUST09909,2026-04-27,4,152007.65,65,38001.9125,4,2,2,422,8,Potential Loyalists
CUST09910,2024-12-18,1,12329.1,560,12329.1,1,1,1,111,3,Lost Customers
CUST09911,2026-06-13,7,69175.75,18,9882.25,5,3,1,531,9,Potential Loyalists
CUST09912,2024-11-27,1,2682.6,581,2682.6,1,1,1,111,3,Lost Customers
CUST09913,2025-12-10,3,9659.0,203,3219.6666666666665,2,2,1,221,5,Lost Customers
CUST09914,2025-02-24,5,218669.5,492,43733.9,1,3,3,133,7,At Risk
CUST09915,2026-05-23,7,283064.4,39,40437.77142857143,4,3,3,433,10,Potential Loyalists
CUST09916,2026-06-15,13,445941.95,16,34303.22692307692,5,5,4,554,14,Champions
CUST09917,2026-04-29,4,36486.15,63,9121.5375,4,2,1,421,7,Potential Loyalists
CUST09918,2026-03-15,23,1630081.45,108,70873.10652173913,3,5,5,355,13,Loyal Customers
CUST09919,2026-04-27,6,186743.15,65,31123.858333333334,4,3,3,433,10,Potential Loyalists
CUST09920,2025-11-14,5,127526.45,229,25505.29,2,3,2,232,7,At Risk
CUST09921,2026-05-28,16,738079.4,34,46129.9625,4,5,5,455,14,Champions
CUST09922,2026-04-17,12,488228.10000000003,75,40685.675,3,4,4,344,11,Loyal Customers
CUST09923,2026-05-08,7,315193.6,54,45027.65714285714,4,3,3,433,10,Potential Loyalists
CUST09924,2025-09-18,2,16271.0,286,8135.5,2,1,1,211,4,Lost Customers
CUST09925,2026-02-18,9,251532.1,133,27948.01111111111,3,4,3,343,10,Loyal Customers
CUST09926,2026-06-02,14,408670.5,29,29190.75,5,5,4,554,14,Champions
CUST09927,2026-06-14,23,1769637.2,17,76940.74782608695,5,5,5,555,15,Champions
CUST09928,2026-06-26,13,519593.65,5,39968.74230769231,5,5,4,554,14,Champions
CUST09929,2025-06-20,4,58229.1,376,14557.275,1,2,1,121,4,Lost Customers
CUST09930,2026-01-16,12,592096.45,166,49341.37083333333,2,4,5,245,11,At Risk
CUST09931,2026-06-05,5,401966.85,26,80393.37,5,3,4,534,12,Potential Loyalists
CUST09932,2026-05-17,10,613544.85,45,61354.485,4,4,5,445,13,Champions
CUST09933,2026-03-05,6,181248.35,118,30208.058333333334,3,3,3,333,9,Others
CUST09934,2025-03-13,4,76548.25,475,19137.0625,1,2,2,122,5,Lost Customers
CUST09935,2026-02-03,6,261686.8,148,43614.46666666667,2,3,3,233,8,At Risk
CUST09936,2025-06-15,6,412431.35000000003,381,68738.55833333333,1,3,4,134,8,At Risk
CUST09937,2026-05-28,19,879656.55,34,46297.71315789474,4,5,5,455,14,Champions
CUST09938,2025-04-26,3,132179.75,431,44059.916666666664,1,2,2,122,5,Lost Customers
CUST09939,2026-01-19,5,111441.95000000001,163,22288.390000000003,2,3,2,232,7,At Risk
CUST09940,2025-08-28,2,98715.4,307,49357.7,2,1,2,212,5,Lost Customers
CUST09941,2025-09-16,4,199154.05,288,49788.5125,2,2,3,223,7,Others
CUST09942,2026-05-24,5,74718.6,38,14943.720000000001,4,3,2,432,9,Potential Loyalists
CUST09943,2024-04-19,1,23657.4,803,23657.4,1,1,1,111,3,Lost Customers
CUST09944,2026-02-02,9,898367.4,149,99818.6,2,4,5,245,11,At Risk
CUST09945,2025-03-31,3,54366.9,457,18122.3,1,2,1,121,4,Lost Customers
CUST09946,2026-02-02,8,193189.05,149,24148.63125,2,3,3,233,8,At Risk
CUST09947,2025-12-26,7,554284.2,187,79183.45714285714,2,3,4,234,9,At Risk
CUST09948,2026-06-23,24,1458415.7,8,60767.32083333333,5,5,5,555,15,Champions
CUST09949,2026-06-25,12,723018.4,6,60251.53333333333,5,4,5,545,14,Champions
CUST09950,2026-01-07,9,422989.1,175,46998.788888888885,2,4,4,244,10,At Risk
CUST09951,2026-06-30,15,604625.65,1,40308.37666666667,5,5,5,555,15,Champions
CUST09952,2026-03-15,6,67320.1,108,11220.016666666668,3,3,1,331,7,Others
CUST09953,2026-02-14,11,267951.85,137,24359.25909090909,3,4,3,343,10,Loyal Customers
CUST09954,2026-04-10,11,356756.14999999997,82,32432.37727272727,3,4,4,344,11,Loyal Customers
CUST09955,2026-06-17,11,305395.75,14,27763.25,5,4,3,543,12,Loyal Customers
CUST09956,2026-05-20,5,220716.95,42,44143.39,4,3,3,433,10,Potential Loyalists
CUST09957,2026-03-27,11,321319.7,96,29210.88181818182,3,4,3,343,10,Loyal Customers
CUST09958,2025-05-08,2,43416.2,419,21708.1,1,1,1,111,3,Lost Customers
CUST09959,2026-02-07,7,211465.6,144,30209.37142857143,3,3,3,333,9,Others
CUST09960,2026-01-19,6,312605.55,163,52100.924999999996,2,3,3,233,8,At Risk
CUST09961,2025-12-06,3,90579.5,207,30193.166666666668,2,2,2,222,6,Lost Customers
CUST09962,2025-03-01,1,9929.0,487,9929.0,1,1,1,111,3,Lost Customers
CUST09963,2026-01-08,5,66045.9,174,13209.179999999998,2,3,1,231,6,At Risk
CUST09964,2026-06-06,12,672216.95,25,56018.07916666666,5,4,5,545,14,Champions
CUST09965,2026-04-05,4,110383.0,87,27595.75,3,2,2,322,7,Others
CUST09966,2026-06-24,10,400354.35000000003,7,40035.435000000005,5,4,4,544,13,Champions
CUST09967,2026-02-14,2,23312.4,137,11656.2,3,1,1,311,5,Others
CUST09968,2026-02-06,14,808012.65,145,57715.18928571429,3,5,5,355,13,Loyal Customers
CUST09969,2026-06-09,5,156870.45,22,31374.090000000004,5,3,2,532,10,Potential Loyalists
CUST09970,2026-04-24,10,331859.4,68,33185.94,4,4,4,444,12,Champions
CUST09971,2026-05-06,14,517936.2,56,36995.44285714286,4,5,4,454,13,Champions
CUST09972,2026-03-19,6,153717.15,104,25619.524999999998,3,3,2,332,8,Others
CUST09973,2026-05-14,22,1292024.0,48,58728.36363636364,4,5,5,455,14,Champions
CUST09974,2025-09-28,4,86808.3,276,21702.075,2,2,2,222,6,Lost Customers
CUST09975,2026-03-27,3,46790.45,96,15596.816666666666,3,2,1,321,6,Others
CUST09976,2026-05-17,8,47626.25,45,5953.28125,4,3,1,431,8,Potential Loyalists
CUST09977,2026-05-21,18,755958.35,41,41997.68611111111,4,5,5,455,14,Champions
CUST09978,2025-04-12,4,69952.59999999999,445,17488.149999999998,1,2,1,121,4,Lost Customers
CUST09979,2026-03-06,8,91764.4,117,11470.55,3,3,2,332,8,Others
CUST09980,2025-08-28,11,184734.3,307,16794.02727272727,2,4,3,243,9,At Risk
CUST09981,2026-06-10,18,713128.45,21,39618.24722222222,5,5,5,555,15,Champions
CUST09982,2025-12-21,6,189381.5,192,31563.583333333332,2,3,3,233,8,At Risk
CUST09983,2024-12-13,2,6184.0,565,3092.0,1,1,1,111,3,Lost Customers
CUST09984,2026-04-21,9,529872.5,71,58874.72222222222,3,4,4,344,11,Loyal Customers
CUST09985,2026-05-31,12,440929.0,31,36744.083333333336,4,4,4,444,12,Champions
CUST09986,2026-03-21,3,232161.65,102,77387.21666666666,3,2,3,323,8,Others
CUST09987,2026-05-15,5,236942.0,47,47388.4,4,3,3,433,10,Potential Loyalists
CUST09988,2026-05-03,7,440293.7,59,62899.1,4,3,4,434,11,Potential Loyalists
CUST09989,2025-12-17,9,774914.4,196,86101.6,2,4,5,245,11,At Risk
CUST09990,2026-03-25,2,100793.4,98,50396.7,3,1,2,312,6,Others
CUST09991,2025-12-18,1,4774.0,195,4774.0,2,1,1,211,4,Lost Customers
CUST09992,2026-03-22,4,93150.5,101,23287.625,3,2,2,322,7,Others
CUST09993,2026-05-03,12,368868.5,59,30739.041666666668,4,4,4,444,12,Champions
CUST09994,2026-06-02,19,1193943.5,29,62839.13157894737,5,5,5,555,15,Champions
CUST09995,2026-06-15,6,97428.9,16,16238.15,5,3,2,532,10,Potential Loyalists
CUST09996,2026-05-14,4,58490.8,48,14622.7,4,2,1,421,7,Potential Loyalists
CUST09997,2024-08-28,1,36942.0,672,36942.0,1,1,1,111,3,Lost Customers
CUST09998,2026-02-17,16,951684.45,134,59480.278125,3,5,5,355,13,Loyal Customers
CUST09999,2026-03-23,5,197631.9,100,39526.38,3,3,3,333,9,Others
CUST10000,2025-01-07,5,203394.35,540,40678.87,1,3,3,133,7,At Risk
