Customer_ID,Recency,Frequency,Monetary,R_Score,F_Score,M_Score,RFM_Score,Segment,Average_Order_Value
CUST00001,185,4,118488.55,2,2,2,6,Lost Customers,29622.1375
CUST00002,49,5,155476.75,4,3,3,10,Potential Loyalists,31095.35
CUST00003,248,4,128902.35,2,2,2,6,Lost Customers,32225.5875
CUST00004,34,7,243725.1,5,4,4,13,Champions,34817.87142857143
CUST00005,317,6,86445.6,1,4,2,7,Others,14407.6
CUST00006,27,3,149903.25,5,1,3,9,Others,49967.75
CUST00007,454,7,420312.14999999997,1,4,5,10,At Risk,60044.59285714285
CUST00008,91,10,590188.05,4,5,5,14,Champions,59018.80500000001
CUST00009,44,10,389284.7,4,5,5,14,Champions,38928.47
CUST00010,82,7,431421.44999999995,4,4,5,13,Champions,61631.63571428571
CUST00011,59,5,246155.84999999998,4,3,4,11,Potential Loyalists,49231.17
CUST00012,342,4,563686.7,1,2,5,8,Lost Customers,140921.675
CUST00013,94,5,274692.3,4,3,4,11,Potential Loyalists,54938.46
CUST00014,191,2,173865.8,2,1,3,6,Lost Customers,86932.9
CUST00015,20,5,538818.7,5,3,5,13,Potential Loyalists,107763.73999999999
CUST00016,380,5,67574.45,1,3,1,5,Others,13514.89
CUST00017,139,7,238096.0,3,4,4,11,Loyal Customers,34013.71428571428
CUST00018,85,5,221707.15,4,3,4,11,Potential Loyalists,44341.43
CUST00019,140,3,15297.599999999999,3,1,1,5,Others,5099.2
CUST00020,190,3,131323.0,2,1,2,5,Lost Customers,43774.333333333336
CUST00021,38,5,149659.3,5,3,3,11,Potential Loyalists,29931.859999999997
CUST00022,21,7,216631.4,5,4,4,13,Champions,30947.342857142856
CUST00023,368,8,388750.65,1,5,5,11,At Risk,48593.83125
CUST00024,20,6,200779.19999999998,5,4,3,12,Loyal Customers,33463.2
CUST00025,66,5,176702.75,4,3,3,10,Potential Loyalists,35340.55
CUST00026,475,7,596969.05,1,4,5,10,At Risk,85281.29285714286
CUST00027,49,6,347100.7,4,4,5,13,Champions,57850.11666666667
CUST00028,203,7,283633.1,2,4,4,10,At Risk,40519.014285714286
CUST00029,86,3,148833.5,4,1,3,8,Others,49611.166666666664
CUST00030,381,7,278782.85,1,4,4,9,At Risk,39826.12142857142
CUST00031,581,2,167555.1,1,1,3,5,Lost Customers,83777.55
CUST00032,141,3,148108.2,3,1,3,7,Others,49369.4
CUST00033,73,9,245623.2,4,5,4,13,Champions,27291.466666666667
CUST00034,13,3,106395.1,5,1,2,8,Others,35465.03333333333
CUST00035,4,7,245037.65000000002,5,4,4,13,Champions,35005.37857142858
CUST00036,157,5,574478.1,3,3,5,11,Others,114895.62
CUST00037,165,5,251220.1,3,3,4,10,Others,50244.020000000004
CUST00038,365,5,484171.75,1,3,5,9,At Risk,96834.35
CUST00039,128,7,258873.75,3,4,4,11,Loyal Customers,36981.96428571428
CUST00040,3,10,229669.8,5,5,4,14,Champions,22966.98
CUST00041,220,2,84738.25,2,1,2,5,Lost Customers,42369.125
CUST00042,147,2,10514.85,3,1,1,5,Others,5257.425
CUST00043,451,3,227555.2,1,1,4,6,Lost Customers,75851.73333333334
CUST00044,29,3,215268.2,5,1,4,10,Others,71756.06666666667
CUST00045,183,8,237587.59999999998,2,5,4,11,At Risk,29698.449999999997
CUST00046,285,2,45341.85,2,1,1,4,Lost Customers,22670.925
CUST00047,178,5,240122.0,2,3,4,9,At Risk,48024.4
CUST00048,314,6,102575.05,1,4,2,7,Others,17095.841666666667
CUST00049,158,8,849995.5,3,5,5,13,Loyal Customers,106249.4375
CUST00050,62,7,91530.55,4,4,2,10,Loyal Customers,13075.792857142858
CUST00051,59,10,398569.8,4,5,5,14,Champions,39856.979999999996
CUST00052,47,6,372963.15,4,4,5,13,Champions,62160.525
CUST00053,86,7,167752.8,4,4,3,11,Loyal Customers,23964.68571428571
CUST00054,34,4,140452.4,5,2,3,10,Potential Loyalists,35113.1
CUST00055,168,3,377595.4,3,1,5,9,Others,125865.13333333335
CUST00056,225,6,704949.6,2,4,5,11,At Risk,117491.59999999999
CUST00057,52,8,511512.39999999997,4,5,5,14,Champions,63939.049999999996
CUST00058,192,8,530631.0,2,5,5,12,At Risk,66328.875
CUST00059,11,5,194565.25,5,3,3,11,Potential Loyalists,38913.05
CUST00060,100,7,134255.8,3,4,2,9,Loyal Customers,19179.399999999998
CUST00061,59,8,56692.3,4,5,1,10,Loyal Customers,7086.5375
CUST00062,152,4,488238.3,3,2,5,10,Others,122059.575
CUST00063,106,11,352219.39999999997,3,5,5,13,Loyal Customers,32019.94545454545
CUST00064,61,4,173878.0,4,2,3,9,Potential Loyalists,43469.5
CUST00065,293,5,83232.15,1,3,2,6,Others,16646.43
CUST00066,219,3,113521.3,2,1,2,5,Lost Customers,37840.433333333334
CUST00067,83,6,172448.4,4,4,3,11,Loyal Customers,28741.399999999998
CUST00068,148,5,334176.65,3,3,5,11,Others,66835.33
CUST00069,92,4,231071.0,4,2,4,10,Potential Loyalists,57767.75
CUST00070,76,4,43780.55,4,2,1,7,Potential Loyalists,10945.1375
CUST00071,372,3,86782.25,1,1,2,4,Lost Customers,28927.416666666668
CUST00072,217,7,329407.6,2,4,5,11,At Risk,47058.22857142857
CUST00073,78,6,384182.65,4,4,5,13,Champions,64030.44166666667
CUST00074,17,6,145165.19999999998,5,4,3,12,Loyal Customers,24194.199999999997
CUST00075,188,4,120576.20000000001,2,2,2,6,Lost Customers,30144.050000000003
CUST00076,79,5,162851.15,4,3,3,10,Potential Loyalists,32570.23
CUST00077,360,1,303.0,1,1,1,3,Lost Customers,303.0
CUST00078,62,5,292253.6,4,3,4,11,Potential Loyalists,58450.719999999994
CUST00079,77,4,114365.5,4,2,2,8,Potential Loyalists,28591.375
CUST00080,607,3,130288.6,1,1,2,4,Lost Customers,43429.53333333333
CUST00081,41,5,103887.9,5,3,2,10,Potential Loyalists,20777.579999999998
CUST00082,57,4,81431.7,4,2,2,8,Potential Loyalists,20357.925
CUST00083,243,8,461085.35,2,5,5,12,At Risk,57635.66875
CUST00084,99,7,355167.0,3,4,5,12,Loyal Customers,50738.142857142855
CUST00085,139,6,196798.85,3,4,3,10,Loyal Customers,32799.808333333334
CUST00086,93,6,89265.3,4,4,2,10,Loyal Customers,14877.550000000001
CUST00087,448,1,1627.2,1,1,1,3,Lost Customers,1627.2
CUST00088,388,1,701.25,1,1,1,3,Lost Customers,701.25
CUST00089,395,3,234346.6,1,1,4,6,Lost Customers,78115.53333333334
CUST00090,118,11,199872.45,3,5,3,11,Loyal Customers,18170.22272727273
CUST00091,41,3,79460.75,5,1,2,8,Others,26486.916666666668
CUST00092,90,5,93196.3,4,3,2,9,Potential Loyalists,18639.260000000002
CUST00093,114,5,261988.55,3,3,4,10,Others,52397.71
CUST00094,11,2,66810.0,5,1,1,7,Others,33405.0
CUST00095,647,3,78289.35,1,1,2,4,Lost Customers,26096.45
CUST00096,151,2,20647.7,3,1,1,5,Others,10323.85
CUST00097,26,10,362103.0,5,5,5,15,Champions,36210.3
CUST00098,439,3,145787.6,1,1,3,5,Lost Customers,48595.86666666667
CUST00099,55,7,300359.9,4,4,4,12,Champions,42908.55714285715
CUST00100,285,5,190063.0,2,3,3,8,At Risk,38012.6
CUST00101,159,4,285431.6,3,2,4,9,Others,71357.9
CUST00102,592,3,37046.2,1,1,1,3,Lost Customers,12348.733333333332
CUST00103,57,3,62485.95,4,1,1,6,Others,20828.649999999998
CUST00104,130,5,516454.25,3,3,5,11,Others,103290.85
CUST00105,97,9,575938.5,3,5,5,13,Loyal Customers,63993.166666666664
CUST00106,227,3,135177.95,2,1,2,5,Lost Customers,45059.31666666667
CUST00107,43,4,81454.8,4,2,2,8,Potential Loyalists,20363.7
CUST00108,68,8,144437.0,4,5,3,12,Loyal Customers,18054.625
CUST00109,227,4,125111.5,2,2,2,6,Lost Customers,31277.875
CUST00110,15,6,21956.9,5,4,1,10,Loyal Customers,3659.4833333333336
CUST00111,114,5,244399.9,3,3,4,10,Others,48879.979999999996
CUST00112,18,5,241061.30000000002,5,3,4,12,Potential Loyalists,48212.26
CUST00113,398,5,152727.3,1,3,3,7,At Risk,30545.46
CUST00114,12,7,361456.95,5,4,5,14,Champions,51636.70714285714
CUST00115,191,6,218413.25,2,4,4,10,At Risk,36402.208333333336
CUST00116,4,8,242610.7,5,5,4,14,Champions,30326.3375
CUST00117,514,3,141978.25,1,1,3,5,Lost Customers,47326.083333333336
CUST00118,124,8,373581.3,3,5,5,13,Loyal Customers,46697.6625
CUST00119,394,7,206562.05000000002,1,4,3,8,At Risk,29508.864285714288
CUST00120,145,7,154869.0,3,4,3,10,Loyal Customers,22124.14285714286
CUST00121,54,8,203072.85,4,5,3,12,Loyal Customers,25384.10625
CUST00122,229,2,21504.7,2,1,1,4,Lost Customers,10752.35
CUST00123,294,6,291548.14999999997,1,4,4,9,At Risk,48591.35833333333
CUST00124,194,5,234576.5,2,3,4,9,At Risk,46915.3
CUST00125,201,7,122523.3,2,4,2,8,Others,17503.32857142857
CUST00126,3,5,151489.15,5,3,3,11,Potential Loyalists,30297.829999999998
CUST00127,90,3,12954.7,4,1,1,6,Others,4318.233333333334
CUST00128,82,5,131532.59999999998,4,3,2,9,Potential Loyalists,26306.519999999997
CUST00129,113,4,65959.45000000001,3,2,1,6,Others,16489.862500000003
CUST00130,140,2,13314.0,3,1,1,5,Others,6657.0
CUST00131,86,7,397643.35,4,4,5,13,Champions,56806.19285714285
CUST00132,542,4,252022.7,1,2,4,7,Lost Customers,63005.675
CUST00133,237,3,111538.1,2,1,2,5,Lost Customers,37179.36666666667
CUST00134,9,6,121925.1,5,4,2,11,Loyal Customers,20320.850000000002
CUST00135,130,3,155051.3,3,1,3,7,Others,51683.76666666666
CUST00136,249,7,375407.1,2,4,5,11,At Risk,53629.58571428571
CUST00137,33,7,152569.8,5,4,3,12,Loyal Customers,21795.68571428571
CUST00138,23,6,169088.5,5,4,3,12,Loyal Customers,28181.416666666668
CUST00139,6,7,204763.65,5,4,3,12,Loyal Customers,29251.95
CUST00140,239,3,33433.5,2,1,1,4,Lost Customers,11144.5
CUST00141,113,8,167986.75,3,5,3,11,Loyal Customers,20998.34375
CUST00142,155,3,217828.5,3,1,4,8,Others,72609.5
CUST00143,20,3,99785.05,5,1,2,8,Others,33261.683333333334
CUST00144,17,11,729026.25,5,5,5,15,Champions,66275.11363636363
CUST00145,221,5,361084.05,2,3,5,10,At Risk,72216.81
CUST00146,608,1,6004.8,1,1,1,3,Lost Customers,6004.8
CUST00147,130,4,320835.5,3,2,5,10,Others,80208.875
CUST00148,80,4,124607.15000000001,4,2,2,8,Potential Loyalists,31151.787500000002
CUST00149,217,4,17109.95,2,2,1,5,Lost Customers,4277.4875
CUST00150,107,3,60878.850000000006,3,1,1,5,Others,20292.95
CUST00151,85,6,199106.95,4,4,3,11,Loyal Customers,33184.49166666667
CUST00152,99,7,460104.25,3,4,5,12,Loyal Customers,65729.17857142857
CUST00153,264,9,218594.5,2,5,4,11,At Risk,24288.277777777777
CUST00154,166,6,165769.35,3,4,3,10,Loyal Customers,27628.225000000002
CUST00155,113,3,352430.8,3,1,5,9,Others,117476.93333333333
CUST00156,142,5,104340.8,3,3,2,8,Others,20868.16
CUST00157,716,1,19931.4,1,1,1,3,Lost Customers,19931.4
CUST00158,122,4,318578.4,3,2,4,9,Others,79644.6
CUST00159,200,6,380190.05,2,4,5,11,At Risk,63365.00833333333
CUST00160,31,6,118059.3,5,4,2,11,Loyal Customers,19676.55
CUST00161,255,10,343014.35,2,5,5,12,At Risk,34301.435
CUST00162,76,6,429300.35000000003,4,4,5,13,Champions,71550.05833333333
CUST00163,137,7,387905.69999999995,3,4,5,12,Loyal Customers,55415.09999999999
CUST00164,96,4,81845.05,3,2,2,7,Others,20461.2625
CUST00165,104,5,170865.90000000002,3,3,3,9,Others,34173.18000000001
CUST00166,50,8,286502.95,4,5,4,13,Champions,35812.86875
CUST00167,71,5,339312.05,4,3,5,12,Potential Loyalists,67862.41
CUST00168,302,3,183520.19999999998,1,1,3,5,Lost Customers,61173.399999999994
CUST00169,2,4,322416.35,5,2,5,12,Potential Loyalists,80604.0875
CUST00170,243,2,19345.9,2,1,1,4,Lost Customers,9672.95
CUST00171,212,6,472221.54999999993,2,4,5,11,At Risk,78703.59166666666
CUST00172,56,7,94449.04999999999,4,4,2,10,Loyal Customers,13492.721428571427
CUST00173,46,5,139471.5,4,3,3,10,Potential Loyalists,27894.3
CUST00174,793,1,58181.4,1,1,1,3,Lost Customers,58181.4
CUST00175,119,7,407964.1,3,4,5,12,Loyal Customers,58280.58571428571
CUST00176,10,7,526896.35,5,4,5,14,Champions,75270.90714285713
CUST00177,106,3,140589.3,3,1,3,7,Others,46863.1
CUST00178,87,3,304611.39999999997,4,1,4,9,Others,101537.13333333332
CUST00179,128,5,172367.45,3,3,3,9,Others,34473.490000000005
CUST00180,19,12,650453.05,5,5,5,15,Champions,54204.42083333334
CUST00181,425,2,34401.7,1,1,1,3,Lost Customers,17200.85
CUST00182,488,1,108454.4,1,1,2,4,Lost Customers,108454.4
CUST00183,226,3,70661.8,2,1,1,4,Lost Customers,23553.933333333334
CUST00184,24,3,254765.55,5,1,4,10,Others,84921.84999999999
CUST00185,176,3,26740.65,2,1,1,4,Lost Customers,8913.550000000001
CUST00186,180,5,174717.3,2,3,3,8,At Risk,34943.46
CUST00187,137,7,635089.3,3,4,5,12,Loyal Customers,90727.04285714286
CUST00188,768,2,17905.9,1,1,1,3,Lost Customers,8952.95
CUST00189,167,4,112131.8,3,2,2,7,Others,28032.95
CUST00190,114,3,116907.65,3,1,2,6,Others,38969.21666666667
CUST00191,367,3,196476.8,1,1,3,5,Lost Customers,65492.26666666666
CUST00192,51,3,168439.65,4,1,3,8,Others,56146.549999999996
CUST00193,132,5,231630.55,3,3,4,10,Others,46326.11
CUST00194,36,4,75274.09999999999,5,2,1,8,Potential Loyalists,18818.524999999998
CUST00195,171,6,306145.4,2,4,4,10,At Risk,51024.23333333334
CUST00196,18,4,87360.35,5,2,2,9,Potential Loyalists,21840.0875
CUST00197,62,8,145021.2,4,5,3,12,Loyal Customers,18127.65
CUST00198,22,5,258373.3,5,3,4,12,Potential Loyalists,51674.659999999996
CUST00199,121,2,184349.1,3,1,3,7,Others,92174.55
CUST00200,40,5,150899.95,5,3,3,11,Potential Loyalists,30179.99
CUST00201,525,1,75435.0,1,1,1,3,Lost Customers,75435.0
CUST00202,291,5,197758.8,2,3,3,8,At Risk,39551.759999999995
CUST00203,97,6,55160.9,3,4,1,8,Loyal Customers,9193.483333333334
CUST00205,272,4,37550.85,2,2,1,5,Lost Customers,9387.7125
CUST00206,172,4,258785.90000000002,2,2,4,8,Lost Customers,64696.475000000006
CUST00207,10,9,582055.55,5,5,5,15,Champions,64672.838888888895
CUST00208,295,5,84464.15,1,3,2,6,Others,16892.829999999998
CUST00209,137,8,113836.95,3,5,2,10,Loyal Customers,14229.61875
CUST00210,20,8,774361.9,5,5,5,15,Champions,96795.2375
CUST00211,193,4,163636.5,2,2,3,7,Lost Customers,40909.125
CUST00212,196,7,232746.0,2,4,4,10,At Risk,33249.42857142857
CUST00213,35,7,151358.95,5,4,3,12,Loyal Customers,21622.707142857143
CUST00214,81,8,409815.85,4,5,5,14,Champions,51226.98125
CUST00215,164,6,203109.9,3,4,3,10,Loyal Customers,33851.65
CUST00216,232,1,92879.6,2,1,2,5,Lost Customers,92879.6
CUST00217,73,9,372248.7,4,5,5,14,Champions,41360.96666666667
CUST00218,38,6,63153.5,5,4,1,10,Loyal Customers,10525.583333333334
CUST00219,133,7,187560.8,3,4,3,10,Loyal Customers,26794.399999999998
CUST00220,12,9,249791.0,5,5,4,14,Champions,27754.555555555555
CUST00221,225,3,85335.0,2,1,2,5,Lost Customers,28445.0
CUST00222,245,2,55425.9,2,1,1,4,Lost Customers,27712.95
CUST00223,110,6,250752.09999999998,3,4,4,11,Loyal Customers,41792.01666666666
CUST00224,134,3,13902.9,3,1,1,5,Others,4634.3
CUST00225,202,5,31973.6,2,3,1,6,Others,6394.719999999999
CUST00226,276,6,181372.25,2,4,3,9,At Risk,30228.708333333332
CUST00227,6,4,265766.95,5,2,4,11,Potential Loyalists,66441.7375
CUST00228,31,6,328062.95,5,4,5,14,Champions,54677.15833333333
CUST00229,81,5,196612.05000000002,4,3,3,10,Potential Loyalists,39322.41
CUST00230,165,1,59403.5,3,1,1,5,Others,59403.5
CUST00231,78,7,330905.95,4,4,5,13,Champions,47272.27857142857
CUST00232,91,5,237634.9,4,3,4,11,Potential Loyalists,47526.979999999996
CUST00233,53,5,181820.4,4,3,3,10,Potential Loyalists,36364.08
CUST00234,133,6,163458.95,3,4,3,10,Loyal Customers,27243.158333333336
CUST00235,48,6,383068.25,4,4,5,13,Champions,63844.708333333336
CUST00236,146,6,253634.85,3,4,4,11,Loyal Customers,42272.475
CUST00237,26,3,226104.9,5,1,4,10,Others,75368.3
CUST00238,101,7,411881.9,3,4,5,12,Loyal Customers,58840.27142857143
CUST00239,164,6,171719.0,3,4,3,10,Loyal Customers,28619.833333333332
CUST00240,12,4,59045.649999999994,5,2,1,8,Potential Loyalists,14761.412499999999
CUST00241,128,1,17968.8,3,1,1,5,Others,17968.8
CUST00242,20,6,222163.5,5,4,4,13,Champions,37027.25
CUST00243,386,1,178554.4,1,1,3,5,Lost Customers,178554.4
CUST00244,122,7,112229.9,3,4,2,9,Loyal Customers,16032.842857142856
CUST00245,396,3,121269.5,1,1,2,4,Lost Customers,40423.166666666664
CUST00246,537,4,65053.0,1,2,1,4,Lost Customers,16263.25
CUST00247,266,3,172161.5,2,1,3,6,Lost Customers,57387.166666666664
CUST00248,8,6,130174.75,5,4,2,11,Loyal Customers,21695.791666666668
CUST00249,57,8,397904.75,4,5,5,14,Champions,49738.09375
CUST00250,35,7,249095.65,5,4,4,13,Champions,35585.09285714286
CUST00251,203,5,182963.3,2,3,3,8,At Risk,36592.659999999996
CUST00252,131,5,185424.1,3,3,3,9,Others,37084.82
CUST00253,580,2,123515.0,1,1,2,4,Lost Customers,61757.5
CUST00254,195,2,11647.150000000001,2,1,1,4,Lost Customers,5823.575000000001
CUST00255,115,2,170284.85,3,1,3,7,Others,85142.425
CUST00256,75,9,188987.85,4,5,3,12,Loyal Customers,20998.65
CUST00257,15,5,357444.3,5,3,5,13,Potential Loyalists,71488.86
CUST00258,150,5,199692.25,3,3,3,9,Others,39938.45
CUST00259,52,11,341841.75,4,5,5,14,Champions,31076.522727272728
CUST00260,18,5,244628.75,5,3,4,12,Potential Loyalists,48925.75
CUST00261,371,3,151312.6,1,1,3,5,Lost Customers,50437.53333333333
CUST00262,125,6,247657.19999999998,3,4,4,11,Loyal Customers,41276.2
CUST00263,108,4,88247.5,3,2,2,7,Others,22061.875
CUST00264,13,5,235255.2,5,3,4,12,Potential Loyalists,47051.04
CUST00265,60,8,309757.95,4,5,4,13,Champions,38719.74375
CUST00266,110,4,89022.9,3,2,2,7,Others,22255.725
CUST00267,68,6,301950.75,4,4,4,12,Champions,50325.125
CUST00268,101,8,386859.9,3,5,5,13,Loyal Customers,48357.4875
CUST00269,280,2,99409.70000000001,2,1,2,5,Lost Customers,49704.850000000006
CUST00270,100,1,3609.9,3,1,1,5,Others,3609.9
CUST00271,78,3,307262.1,4,1,4,9,Others,102420.7
CUST00272,517,3,50440.6,1,1,1,3,Lost Customers,16813.533333333333
CUST00273,33,2,14318.85,5,1,1,7,Others,7159.425
CUST00274,32,6,111222.75,5,4,2,11,Loyal Customers,18537.125
CUST00275,208,3,188094.2,2,1,3,6,Lost Customers,62698.06666666667
CUST00276,39,4,213867.4,5,2,4,11,Potential Loyalists,53466.85
CUST00277,156,4,149683.7,3,2,3,8,Others,37420.925
CUST00278,262,4,290252.7,2,2,4,8,Lost Customers,72563.175
CUST00279,142,5,289845.05,3,3,4,10,Others,57969.009999999995
CUST00280,64,5,192171.5,4,3,3,10,Potential Loyalists,38434.3
CUST00281,197,5,100903.55000000002,2,3,2,7,Others,20180.710000000003
CUST00282,38,6,575673.8,5,4,5,14,Champions,95945.63333333335
CUST00283,54,7,518612.7,4,4,5,13,Champions,74087.52857142857
CUST00284,42,5,110275.3,4,3,2,9,Potential Loyalists,22055.06
CUST00285,44,9,416546.45,4,5,5,14,Champions,46282.93888888889
CUST00286,39,7,266490.5,5,4,4,13,Champions,38070.07142857143
CUST00287,32,5,414861.55000000005,5,3,5,13,Potential Loyalists,82972.31000000001
CUST00288,90,7,58650.799999999996,4,4,1,9,Loyal Customers,8378.685714285713
CUST00289,186,7,141096.95,2,4,3,9,At Risk,20156.707142857143
CUST00290,223,1,14593.0,2,1,1,4,Lost Customers,14593.0
CUST00291,465,5,212410.09999999998,1,3,4,8,At Risk,42482.02
CUST00292,40,3,82173.09999999999,5,1,2,8,Others,27391.03333333333
CUST00293,285,6,574413.4,2,4,5,11,At Risk,95735.56666666667
CUST00294,37,3,100579.3,5,1,2,8,Others,33526.433333333334
CUST00295,51,4,190589.19999999998,4,2,3,9,Potential Loyalists,47647.299999999996
CUST00296,177,4,112294.0,2,2,2,6,Lost Customers,28073.5
CUST00297,40,7,205127.09999999998,5,4,3,12,Loyal Customers,29303.871428571427
CUST00298,64,5,225029.05,4,3,4,11,Potential Loyalists,45005.81
CUST00299,20,6,328860.95,5,4,5,14,Champions,54810.15833333333
CUST00300,196,6,291168.7,2,4,4,10,At Risk,48528.11666666667
CUST00301,61,6,126136.75,4,4,2,10,Loyal Customers,21022.791666666668
CUST00302,161,4,185518.45,3,2,3,8,Others,46379.6125
CUST00303,149,6,495122.35000000003,3,4,5,12,Loyal Customers,82520.39166666668
CUST00304,159,8,423701.4,3,5,5,13,Loyal Customers,52962.675
CUST00305,56,9,530284.5,4,5,5,14,Champions,58920.5
CUST00306,35,8,199937.65,5,5,3,13,Loyal Customers,24992.20625
CUST00307,85,7,80494.0,4,4,2,10,Loyal Customers,11499.142857142857
CUST00308,39,8,250500.75,5,5,4,14,Champions,31312.59375
CUST00309,47,4,278769.35000000003,4,2,4,10,Potential Loyalists,69692.33750000001
CUST00310,292,2,85166.6,2,1,2,5,Lost Customers,42583.3
CUST00311,23,5,305570.0,5,3,4,12,Potential Loyalists,61114.0
CUST00312,81,6,546593.55,4,4,5,13,Champions,91098.925
CUST00313,108,5,132301.05,3,3,2,8,Others,26460.21
CUST00314,78,7,225056.25,4,4,4,12,Champions,32150.89285714286
CUST00315,119,5,173770.7,3,3,3,9,Others,34754.14
CUST00316,102,2,74255.5,3,1,1,5,Others,37127.75
CUST00317,140,7,110706.0,3,4,2,9,Loyal Customers,15815.142857142857
CUST00318,599,4,77395.55,1,2,2,5,Lost Customers,19348.8875
CUST00319,210,4,520929.6,2,2,5,9,Lost Customers,130232.4
CUST00320,125,5,204364.25,3,3,3,9,Others,40872.85
CUST00321,73,5,471771.3,4,3,5,12,Potential Loyalists,94354.26
CUST00322,27,4,175521.8,5,2,3,10,Potential Loyalists,43880.45
CUST00323,407,6,139966.25,1,4,3,8,At Risk,23327.708333333332
CUST00324,83,5,189023.9,4,3,3,10,Potential Loyalists,37804.78
CUST00325,29,7,328424.5,5,4,5,14,Champions,46917.78571428572
CUST00326,402,4,99667.09999999999,1,2,2,5,Lost Customers,24916.774999999998
CUST00327,267,2,174793.0,2,1,3,6,Lost Customers,87396.5
CUST00328,301,5,107136.5,1,3,2,6,Others,21427.3
CUST00329,7,5,335508.45,5,3,5,13,Potential Loyalists,67101.69
CUST00330,195,5,90564.95,2,3,2,7,Others,18112.989999999998
CUST00331,372,2,95182.65,1,1,2,4,Lost Customers,47591.325
CUST00332,52,5,56489.5,4,3,1,8,Potential Loyalists,11297.9
CUST00333,171,6,211710.5,2,4,4,10,At Risk,35285.083333333336
CUST00334,74,5,35260.1,4,3,1,8,Potential Loyalists,7052.0199999999995
CUST00335,322,3,14286.2,1,1,1,3,Lost Customers,4762.066666666667
CUST00336,120,3,272410.6,3,1,4,8,Others,90803.53333333333
CUST00337,311,4,61810.4,1,2,1,4,Lost Customers,15452.6
CUST00338,89,5,75496.79999999999,4,3,1,8,Potential Loyalists,15099.359999999997
CUST00339,599,4,153601.75,1,2,3,6,Lost Customers,38400.4375
CUST00340,195,5,295724.85,2,3,4,9,At Risk,59144.969999999994
CUST00341,259,3,2044.5,2,1,1,4,Lost Customers,681.5
CUST00342,424,4,266310.0,1,2,4,7,Lost Customers,66577.5
CUST00343,138,4,171250.35,3,2,3,8,Others,42812.5875
CUST00344,150,6,219953.35,3,4,4,11,Loyal Customers,36658.89166666667
CUST00345,186,2,19251.899999999998,2,1,1,4,Lost Customers,9625.949999999999
CUST00346,469,2,10323.2,1,1,1,3,Lost Customers,5161.6
CUST00347,25,8,138784.15,5,5,3,13,Loyal Customers,17348.01875
CUST00348,15,7,268735.35,5,4,4,13,Champions,38390.764285714286
CUST00349,504,7,546136.65,1,4,5,10,At Risk,78019.52142857143
CUST00350,22,4,685711.55,5,2,5,12,Potential Loyalists,171427.8875
CUST00351,395,2,15983.7,1,1,1,3,Lost Customers,7991.85
CUST00352,145,5,335075.8,3,3,5,11,Others,67015.16
CUST00353,13,5,294691.75,5,3,4,12,Potential Loyalists,58938.35
CUST00354,330,3,86623.6,1,1,2,4,Lost Customers,28874.533333333336
CUST00355,97,3,77032.95,3,1,2,6,Others,25677.649999999998
CUST00356,19,5,140104.2,5,3,3,11,Potential Loyalists,28020.840000000004
CUST00357,683,2,86841.3,1,1,2,4,Lost Customers,43420.65
CUST00358,46,5,179734.0,4,3,3,10,Potential Loyalists,35946.8
CUST00359,671,5,162024.85,1,3,3,7,At Risk,32404.97
CUST00360,6,5,218076.2,5,3,4,12,Potential Loyalists,43615.240000000005
CUST00361,59,10,336805.45,4,5,5,14,Champions,33680.545
CUST00362,16,8,573341.75,5,5,5,15,Champions,71667.71875
CUST00363,121,5,174021.65,3,3,3,9,Others,34804.33
CUST00364,234,6,206603.30000000002,2,4,3,9,At Risk,34433.88333333334
CUST00365,71,5,217857.4,4,3,4,11,Potential Loyalists,43571.479999999996
CUST00366,60,2,42160.15,4,1,1,6,Others,21080.075
CUST00367,316,4,178292.7,1,2,3,6,Lost Customers,44573.175
CUST00368,307,4,151943.2,1,2,3,6,Lost Customers,37985.8
CUST00369,183,7,247361.5,2,4,4,10,At Risk,35337.357142857145
CUST00370,168,4,118272.05,3,2,2,7,Others,29568.0125
CUST00371,54,6,253037.8,4,4,4,12,Champions,42172.96666666667
CUST00372,153,3,44899.6,3,1,1,5,Others,14966.533333333333
CUST00373,523,1,14672.7,1,1,1,3,Lost Customers,14672.7
CUST00374,164,4,227505.05,3,2,4,9,Others,56876.2625
CUST00375,153,8,375533.25,3,5,5,13,Loyal Customers,46941.65625
CUST00376,264,3,25365.9,2,1,1,4,Lost Customers,8455.300000000001
CUST00377,49,9,412334.5,4,5,5,14,Champions,45814.944444444445
CUST00378,265,7,403811.30000000005,2,4,5,11,At Risk,57687.32857142858
CUST00379,33,5,383935.35,5,3,5,13,Potential Loyalists,76787.06999999999
CUST00380,169,2,159501.9,3,1,3,7,Others,79750.95
CUST00381,364,2,143400.4,1,1,3,5,Lost Customers,71700.2
CUST00382,48,8,383635.9,4,5,5,14,Champions,47954.4875
CUST00383,454,3,139122.0,1,1,3,5,Lost Customers,46374.0
CUST00384,55,5,205169.6,4,3,3,10,Potential Loyalists,41033.92
CUST00385,199,6,149437.90000000002,2,4,3,9,At Risk,24906.31666666667
CUST00386,122,5,48397.65,3,3,1,7,Others,9679.53
CUST00387,150,9,490010.0,3,5,5,13,Loyal Customers,54445.555555555555
CUST00388,50,5,103628.90000000001,4,3,2,9,Potential Loyalists,20725.780000000002
CUST00389,80,3,179490.85,4,1,3,8,Others,59830.28333333333
CUST00390,299,4,199186.6,1,2,3,6,Lost Customers,49796.65
CUST00391,102,7,650942.0,3,4,5,12,Loyal Customers,92991.71428571429
CUST00392,25,6,391768.15,5,4,5,14,Champions,65294.69166666667
CUST00393,131,7,127051.45,3,4,2,9,Loyal Customers,18150.207142857143
CUST00394,36,5,325059.6,5,3,5,13,Potential Loyalists,65011.92
CUST00395,453,4,93773.15,1,2,2,5,Lost Customers,23443.2875
CUST00396,146,4,194580.9,3,2,3,8,Others,48645.225
CUST00397,106,3,180458.15,3,1,3,7,Others,60152.71666666667
CUST00398,268,4,136756.6,2,2,2,6,Lost Customers,34189.15
CUST00399,67,8,163299.5,4,5,3,12,Loyal Customers,20412.4375
CUST00400,178,5,190483.30000000002,2,3,3,8,At Risk,38096.66
CUST00401,11,1,1812.6,5,1,1,7,Others,1812.6
CUST00402,159,4,162104.4,3,2,3,8,Others,40526.1
CUST00403,215,4,115831.29999999999,2,2,2,6,Lost Customers,28957.824999999997
CUST00404,5,11,290292.1,5,5,4,14,Champions,26390.190909090907
CUST00405,75,5,190966.25,4,3,3,10,Potential Loyalists,38193.25
CUST00406,250,4,170362.0,2,2,3,7,Lost Customers,42590.5
CUST00407,287,4,331746.7,2,2,5,9,Lost Customers,82936.675
CUST00408,7,6,170341.65,5,4,3,12,Loyal Customers,28390.274999999998
CUST00409,79,5,166072.85,4,3,3,10,Potential Loyalists,33214.57
CUST00410,58,4,196736.0,4,2,3,9,Potential Loyalists,49184.0
CUST00411,156,4,119518.59999999999,3,2,2,7,Others,29879.649999999998
CUST00412,42,4,108469.8,4,2,2,8,Potential Loyalists,27117.45
CUST00413,26,6,212886.25,5,4,4,13,Champions,35481.041666666664
CUST00414,291,5,44437.899999999994,2,3,1,6,Others,8887.579999999998
CUST00415,80,4,115007.75,4,2,2,8,Potential Loyalists,28751.9375
CUST00416,53,5,58158.75,4,3,1,8,Potential Loyalists,11631.75
CUST00417,614,4,15433.2,1,2,1,4,Lost Customers,3858.3
CUST00418,46,7,209023.25,4,4,3,11,Loyal Customers,29860.464285714286
CUST00419,36,7,454353.25,5,4,5,14,Champions,64907.607142857145
CUST00420,516,5,214580.65000000002,1,3,4,8,At Risk,42916.130000000005
CUST00421,63,5,164083.1,4,3,3,10,Potential Loyalists,32816.62
CUST00422,11,4,299106.4,5,2,4,11,Potential Loyalists,74776.6
CUST00423,79,13,517248.55000000005,4,5,5,14,Champions,39788.350000000006
CUST00424,66,3,115370.6,4,1,2,7,Others,38456.86666666667
CUST00425,266,3,40187.0,2,1,1,4,Lost Customers,13395.666666666666
CUST00426,4,3,159822.5,5,1,3,9,Others,53274.166666666664
CUST00427,51,4,255539.65,4,2,4,10,Potential Loyalists,63884.9125
CUST00428,293,2,91744.70000000001,1,1,2,4,Lost Customers,45872.350000000006
CUST00429,82,6,167311.5,4,4,3,11,Loyal Customers,27885.25
CUST00430,106,1,7874.0,3,1,1,5,Others,7874.0
CUST00431,142,8,556564.6000000001,3,5,5,13,Loyal Customers,69570.57500000001
CUST00432,592,2,61792.0,1,1,1,3,Lost Customers,30896.0
CUST00433,19,5,497915.3,5,3,5,13,Potential Loyalists,99583.06
CUST00434,69,4,221418.15,4,2,4,10,Potential Loyalists,55354.5375
CUST00435,71,4,82768.55,4,2,2,8,Potential Loyalists,20692.1375
CUST00436,12,9,457079.05,5,5,5,15,Champions,50786.56111111111
CUST00437,6,5,271174.9,5,3,4,12,Potential Loyalists,54234.98
CUST00438,498,2,42307.65,1,1,1,3,Lost Customers,21153.825
CUST00439,107,4,51913.8,3,2,1,6,Others,12978.45
CUST00440,62,7,318771.5,4,4,4,12,Champions,45538.78571428572
CUST00441,109,6,107762.1,3,4,2,9,Loyal Customers,17960.350000000002
CUST00442,35,8,108286.54999999999,5,5,2,12,Loyal Customers,13535.818749999999
CUST00443,140,4,86607.1,3,2,2,7,Others,21651.775
CUST00444,134,4,58156.5,3,2,1,6,Others,14539.125
CUST00445,505,1,13053.0,1,1,1,3,Lost Customers,13053.0
CUST00446,212,6,106693.2,2,4,2,8,Others,17782.2
CUST00447,36,7,141295.85,5,4,3,12,Loyal Customers,20185.12142857143
CUST00448,36,5,83573.5,5,3,2,10,Potential Loyalists,16714.7
CUST00449,3,7,462894.25,5,4,5,14,Champions,66127.75
CUST00450,19,5,237227.3,5,3,4,12,Potential Loyalists,47445.46
CUST00451,138,6,69638.55,3,4,1,8,Loyal Customers,11606.425000000001
CUST00452,184,6,501325.15,2,4,5,11,At Risk,83554.19166666667
CUST00453,216,3,286070.0,2,1,4,7,Lost Customers,95356.66666666667
CUST00454,114,7,198635.85,3,4,3,10,Loyal Customers,28376.55
CUST00455,36,4,102942.1,5,2,2,9,Potential Loyalists,25735.525
CUST00456,399,3,96629.85,1,1,2,4,Lost Customers,32209.95
CUST00457,79,8,650087.35,4,5,5,14,Champions,81260.91875
CUST00458,137,3,25545.2,3,1,1,5,Others,8515.066666666668
CUST00459,348,3,145403.5,1,1,3,5,Lost Customers,48467.833333333336
CUST00460,36,7,512934.1,5,4,5,14,Champions,73276.3
CUST00461,210,5,68576.0,2,3,1,6,Others,13715.2
CUST00462,246,1,1396.0,2,1,1,4,Lost Customers,1396.0
CUST00463,15,5,170132.15,5,3,3,11,Potential Loyalists,34026.43
CUST00464,158,12,629092.25,3,5,5,13,Loyal Customers,52424.354166666664
CUST00465,202,4,143238.85,2,2,3,7,Lost Customers,35809.7125
CUST00466,25,5,225462.05,5,3,4,12,Potential Loyalists,45092.409999999996
CUST00467,19,3,111547.7,5,1,2,8,Others,37182.566666666666
CUST00468,401,3,58849.75,1,1,1,3,Lost Customers,19616.583333333332
CUST00469,57,6,448735.89999999997,4,4,5,13,Champions,74789.31666666667
CUST00470,123,3,51656.8,3,1,1,5,Others,17218.933333333334
CUST00471,229,4,465118.2,2,2,5,9,Lost Customers,116279.55
CUST00472,4,6,81775.65,5,4,2,11,Loyal Customers,13629.275
CUST00473,93,5,117593.40000000001,4,3,2,9,Potential Loyalists,23518.68
CUST00474,240,6,101829.25,2,4,2,8,Others,16971.541666666668
CUST00475,39,6,181063.75,5,4,3,12,Loyal Customers,30177.291666666668
CUST00476,183,3,80163.0,2,1,2,5,Lost Customers,26721.0
CUST00477,124,5,296941.2,3,3,4,10,Others,59388.240000000005
CUST00478,102,7,318122.25,3,4,4,11,Loyal Customers,45446.03571428572
CUST00479,17,9,456076.35000000003,5,5,5,15,Champions,50675.15
CUST00480,2,5,281860.6,5,3,4,12,Potential Loyalists,56372.119999999995
CUST00481,41,8,147793.0,5,5,3,13,Loyal Customers,18474.125
CUST00482,90,8,227440.9,4,5,4,13,Champions,28430.1125
CUST00483,110,4,71610.6,3,2,1,6,Others,17902.65
CUST00484,439,3,133276.65,1,1,2,4,Lost Customers,44425.549999999996
CUST00485,161,5,91959.55,3,3,2,8,Others,18391.91
CUST00486,4,5,412559.05000000005,5,3,5,13,Potential Loyalists,82511.81000000001
CUST00487,182,4,160344.4,2,2,3,7,Lost Customers,40086.1
CUST00488,30,10,767036.7999999999,5,5,5,15,Champions,76703.68
CUST00489,566,3,72627.4,1,1,1,3,Lost Customers,24209.13333333333
CUST00490,420,3,134524.2,1,1,2,4,Lost Customers,44841.4
CUST00491,682,1,2350.8,1,1,1,3,Lost Customers,2350.8
CUST00492,114,6,233142.75,3,4,4,11,Loyal Customers,38857.125
CUST00493,112,3,126576.6,3,1,2,6,Others,42192.200000000004
CUST00494,190,5,85332.54999999999,2,3,2,7,Others,17066.51
CUST00495,206,5,142843.55,2,3,3,8,At Risk,28568.71
CUST00496,167,4,286981.7,3,2,4,9,Others,71745.425
CUST00497,99,4,167983.1,3,2,3,8,Others,41995.775
CUST00498,18,4,118812.45,5,2,2,9,Potential Loyalists,29703.1125
CUST00499,258,4,69774.6,2,2,1,5,Lost Customers,17443.65
CUST00500,423,7,132300.75,1,4,2,7,Others,18900.10714285714
CUST00501,6,7,268019.15,5,4,4,13,Champions,38288.450000000004
CUST00502,441,6,60983.649999999994,1,4,1,6,Others,10163.941666666666
CUST00503,715,2,240930.0,1,1,4,6,Lost Customers,120465.0
CUST00504,157,7,348378.4,3,4,5,12,Loyal Customers,49768.34285714286
CUST00505,60,4,385528.25,4,2,5,11,Potential Loyalists,96382.0625
CUST00506,162,3,81985.8,3,1,2,6,Others,27328.600000000002
CUST00507,67,7,135331.05,4,4,2,10,Loyal Customers,19333.007142857143
CUST00508,191,4,38536.4,2,2,1,5,Lost Customers,9634.1
CUST00509,396,3,252368.4,1,1,4,6,Lost Customers,84122.8
CUST00510,853,2,143894.1,1,1,3,5,Lost Customers,71947.05
CUST00511,255,5,306674.1,2,3,4,9,At Risk,61334.81999999999
CUST00512,270,1,241730.0,2,1,4,7,Lost Customers,241730.0
CUST00513,152,7,515940.45,3,4,5,12,Loyal Customers,73705.77857142857
CUST00514,178,6,204482.69999999998,2,4,3,9,At Risk,34080.45
CUST00515,90,6,139383.65,4,4,3,11,Loyal Customers,23230.608333333334
CUST00516,29,5,317013.9,5,3,4,12,Potential Loyalists,63402.780000000006
CUST00517,8,6,210397.44999999998,5,4,4,13,Champions,35066.24166666666
CUST00518,314,3,84197.85,1,1,2,4,Lost Customers,28065.95
CUST00519,276,7,219814.30000000002,2,4,4,10,At Risk,31402.04285714286
CUST00520,44,8,391803.35,4,5,5,14,Champions,48975.41875
CUST00521,175,3,56821.5,2,1,1,4,Lost Customers,18940.5
CUST00522,2,4,53471.0,5,2,1,8,Potential Loyalists,13367.75
CUST00523,13,6,282483.95,5,4,4,13,Champions,47080.65833333333
CUST00524,279,6,112480.65,2,4,2,8,Others,18746.774999999998
CUST00525,77,4,305717.2,4,2,4,10,Potential Loyalists,76429.3
CUST00526,190,7,472106.19999999995,2,4,5,11,At Risk,67443.74285714285
CUST00527,62,6,335962.0,4,4,5,13,Champions,55993.666666666664
CUST00528,121,8,172195.05,3,5,3,11,Loyal Customers,21524.38125
CUST00529,172,6,148277.6,2,4,3,9,At Risk,24712.933333333334
CUST00530,227,2,43070.05,2,1,1,4,Lost Customers,21535.025
CUST00531,160,5,92608.4,3,3,2,8,Others,18521.68
CUST00532,68,8,313795.5,4,5,4,13,Champions,39224.4375
CUST00533,71,6,492870.30000000005,4,4,5,13,Champions,82145.05
CUST00534,45,7,264821.95,4,4,4,12,Champions,37831.70714285714
CUST00535,181,8,184756.5,2,5,3,10,At Risk,23094.5625
CUST00536,36,8,205495.3,5,5,3,13,Loyal Customers,25686.9125
CUST00537,133,5,612008.55,3,3,5,11,Others,122401.71
CUST00538,116,8,88992.75,3,5,2,10,Loyal Customers,11124.09375
CUST00539,12,7,321331.44999999995,5,4,5,14,Champions,45904.49285714285
CUST00540,178,3,164846.55,2,1,3,6,Lost Customers,54948.85
CUST00541,149,5,38542.9,3,3,1,7,Others,7708.58
CUST00542,493,3,177906.30000000002,1,1,3,5,Lost Customers,59302.100000000006
CUST00543,135,5,150961.15,3,3,3,9,Others,30192.23
CUST00544,2,3,59897.75,5,1,1,7,Others,19965.916666666668
CUST00545,109,6,170962.80000000002,3,4,3,10,Loyal Customers,28493.800000000003
CUST00546,413,4,439662.55,1,2,5,8,Lost Customers,109915.6375
CUST00547,268,5,335350.65,2,3,5,10,At Risk,67070.13
CUST00548,134,5,130060.0,3,3,2,8,Others,26012.0
CUST00549,318,3,16173.85,1,1,1,3,Lost Customers,5391.283333333334
CUST00550,267,4,33593.85,2,2,1,5,Lost Customers,8398.4625
CUST00551,352,6,203048.65000000002,1,4,3,8,At Risk,33841.44166666667
CUST00552,20,6,142494.05,5,4,3,12,Loyal Customers,23749.00833333333
CUST00553,180,4,96771.35,2,2,2,6,Lost Customers,24192.8375
CUST00554,41,6,160041.8,5,4,3,12,Loyal Customers,26673.63333333333
CUST00555,173,5,109682.9,2,3,2,7,Others,21936.579999999998
CUST00556,237,4,89161.2,2,2,2,6,Lost Customers,22290.3
CUST00557,162,3,71900.15,3,1,1,5,Others,23966.716666666664
CUST00558,196,3,158518.5,2,1,3,6,Lost Customers,52839.5
CUST00559,252,6,268707.85,2,4,4,10,At Risk,44784.64166666666
CUST00560,92,2,103943.5,4,1,2,7,Others,51971.75
CUST00561,25,4,124400.35,5,2,2,9,Potential Loyalists,31100.0875
CUST00562,666,2,93189.3,1,1,2,4,Lost Customers,46594.65
CUST00563,64,7,140901.40000000002,4,4,3,11,Loyal Customers,20128.771428571432
CUST00564,172,5,278670.4,2,3,4,9,At Risk,55734.08
CUST00565,211,3,92267.29999999999,2,1,2,5,Lost Customers,30755.766666666663
CUST00566,15,9,414518.5,5,5,5,15,Champions,46057.61111111111
CUST00567,234,3,70074.9,2,1,1,4,Lost Customers,23358.3
CUST00568,33,3,254351.45,5,1,4,10,Others,84783.81666666667
CUST00569,172,6,424654.75,2,4,5,11,At Risk,70775.79166666667
CUST00570,313,5,163237.4,1,3,3,7,At Risk,32647.48
CUST00571,24,8,257019.35,5,5,4,14,Champions,32127.41875
CUST00572,177,4,115667.0,2,2,2,6,Lost Customers,28916.75
CUST00573,38,4,312432.19999999995,5,2,4,11,Potential Loyalists,78108.04999999999
CUST00574,81,3,344533.65,4,1,5,10,Others,114844.55
CUST00575,308,3,311188.5,1,1,4,6,Lost Customers,103729.5
CUST00576,48,5,574991.85,4,3,5,12,Potential Loyalists,114998.37
CUST00577,90,5,195286.6,4,3,3,10,Potential Loyalists,39057.32
CUST00578,203,4,304859.9,2,2,4,8,Lost Customers,76214.975
CUST00579,453,3,83492.8,1,1,2,4,Lost Customers,27830.933333333334
CUST00580,235,4,108232.4,2,2,2,6,Lost Customers,27058.1
CUST00581,188,4,158093.3,2,2,3,7,Lost Customers,39523.325
CUST00582,360,3,66338.15,1,1,1,3,Lost Customers,22112.716666666664
CUST00583,246,4,114605.65000000001,2,2,2,6,Lost Customers,28651.412500000002
CUST00584,41,4,179383.65,5,2,3,10,Potential Loyalists,44845.9125
CUST00585,181,6,91436.85,2,4,2,8,Others,15239.475
CUST00586,323,4,116064.59999999999,1,2,2,5,Lost Customers,29016.149999999998
CUST00587,8,5,66846.4,5,3,1,9,Potential Loyalists,13369.279999999999
CUST00588,446,3,67003.5,1,1,1,3,Lost Customers,22334.5
CUST00589,163,3,38432.2,3,1,1,5,Others,12810.733333333332
CUST00590,362,3,9143.7,1,1,1,3,Lost Customers,3047.9
CUST00591,11,7,183489.75,5,4,3,12,Loyal Customers,26212.821428571428
CUST00592,294,4,26072.149999999998,1,2,1,4,Lost Customers,6518.037499999999
CUST00593,199,5,281984.45,2,3,4,9,At Risk,56396.89
CUST00594,104,5,175108.5,3,3,3,9,Others,35021.7
CUST00595,690,1,1285.2,1,1,1,3,Lost Customers,1285.2
CUST00596,24,9,320797.5,5,5,5,15,Champions,35644.166666666664
CUST00597,111,3,50577.75,3,1,1,5,Others,16859.25
CUST00598,5,4,189146.2,5,2,3,10,Potential Loyalists,47286.55
CUST00599,49,5,62728.65,4,3,1,8,Potential Loyalists,12545.73
CUST00600,235,5,208652.2,2,3,3,8,At Risk,41730.44
CUST00601,108,6,344381.6,3,4,5,12,Loyal Customers,57396.93333333333
CUST00602,67,2,134789.55,4,1,2,7,Others,67394.775
CUST00603,152,4,207232.2,3,2,3,8,Others,51808.05
CUST00604,295,7,343467.64999999997,1,4,5,10,At Risk,49066.807142857135
CUST00605,33,5,412850.99999999994,5,3,5,13,Potential Loyalists,82570.19999999998
CUST00606,259,2,27814.4,2,1,1,4,Lost Customers,13907.2
CUST00607,67,4,186506.25,4,2,3,9,Potential Loyalists,46626.5625
CUST00608,1,8,254657.85,5,5,4,14,Champions,31832.23125
CUST00609,147,3,185255.85,3,1,3,7,Others,61751.950000000004
CUST00610,23,7,172898.6,5,4,3,12,Loyal Customers,24699.8
CUST00611,476,2,154132.8,1,1,3,5,Lost Customers,77066.4
CUST00612,191,3,281067.6,2,1,4,7,Lost Customers,93689.2
CUST00613,239,7,360129.2,2,4,5,11,At Risk,51447.02857142857
CUST00614,629,3,25710.7,1,1,1,3,Lost Customers,8570.233333333334
CUST00615,227,6,462063.64999999997,2,4,5,11,At Risk,77010.60833333332
CUST00616,42,4,119525.9,4,2,2,8,Potential Loyalists,29881.475
CUST00617,47,2,2857.55,4,1,1,6,Others,1428.775
CUST00618,351,8,243215.25,1,5,4,10,At Risk,30401.90625
CUST00619,80,6,485848.25,4,4,5,13,Champions,80974.70833333333
CUST00620,30,5,103025.2,5,3,2,10,Potential Loyalists,20605.04
CUST00621,291,3,64818.4,2,1,1,4,Lost Customers,21606.133333333335
CUST00622,141,3,33284.1,3,1,1,5,Others,11094.699999999999
CUST00623,848,1,18157.5,1,1,1,3,Lost Customers,18157.5
CUST00624,68,6,199674.40000000002,4,4,3,11,Loyal Customers,33279.06666666667
CUST00625,81,6,162880.9,4,4,3,11,Loyal Customers,27146.816666666666
CUST00626,1,5,62290.850000000006,5,3,1,9,Potential Loyalists,12458.170000000002
CUST00627,95,9,166525.5,3,5,3,11,Loyal Customers,18502.833333333332
CUST00628,48,6,470240.5,4,4,5,13,Champions,78373.41666666667
CUST00629,27,12,357344.75,5,5,5,15,Champions,29778.729166666668
CUST00630,805,1,3878.85,1,1,1,3,Lost Customers,3878.85
CUST00631,55,8,200835.94999999998,4,5,3,12,Loyal Customers,25104.493749999998
CUST00632,396,1,28807.35,1,1,1,3,Lost Customers,28807.35
CUST00633,158,4,68791.3,3,2,1,6,Others,17197.825
CUST00634,529,4,24703.85,1,2,1,4,Lost Customers,6175.9625
CUST00635,257,9,333237.45,2,5,5,12,At Risk,37026.38333333333
CUST00636,97,6,254489.7,3,4,4,11,Loyal Customers,42414.950000000004
CUST00637,62,7,262789.0,4,4,4,12,Champions,37541.28571428572
CUST00638,446,5,287903.75,1,3,4,8,At Risk,57580.75
CUST00639,14,8,223399.15,5,5,4,14,Champions,27924.89375
CUST00640,21,9,176785.55,5,5,3,13,Loyal Customers,19642.838888888888
CUST00641,107,6,372528.15,3,4,5,12,Loyal Customers,62088.025
CUST00642,98,10,424661.55,3,5,5,13,Loyal Customers,42466.155
CUST00643,231,6,207759.59999999998,2,4,3,9,At Risk,34626.6
CUST00644,42,8,461679.75,4,5,5,14,Champions,57709.96875
CUST00645,238,7,153552.6,2,4,3,9,At Risk,21936.085714285717
CUST00646,69,10,614252.15,4,5,5,14,Champions,61425.215000000004
CUST00647,494,5,362929.25,1,3,5,9,At Risk,72585.85
CUST00648,10,5,393824.2,5,3,5,13,Potential Loyalists,78764.84
CUST00649,71,6,546954.35,4,4,5,13,Champions,91159.05833333333
CUST00650,145,3,268040.7,3,1,4,8,Others,89346.90000000001
CUST00651,197,5,37865.2,2,3,1,6,Others,7573.039999999999
CUST00652,132,4,55879.8,3,2,1,6,Others,13969.95
CUST00653,12,7,266712.55,5,4,4,13,Champions,38101.79285714286
CUST00654,2,9,480812.19999999995,5,5,5,15,Champions,53423.57777777777
CUST00655,184,6,174791.8,2,4,3,9,At Risk,29131.966666666664
CUST00656,121,7,244010.75000000003,3,4,4,11,Loyal Customers,34858.67857142857
CUST00657,39,5,218399.25,5,3,4,12,Potential Loyalists,43679.85
CUST00658,88,3,77376.4,4,1,2,7,Others,25792.13333333333
CUST00659,189,5,166742.35,2,3,3,8,At Risk,33348.47
CUST00660,66,8,353772.30000000005,4,5,5,14,Champions,44221.537500000006
CUST00661,213,2,7577.75,2,1,1,4,Lost Customers,3788.875
CUST00662,29,4,49676.399999999994,5,2,1,8,Potential Loyalists,12419.099999999999
CUST00663,233,5,297232.1,2,3,4,9,At Risk,59446.42
CUST00664,305,5,240631.5,1,3,4,8,At Risk,48126.3
CUST00665,233,5,40421.399999999994,2,3,1,6,Others,8084.279999999999
CUST00666,68,6,398311.19999999995,4,4,5,13,Champions,66385.2
CUST00667,17,3,56997.3,5,1,1,7,Others,18999.100000000002
CUST00668,26,5,219799.15,5,3,4,12,Potential Loyalists,43959.83
CUST00669,148,5,256407.25,3,3,4,10,Others,51281.45
CUST00670,188,4,112545.6,2,2,2,6,Lost Customers,28136.4
CUST00671,15,4,272915.25,5,2,4,11,Potential Loyalists,68228.8125
CUST00672,389,2,21812.9,1,1,1,3,Lost Customers,10906.45
CUST00673,35,4,72531.8,5,2,1,8,Potential Loyalists,18132.95
CUST00674,28,5,109979.0,5,3,2,10,Potential Loyalists,21995.8
CUST00675,351,4,132411.65,1,2,2,5,Lost Customers,33102.9125
CUST00676,8,12,379176.25,5,5,5,15,Champions,31598.020833333332
CUST00677,150,6,144735.2,3,4,3,10,Loyal Customers,24122.533333333336
CUST00678,161,3,484395.5,3,1,5,9,Others,161465.16666666666
CUST00679,44,6,198978.3,4,4,3,11,Loyal Customers,33163.049999999996
CUST00680,147,2,64375.55,3,1,1,5,Others,32187.775
CUST00681,28,6,68451.15,5,4,1,10,Loyal Customers,11408.525
CUST00682,82,4,264085.1,4,2,4,10,Potential Loyalists,66021.275
CUST00683,110,5,58504.700000000004,3,3,1,7,Others,11700.94
CUST00684,14,9,651386.3,5,5,5,15,Champions,72376.25555555556
CUST00685,500,3,64853.100000000006,1,1,1,3,Lost Customers,21617.7
CUST00686,162,3,175246.95,3,1,3,7,Others,58415.65
CUST00687,71,4,178679.25,4,2,3,9,Potential Loyalists,44669.8125
CUST00688,580,3,57843.7,1,1,1,3,Lost Customers,19281.233333333334
CUST00689,24,6,637874.8,5,4,5,14,Champions,106312.46666666667
CUST00690,26,4,77783.5,5,2,2,9,Potential Loyalists,19445.875
CUST00691,583,1,598.5,1,1,1,3,Lost Customers,598.5
CUST00692,158,6,499878.6,3,4,5,12,Loyal Customers,83313.09999999999
CUST00693,207,7,105133.4,2,4,2,8,Others,15019.057142857142
CUST00694,261,7,288885.39999999997,2,4,4,10,At Risk,41269.34285714285
CUST00695,268,5,108181.7,2,3,2,7,Others,21636.34
CUST00696,3,9,287414.5,5,5,4,14,Champions,31934.944444444445
CUST00697,339,3,43929.6,1,1,1,3,Lost Customers,14643.199999999999
CUST00698,2,3,179902.9,5,1,3,9,Others,59967.63333333333
CUST00699,364,5,101182.15,1,3,2,6,Others,20236.43
CUST00700,253,4,100844.4,2,2,2,6,Lost Customers,25211.1
CUST00701,138,8,806913.9,3,5,5,13,Loyal Customers,100864.2375
CUST00702,77,6,258542.6,4,4,4,12,Champions,43090.433333333334
CUST00703,167,4,199040.45,3,2,3,8,Others,49760.1125
CUST00704,648,3,56454.2,1,1,1,3,Lost Customers,18818.066666666666
CUST00705,51,5,54631.7,4,3,1,8,Potential Loyalists,10926.34
CUST00706,273,4,41260.9,2,2,1,5,Lost Customers,10315.225
CUST00707,56,4,35816.65,4,2,1,7,Potential Loyalists,8954.1625
CUST00708,37,5,202263.6,5,3,3,11,Potential Loyalists,40452.72
CUST00709,87,2,30136.5,4,1,1,6,Others,15068.25
CUST00710,452,6,178946.4,1,4,3,8,At Risk,29824.399999999998
CUST00711,709,1,2496.6,1,1,1,3,Lost Customers,2496.6
CUST00712,123,5,176692.4,3,3,3,9,Others,35338.479999999996
CUST00713,40,3,383041.7,5,1,5,11,Others,127680.56666666667
CUST00714,60,7,446348.65,4,4,5,13,Champions,63764.09285714286
CUST00715,179,6,528467.6,2,4,5,11,At Risk,88077.93333333333
CUST00716,65,8,207380.35,4,5,3,12,Loyal Customers,25922.54375
CUST00717,487,5,102909.0,1,3,2,6,Others,20581.8
CUST00718,2,7,168184.2,5,4,3,12,Loyal Customers,24026.31428571429
CUST00719,14,3,126052.09999999999,5,1,2,8,Others,42017.36666666666
CUST00720,290,2,106414.2,2,1,2,5,Lost Customers,53207.1
CUST00721,81,6,110776.55,4,4,2,10,Loyal Customers,18462.758333333335
CUST00722,207,8,214773.84999999998,2,5,4,11,At Risk,26846.731249999997
CUST00723,99,7,320044.35,3,4,5,12,Loyal Customers,45720.62142857142
CUST00724,585,2,325682.0,1,1,5,7,Lost Customers,162841.0
CUST00725,48,12,551424.75,4,5,5,14,Champions,45952.0625
CUST00726,33,6,163174.5,5,4,3,12,Loyal Customers,27195.75
CUST00727,24,7,122982.7,5,4,2,11,Loyal Customers,17568.957142857143
CUST00728,11,4,96026.2,5,2,2,9,Potential Loyalists,24006.55
CUST00729,227,8,319018.15,2,5,4,11,At Risk,39877.26875
CUST00730,200,6,188682.05,2,4,3,9,At Risk,31447.00833333333
CUST00731,76,6,386884.4,4,4,5,13,Champions,64480.73333333334
CUST00732,126,3,108985.6,3,1,2,6,Others,36328.53333333333
CUST00733,78,9,390531.9,4,5,5,14,Champions,43392.433333333334
CUST00734,1,6,44371.549999999996,5,4,1,10,Loyal Customers,7395.258333333332
CUST00735,40,6,150252.95,5,4,3,12,Loyal Customers,25042.158333333336
CUST00736,125,7,289428.05,3,4,4,11,Loyal Customers,41346.864285714284
CUST00737,145,3,682633.05,3,1,5,9,Others,227544.35
CUST00738,155,4,117532.0,3,2,2,7,Others,29383.0
CUST00739,197,4,79833.2,2,2,2,6,Lost Customers,19958.3
CUST00740,137,3,50526.850000000006,3,1,1,5,Others,16842.283333333336
CUST00741,94,4,60382.899999999994,4,2,1,7,Potential Loyalists,15095.724999999999
CUST00742,122,6,258534.59999999998,3,4,4,11,Loyal Customers,43089.1
CUST00743,319,3,151431.8,1,1,3,5,Lost Customers,50477.26666666666
CUST00744,47,5,163982.0,4,3,3,10,Potential Loyalists,32796.4
CUST00745,173,5,118703.7,2,3,2,7,Others,23740.739999999998
CUST00746,540,4,185196.45,1,2,3,6,Lost Customers,46299.1125
CUST00747,173,5,178240.25,2,3,3,8,At Risk,35648.05
CUST00748,252,3,83079.45,2,1,2,5,Lost Customers,27693.149999999998
CUST00749,303,4,538240.3,1,2,5,8,Lost Customers,134560.075
CUST00750,13,4,450868.0,5,2,5,12,Potential Loyalists,112717.0
CUST00751,139,6,482044.4,3,4,5,12,Loyal Customers,80340.73333333334
CUST00752,343,8,115712.65000000001,1,5,2,8,Others,14464.081250000001
CUST00753,5,6,203139.8,5,4,3,12,Loyal Customers,33856.63333333333
CUST00754,274,6,133961.25,2,4,2,8,Others,22326.875
CUST00755,64,7,287568.2,4,4,4,12,Champions,41081.17142857143
CUST00756,239,5,130030.5,2,3,2,7,Others,26006.1
CUST00757,26,8,255758.44999999998,5,5,4,14,Champions,31969.806249999998
CUST00758,189,6,100891.3,2,4,2,8,Others,16815.216666666667
CUST00759,424,5,559667.45,1,3,5,9,At Risk,111933.48999999999
CUST00760,346,4,133634.59999999998,1,2,2,5,Lost Customers,33408.649999999994
CUST00761,67,5,232108.95,4,3,4,11,Potential Loyalists,46421.79
CUST00762,167,7,377153.95,3,4,5,12,Loyal Customers,53879.135714285716
CUST00763,2,8,215865.25,5,5,4,14,Champions,26983.15625
CUST00764,414,6,170549.44999999998,1,4,3,8,At Risk,28424.90833333333
CUST00765,448,5,368730.9,1,3,5,9,At Risk,73746.18000000001
CUST00766,113,7,159005.2,3,4,3,10,Loyal Customers,22715.028571428575
CUST00767,24,4,417183.75,5,2,5,12,Potential Loyalists,104295.9375
CUST00768,124,5,230813.95,3,3,4,10,Others,46162.79
CUST00769,104,5,112906.05,3,3,2,8,Others,22581.21
CUST00770,202,4,166956.85,2,2,3,7,Lost Customers,41739.2125
CUST00771,22,10,325025.25,5,5,5,15,Champions,32502.525
CUST00772,134,7,305198.15,3,4,4,11,Loyal Customers,43599.735714285714
CUST00773,19,4,99021.09999999999,5,2,2,9,Potential Loyalists,24755.274999999998
CUST00774,403,5,157841.05000000002,1,3,3,7,At Risk,31568.210000000003
CUST00775,366,5,65130.8,1,3,1,5,Others,13026.16
CUST00776,314,2,32580.0,1,1,1,3,Lost Customers,16290.0
CUST00777,123,5,272446.2,3,3,4,10,Others,54489.240000000005
CUST00778,47,10,481525.7,4,5,5,14,Champions,48152.57
CUST00779,94,4,35174.35,4,2,1,7,Potential Loyalists,8793.5875
CUST00780,336,3,310051.80000000005,1,1,4,6,Lost Customers,103350.60000000002
CUST00781,106,3,346116.65,3,1,5,9,Others,115372.21666666667
CUST00782,139,5,175727.9,3,3,3,9,Others,35145.58
CUST00783,367,5,88534.0,1,3,2,6,Others,17706.8
CUST00784,184,3,163636.8,2,1,3,6,Lost Customers,54545.6
CUST00785,115,8,299120.6,3,5,4,12,Loyal Customers,37390.075
CUST00786,281,5,211999.35,2,3,4,9,At Risk,42399.87
CUST00787,162,6,425136.30000000005,3,4,5,12,Loyal Customers,70856.05
CUST00788,377,3,40785.799999999996,1,1,1,3,Lost Customers,13595.266666666665
CUST00789,400,2,12053.25,1,1,1,3,Lost Customers,6026.625
CUST00790,166,6,273322.95,3,4,4,11,Loyal Customers,45553.825000000004
CUST00791,174,2,2638.0,2,1,1,4,Lost Customers,1319.0
CUST00792,16,3,27014.2,5,1,1,7,Others,9004.733333333334
CUST00793,33,5,167830.1,5,3,3,11,Potential Loyalists,33566.020000000004
CUST00794,876,1,53993.6,1,1,1,3,Lost Customers,53993.6
CUST00795,134,6,114786.4,3,4,2,9,Loyal Customers,19131.066666666666
CUST00796,857,1,755.25,1,1,1,3,Lost Customers,755.25
CUST00797,383,3,63221.45,1,1,1,3,Lost Customers,21073.816666666666
CUST00798,44,6,132022.9,4,4,2,10,Loyal Customers,22003.816666666666
CUST00799,93,5,149928.2,4,3,3,10,Potential Loyalists,29985.640000000003
CUST00800,107,4,63785.0,3,2,1,6,Others,15946.25
CUST00801,112,4,34460.0,3,2,1,6,Others,8615.0
CUST00802,102,7,218879.0,3,4,4,11,Loyal Customers,31268.428571428572
CUST00803,38,8,111319.4,5,5,2,12,Loyal Customers,13914.925
CUST00804,51,5,149734.3,4,3,3,10,Potential Loyalists,29946.859999999997
CUST00805,37,3,72107.2,5,1,1,7,Others,24035.733333333334
CUST00806,40,6,131376.15,5,4,2,11,Loyal Customers,21896.024999999998
CUST00807,255,5,218255.3,2,3,4,9,At Risk,43651.06
CUST00808,136,5,86099.05,3,3,2,8,Others,17219.81
CUST00809,2,6,474890.5,5,4,5,14,Champions,79148.41666666667
CUST00810,98,7,228451.05,3,4,4,11,Loyal Customers,32635.864285714284
CUST00811,38,7,62640.2,5,4,1,10,Loyal Customers,8948.6
CUST00812,153,2,19550.7,3,1,1,5,Others,9775.35
CUST00813,21,6,315813.25,5,4,4,13,Champions,52635.541666666664
CUST00814,94,6,413148.55,4,4,5,13,Champions,68858.09166666666
CUST00815,49,7,225663.25,4,4,4,12,Champions,32237.60714285714
CUST00816,48,10,471378.85,4,5,5,14,Champions,47137.884999999995
CUST00817,23,7,217728.9,5,4,4,13,Champions,31104.12857142857
CUST00818,67,4,220809.0,4,2,4,10,Potential Loyalists,55202.25
CUST00819,44,4,122746.3,4,2,2,8,Potential Loyalists,30686.575
CUST00820,202,4,230749.5,2,2,4,8,Lost Customers,57687.375
CUST00821,53,10,586786.1,4,5,5,14,Champions,58678.61
CUST00822,36,4,282036.2,5,2,4,11,Potential Loyalists,70509.05
CUST00823,416,2,70523.45,1,1,1,3,Lost Customers,35261.725
CUST00824,55,11,529807.2999999999,4,5,5,14,Champions,48164.299999999996
CUST00825,100,6,471433.2,3,4,5,12,Loyal Customers,78572.2
CUST00826,19,3,106329.70000000001,5,1,2,8,Others,35443.23333333334
CUST00827,143,2,319465.89999999997,3,1,5,9,Others,159732.94999999998
CUST00828,261,6,188427.75,2,4,3,9,At Risk,31404.625
CUST00829,114,5,248386.15,3,3,4,10,Others,49677.229999999996
CUST00830,84,6,152092.95,4,4,3,11,Loyal Customers,25348.825
CUST00831,194,5,34492.2,2,3,1,6,Others,6898.44
CUST00832,33,8,408489.85,5,5,5,15,Champions,51061.23125
CUST00833,130,5,310600.05,3,3,4,10,Others,62120.009999999995
CUST00834,10,3,79374.84999999999,5,1,2,8,Others,26458.28333333333
CUST00835,80,4,93805.95,4,2,2,8,Potential Loyalists,23451.4875
CUST00836,117,4,334814.0,3,2,5,10,Others,83703.5
CUST00837,93,4,46646.399999999994,4,2,1,7,Potential Loyalists,11661.599999999999
CUST00838,5,5,196641.8,5,3,3,11,Potential Loyalists,39328.36
CUST00839,110,5,167945.9,3,3,3,9,Others,33589.18
CUST00840,52,7,263045.0,4,4,4,12,Champions,37577.857142857145
CUST00841,512,7,178123.2,1,4,3,8,At Risk,25446.17142857143
CUST00842,558,4,163859.5,1,2,3,6,Lost Customers,40964.875
CUST00843,271,4,22449.2,2,2,1,5,Lost Customers,5612.3
CUST00844,559,5,81147.2,1,3,2,6,Others,16229.439999999999
CUST00845,248,4,150007.5,2,2,3,7,Lost Customers,37501.875
CUST00846,62,5,98909.65,4,3,2,9,Potential Loyalists,19781.93
CUST00847,391,3,57717.49999999999,1,1,1,3,Lost Customers,19239.166666666664
CUST00848,402,3,303420.39999999997,1,1,4,6,Lost Customers,101140.13333333332
CUST00849,16,7,143596.85,5,4,3,12,Loyal Customers,20513.835714285717
CUST00850,103,8,338193.15,3,5,5,13,Loyal Customers,42274.14375
CUST00851,285,6,168235.0,2,4,3,9,At Risk,28039.166666666668
CUST00852,245,6,282416.45,2,4,4,10,At Risk,47069.40833333333
CUST00853,37,6,114083.4,5,4,2,11,Loyal Customers,19013.899999999998
CUST00854,310,7,175790.4,1,4,3,8,At Risk,25112.914285714283
CUST00855,85,8,422433.95,4,5,5,14,Champions,52804.24375
CUST00856,76,6,110349.2,4,4,2,10,Loyal Customers,18391.533333333333
CUST00857,163,6,343522.6,3,4,5,12,Loyal Customers,57253.76666666666
CUST00859,256,5,112257.3,2,3,2,7,Others,22451.46
CUST00860,129,6,199799.44999999998,3,4,3,10,Loyal Customers,33299.90833333333
CUST00861,15,7,378067.9,5,4,5,14,Champions,54009.700000000004
CUST00862,43,7,455209.44999999995,4,4,5,13,Champions,65029.92142857142
CUST00863,10,5,53362.7,5,3,1,9,Potential Loyalists,10672.539999999999
CUST00864,80,5,89887.95,4,3,2,9,Potential Loyalists,17977.59
CUST00865,23,7,192495.3,5,4,3,12,Loyal Customers,27499.32857142857
CUST00866,22,4,161465.0,5,2,3,10,Potential Loyalists,40366.25
CUST00867,21,8,308770.80000000005,5,5,4,14,Champions,38596.350000000006
CUST00868,41,6,199397.30000000002,5,4,3,12,Loyal Customers,33232.88333333334
CUST00869,13,5,277405.3,5,3,4,12,Potential Loyalists,55481.06
CUST00870,118,5,144530.5,3,3,3,9,Others,28906.1
CUST00871,87,3,186537.4,4,1,3,8,Others,62179.13333333333
CUST00872,113,4,390598.95,3,2,5,10,Others,97649.7375
CUST00873,790,1,21568.0,1,1,1,3,Lost Customers,21568.0
CUST00874,171,4,116416.8,2,2,2,6,Lost Customers,29104.2
CUST00875,18,3,174385.19999999998,5,1,3,9,Others,58128.399999999994
CUST00876,835,1,2297.7,1,1,1,3,Lost Customers,2297.7
CUST00877,149,5,78672.2,3,3,2,8,Others,15734.439999999999
CUST00878,10,3,115832.4,5,1,2,8,Others,38610.799999999996
CUST00879,268,5,131089.6,2,3,2,7,Others,26217.920000000002
CUST00880,166,6,405713.7,3,4,5,12,Loyal Customers,67618.95
CUST00881,126,3,51076.9,3,1,1,5,Others,17025.633333333335
CUST00882,122,5,126700.59999999999,3,3,2,8,Others,25340.12
CUST00883,446,4,107402.45,1,2,2,5,Lost Customers,26850.6125
CUST00884,29,4,108646.9,5,2,2,9,Potential Loyalists,27161.725
CUST00885,249,4,166614.3,2,2,3,7,Lost Customers,41653.575
CUST00886,21,3,22630.8,5,1,1,7,Others,7543.599999999999
CUST00887,138,2,147944.1,3,1,3,7,Others,73972.05
CUST00888,20,6,99490.65,5,4,2,11,Loyal Customers,16581.774999999998
CUST00889,29,3,46730.4,5,1,1,7,Others,15576.800000000001
CUST00890,178,6,242714.5,2,4,4,10,At Risk,40452.416666666664
CUST00891,26,6,47865.6,5,4,1,10,Loyal Customers,7977.599999999999
CUST00892,290,1,2044.25,2,1,1,4,Lost Customers,2044.25
CUST00893,526,3,345822.3,1,1,5,7,Lost Customers,115274.09999999999
CUST00894,468,4,239835.2,1,2,4,7,Lost Customers,59958.8
CUST00895,82,4,98455.09999999999,4,2,2,8,Potential Loyalists,24613.774999999998
CUST00896,30,9,443037.0,5,5,5,15,Champions,49226.333333333336
CUST00897,1,6,48020.7,5,4,1,10,Loyal Customers,8003.45
CUST00899,33,9,232605.45,5,5,4,14,Champions,25845.050000000003
CUST00900,115,8,359767.5,3,5,5,13,Loyal Customers,44970.9375
CUST00901,71,4,66583.15,4,2,1,7,Potential Loyalists,16645.7875
CUST00902,225,4,288275.6,2,2,4,8,Lost Customers,72068.9
CUST00903,270,3,13812.95,2,1,1,4,Lost Customers,4604.316666666667
CUST00904,61,5,391089.95,4,3,5,12,Potential Loyalists,78217.99
CUST00905,270,7,332437.65,2,4,5,11,At Risk,47491.09285714286
CUST00906,54,7,258157.45,4,4,4,12,Champions,36879.635714285716
CUST00907,27,5,225387.45,5,3,4,12,Potential Loyalists,45077.490000000005
CUST00908,225,3,64080.65,2,1,1,4,Lost Customers,21360.216666666667
CUST00909,40,6,210845.9,5,4,4,13,Champions,35140.98333333333
CUST00910,96,5,619792.0,3,3,5,11,Others,123958.4
CUST00911,190,4,169529.4,2,2,3,7,Lost Customers,42382.35
CUST00912,97,3,145964.0,3,1,3,7,Others,48654.666666666664
CUST00913,380,3,63095.8,1,1,1,3,Lost Customers,21031.933333333334
CUST00915,14,4,22398.85,5,2,1,8,Potential Loyalists,5599.7125
CUST00916,20,4,172284.59999999998,5,2,3,10,Potential Loyalists,43071.149999999994
CUST00917,402,4,111116.65,1,2,2,5,Lost Customers,27779.1625
CUST00918,4,5,275679.25,5,3,4,12,Potential Loyalists,55135.85
CUST00919,77,7,128578.35,4,4,2,10,Loyal Customers,18368.335714285717
CUST00920,184,4,56544.450000000004,2,2,1,5,Lost Customers,14136.112500000001
CUST00921,110,5,144117.6,3,3,3,9,Others,28823.52
CUST00922,131,4,141251.4,3,2,3,8,Others,35312.85
CUST00923,288,7,140629.3,2,4,3,9,At Risk,20089.899999999998
CUST00924,23,4,313002.1,5,2,4,11,Potential Loyalists,78250.525
CUST00925,63,6,174431.9,4,4,3,11,Loyal Customers,29071.983333333334
CUST00926,281,5,116667.45,2,3,2,7,Others,23333.489999999998
CUST00927,183,7,304865.7,2,4,4,10,At Risk,43552.24285714286
CUST00928,185,4,363353.35,2,2,5,9,Lost Customers,90838.3375
CUST00929,39,6,81371.7,5,4,2,11,Loyal Customers,13561.949999999999
CUST00930,436,5,42203.95,1,3,1,5,Others,8440.789999999999
CUST00931,207,5,46331.45,2,3,1,6,Others,9266.289999999999
CUST00932,226,3,116750.1,2,1,2,5,Lost Customers,38916.700000000004
CUST00933,487,4,352167.8,1,2,5,8,Lost Customers,88041.95
CUST00934,393,4,203655.7,1,2,3,6,Lost Customers,50913.925
CUST00935,12,4,68897.85,5,2,1,8,Potential Loyalists,17224.4625
CUST00936,369,7,217052.2,1,4,4,9,At Risk,31007.457142857143
CUST00937,355,4,68378.25,1,2,1,4,Lost Customers,17094.5625
CUST00938,178,4,291284.8,2,2,4,8,Lost Customers,72821.2
CUST00939,505,1,11708.8,1,1,1,3,Lost Customers,11708.8
CUST00940,110,3,73263.85,3,1,1,5,Others,24421.283333333336
CUST00941,275,5,180119.6,2,3,3,8,At Risk,36023.92
CUST00942,270,3,16865.8,2,1,1,4,Lost Customers,5621.933333333333
CUST00943,620,2,84800.6,1,1,2,4,Lost Customers,42400.3
CUST00944,200,10,555022.6,2,5,5,12,At Risk,55502.259999999995
CUST00945,359,3,123931.0,1,1,2,4,Lost Customers,41310.333333333336
CUST00946,148,2,12587.05,3,1,1,5,Others,6293.525
CUST00947,73,6,151964.85,4,4,3,11,Loyal Customers,25327.475000000002
CUST00948,271,3,293123.25,2,1,4,7,Lost Customers,97707.75
CUST00949,87,8,305524.95,4,5,4,13,Champions,38190.61875
CUST00950,108,3,114955.9,3,1,2,6,Others,38318.63333333333
CUST00951,330,5,210066.15,1,3,4,8,At Risk,42013.229999999996
CUST00952,4,3,320937.95,5,1,5,11,Others,106979.31666666667
CUST00953,11,6,345138.85,5,4,5,14,Champions,57523.14166666666
CUST00954,93,4,481991.7,4,2,5,11,Potential Loyalists,120497.925
CUST00955,430,7,94722.70000000001,1,4,2,7,Others,13531.814285714287
CUST00956,355,5,64055.5,1,3,1,5,Others,12811.1
CUST00957,83,2,29031.6,4,1,1,6,Others,14515.8
CUST00958,199,5,173278.55,2,3,3,8,At Risk,34655.71
CUST00959,63,6,140122.3,4,4,3,11,Loyal Customers,23353.716666666664
CUST00960,162,6,265969.3,3,4,4,11,Loyal Customers,44328.21666666667
CUST00961,42,4,112322.5,4,2,2,8,Potential Loyalists,28080.625
CUST00962,41,2,56839.5,5,1,1,7,Others,28419.75
CUST00963,77,7,334233.6,4,4,5,13,Champions,47747.65714285714
CUST00964,300,4,252932.0,1,2,4,7,Lost Customers,63233.0
CUST00965,18,6,229257.30000000002,5,4,4,13,Champions,38209.55
CUST00966,44,6,270482.85,4,4,4,12,Champions,45080.475
CUST00967,171,4,42199.8,2,2,1,5,Lost Customers,10549.95
CUST00968,661,2,59893.0,1,1,1,3,Lost Customers,29946.5
CUST00969,504,2,394838.39999999997,1,1,5,7,Lost Customers,197419.19999999998
CUST00970,98,3,169893.65,3,1,3,7,Others,56631.21666666667
CUST00971,37,3,248091.4,5,1,4,10,Others,82697.13333333333
CUST00972,72,7,101880.6,4,4,2,10,Loyal Customers,14554.371428571429
CUST00973,226,5,481383.05,2,3,5,10,At Risk,96276.61
CUST00974,19,2,128228.40000000001,5,1,2,8,Others,64114.200000000004
CUST00975,347,4,136532.0,1,2,2,5,Lost Customers,34133.0
CUST00976,67,9,389387.7,4,5,5,14,Champions,43265.3
CUST00977,183,2,106055.7,2,1,2,5,Lost Customers,53027.85
CUST00978,151,6,181087.3,3,4,3,10,Loyal Customers,30181.216666666664
CUST00979,44,5,167362.6,4,3,3,10,Potential Loyalists,33472.520000000004
CUST00980,196,4,200920.65000000002,2,2,3,7,Lost Customers,50230.162500000006
CUST00982,115,4,123783.55,3,2,2,7,Others,30945.8875
CUST00983,43,2,17063.95,4,1,1,6,Others,8531.975
CUST00984,155,8,731804.5,3,5,5,13,Loyal Customers,91475.5625
CUST00985,217,4,347240.65,2,2,5,9,Lost Customers,86810.1625
CUST00986,119,9,319409.75,3,5,5,13,Loyal Customers,35489.97222222222
CUST00987,412,2,124150.05,1,1,2,4,Lost Customers,62075.025
CUST00988,189,5,105593.3,2,3,2,7,Others,21118.66
CUST00989,127,5,313636.9,3,3,4,10,Others,62727.380000000005
CUST00990,233,4,162543.9,2,2,3,7,Lost Customers,40635.975
CUST00991,191,7,248489.5,2,4,4,10,At Risk,35498.5
CUST00992,42,7,382974.44999999995,4,4,5,13,Champions,54710.63571428571
CUST00993,307,9,292799.65,1,5,4,10,At Risk,32533.294444444447
CUST00994,4,4,75151.20000000001,5,2,1,8,Potential Loyalists,18787.800000000003
CUST00995,268,2,83686.65000000001,2,1,2,5,Lost Customers,41843.325000000004
CUST00996,90,8,108219.85,4,5,2,11,Loyal Customers,13527.48125
CUST00998,93,4,81501.9,4,2,2,8,Potential Loyalists,20375.475
CUST00999,333,4,63374.450000000004,1,2,1,4,Lost Customers,15843.612500000001
CUST01000,615,5,139848.2,1,3,3,7,At Risk,27969.640000000003
CUST01001,846,2,56020.3,1,1,1,3,Lost Customers,28010.15
CUST01002,36,8,300777.85000000003,5,5,4,14,Champions,37597.231250000004
CUST01003,213,3,76196.0,2,1,2,5,Lost Customers,25398.666666666668
CUST01004,185,7,457414.65,2,4,5,11,At Risk,65344.950000000004
CUST01005,406,1,75545.0,1,1,1,3,Lost Customers,75545.0
CUST01006,302,6,217748.85,1,4,4,9,At Risk,36291.475
CUST01007,96,8,712689.85,3,5,5,13,Loyal Customers,89086.23125
CUST01008,339,7,240495.99999999997,1,4,4,9,At Risk,34356.57142857143
CUST01009,201,1,15430.4,2,1,1,4,Lost Customers,15430.4
CUST01010,21,2,152396.4,5,1,3,9,Others,76198.2
CUST01011,257,6,267866.15,2,4,4,10,At Risk,44644.35833333334
CUST01012,111,2,10887.0,3,1,1,5,Others,5443.5
CUST01013,706,1,5561.6,1,1,1,3,Lost Customers,5561.6
CUST01014,78,7,186272.9,4,4,3,11,Loyal Customers,26610.414285714283
CUST01015,121,4,226468.2,3,2,4,9,Others,56617.05
CUST01016,37,6,490727.3,5,4,5,14,Champions,81787.88333333333
CUST01017,87,3,94598.6,4,1,2,7,Others,31532.86666666667
CUST01018,123,6,215804.15,3,4,4,11,Loyal Customers,35967.35833333333
CUST01019,192,6,425945.8,2,4,5,11,At Risk,70990.96666666666
CUST01020,278,6,463619.75,2,4,5,11,At Risk,77269.95833333333
CUST01021,138,7,84685.0,3,4,2,9,Loyal Customers,12097.857142857143
CUST01022,294,5,357935.7,1,3,5,9,At Risk,71587.14
CUST01023,251,6,233480.95,2,4,4,10,At Risk,38913.49166666667
CUST01024,149,7,207348.4,3,4,3,10,Loyal Customers,29621.2
CUST01025,128,8,181953.95,3,5,3,11,Loyal Customers,22744.24375
CUST01026,55,3,61716.45,4,1,1,6,Others,20572.149999999998
CUST01027,316,5,135528.40000000002,1,3,2,6,Others,27105.680000000004
CUST01028,174,6,69586.8,2,4,1,7,Others,11597.800000000001
CUST01029,45,8,172454.5,4,5,3,12,Loyal Customers,21556.8125
CUST01030,70,5,181002.0,4,3,3,10,Potential Loyalists,36200.4
CUST01031,268,2,93421.0,2,1,2,5,Lost Customers,46710.5
CUST01032,41,5,246753.75,5,3,4,12,Potential Loyalists,49350.75
CUST01033,208,7,239594.19999999998,2,4,4,10,At Risk,34227.74285714285
CUST01034,309,5,152074.05,1,3,3,7,At Risk,30414.809999999998
CUST01035,29,7,349014.65,5,4,5,14,Champions,49859.235714285714
CUST01036,446,3,111801.35,1,1,2,4,Lost Customers,37267.11666666667
CUST01037,234,1,44709.15,2,1,1,4,Lost Customers,44709.15
CUST01038,369,4,104357.2,1,2,2,5,Lost Customers,26089.3
CUST01039,302,1,78378.0,1,1,2,4,Lost Customers,78378.0
CUST01040,472,4,74175.45,1,2,1,4,Lost Customers,18543.8625
CUST01041,523,2,16886.6,1,1,1,3,Lost Customers,8443.3
CUST01042,398,4,102128.15,1,2,2,5,Lost Customers,25532.0375
CUST01043,37,8,242886.9,5,5,4,14,Champions,30360.8625
CUST01044,212,5,144974.65,2,3,3,8,At Risk,28994.93
CUST01045,16,2,5297.15,5,1,1,7,Others,2648.575
CUST01046,295,4,46387.35,1,2,1,4,Lost Customers,11596.8375
CUST01047,32,6,81976.95,5,4,2,11,Loyal Customers,13662.824999999999
CUST01048,104,4,202135.5,3,2,3,8,Others,50533.875
CUST01049,224,7,167351.5,2,4,3,9,At Risk,23907.35714285714
CUST01050,96,2,29941.0,3,1,1,5,Others,14970.5
CUST01051,208,6,246235.55000000002,2,4,4,10,At Risk,41039.25833333334
CUST01052,162,6,636532.2,3,4,5,12,Loyal Customers,106088.7
CUST01053,11,7,85206.15,5,4,2,11,Loyal Customers,12172.307142857142
CUST01054,133,9,546025.5,3,5,5,13,Loyal Customers,60669.5
CUST01055,103,6,284337.5,3,4,4,11,Loyal Customers,47389.583333333336
CUST01056,3,8,336214.9,5,5,5,15,Champions,42026.8625
CUST01057,71,8,185244.05,4,5,3,12,Loyal Customers,23155.50625
CUST01058,15,5,188917.8,5,3,3,11,Potential Loyalists,37783.56
CUST01059,231,7,920505.9500000001,2,4,5,11,At Risk,131500.85
CUST01060,497,4,136416.7,1,2,2,5,Lost Customers,34104.175
CUST01061,604,4,398647.75,1,2,5,8,Lost Customers,99661.9375
CUST01062,92,5,135858.5,4,3,2,9,Potential Loyalists,27171.7
CUST01063,206,5,437876.9,2,3,5,10,At Risk,87575.38
CUST01064,1,8,448053.2,5,5,5,15,Champions,56006.65
CUST01065,231,5,120592.7,2,3,2,7,Others,24118.54
CUST01066,94,4,13191.4,4,2,1,7,Potential Loyalists,3297.85
CUST01067,126,2,76828.0,3,1,2,6,Others,38414.0
CUST01068,65,11,667926.7,4,5,5,14,Champions,60720.609090909085
CUST01069,15,15,836554.7000000001,5,5,5,15,Champions,55770.31333333334
CUST01070,789,3,179936.6,1,1,3,5,Lost Customers,59978.86666666667
CUST01071,404,1,40104.0,1,1,1,3,Lost Customers,40104.0
CUST01072,107,3,167848.0,3,1,3,7,Others,55949.333333333336
CUST01073,82,6,127445.34999999999,4,4,2,10,Loyal Customers,21240.891666666666
CUST01074,214,4,134237.55,2,2,2,6,Lost Customers,33559.3875
CUST01075,22,4,135172.5,5,2,2,9,Potential Loyalists,33793.125
CUST01076,137,7,343018.4,3,4,5,12,Loyal Customers,49002.62857142858
CUST01077,254,5,157710.25,2,3,3,8,At Risk,31542.05
CUST01078,120,8,186689.1,3,5,3,11,Loyal Customers,23336.1375
CUST01079,51,6,201265.75,4,4,3,11,Loyal Customers,33544.291666666664
CUST01080,140,8,196631.94999999998,3,5,3,11,Loyal Customers,24578.993749999998
CUST01081,254,4,66249.85,2,2,1,5,Lost Customers,16562.4625
CUST01082,245,4,77052.4,2,2,2,6,Lost Customers,19263.1
CUST01083,101,4,276362.75,3,2,4,9,Others,69090.6875
CUST01084,40,6,109057.25,5,4,2,11,Loyal Customers,18176.208333333332
CUST01085,69,4,133726.9,4,2,2,8,Potential Loyalists,33431.725
CUST01086,31,6,475204.05,5,4,5,14,Champions,79200.675
CUST01087,65,3,82377.05,4,1,2,7,Others,27459.016666666666
CUST01088,292,2,202823.2,2,1,3,6,Lost Customers,101411.6
CUST01089,6,8,131818.3,5,5,2,12,Loyal Customers,16477.2875
CUST01090,102,7,289734.3,3,4,4,11,Loyal Customers,41390.614285714284
CUST01091,43,6,238803.25,4,4,4,12,Champions,39800.541666666664
CUST01092,54,6,272697.3,4,4,4,12,Champions,45449.549999999996
CUST01093,26,3,27688.95,5,1,1,7,Others,9229.65
CUST01094,65,4,90084.9,4,2,2,8,Potential Loyalists,22521.225
CUST01095,395,3,125946.0,1,1,2,4,Lost Customers,41982.0
CUST01096,753,1,2126.7,1,1,1,3,Lost Customers,2126.7
CUST01097,360,7,335974.65,1,4,5,10,At Risk,47996.37857142858
CUST01098,315,3,163490.7,1,1,3,5,Lost Customers,54496.9
CUST01099,157,9,378017.6,3,5,5,13,Loyal Customers,42001.955555555556
CUST01100,172,4,43222.7,2,2,1,5,Lost Customers,10805.675
CUST01101,130,7,171295.3,3,4,3,10,Loyal Customers,24470.757142857143
CUST01102,346,3,82961.0,1,1,2,4,Lost Customers,27653.666666666668
CUST01103,152,3,208542.6,3,1,3,7,Others,69514.2
CUST01104,153,4,81426.75,3,2,2,7,Others,20356.6875
CUST01105,24,5,220826.15,5,3,4,12,Potential Loyalists,44165.229999999996
CUST01106,608,1,12355.2,1,1,1,3,Lost Customers,12355.2
CUST01107,172,4,164643.55,2,2,3,7,Lost Customers,41160.8875
CUST01108,121,8,258972.9,3,5,4,12,Loyal Customers,32371.6125
CUST01109,14,6,204507.3,5,4,3,12,Loyal Customers,34084.549999999996
CUST01110,14,1,3618.0,5,1,1,7,Others,3618.0
CUST01111,114,7,146474.6,3,4,3,10,Loyal Customers,20924.942857142858
CUST01112,583,3,182361.6,1,1,3,5,Lost Customers,60787.200000000004
CUST01113,287,2,11414.3,2,1,1,4,Lost Customers,5707.15
CUST01114,86,9,382128.8,4,5,5,14,Champions,42458.75555555555
CUST01115,617,3,65173.3,1,1,1,3,Lost Customers,21724.433333333334
CUST01116,52,3,290998.65,4,1,4,9,Others,96999.55
CUST01117,444,5,145527.44999999998,1,3,3,7,At Risk,29105.489999999998
CUST01118,5,6,128838.3,5,4,2,11,Loyal Customers,21473.05
CUST01119,235,2,258970.0,2,1,4,7,Lost Customers,129485.0
CUST01120,247,4,154312.25,2,2,3,7,Lost Customers,38578.0625
CUST01121,114,4,128292.15000000001,3,2,2,7,Others,32073.037500000002
CUST01122,121,4,36874.35,3,2,1,6,Others,9218.5875
CUST01123,48,5,388664.55,4,3,5,12,Potential Loyalists,77732.91
CUST01124,453,5,139943.85,1,3,3,7,At Risk,27988.77
CUST01125,182,8,270746.65,2,5,4,11,At Risk,33843.33125
CUST01126,301,5,46941.4,1,3,1,5,Others,9388.28
CUST01127,466,3,180010.3,1,1,3,5,Lost Customers,60003.43333333333
CUST01128,100,4,150553.8,3,2,3,8,Others,37638.45
CUST01129,120,9,269876.65,3,5,4,12,Loyal Customers,29986.294444444447
CUST01130,154,3,131234.9,3,1,2,6,Others,43744.96666666667
CUST01131,130,6,175123.2,3,4,3,10,Loyal Customers,29187.2
CUST01132,69,5,108526.45,4,3,2,9,Potential Loyalists,21705.29
CUST01133,240,6,45542.2,2,4,1,7,Others,7590.366666666666
CUST01134,6,5,189286.00000000003,5,3,3,11,Potential Loyalists,37857.200000000004
CUST01135,20,5,74470.05,5,3,1,9,Potential Loyalists,14894.01
CUST01136,332,3,179906.4,1,1,3,5,Lost Customers,59968.799999999996
CUST01137,476,3,96106.59999999999,1,1,2,4,Lost Customers,32035.53333333333
CUST01138,205,2,111897.8,2,1,2,5,Lost Customers,55948.9
CUST01139,1,3,18501.3,5,1,1,7,Others,6167.099999999999
CUST01140,39,7,369171.2,5,4,5,14,Champions,52738.74285714286
CUST01141,229,2,110630.6,2,1,2,5,Lost Customers,55315.3
CUST01142,232,2,83650.35,2,1,2,5,Lost Customers,41825.175
CUST01143,768,1,74744.0,1,1,1,3,Lost Customers,74744.0
CUST01144,30,7,298893.15,5,4,4,13,Champions,42699.02142857143
CUST01145,357,4,204004.8,1,2,3,6,Lost Customers,51001.2
CUST01146,338,8,175683.65,1,5,3,9,At Risk,21960.45625
CUST01147,4,7,90365.5,5,4,2,11,Loyal Customers,12909.357142857143
CUST01148,79,5,222103.34999999998,4,3,4,11,Potential Loyalists,44420.67
CUST01149,98,3,65732.25,3,1,1,5,Others,21910.75
CUST01150,366,7,191025.45,1,4,3,8,At Risk,27289.350000000002
CUST01151,86,9,664991.2000000001,4,5,5,14,Champions,73887.91111111111
CUST01152,593,4,85131.6,1,2,2,5,Lost Customers,21282.9
CUST01153,1,5,129341.2,5,3,2,10,Potential Loyalists,25868.239999999998
CUST01154,30,2,368650.35,5,1,5,11,Others,184325.175
CUST01155,195,3,114022.6,2,1,2,5,Lost Customers,38007.53333333333
CUST01156,163,10,451295.5,3,5,5,13,Loyal Customers,45129.55
CUST01157,31,10,545392.95,5,5,5,15,Champions,54539.295
CUST01158,131,4,289831.25,3,2,4,9,Others,72457.8125
CUST01159,30,8,167332.85,5,5,3,13,Loyal Customers,20916.60625
CUST01160,188,3,67967.05,2,1,1,4,Lost Customers,22655.683333333334
CUST01161,3,5,127982.5,5,3,2,10,Potential Loyalists,25596.5
CUST01162,453,2,17768.4,1,1,1,3,Lost Customers,8884.2
CUST01163,244,5,29652.899999999998,2,3,1,6,Others,5930.58
CUST01164,144,3,75932.6,3,1,2,6,Others,25310.86666666667
CUST01165,83,5,171446.35,4,3,3,10,Potential Loyalists,34289.270000000004
CUST01166,80,10,597624.85,4,5,5,14,Champions,59762.485
CUST01167,278,2,251353.59999999998,2,1,4,7,Lost Customers,125676.79999999999
CUST01168,376,5,82096.0,1,3,2,6,Others,16419.2
CUST01169,131,1,5611.0,3,1,1,5,Others,5611.0
CUST01170,396,2,198684.90000000002,1,1,3,5,Lost Customers,99342.45000000001
CUST01171,256,2,87995.6,2,1,2,5,Lost Customers,43997.8
CUST01172,61,4,80501.45,4,2,2,8,Potential Loyalists,20125.3625
CUST01173,160,8,646557.15,3,5,5,13,Loyal Customers,80819.64375
CUST01174,238,5,34670.5,2,3,1,6,Others,6934.1
CUST01175,6,6,144742.55,5,4,3,12,Loyal Customers,24123.75833333333
CUST01176,42,4,107364.7,4,2,2,8,Potential Loyalists,26841.175
CUST01177,10,4,6590.5,5,2,1,8,Potential Loyalists,1647.625
CUST01178,25,2,227705.80000000002,5,1,4,10,Others,113852.90000000001
CUST01179,127,7,238159.9,3,4,4,11,Loyal Customers,34022.84285714286
CUST01180,437,5,70606.5,1,3,1,5,Others,14121.3
CUST01181,107,3,87548.55,3,1,2,6,Others,29182.850000000002
CUST01182,360,2,55709.100000000006,1,1,1,3,Lost Customers,27854.550000000003
CUST01183,127,6,275883.2,3,4,4,11,Loyal Customers,45980.53333333333
CUST01184,243,5,179119.95,2,3,3,8,At Risk,35823.990000000005
CUST01185,347,4,267607.0,1,2,4,7,Lost Customers,66901.75
CUST01186,99,6,258398.34999999998,3,4,4,11,Loyal Customers,43066.39166666666
CUST01187,120,6,240616.4,3,4,4,11,Loyal Customers,40102.73333333333
CUST01188,332,4,99574.40000000001,1,2,2,5,Lost Customers,24893.600000000002
CUST01189,217,3,119382.09999999999,2,1,2,5,Lost Customers,39794.03333333333
CUST01190,42,8,512240.64999999997,4,5,5,14,Champions,64030.081249999996
CUST01191,105,5,51437.1,3,3,1,7,Others,10287.42
CUST01192,76,5,328092.8,4,3,5,12,Potential Loyalists,65618.56
CUST01193,94,6,96034.04999999999,4,4,2,10,Loyal Customers,16005.674999999997
CUST01194,14,7,100630.25,5,4,2,11,Loyal Customers,14375.75
CUST01195,28,10,844203.25,5,5,5,15,Champions,84420.325
CUST01196,292,5,224425.55000000002,2,3,4,9,At Risk,44885.11
CUST01197,9,7,390607.2,5,4,5,14,Champions,55801.02857142857
CUST01198,11,5,460373.1,5,3,5,13,Potential Loyalists,92074.62
CUST01199,111,7,126582.85,3,4,2,9,Loyal Customers,18083.264285714286
CUST01200,89,4,73228.7,4,2,1,7,Potential Loyalists,18307.175
CUST01201,251,4,114440.35,2,2,2,6,Lost Customers,28610.0875
CUST01202,99,8,407697.05,3,5,5,13,Loyal Customers,50962.13125
CUST01203,44,9,439899.75,4,5,5,14,Champions,48877.75
CUST01204,45,3,35339.600000000006,4,1,1,6,Others,11779.866666666669
CUST01205,16,6,86596.4,5,4,2,11,Loyal Customers,14432.733333333332
CUST01206,13,10,233706.35,5,5,4,14,Champions,23370.635000000002
CUST01207,59,4,81495.15000000001,4,2,2,8,Potential Loyalists,20373.787500000002
CUST01208,33,5,42115.6,5,3,1,9,Potential Loyalists,8423.119999999999
CUST01209,326,4,137237.95,1,2,2,5,Lost Customers,34309.4875
CUST01210,11,9,365339.45,5,5,5,15,Champions,40593.27222222222
CUST01211,63,7,445555.55,4,4,5,13,Champions,63650.79285714286
CUST01212,41,8,417947.4,5,5,5,15,Champions,52243.425
CUST01213,179,5,158762.55,2,3,3,8,At Risk,31752.51
CUST01214,7,5,172558.4,5,3,3,11,Potential Loyalists,34511.68
CUST01215,293,1,17324.1,1,1,1,3,Lost Customers,17324.1
CUST01216,356,2,62520.45,1,1,1,3,Lost Customers,31260.225
CUST01217,208,2,86463.29999999999,2,1,2,5,Lost Customers,43231.649999999994
CUST01218,163,4,383260.2,3,2,5,10,Others,95815.05
CUST01219,184,7,90484.8,2,4,2,8,Others,12926.4
CUST01220,20,7,460489.19999999995,5,4,5,14,Champions,65784.17142857143
CUST01221,42,5,64365.85,4,3,1,8,Potential Loyalists,12873.17
CUST01222,15,4,135555.69999999998,5,2,2,9,Potential Loyalists,33888.924999999996
CUST01223,27,6,165608.2,5,4,3,12,Loyal Customers,27601.36666666667
CUST01224,324,2,135051.1,1,1,2,4,Lost Customers,67525.55
CUST01225,48,7,140374.0,4,4,3,11,Loyal Customers,20053.428571428572
CUST01226,67,9,291328.05,4,5,4,13,Champions,32369.783333333333
CUST01227,50,4,139716.2,4,2,3,9,Potential Loyalists,34929.05
CUST01228,110,6,264273.7,3,4,4,11,Loyal Customers,44045.61666666667
CUST01229,78,7,590555.95,4,4,5,13,Champions,84365.1357142857
CUST01230,377,3,336941.35,1,1,5,7,Lost Customers,112313.78333333333
CUST01231,136,5,221607.65,3,3,4,10,Others,44321.53
CUST01232,540,4,118579.4,1,2,2,5,Lost Customers,29644.85
CUST01233,67,4,106125.45,4,2,2,8,Potential Loyalists,26531.3625
CUST01234,156,5,282665.35,3,3,4,10,Others,56533.06999999999
CUST01235,355,3,189964.75,1,1,3,5,Lost Customers,63321.583333333336
CUST01236,545,1,26412.85,1,1,1,3,Lost Customers,26412.85
CUST01237,252,3,14782.75,2,1,1,4,Lost Customers,4927.583333333333
CUST01238,351,6,146086.4,1,4,3,8,At Risk,24347.733333333334
CUST01239,96,6,292393.44999999995,3,4,4,11,Loyal Customers,48732.24166666666
CUST01240,414,5,188255.1,1,3,3,7,At Risk,37651.020000000004
CUST01241,302,3,88099.45,1,1,2,4,Lost Customers,29366.483333333334
CUST01242,41,5,227297.6,5,3,4,12,Potential Loyalists,45459.520000000004
CUST01243,223,5,332467.45,2,3,5,10,At Risk,66493.49
CUST01244,274,3,190643.05,2,1,3,6,Lost Customers,63547.68333333333
CUST01245,14,7,422625.45,5,4,5,14,Champions,60375.06428571429
CUST01246,298,8,258830.6,1,5,4,10,At Risk,32353.825
CUST01247,178,4,56425.95,2,2,1,5,Lost Customers,14106.4875
CUST01248,30,7,245070.8,5,4,4,13,Champions,35010.114285714284
CUST01249,259,3,147430.1,2,1,3,6,Lost Customers,49143.36666666667
CUST01250,551,1,2826.0,1,1,1,3,Lost Customers,2826.0
CUST01251,124,6,440411.4,3,4,5,12,Loyal Customers,73401.90000000001
CUST01252,68,6,206319.05,4,4,3,11,Loyal Customers,34386.50833333333
CUST01253,52,5,189751.65,4,3,3,10,Potential Loyalists,37950.33
CUST01254,193,3,193487.85,2,1,3,6,Lost Customers,64495.950000000004
CUST01255,32,8,303752.15,5,5,4,14,Champions,37969.01875
CUST01256,33,8,456047.7,5,5,5,15,Champions,57005.9625
CUST01257,23,6,276831.6,5,4,4,13,Champions,46138.6
CUST01258,833,1,25328.9,1,1,1,3,Lost Customers,25328.9
CUST01259,8,5,444574.1,5,3,5,13,Potential Loyalists,88914.81999999999
CUST01260,88,2,30522.050000000003,4,1,1,6,Others,15261.025000000001
CUST01261,9,2,51541.2,5,1,1,7,Others,25770.6
CUST01262,51,6,316386.5,4,4,4,12,Champions,52731.083333333336
CUST01263,431,4,280678.25,1,2,4,7,Lost Customers,70169.5625
CUST01264,249,5,334339.9,2,3,5,10,At Risk,66867.98000000001
CUST01265,113,3,92682.8,3,1,2,6,Others,30894.266666666666
CUST01266,580,3,29570.399999999998,1,1,1,3,Lost Customers,9856.8
CUST01267,338,6,96159.7,1,4,2,7,Others,16026.616666666667
CUST01268,158,5,37510.0,3,3,1,7,Others,7502.0
CUST01269,49,6,559260.8,4,4,5,13,Champions,93210.13333333335
CUST01270,327,5,133661.75,1,3,2,6,Others,26732.35
CUST01271,230,7,140594.6,2,4,3,9,At Risk,20084.942857142858
CUST01272,225,6,163047.4,2,4,3,9,At Risk,27174.566666666666
CUST01273,413,2,53130.200000000004,1,1,1,3,Lost Customers,26565.100000000002
CUST01274,146,5,131356.65,3,3,2,8,Others,26271.329999999998
CUST01275,537,4,127953.15,1,2,2,5,Lost Customers,31988.2875
CUST01276,50,3,113807.54999999999,4,1,2,7,Others,37935.85
CUST01277,399,3,31152.45,1,1,1,3,Lost Customers,10384.15
CUST01278,419,3,47924.7,1,1,1,3,Lost Customers,15974.9
CUST01279,66,6,303494.85,4,4,4,12,Champions,50582.475
CUST01280,10,7,312752.0,5,4,4,13,Champions,44678.857142857145
CUST01281,39,3,253689.5,5,1,4,10,Others,84563.16666666667
CUST01282,217,4,41525.4,2,2,1,5,Lost Customers,10381.35
CUST01283,3,6,320180.15,5,4,5,14,Champions,53363.35833333334
CUST01284,172,4,166108.75,2,2,3,7,Lost Customers,41527.1875
CUST01285,139,6,238048.5,3,4,4,11,Loyal Customers,39674.75
CUST01286,227,4,77257.15,2,2,2,6,Lost Customers,19314.2875
CUST01287,22,6,301102.55,5,4,4,13,Champions,50183.75833333333
CUST01288,116,4,168213.3,3,2,3,8,Others,42053.325
CUST01289,365,1,4932.8,1,1,1,3,Lost Customers,4932.8
CUST01290,405,8,476388.55,1,5,5,11,At Risk,59548.56875
CUST01291,31,4,187575.8,5,2,3,10,Potential Loyalists,46893.95
CUST01292,237,5,283672.35,2,3,4,9,At Risk,56734.469999999994
CUST01293,247,6,372496.8,2,4,5,11,At Risk,62082.799999999996
CUST01294,172,2,112477.55,2,1,2,5,Lost Customers,56238.775
CUST01295,22,4,78548.35,5,2,2,9,Potential Loyalists,19637.0875
CUST01296,333,6,209783.75,1,4,3,8,At Risk,34963.958333333336
CUST01297,245,7,168555.5,2,4,3,9,At Risk,24079.35714285714
CUST01298,508,1,33175.2,1,1,1,3,Lost Customers,33175.2
CUST01299,33,7,595709.75,5,4,5,14,Champions,85101.39285714286
CUST01300,202,5,137322.95,2,3,2,7,Others,27464.590000000004
CUST01301,140,3,103662.6,3,1,2,6,Others,34554.200000000004
CUST01302,60,3,244858.8,4,1,4,9,Others,81619.59999999999
CUST01303,248,6,270644.9,2,4,4,10,At Risk,45107.48333333334
CUST01304,55,3,207074.0,4,1,3,8,Others,69024.66666666667
CUST01305,426,4,333748.0,1,2,5,8,Lost Customers,83437.0
CUST01306,74,6,277295.4,4,4,4,12,Champions,46215.9
CUST01307,180,5,231253.1,2,3,4,9,At Risk,46250.62
CUST01308,46,6,472500.65,4,4,5,13,Champions,78750.10833333334
CUST01309,292,6,144433.15,2,4,3,9,At Risk,24072.191666666666
CUST01310,665,3,167978.2,1,1,3,5,Lost Customers,55992.73333333334
CUST01311,181,6,144988.05,2,4,3,9,At Risk,24164.675
CUST01312,48,6,231733.3,4,4,4,12,Champions,38622.21666666667
CUST01313,227,3,102244.6,2,1,2,5,Lost Customers,34081.53333333333
CUST01314,82,6,361003.0,4,4,5,13,Champions,60167.166666666664
CUST01315,112,8,380994.55,3,5,5,13,Loyal Customers,47624.31875
CUST01316,8,7,463974.7,5,4,5,14,Champions,66282.1
CUST01317,90,6,414291.6,4,4,5,13,Champions,69048.59999999999
CUST01318,63,3,48549.2,4,1,1,6,Others,16183.066666666666
CUST01319,574,3,123900.1,1,1,2,4,Lost Customers,41300.03333333333
CUST01320,44,6,19186.0,4,4,1,9,Loyal Customers,3197.6666666666665
CUST01321,92,7,580373.1,4,4,5,13,Champions,82910.44285714286
CUST01322,153,7,246991.35,3,4,4,11,Loyal Customers,35284.478571428575
CUST01323,76,2,270681.6,4,1,4,9,Others,135340.8
CUST01324,128,7,127290.4,3,4,2,9,Loyal Customers,18184.342857142856
CUST01325,133,4,116436.6,3,2,2,7,Others,29109.15
CUST01326,32,8,424315.2,5,5,5,15,Champions,53039.4
CUST01327,45,3,219112.6,4,1,4,9,Others,73037.53333333334
CUST01328,339,4,431255.2,1,2,5,8,Lost Customers,107813.8
CUST01329,196,6,269192.35,2,4,4,10,At Risk,44865.39166666666
CUST01330,162,4,23799.65,3,2,1,6,Others,5949.9125
CUST01331,135,7,134558.85,3,4,2,9,Loyal Customers,19222.692857142858
CUST01332,174,5,103134.04999999999,2,3,2,7,Others,20626.809999999998
CUST01333,99,3,42395.85,3,1,1,5,Others,14131.949999999999
CUST01334,188,3,88031.8,2,1,2,5,Lost Customers,29343.933333333334
CUST01335,12,6,620045.4,5,4,5,14,Champions,103340.90000000001
CUST01336,13,5,129717.5,5,3,2,10,Potential Loyalists,25943.5
CUST01337,60,3,68890.20000000001,4,1,1,6,Others,22963.400000000005
CUST01338,38,5,128516.6,5,3,2,10,Potential Loyalists,25703.32
CUST01339,82,5,105264.29999999999,4,3,2,9,Potential Loyalists,21052.859999999997
CUST01340,81,8,265996.65,4,5,4,13,Champions,33249.58125
CUST01341,68,5,116922.35,4,3,2,9,Potential Loyalists,23384.47
CUST01342,132,5,63418.09999999999,3,3,1,7,Others,12683.619999999999
CUST01343,110,4,139189.0,3,2,3,8,Others,34797.25
CUST01344,63,5,260926.55,4,3,4,11,Potential Loyalists,52185.31
CUST01345,585,2,177522.4,1,1,3,5,Lost Customers,88761.2
CUST01346,332,9,423648.25,1,5,5,11,At Risk,47072.02777777778
CUST01347,536,1,84499.35,1,1,2,4,Lost Customers,84499.35
CUST01348,141,4,357613.4,3,2,5,10,Others,89403.35
CUST01349,385,2,49067.350000000006,1,1,1,3,Lost Customers,24533.675000000003
CUST01350,370,5,218783.3,1,3,4,8,At Risk,43756.659999999996
CUST01351,200,3,53327.3,2,1,1,4,Lost Customers,17775.766666666666
CUST01352,741,1,9987.3,1,1,1,3,Lost Customers,9987.3
CUST01353,1,8,209961.95,5,5,4,14,Champions,26245.24375
CUST01354,211,5,88222.35,2,3,2,7,Others,17644.47
CUST01355,70,4,8002.6,4,2,1,7,Potential Loyalists,2000.65
CUST01356,157,6,188742.8,3,4,3,10,Loyal Customers,31457.13333333333
CUST01357,18,10,190589.8,5,5,3,13,Loyal Customers,19058.98
CUST01358,45,6,267362.69999999995,4,4,4,12,Champions,44560.44999999999
CUST01359,90,6,83943.45,4,4,2,10,Loyal Customers,13990.574999999999
CUST01360,33,7,171450.3,5,4,3,12,Loyal Customers,24492.899999999998
CUST01361,439,4,87598.2,1,2,2,5,Lost Customers,21899.55
CUST01362,328,4,238580.40000000002,1,2,4,7,Lost Customers,59645.100000000006
CUST01363,23,8,265338.65,5,5,4,14,Champions,33167.33125
CUST01364,500,6,351199.6,1,4,5,10,At Risk,58533.26666666666
CUST01365,23,2,368638.6,5,1,5,11,Others,184319.3
CUST01366,312,4,43466.0,1,2,1,4,Lost Customers,10866.5
CUST01367,200,4,177696.8,2,2,3,7,Lost Customers,44424.2
CUST01368,43,7,351124.55,4,4,5,13,Champions,50160.65
CUST01369,12,6,431473.05,5,4,5,14,Champions,71912.175
CUST01370,86,6,312228.85,4,4,4,12,Champions,52038.14166666666
CUST01371,57,6,55027.799999999996,4,4,1,9,Loyal Customers,9171.3
CUST01372,116,8,233517.0,3,5,4,12,Loyal Customers,29189.625
CUST01373,760,2,30850.6,1,1,1,3,Lost Customers,15425.3
CUST01374,421,3,68746.0,1,1,1,3,Lost Customers,22915.333333333332
CUST01375,183,5,162674.7,2,3,3,8,At Risk,32534.940000000002
CUST01376,245,7,129262.95,2,4,2,8,Others,18466.135714285712
CUST01377,145,4,15014.1,3,2,1,6,Others,3753.525
CUST01378,39,4,100927.79999999999,5,2,2,9,Potential Loyalists,25231.949999999997
CUST01379,17,6,141046.3,5,4,3,12,Loyal Customers,23507.716666666664
CUST01380,104,3,91104.5,3,1,2,6,Others,30368.166666666668
CUST01381,51,5,109597.20000000001,4,3,2,9,Potential Loyalists,21919.440000000002
CUST01382,208,5,283491.9,2,3,4,9,At Risk,56698.380000000005
CUST01383,110,8,276698.75,3,5,4,12,Loyal Customers,34587.34375
CUST01384,300,5,224877.5,1,3,4,8,At Risk,44975.5
CUST01385,147,6,183366.4,3,4,3,10,Loyal Customers,30561.066666666666
CUST01386,33,6,325650.0,5,4,5,14,Champions,54275.0
CUST01387,112,7,170785.1,3,4,3,10,Loyal Customers,24397.87142857143
CUST01388,212,7,121463.35,2,4,2,8,Others,17351.907142857144
CUST01389,479,3,280957.19999999995,1,1,4,6,Lost Customers,93652.39999999998
CUST01390,61,8,314235.0,4,5,4,13,Champions,39279.375
CUST01391,49,6,185898.0,4,4,3,11,Loyal Customers,30983.0
CUST01392,189,2,33868.1,2,1,1,4,Lost Customers,16934.05
CUST01393,5,4,172415.05,5,2,3,10,Potential Loyalists,43103.7625
CUST01394,405,1,7297.0,1,1,1,3,Lost Customers,7297.0
CUST01395,292,3,27138.1,2,1,1,4,Lost Customers,9046.033333333333
CUST01396,337,9,690113.0,1,5,5,11,At Risk,76679.22222222222
CUST01397,233,6,276782.8,2,4,4,10,At Risk,46130.46666666667
CUST01398,43,6,237696.7,4,4,4,12,Champions,39616.11666666667
CUST01399,65,3,147106.4,4,1,3,8,Others,49035.46666666667
CUST01400,118,4,93653.75,3,2,2,7,Others,23413.4375
CUST01401,44,6,188933.05,4,4,3,11,Loyal Customers,31488.841666666664
CUST01402,128,4,26404.95,3,2,1,6,Others,6601.2375
CUST01403,54,4,344079.8,4,2,5,11,Potential Loyalists,86019.95
CUST01404,90,7,309657.55,4,4,4,12,Champions,44236.79285714286
CUST01405,82,5,101606.5,4,3,2,9,Potential Loyalists,20321.3
CUST01406,43,7,926690.7,4,4,5,13,Champions,132384.38571428572
CUST01407,244,6,347737.8,2,4,5,11,At Risk,57956.299999999996
CUST01408,17,4,46075.600000000006,5,2,1,8,Potential Loyalists,11518.900000000001
CUST01409,127,5,66951.59999999999,3,3,1,7,Others,13390.319999999998
CUST01410,192,5,227591.8,2,3,4,9,At Risk,45518.36
CUST01411,167,2,220550.9,3,1,4,8,Others,110275.45
CUST01412,222,3,55374.7,2,1,1,4,Lost Customers,18458.233333333334
CUST01413,76,3,88029.2,4,1,2,7,Others,29343.066666666666
CUST01414,75,4,84401.55,4,2,2,8,Potential Loyalists,21100.3875
CUST01415,18,5,169745.34999999998,5,3,3,11,Potential Loyalists,33949.06999999999
CUST01416,305,7,248627.8,1,4,4,9,At Risk,35518.25714285714
CUST01417,49,4,216482.15,4,2,4,10,Potential Loyalists,54120.5375
CUST01418,75,6,213175.25,4,4,4,12,Champions,35529.208333333336
CUST01419,294,4,177797.6,1,2,3,6,Lost Customers,44449.4
CUST01420,85,2,2973.1,4,1,1,6,Others,1486.55
CUST01421,198,3,320810.75,2,1,5,8,Lost Customers,106936.91666666667
CUST01422,128,6,142291.0,3,4,3,10,Loyal Customers,23715.166666666668
CUST01423,9,3,70852.15,5,1,1,7,Others,23617.38333333333
CUST01424,382,4,130252.25,1,2,2,5,Lost Customers,32563.0625
CUST01425,12,4,143477.6,5,2,3,10,Potential Loyalists,35869.4
CUST01426,1,7,184072.2,5,4,3,12,Loyal Customers,26296.028571428575
CUST01427,239,6,208706.9,2,4,3,9,At Risk,34784.48333333333
CUST01428,67,7,288181.8,4,4,4,12,Champions,41168.82857142857
CUST01429,39,3,89913.9,5,1,2,8,Others,29971.3
CUST01430,74,6,509216.94999999995,4,4,5,13,Champions,84869.49166666665
CUST01431,213,5,204299.5,2,3,3,8,At Risk,40859.9
CUST01432,112,5,194451.15,3,3,3,9,Others,38890.229999999996
CUST01433,507,4,349976.9,1,2,5,8,Lost Customers,87494.225
CUST01434,166,5,351897.3,3,3,5,11,Others,70379.45999999999
CUST01435,242,7,393069.55,2,4,5,11,At Risk,56152.79285714286
CUST01436,319,4,71732.8,1,2,1,4,Lost Customers,17933.2
CUST01437,119,4,206848.45,3,2,3,8,Others,51712.1125
CUST01438,30,10,351274.9,5,5,5,15,Champions,35127.490000000005
CUST01439,218,1,104776.95,2,1,2,5,Lost Customers,104776.95
CUST01440,107,4,87216.45000000001,3,2,2,7,Others,21804.112500000003
CUST01441,44,8,410341.75,4,5,5,14,Champions,51292.71875
CUST01442,214,3,48084.200000000004,2,1,1,4,Lost Customers,16028.066666666668
CUST01443,100,4,146414.4,3,2,3,8,Others,36603.6
CUST01444,234,4,132485.0,2,2,2,6,Lost Customers,33121.25
CUST01445,184,5,201139.65,2,3,3,8,At Risk,40227.93
CUST01446,104,4,73084.4,3,2,1,6,Others,18271.1
CUST01447,61,4,220378.55,4,2,4,10,Potential Loyalists,55094.6375
CUST01448,294,3,43201.3,1,1,1,3,Lost Customers,14400.433333333334
CUST01449,50,9,82400.3,4,5,2,11,Loyal Customers,9155.58888888889
CUST01450,20,7,420736.5,5,4,5,14,Champions,60105.21428571428
CUST01451,503,5,155697.45,1,3,3,7,At Risk,31139.49
CUST01452,299,2,108491.9,1,1,2,4,Lost Customers,54245.95
CUST01453,44,7,379773.19999999995,4,4,5,13,Champions,54253.31428571428
CUST01454,212,6,258103.75,2,4,4,10,At Risk,43017.291666666664
CUST01455,61,5,245214.5,4,3,4,11,Potential Loyalists,49042.9
CUST01456,85,4,35784.25,4,2,1,7,Potential Loyalists,8946.0625
CUST01457,299,4,326533.3,1,2,5,8,Lost Customers,81633.325
CUST01458,172,6,254657.5,2,4,4,10,At Risk,42442.916666666664
CUST01459,10,8,236911.35,5,5,4,14,Champions,29613.91875
CUST01460,125,6,219326.69999999998,3,4,4,11,Loyal Customers,36554.45
CUST01461,3,3,290159.2,5,1,4,10,Others,96719.73333333334
CUST01462,136,7,302625.35,3,4,4,11,Loyal Customers,43232.19285714285
CUST01463,20,7,289438.0,5,4,4,13,Champions,41348.28571428572
CUST01464,29,7,120755.54999999999,5,4,2,11,Loyal Customers,17250.792857142857
CUST01465,359,2,64766.0,1,1,1,3,Lost Customers,32383.0
CUST01466,120,5,56700.399999999994,3,3,1,7,Others,11340.079999999998
CUST01467,31,5,180032.1,5,3,3,11,Potential Loyalists,36006.42
CUST01468,5,8,220604.2,5,5,4,14,Champions,27575.525
CUST01469,358,3,202263.6,1,1,3,5,Lost Customers,67421.2
CUST01470,44,4,277793.5,4,2,4,10,Potential Loyalists,69448.375
CUST01471,72,8,321320.8,4,5,5,14,Champions,40165.1
CUST01472,33,8,122090.25,5,5,2,12,Loyal Customers,15261.28125
CUST01473,800,1,24533.6,1,1,1,3,Lost Customers,24533.6
CUST01474,507,5,47866.600000000006,1,3,1,5,Others,9573.320000000002
CUST01475,128,6,164953.7,3,4,3,10,Loyal Customers,27492.283333333336
CUST01476,75,8,363325.60000000003,4,5,5,14,Champions,45415.700000000004
CUST01477,24,5,136601.9,5,3,2,10,Potential Loyalists,27320.379999999997
CUST01478,98,7,166919.15,3,4,3,10,Loyal Customers,23845.592857142856
CUST01479,263,3,233344.0,2,1,4,7,Lost Customers,77781.33333333333
CUST01480,49,3,71387.15,4,1,1,6,Others,23795.716666666664
CUST01481,361,4,221760.55,1,2,4,7,Lost Customers,55440.1375
CUST01482,238,5,128303.7,2,3,2,7,Others,25660.739999999998
CUST01483,516,3,68588.9,1,1,1,3,Lost Customers,22862.966666666664
CUST01484,2,3,179001.25,5,1,3,9,Others,59667.083333333336
CUST01485,98,6,83423.4,3,4,2,9,Loyal Customers,13903.9
CUST01486,86,4,616484.75,4,2,5,11,Potential Loyalists,154121.1875
CUST01487,136,10,164671.55,3,5,3,11,Loyal Customers,16467.155
CUST01488,66,7,426742.60000000003,4,4,5,13,Champions,60963.228571428575
CUST01489,99,5,202570.19999999998,3,3,3,9,Others,40514.03999999999
CUST01490,124,8,274114.85,3,5,4,12,Loyal Customers,34264.35625
CUST01491,2,4,126003.9,5,2,2,9,Potential Loyalists,31500.975
CUST01492,224,3,275728.0,2,1,4,7,Lost Customers,91909.33333333333
CUST01493,125,4,152273.3,3,2,3,8,Others,38068.325
CUST01494,71,6,313028.9,4,4,4,12,Champions,52171.48333333334
CUST01495,13,7,99458.5,5,4,2,11,Loyal Customers,14208.357142857143
CUST01496,150,3,244394.35,3,1,4,8,Others,81464.78333333334
CUST01497,143,5,639822.95,3,3,5,11,Others,127964.59
CUST01498,17,9,117934.5,5,5,2,12,Loyal Customers,13103.833333333334
CUST01499,22,4,393400.3,5,2,5,12,Potential Loyalists,98350.075
CUST01500,61,5,82296.65,4,3,2,9,Potential Loyalists,16459.329999999998
CUST01501,38,10,576266.35,5,5,5,15,Champions,57626.634999999995
CUST01502,190,6,134065.94999999998,2,4,2,8,Others,22344.324999999997
CUST01503,72,5,374704.14999999997,4,3,5,12,Potential Loyalists,74940.82999999999
CUST01504,236,6,360388.0,2,4,5,11,At Risk,60064.666666666664
CUST01505,31,6,207670.55,5,4,3,12,Loyal Customers,34611.75833333333
CUST01506,93,4,242804.65,4,2,4,10,Potential Loyalists,60701.1625
CUST01507,36,3,426451.0,5,1,5,11,Others,142150.33333333334
CUST01508,88,7,257382.40000000002,4,4,4,12,Champions,36768.91428571429
CUST01509,239,5,384023.4,2,3,5,10,At Risk,76804.68000000001
CUST01510,100,12,427765.4,3,5,5,13,Loyal Customers,35647.11666666667
CUST01511,113,5,205669.25,3,3,3,9,Others,41133.85
CUST01512,31,4,55410.850000000006,5,2,1,8,Potential Loyalists,13852.712500000001
CUST01513,116,4,234641.4,3,2,4,9,Others,58660.35
CUST01514,154,4,39264.2,3,2,1,6,Others,9816.05
CUST01515,298,2,91019.0,1,1,2,4,Lost Customers,45509.5
CUST01516,55,4,299643.95,4,2,4,10,Potential Loyalists,74910.9875
CUST01517,11,4,49340.5,5,2,1,8,Potential Loyalists,12335.125
CUST01518,403,5,602142.5499999999,1,3,5,9,At Risk,120428.50999999998
CUST01519,565,2,196848.05000000002,1,1,3,5,Lost Customers,98424.02500000001
CUST01520,201,10,986078.3,2,5,5,12,At Risk,98607.83
CUST01521,58,8,225220.5,4,5,4,13,Champions,28152.5625
CUST01522,87,4,59204.799999999996,4,2,1,7,Potential Loyalists,14801.199999999999
CUST01523,97,3,33124.2,3,1,1,5,Others,11041.4
CUST01524,500,1,191996.0,1,1,3,5,Lost Customers,191996.0
CUST01525,13,9,85831.04999999999,5,5,2,12,Loyal Customers,9536.783333333333
CUST01526,128,7,163742.8,3,4,3,10,Loyal Customers,23391.82857142857
CUST01527,9,7,316085.85,5,4,4,13,Champions,45155.12142857142
CUST01528,233,3,91727.8,2,1,2,5,Lost Customers,30575.933333333334
CUST01529,118,11,289473.15,3,5,4,12,Loyal Customers,26315.74090909091
CUST01530,238,3,66584.3,2,1,1,4,Lost Customers,22194.766666666666
CUST01531,63,2,11260.4,4,1,1,6,Others,5630.2
CUST01532,111,6,392647.8,3,4,5,12,Loyal Customers,65441.299999999996
CUST01533,121,3,43206.799999999996,3,1,1,5,Others,14402.266666666665
CUST01534,58,5,146214.2,4,3,3,10,Potential Loyalists,29242.840000000004
CUST01535,33,3,149518.8,5,1,3,9,Others,49839.6
CUST01536,9,3,46086.9,5,1,1,7,Others,15362.300000000001
CUST01537,151,3,80144.05,3,1,2,6,Others,26714.683333333334
CUST01538,102,5,143580.05,3,3,3,9,Others,28716.01
CUST01539,133,6,308761.45,3,4,4,11,Loyal Customers,51460.24166666667
CUST01540,225,2,55270.2,2,1,1,4,Lost Customers,27635.1
CUST01541,137,5,532475.05,3,3,5,11,Others,106495.01000000001
CUST01542,500,1,15706.8,1,1,1,3,Lost Customers,15706.8
CUST01543,61,6,177820.25,4,4,3,11,Loyal Customers,29636.708333333332
CUST01544,195,5,276228.89999999997,2,3,4,9,At Risk,55245.77999999999
CUST01545,559,3,31769.2,1,1,1,3,Lost Customers,10589.733333333334
CUST01546,177,5,45431.85,2,3,1,6,Others,9086.369999999999
CUST01547,132,7,279451.35,3,4,4,11,Loyal Customers,39921.62142857142
CUST01548,23,5,234825.7,5,3,4,12,Potential Loyalists,46965.14
CUST01549,153,5,472743.35000000003,3,3,5,11,Others,94548.67000000001
CUST01550,458,2,15266.699999999999,1,1,1,3,Lost Customers,7633.349999999999
CUST01551,99,9,262042.15,3,5,4,12,Loyal Customers,29115.794444444444
CUST01552,111,8,191179.6,3,5,3,11,Loyal Customers,23897.45
CUST01553,264,6,464535.5,2,4,5,11,At Risk,77422.58333333333
CUST01554,21,7,235033.1,5,4,4,13,Champions,33576.15714285714
CUST01555,87,2,69974.5,4,1,1,6,Others,34987.25
CUST01556,22,7,135174.1,5,4,2,11,Loyal Customers,19310.585714285717
CUST01557,495,5,402428.3,1,3,5,9,At Risk,80485.66
CUST01558,44,6,30435.449999999997,4,4,1,9,Loyal Customers,5072.575
CUST01559,330,4,175502.35,1,2,3,6,Lost Customers,43875.5875
CUST01560,218,6,170319.9,2,4,3,9,At Risk,28386.649999999998
CUST01561,71,4,147898.7,4,2,3,9,Potential Loyalists,36974.675
CUST01562,88,3,14587.2,4,1,1,6,Others,4862.400000000001
CUST01563,229,5,226366.6,2,3,4,9,At Risk,45273.32
CUST01564,392,4,227944.6,1,2,4,7,Lost Customers,56986.15
CUST01565,66,7,185576.7,4,4,3,11,Loyal Customers,26510.957142857143
CUST01566,160,4,123939.45000000001,3,2,2,7,Others,30984.862500000003
CUST01567,152,5,35266.1,3,3,1,7,Others,7053.219999999999
CUST01568,650,1,12325.6,1,1,1,3,Lost Customers,12325.6
CUST01569,517,5,68763.7,1,3,1,5,Others,13752.74
CUST01570,290,3,91846.20000000001,2,1,2,5,Lost Customers,30615.400000000005
CUST01571,53,5,211177.1,4,3,4,11,Potential Loyalists,42235.42
CUST01572,149,4,580565.5,3,2,5,10,Others,145141.375
CUST01573,11,7,297720.95,5,4,4,13,Champions,42531.56428571429
CUST01574,103,6,154191.65,3,4,3,10,Loyal Customers,25698.608333333334
CUST01575,84,7,407033.55000000005,4,4,5,13,Champions,58147.65000000001
CUST01576,147,6,121410.1,3,4,2,9,Loyal Customers,20235.016666666666
CUST01577,694,3,40612.5,1,1,1,3,Lost Customers,13537.5
CUST01578,372,5,80226.0,1,3,2,6,Others,16045.2
CUST01579,282,3,169667.9,2,1,3,6,Lost Customers,56555.96666666667
CUST01580,378,3,294784.7,1,1,4,6,Lost Customers,98261.56666666667
CUST01581,75,7,746490.75,4,4,5,13,Champions,106641.53571428571
CUST01582,163,6,176026.1,3,4,3,10,Loyal Customers,29337.683333333334
CUST01583,49,6,61071.7,4,4,1,9,Loyal Customers,10178.616666666667
CUST01584,362,2,59083.4,1,1,1,3,Lost Customers,29541.7
CUST01585,5,5,43790.45,5,3,1,9,Potential Loyalists,8758.09
CUST01586,220,5,308940.05000000005,2,3,4,9,At Risk,61788.01000000001
CUST01587,57,4,405154.5,4,2,5,11,Potential Loyalists,101288.625
CUST01588,126,7,316843.45,3,4,4,11,Loyal Customers,45263.35
CUST01589,159,4,83334.6,3,2,2,7,Others,20833.65
CUST01590,318,9,403533.55,1,5,5,11,At Risk,44837.06111111111
CUST01591,93,10,605463.7,4,5,5,14,Champions,60546.369999999995
CUST01592,106,6,106356.75,3,4,2,9,Loyal Customers,17726.125
CUST01593,14,2,57884.1,5,1,1,7,Others,28942.05
CUST01594,17,6,243936.7,5,4,4,13,Champions,40656.11666666667
CUST01595,392,5,258584.8,1,3,4,8,At Risk,51716.96
CUST01596,250,2,121487.8,2,1,2,5,Lost Customers,60743.9
CUST01597,442,3,731621.9,1,1,5,7,Lost Customers,243873.96666666667
CUST01598,104,5,311938.15,3,3,4,10,Others,62387.630000000005
CUST01599,16,6,182656.1,5,4,3,12,Loyal Customers,30442.683333333334
CUST01600,26,2,131641.9,5,1,2,8,Others,65820.95
CUST01601,128,1,17132.6,3,1,1,5,Others,17132.6
CUST01602,167,3,65871.1,3,1,1,5,Others,21957.033333333336
CUST01603,325,3,22273.0,1,1,1,3,Lost Customers,7424.333333333333
CUST01604,78,4,846521.6,4,2,5,11,Potential Loyalists,211630.4
CUST01605,13,4,57200.05,5,2,1,8,Potential Loyalists,14300.0125
CUST01606,31,7,185724.4,5,4,3,12,Loyal Customers,26532.057142857142
CUST01607,152,4,98835.65,3,2,2,7,Others,24708.9125
CUST01608,96,8,308869.65,3,5,4,12,Loyal Customers,38608.70625
CUST01609,4,11,393332.35,5,5,5,15,Champions,35757.48636363636
CUST01610,105,7,252534.8,3,4,4,11,Loyal Customers,36076.4
CUST01611,18,3,29557.0,5,1,1,7,Others,9852.333333333334
CUST01612,102,6,149879.9,3,4,3,10,Loyal Customers,24979.983333333334
CUST01613,172,2,67930.0,2,1,1,4,Lost Customers,33965.0
CUST01614,118,4,76175.8,3,2,2,7,Others,19043.95
CUST01615,283,4,75530.5,2,2,1,5,Lost Customers,18882.625
CUST01616,66,5,191250.5,4,3,3,10,Potential Loyalists,38250.1
CUST01617,93,10,387801.35,4,5,5,14,Champions,38780.134999999995
CUST01618,170,7,179393.7,2,4,3,9,At Risk,25627.67142857143
CUST01619,66,2,26604.0,4,1,1,6,Others,13302.0
CUST01620,25,7,144982.2,5,4,3,12,Loyal Customers,20711.742857142857
CUST01621,218,8,317008.6,2,5,4,11,At Risk,39626.075
CUST01622,278,8,365999.85,2,5,5,12,At Risk,45749.98125
CUST01623,317,6,282883.25,1,4,4,9,At Risk,47147.208333333336
CUST01624,134,7,229424.15000000002,3,4,4,11,Loyal Customers,32774.87857142858
CUST01625,21,12,463459.85,5,5,5,15,Champions,38621.65416666667
CUST01626,190,9,457473.95,2,5,5,12,At Risk,50830.43888888889
CUST01627,309,5,115852.8,1,3,2,6,Others,23170.56
CUST01628,31,9,207081.2,5,5,3,13,Loyal Customers,23009.022222222222
CUST01629,175,5,222871.75,2,3,4,9,At Risk,44574.35
CUST01630,51,2,192010.65000000002,4,1,3,8,Others,96005.32500000001
CUST01631,53,9,429176.35000000003,4,5,5,14,Champions,47686.26111111112
CUST01632,34,3,43320.9,5,1,1,7,Others,14440.300000000001
CUST01633,178,2,59675.700000000004,2,1,1,4,Lost Customers,29837.850000000002
CUST01634,258,3,52340.5,2,1,1,4,Lost Customers,17446.833333333332
CUST01635,3,5,62661.9,5,3,1,9,Potential Loyalists,12532.380000000001
CUST01636,7,6,842006.95,5,4,5,14,Champions,140334.49166666667
CUST01637,314,3,64803.95,1,1,1,3,Lost Customers,21601.316666666666
CUST01638,171,4,136749.95,2,2,2,6,Lost Customers,34187.4875
CUST01639,257,5,174505.3,2,3,3,8,At Risk,34901.06
CUST01640,51,7,226463.44999999998,4,4,4,12,Champions,32351.921428571426
CUST01641,329,7,289458.6,1,4,4,9,At Risk,41351.22857142857
CUST01642,347,6,112211.40000000001,1,4,2,7,Others,18701.9
CUST01643,2,6,206121.2,5,4,3,12,Loyal Customers,34353.53333333333
CUST01644,269,4,122137.4,2,2,2,6,Lost Customers,30534.35
CUST01645,63,5,158922.09999999998,4,3,3,10,Potential Loyalists,31784.419999999995
CUST01646,94,6,146942.25,4,4,3,11,Loyal Customers,24490.375
CUST01647,330,6,343397.64999999997,1,4,5,10,At Risk,57232.94166666666
CUST01648,199,5,107216.15,2,3,2,7,Others,21443.23
CUST01649,147,3,77697.45,3,1,2,6,Others,25899.149999999998
CUST01650,11,4,101750.5,5,2,2,9,Potential Loyalists,25437.625
CUST01651,86,10,266790.2,4,5,4,13,Champions,26679.02
CUST01652,460,3,100657.7,1,1,2,4,Lost Customers,33552.566666666666
CUST01653,89,4,249902.59999999998,4,2,4,10,Potential Loyalists,62475.649999999994
CUST01654,20,4,217155.2,5,2,4,11,Potential Loyalists,54288.8
CUST01655,4,9,151350.05,5,5,3,13,Loyal Customers,16816.67222222222
CUST01656,47,3,85593.4,4,1,2,7,Others,28531.13333333333
CUST01657,412,3,23642.15,1,1,1,3,Lost Customers,7880.716666666667
CUST01658,324,3,543158.1,1,1,5,7,Lost Customers,181052.69999999998
CUST01659,115,8,341978.2,3,5,5,13,Loyal Customers,42747.275
CUST01660,113,4,155729.8,3,2,3,8,Others,38932.45
CUST01661,185,5,45039.25,2,3,1,6,Others,9007.85
CUST01662,184,3,118949.09999999999,2,1,2,5,Lost Customers,39649.7
CUST01663,416,4,191309.0,1,2,3,6,Lost Customers,47827.25
CUST01664,114,4,217496.6,3,2,4,9,Others,54374.15
CUST01665,230,3,14980.400000000001,2,1,1,4,Lost Customers,4993.466666666667
CUST01666,52,12,294107.39999999997,4,5,4,13,Champions,24508.949999999997
CUST01667,481,5,49043.85,1,3,1,5,Others,9808.77
CUST01668,49,12,374313.25,4,5,5,14,Champions,31192.770833333332
CUST01669,223,5,104888.7,2,3,2,7,Others,20977.739999999998
CUST01670,203,6,274576.75,2,4,4,10,At Risk,45762.791666666664
CUST01671,60,8,399441.8,4,5,5,14,Champions,49930.225
CUST01672,74,5,97657.2,4,3,2,9,Potential Loyalists,19531.44
CUST01673,659,2,331844.4,1,1,5,7,Lost Customers,165922.2
CUST01674,8,8,327845.9,5,5,5,15,Champions,40980.7375
CUST01675,46,5,277401.6,4,3,4,11,Potential Loyalists,55480.31999999999
CUST01676,473,1,57235.6,1,1,1,3,Lost Customers,57235.6
CUST01677,71,9,305244.55,4,5,4,13,Champions,33916.06111111111
CUST01678,860,1,28608.0,1,1,1,3,Lost Customers,28608.0
CUST01679,171,3,239758.8,2,1,4,7,Lost Customers,79919.59999999999
CUST01680,59,9,238195.9,4,5,4,13,Champions,26466.21111111111
CUST01681,423,2,228292.0,1,1,4,6,Lost Customers,114146.0
CUST01682,53,4,398759.0,4,2,5,11,Potential Loyalists,99689.75
CUST01683,53,9,508435.75,4,5,5,14,Champions,56492.86111111111
CUST01684,84,4,121997.04999999999,4,2,2,8,Potential Loyalists,30499.262499999997
CUST01685,526,1,8403.1,1,1,1,3,Lost Customers,8403.1
CUST01686,269,5,145563.95,2,3,3,8,At Risk,29112.79
CUST01687,446,1,47981.7,1,1,1,3,Lost Customers,47981.7
CUST01688,229,4,339535.8,2,2,5,9,Lost Customers,84883.95
CUST01689,102,7,400246.55,3,4,5,12,Loyal Customers,57178.07857142857
CUST01690,140,3,87811.7,3,1,2,6,Others,29270.566666666666
CUST01691,262,12,413397.35,2,5,5,12,At Risk,34449.77916666667
CUST01692,151,6,234020.0,3,4,4,11,Loyal Customers,39003.333333333336
CUST01693,303,1,439.85,1,1,1,3,Lost Customers,439.85
CUST01694,235,2,15666.45,2,1,1,4,Lost Customers,7833.225
CUST01695,118,7,397231.55,3,4,5,12,Loyal Customers,56747.364285714284
CUST01696,241,6,272304.60000000003,2,4,4,10,At Risk,45384.100000000006
CUST01697,83,6,417368.64999999997,4,4,5,13,Champions,69561.44166666667
CUST01698,134,9,346672.15,3,5,5,13,Loyal Customers,38519.12777777778
CUST01699,213,5,58951.65,2,3,1,6,Others,11790.33
CUST01700,475,3,109296.0,1,1,2,4,Lost Customers,36432.0
CUST01701,10,8,104080.95,5,5,2,12,Loyal Customers,13010.11875
CUST01702,90,6,444760.0,4,4,5,13,Champions,74126.66666666667
CUST01703,59,5,197569.05,4,3,3,10,Potential Loyalists,39513.81
CUST01704,692,4,52053.5,1,2,1,4,Lost Customers,13013.375
CUST01705,192,2,16846.55,2,1,1,4,Lost Customers,8423.275
CUST01706,142,4,261250.59999999998,3,2,4,9,Others,65312.649999999994
CUST01707,100,3,129878.3,3,1,2,6,Others,43292.76666666667
CUST01708,251,10,203851.5,2,5,3,10,At Risk,20385.15
CUST01709,23,3,69678.8,5,1,1,7,Others,23226.266666666666
CUST01710,193,5,402679.7,2,3,5,10,At Risk,80535.94
CUST01711,12,6,275268.0,5,4,4,13,Champions,45878.0
CUST01712,109,9,475632.8,3,5,5,13,Loyal Customers,52848.08888888889
CUST01713,459,2,70787.90000000001,1,1,1,3,Lost Customers,35393.950000000004
CUST01714,75,5,261569.85,4,3,4,11,Potential Loyalists,52313.97
CUST01715,22,4,118205.6,5,2,2,9,Potential Loyalists,29551.4
CUST01716,536,3,89490.25,1,1,2,4,Lost Customers,29830.083333333332
CUST01717,431,4,120476.20000000001,1,2,2,5,Lost Customers,30119.050000000003
CUST01718,2,2,152044.8,5,1,3,9,Others,76022.4
CUST01719,144,6,536215.7,3,4,5,12,Loyal Customers,89369.28333333333
CUST01720,72,6,169353.0,4,4,3,11,Loyal Customers,28225.5
CUST01721,239,6,360230.1,2,4,5,11,At Risk,60038.35
CUST01722,186,8,262550.55,2,5,4,11,At Risk,32818.81875
CUST01723,231,3,47548.55,2,1,1,4,Lost Customers,15849.516666666668
CUST01724,276,9,324826.7,2,5,5,12,At Risk,36091.85555555556
CUST01725,64,3,248325.8,4,1,4,9,Others,82775.26666666666
CUST01726,3,6,689055.95,5,4,5,14,Champions,114842.65833333333
CUST01727,27,10,534420.5,5,5,5,15,Champions,53442.05
CUST01728,15,6,136225.0,5,4,2,11,Loyal Customers,22704.166666666668
CUST01729,46,4,106653.85,4,2,2,8,Potential Loyalists,26663.4625
CUST01730,508,2,2455.7,1,1,1,3,Lost Customers,1227.85
CUST01731,174,6,64329.299999999996,2,4,1,7,Others,10721.55
CUST01732,46,5,26110.95,4,3,1,8,Potential Loyalists,5222.1900000000005
CUST01733,638,1,3892.8,1,1,1,3,Lost Customers,3892.8
CUST01734,212,6,99425.55,2,4,2,8,Others,16570.925
CUST01735,195,3,45005.45,2,1,1,4,Lost Customers,15001.816666666666
CUST01736,226,4,59145.4,2,2,1,5,Lost Customers,14786.35
CUST01737,354,2,72907.75,1,1,1,3,Lost Customers,36453.875
CUST01738,169,6,120818.45000000001,3,4,2,9,Loyal Customers,20136.408333333336
CUST01739,55,11,735567.9,4,5,5,14,Champions,66869.8090909091
CUST01740,208,5,275050.85,2,3,4,9,At Risk,55010.17
CUST01741,153,8,401948.35,3,5,5,13,Loyal Customers,50243.54375
CUST01742,95,3,20795.5,3,1,1,5,Others,6931.833333333333
CUST01743,296,8,234766.55,1,5,4,10,At Risk,29345.81875
CUST01744,89,7,155664.85,4,4,3,11,Loyal Customers,22237.835714285717
CUST01745,7,2,65508.0,5,1,1,7,Others,32754.0
CUST01746,600,3,5931.799999999999,1,1,1,3,Lost Customers,1977.2666666666664
CUST01747,618,2,329673.7,1,1,5,7,Lost Customers,164836.85
CUST01748,157,5,112853.15000000001,3,3,2,8,Others,22570.63
CUST01749,132,2,33705.3,3,1,1,5,Others,16852.65
CUST01750,285,7,175475.4,2,4,3,9,At Risk,25067.914285714283
CUST01751,106,6,286010.75,3,4,4,11,Loyal Customers,47668.458333333336
CUST01752,140,5,232192.0,3,3,4,10,Others,46438.4
CUST01753,80,5,631033.7,4,3,5,12,Potential Loyalists,126206.73999999999
CUST01754,72,5,171387.2,4,3,3,10,Potential Loyalists,34277.44
CUST01755,73,5,407396.45,4,3,5,12,Potential Loyalists,81479.29000000001
CUST01756,117,4,107843.49999999999,3,2,2,7,Others,26960.874999999996
CUST01757,219,3,20098.45,2,1,1,4,Lost Customers,6699.483333333334
CUST01758,221,11,902584.3500000001,2,5,5,12,At Risk,82053.12272727274
CUST01759,363,2,44602.55,1,1,1,3,Lost Customers,22301.275
CUST01760,33,7,95524.3,5,4,2,11,Loyal Customers,13646.328571428572
CUST01761,79,8,605258.0,4,5,5,14,Champions,75657.25
CUST01762,48,4,103884.75,4,2,2,8,Potential Loyalists,25971.1875
CUST01763,131,8,208100.4,3,5,3,11,Loyal Customers,26012.55
CUST01764,324,7,359995.0,1,4,5,10,At Risk,51427.857142857145
CUST01765,137,8,211964.7,3,5,4,12,Loyal Customers,26495.5875
CUST01766,731,1,2044.0,1,1,1,3,Lost Customers,2044.0
CUST01767,725,2,19742.95,1,1,1,3,Lost Customers,9871.475
CUST01769,425,4,48348.6,1,2,1,4,Lost Customers,12087.15
CUST01770,278,5,94595.45000000001,2,3,2,7,Others,18919.090000000004
CUST01771,386,5,145520.6,1,3,3,7,At Risk,29104.120000000003
CUST01772,176,5,225597.05000000002,2,3,4,9,At Risk,45119.41
CUST01773,31,7,72755.9,5,4,1,10,Loyal Customers,10393.699999999999
CUST01774,369,4,51145.9,1,2,1,4,Lost Customers,12786.475
CUST01775,43,5,129233.85,4,3,2,9,Potential Loyalists,25846.77
CUST01776,434,8,163935.9,1,5,3,9,At Risk,20491.9875
CUST01777,4,5,331865.15,5,3,5,13,Potential Loyalists,66373.03
CUST01778,49,7,295992.0,4,4,4,12,Champions,42284.57142857143
CUST01779,181,9,638953.8,2,5,5,12,At Risk,70994.86666666667
CUST01780,14,6,180437.95,5,4,3,12,Loyal Customers,30072.99166666667
CUST01781,444,1,41252.0,1,1,1,3,Lost Customers,41252.0
CUST01782,172,6,230646.5,2,4,4,10,At Risk,38441.083333333336
CUST01783,254,4,228069.5,2,2,4,8,Lost Customers,57017.375
CUST01784,41,7,653233.4,5,4,5,14,Champions,93319.05714285714
CUST01785,164,6,385830.7,3,4,5,12,Loyal Customers,64305.11666666667
CUST01786,539,3,113609.2,1,1,2,4,Lost Customers,37869.73333333333
CUST01787,66,4,265185.1,4,2,4,10,Potential Loyalists,66296.275
CUST01788,161,6,243205.3,3,4,4,11,Loyal Customers,40534.21666666667
CUST01789,228,3,127099.4,2,1,2,5,Lost Customers,42366.46666666667
CUST01790,61,6,71193.6,4,4,1,9,Loyal Customers,11865.6
CUST01791,269,3,231159.4,2,1,4,7,Lost Customers,77053.13333333333
CUST01792,211,5,253564.55,2,3,4,9,At Risk,50712.909999999996
CUST01793,22,9,189726.4,5,5,3,13,Loyal Customers,21080.71111111111
CUST01794,54,6,259805.1,4,4,4,12,Champions,43300.85
CUST01795,183,4,87506.6,2,2,2,6,Lost Customers,21876.65
CUST01796,61,4,240218.8,4,2,4,10,Potential Loyalists,60054.7
CUST01797,214,5,227862.8,2,3,4,9,At Risk,45572.56
CUST01798,58,3,133158.15,4,1,2,7,Others,44386.049999999996
CUST01799,81,7,225730.1,4,4,4,12,Champions,32247.157142857144
CUST01800,253,6,443033.6,2,4,5,11,At Risk,73838.93333333333
CUST01801,60,8,507674.19999999995,4,5,5,14,Champions,63459.274999999994
CUST01802,287,4,71947.45,2,2,1,5,Lost Customers,17986.8625
CUST01803,494,3,16014.75,1,1,1,3,Lost Customers,5338.25
CUST01804,256,3,46684.0,2,1,1,4,Lost Customers,15561.333333333334
CUST01805,151,4,128239.85,3,2,2,7,Others,32059.9625
CUST01806,300,4,117039.9,1,2,2,5,Lost Customers,29259.975
CUST01807,115,6,552350.95,3,4,5,12,Loyal Customers,92058.49166666665
CUST01808,125,6,142690.65,3,4,3,10,Loyal Customers,23781.774999999998
CUST01809,375,3,50289.200000000004,1,1,1,3,Lost Customers,16763.06666666667
CUST01810,207,6,612034.0,2,4,5,11,At Risk,102005.66666666667
CUST01811,249,9,213879.6,2,5,4,11,At Risk,23764.4
CUST01812,391,4,131726.3,1,2,2,5,Lost Customers,32931.575
CUST01813,778,3,224014.4,1,1,4,6,Lost Customers,74671.46666666666
CUST01814,265,7,248742.65,2,4,4,10,At Risk,35534.66428571429
CUST01815,114,5,94577.34999999999,3,3,2,8,Others,18915.469999999998
CUST01816,72,5,200119.0,4,3,3,10,Potential Loyalists,40023.8
CUST01817,32,6,126551.70000000001,5,4,2,11,Loyal Customers,21091.95
CUST01818,326,10,323547.15,1,5,5,11,At Risk,32354.715000000004
CUST01819,359,7,342680.0,1,4,5,10,At Risk,48954.28571428572
CUST01820,125,3,225067.8,3,1,4,8,Others,75022.59999999999
CUST01821,71,7,307292.60000000003,4,4,4,12,Champions,43898.942857142865
CUST01822,336,1,35073.6,1,1,1,3,Lost Customers,35073.6
CUST01823,257,2,55720.35,2,1,1,4,Lost Customers,27860.175
CUST01824,7,4,134055.0,5,2,2,9,Potential Loyalists,33513.75
CUST01825,232,6,259337.15,2,4,4,10,At Risk,43222.85833333333
CUST01826,5,7,306586.95,5,4,4,13,Champions,43798.135714285716
CUST01827,34,2,51332.25,5,1,1,7,Others,25666.125
CUST01828,347,2,70419.9,1,1,1,3,Lost Customers,35209.95
CUST01829,155,8,563865.75,3,5,5,13,Loyal Customers,70483.21875
CUST01830,15,10,393084.2,5,5,5,15,Champions,39308.42
CUST01831,308,2,188313.3,1,1,3,5,Lost Customers,94156.65
CUST01832,115,2,17399.7,3,1,1,5,Others,8699.85
CUST01833,99,4,144648.9,3,2,3,8,Others,36162.225
CUST01834,24,9,418359.85,5,5,5,15,Champions,46484.427777777775
CUST01835,554,1,25304.4,1,1,1,3,Lost Customers,25304.4
CUST01836,68,9,253703.69999999998,4,5,4,13,Champions,28189.3
CUST01837,672,1,70472.0,1,1,1,3,Lost Customers,70472.0
CUST01838,219,3,193972.2,2,1,3,6,Lost Customers,64657.4
CUST01839,149,7,175049.5,3,4,3,10,Loyal Customers,25007.071428571428
CUST01840,196,9,312384.1,2,5,4,11,At Risk,34709.34444444444
CUST01841,415,3,67339.05,1,1,1,3,Lost Customers,22446.350000000002
CUST01842,527,5,177755.65,1,3,3,7,At Risk,35551.13
CUST01843,196,7,97278.7,2,4,2,8,Others,13896.957142857142
CUST01844,16,6,116044.55,5,4,2,11,Loyal Customers,19340.758333333335
CUST01845,118,6,359020.35,3,4,5,12,Loyal Customers,59836.725
CUST01846,58,8,175166.6,4,5,3,12,Loyal Customers,21895.825
CUST01847,16,6,459455.10000000003,5,4,5,14,Champions,76575.85
CUST01848,64,8,160404.7,4,5,3,12,Loyal Customers,20050.5875
CUST01849,79,10,310282.3,4,5,4,13,Champions,31028.23
CUST01850,139,3,56132.7,3,1,1,5,Others,18710.899999999998
CUST01851,4,7,295656.3,5,4,4,13,Champions,42236.614285714284
CUST01852,393,2,118081.59999999999,1,1,2,4,Lost Customers,59040.799999999996
CUST01853,414,5,394661.3,1,3,5,9,At Risk,78932.26
CUST01854,183,4,142332.44999999998,2,2,3,7,Lost Customers,35583.112499999996
CUST01855,132,7,315778.3,3,4,4,11,Loyal Customers,45111.18571428571
CUST01856,128,4,324649.0,3,2,5,10,Others,81162.25
CUST01857,77,6,267168.75,4,4,4,12,Champions,44528.125
CUST01858,253,3,362217.64999999997,2,1,5,8,Lost Customers,120739.21666666666
CUST01859,139,6,435858.6,3,4,5,12,Loyal Customers,72643.09999999999
CUST01860,32,6,190658.6,5,4,3,12,Loyal Customers,31776.433333333334
CUST01861,80,1,101815.2,4,1,2,7,Others,101815.2
CUST01862,54,10,497879.9,4,5,5,14,Champions,49787.990000000005
CUST01863,4,5,77803.3,5,3,2,10,Potential Loyalists,15560.66
CUST01864,225,6,98694.2,2,4,2,8,Others,16449.033333333333
CUST01865,22,5,159092.55,5,3,3,11,Potential Loyalists,31818.51
CUST01866,262,9,382287.69999999995,2,5,5,12,At Risk,42476.411111111105
CUST01867,49,3,12834.1,4,1,1,6,Others,4278.033333333334
CUST01868,142,6,94852.45,3,4,2,9,Loyal Customers,15808.741666666667
CUST01869,254,3,391269.6,2,1,5,8,Lost Customers,130423.2
CUST01870,9,7,309676.5,5,4,4,13,Champions,44239.5
CUST01871,2,6,122327.95,5,4,2,11,Loyal Customers,20387.991666666665
CUST01872,29,2,41608.0,5,1,1,7,Others,20804.0
CUST01874,18,3,82544.9,5,1,2,8,Others,27514.966666666664
CUST01875,60,8,164727.6,4,5,3,12,Loyal Customers,20590.95
CUST01876,27,10,256875.2,5,5,4,14,Champions,25687.52
CUST01877,271,3,113007.2,2,1,2,5,Lost Customers,37669.066666666666
CUST01878,51,6,172715.25,4,4,3,11,Loyal Customers,28785.875
CUST01879,168,4,37133.0,3,2,1,6,Others,9283.25
CUST01880,567,5,109597.0,1,3,2,6,Others,21919.4
CUST01881,158,3,43564.5,3,1,1,5,Others,14521.5
CUST01882,145,3,218543.30000000002,3,1,4,8,Others,72847.76666666668
CUST01883,100,3,5884.5,3,1,1,5,Others,1961.5
CUST01884,16,6,96314.20000000001,5,4,2,11,Loyal Customers,16052.366666666669
CUST01885,180,4,244793.25,2,2,4,8,Lost Customers,61198.3125
CUST01886,76,6,155714.9,4,4,3,11,Loyal Customers,25952.483333333334
CUST01887,133,9,176412.9,3,5,3,11,Loyal Customers,19601.433333333334
CUST01888,464,4,220120.55,1,2,4,7,Lost Customers,55030.1375
CUST01889,121,4,108324.5,3,2,2,7,Others,27081.125
CUST01890,62,4,210691.6,4,2,4,10,Potential Loyalists,52672.9
CUST01891,431,2,116273.6,1,1,2,4,Lost Customers,58136.8
CUST01893,134,9,383283.15,3,5,5,13,Loyal Customers,42587.01666666667
CUST01894,98,9,215769.1,3,5,4,12,Loyal Customers,23974.344444444447
CUST01895,57,3,69302.7,4,1,1,6,Others,23100.899999999998
CUST01896,58,4,178459.05,4,2,3,9,Potential Loyalists,44614.7625
CUST01897,7,9,516436.44999999995,5,5,5,15,Champions,57381.82777777777
CUST01898,311,1,23056.0,1,1,1,3,Lost Customers,23056.0
CUST01899,20,5,134709.55,5,3,2,10,Potential Loyalists,26941.909999999996
CUST01900,37,10,449363.9,5,5,5,15,Champions,44936.39
CUST01901,56,5,157049.55,4,3,3,10,Potential Loyalists,31409.909999999996
CUST01902,189,4,223814.85,2,2,4,8,Lost Customers,55953.7125
CUST01903,219,8,265383.35,2,5,4,11,At Risk,33172.91875
CUST01904,28,6,201133.2,5,4,3,12,Loyal Customers,33522.200000000004
CUST01905,763,1,23497.4,1,1,1,3,Lost Customers,23497.4
CUST01906,124,6,214355.4,3,4,4,11,Loyal Customers,35725.9
CUST01907,272,5,328214.7,2,3,5,10,At Risk,65642.94
CUST01908,397,5,92508.25,1,3,2,6,Others,18501.65
CUST01909,102,6,146908.09999999998,3,4,3,10,Loyal Customers,24484.68333333333
CUST01910,420,4,50478.25,1,2,1,4,Lost Customers,12619.5625
CUST01911,362,3,27590.2,1,1,1,3,Lost Customers,9196.733333333334
CUST01912,76,6,143964.85,4,4,3,11,Loyal Customers,23994.141666666666
CUST01913,100,5,159326.55,3,3,3,9,Others,31865.309999999998
CUST01914,37,6,59529.4,5,4,1,10,Loyal Customers,9921.566666666668
CUST01915,57,6,316918.95,4,4,4,12,Champions,52819.825000000004
CUST01916,2,3,199935.85,5,1,3,9,Others,66645.28333333334
CUST01917,185,4,52043.25,2,2,1,5,Lost Customers,13010.8125
CUST01918,439,4,137489.7,1,2,2,5,Lost Customers,34372.425
CUST01919,58,5,145911.9,4,3,3,10,Potential Loyalists,29182.379999999997
CUST01920,28,5,148134.3,5,3,3,11,Potential Loyalists,29626.859999999997
CUST01921,62,7,387917.15,4,4,5,13,Champions,55416.735714285714
CUST01922,376,3,280170.10000000003,1,1,4,6,Lost Customers,93390.03333333334
CUST01923,1,4,131233.15,5,2,2,9,Potential Loyalists,32808.2875
CUST01924,179,4,44771.149999999994,2,2,1,5,Lost Customers,11192.787499999999
CUST01925,5,3,39445.0,5,1,1,7,Others,13148.333333333334
CUST01926,346,2,42768.75,1,1,1,3,Lost Customers,21384.375
CUST01927,353,3,12440.25,1,1,1,3,Lost Customers,4146.75
CUST01928,227,7,170527.45,2,4,3,9,At Risk,24361.06428571429
CUST01929,656,2,40808.2,1,1,1,3,Lost Customers,20404.1
CUST01930,750,1,29972.7,1,1,1,3,Lost Customers,29972.7
CUST01931,49,5,103089.85,4,3,2,9,Potential Loyalists,20617.97
CUST01932,177,5,184134.1,2,3,3,8,At Risk,36826.82
CUST01933,68,10,482015.4,4,5,5,14,Champions,48201.54
CUST01934,196,6,192294.5,2,4,3,9,At Risk,32049.083333333332
CUST01935,6,7,339567.80000000005,5,4,5,14,Champions,48509.68571428572
CUST01936,275,7,84288.05,2,4,2,8,Others,12041.15
CUST01937,74,3,69772.75,4,1,1,6,Others,23257.583333333332
CUST01938,49,7,173329.45,4,4,3,11,Loyal Customers,24761.350000000002
CUST01939,87,6,162090.4,4,4,3,11,Loyal Customers,27015.066666666666
CUST01940,594,2,101031.7,1,1,2,4,Lost Customers,50515.85
CUST01941,36,6,198693.9,5,4,3,12,Loyal Customers,33115.65
CUST01942,4,4,98739.7,5,2,2,9,Potential Loyalists,24684.925
CUST01943,376,3,65915.6,1,1,1,3,Lost Customers,21971.86666666667
CUST01944,776,4,85817.1,1,2,2,5,Lost Customers,21454.275
CUST01945,257,4,348497.55000000005,2,2,5,9,Lost Customers,87124.38750000001
CUST01946,267,7,561905.6,2,4,5,11,At Risk,80272.22857142857
CUST01947,279,5,195118.25,2,3,3,8,At Risk,39023.65
CUST01948,375,2,249906.8,1,1,4,6,Lost Customers,124953.4
CUST01949,148,6,246375.59999999998,3,4,4,11,Loyal Customers,41062.6
CUST01950,125,5,124111.20000000001,3,3,2,8,Others,24822.24
CUST01951,54,8,245862.3,4,5,4,13,Champions,30732.7875
CUST01953,97,6,186918.5,3,4,3,10,Loyal Customers,31153.083333333332
CUST01954,422,4,300331.0,1,2,4,7,Lost Customers,75082.75
CUST01955,22,11,223437.6,5,5,4,14,Champions,20312.50909090909
CUST01956,6,5,63798.3,5,3,1,9,Potential Loyalists,12759.66
CUST01957,216,6,134686.95,2,4,2,8,Others,22447.825
CUST01958,86,6,297093.25,4,4,4,12,Champions,49515.541666666664
CUST01959,192,3,164742.8,2,1,3,6,Lost Customers,54914.26666666666
CUST01960,22,5,373136.1,5,3,5,13,Potential Loyalists,74627.22
CUST01961,376,3,104271.3,1,1,2,4,Lost Customers,34757.1
CUST01962,485,2,85490.4,1,1,2,4,Lost Customers,42745.2
CUST01963,112,3,121889.84999999999,3,1,2,6,Others,40629.95
CUST01964,447,2,101950.79999999999,1,1,2,4,Lost Customers,50975.399999999994
CUST01965,103,5,64629.25,3,3,1,7,Others,12925.85
CUST01966,252,3,211290.8,2,1,4,7,Lost Customers,70430.26666666666
CUST01967,171,4,123926.5,2,2,2,6,Lost Customers,30981.625
CUST01968,23,3,36821.5,5,1,1,7,Others,12273.833333333334
CUST01969,506,7,526404.7,1,4,5,10,At Risk,75200.67142857143
CUST01970,142,9,268212.0,3,5,4,12,Loyal Customers,29801.333333333332
CUST01971,124,5,26302.25,3,3,1,7,Others,5260.45
CUST01972,8,5,399693.5,5,3,5,13,Potential Loyalists,79938.7
CUST01973,762,1,48337.8,1,1,1,3,Lost Customers,48337.8
CUST01974,274,5,261092.85,2,3,4,9,At Risk,52218.57
CUST01975,288,4,228650.40000000002,2,2,4,8,Lost Customers,57162.600000000006
CUST01976,137,6,76120.15,3,4,2,9,Loyal Customers,12686.691666666666
CUST01977,87,5,59176.25,4,3,1,8,Potential Loyalists,11835.25
CUST01978,466,4,248327.3,1,2,4,7,Lost Customers,62081.825
CUST01979,126,3,203040.6,3,1,3,7,Others,67680.2
CUST01980,200,5,50561.65,2,3,1,6,Others,10112.33
CUST01981,725,1,1103.4,1,1,1,3,Lost Customers,1103.4
CUST01982,53,3,56426.549999999996,4,1,1,6,Others,18808.85
CUST01983,69,5,323573.0,4,3,5,12,Potential Loyalists,64714.6
CUST01984,167,5,382455.65,3,3,5,11,Others,76491.13
CUST01985,212,4,53200.25,2,2,1,5,Lost Customers,13300.0625
CUST01986,5,6,263288.89999999997,5,4,4,13,Champions,43881.48333333333
CUST01987,134,7,154031.4,3,4,3,10,Loyal Customers,22004.485714285714
CUST01988,46,6,342450.4,4,4,5,13,Champions,57075.06666666667
CUST01989,156,4,83224.65,3,2,2,7,Others,20806.1625
CUST01990,544,4,194526.0,1,2,3,6,Lost Customers,48631.5
CUST01991,86,4,207127.75,4,2,3,9,Potential Loyalists,51781.9375
CUST01992,91,4,129711.25,4,2,2,8,Potential Loyalists,32427.8125
CUST01993,33,7,223278.5,5,4,4,13,Champions,31896.928571428572
CUST01994,51,5,108791.9,4,3,2,9,Potential Loyalists,21758.379999999997
CUST01995,2,6,130303.3,5,4,2,11,Loyal Customers,21717.216666666667
CUST01996,2,5,127969.75,5,3,2,10,Potential Loyalists,25593.95
CUST01997,274,5,275072.5,2,3,4,9,At Risk,55014.5
CUST01998,211,3,70549.1,2,1,1,4,Lost Customers,23516.36666666667
CUST01999,86,2,69898.40000000001,4,1,1,6,Others,34949.200000000004
CUST02000,114,10,648951.35,3,5,5,13,Loyal Customers,64895.134999999995
CUST02001,38,8,257320.3,5,5,4,14,Champions,32165.0375
CUST02002,44,9,413626.35,4,5,5,14,Champions,45958.48333333333
CUST02003,52,5,220235.0,4,3,4,11,Potential Loyalists,44047.0
CUST02004,83,2,152254.3,4,1,3,8,Others,76127.15
CUST02005,162,3,71193.3,3,1,1,5,Others,23731.100000000002
CUST02006,13,7,251809.1,5,4,4,13,Champions,35972.728571428575
CUST02007,10,4,174037.55,5,2,3,10,Potential Loyalists,43509.3875
CUST02008,52,8,303263.4,4,5,4,13,Champions,37907.925
CUST02009,496,4,232905.7,1,2,4,7,Lost Customers,58226.425
CUST02010,222,7,88044.7,2,4,2,8,Others,12577.814285714285
CUST02011,335,6,257616.25,1,4,4,9,At Risk,42936.041666666664
CUST02012,136,4,78973.75,3,2,2,7,Others,19743.4375
CUST02013,111,7,71129.4,3,4,1,8,Loyal Customers,10161.342857142856
CUST02014,139,5,211221.2,3,3,4,10,Others,42244.240000000005
CUST02015,51,5,128573.8,4,3,2,9,Potential Loyalists,25714.760000000002
CUST02016,299,5,88868.95,1,3,2,6,Others,17773.79
CUST02017,196,5,115633.65,2,3,2,7,Others,23126.73
CUST02018,93,4,180493.6,4,2,3,9,Potential Loyalists,45123.4
CUST02019,75,8,152737.45,4,5,3,12,Loyal Customers,19092.18125
CUST02020,90,2,27293.0,4,1,1,6,Others,13646.5
CUST02021,47,1,3483.9,4,1,1,6,Others,3483.9
CUST02022,197,3,549833.75,2,1,5,8,Lost Customers,183277.91666666666
CUST02023,298,6,217760.35,1,4,4,9,At Risk,36293.39166666667
CUST02024,9,7,311373.2,5,4,4,13,Champions,44481.885714285716
CUST02025,195,3,8415.8,2,1,1,4,Lost Customers,2805.2666666666664
CUST02026,162,5,81709.7,3,3,2,8,Others,16341.939999999999
CUST02027,587,1,70682.0,1,1,1,3,Lost Customers,70682.0
CUST02028,42,7,172124.75,4,4,3,11,Loyal Customers,24589.25
CUST02029,627,1,1668.2,1,1,1,3,Lost Customers,1668.2
CUST02030,83,6,142278.3,4,4,3,11,Loyal Customers,23713.05
CUST02031,226,4,244489.7,2,2,4,8,Lost Customers,61122.425
CUST02032,288,4,219468.95,2,2,4,8,Lost Customers,54867.2375
CUST02033,168,5,385366.65,3,3,5,11,Others,77073.33
CUST02034,121,7,259351.85,3,4,4,11,Loyal Customers,37050.264285714286
CUST02035,689,4,101109.5,1,2,2,5,Lost Customers,25277.375
CUST02036,34,4,131397.6,5,2,2,9,Potential Loyalists,32849.4
CUST02037,30,7,86886.5,5,4,2,11,Loyal Customers,12412.357142857143
CUST02038,255,6,233484.5,2,4,4,10,At Risk,38914.083333333336
CUST02039,233,3,116906.79999999999,2,1,2,5,Lost Customers,38968.93333333333
CUST02040,97,8,333140.5,3,5,5,13,Loyal Customers,41642.5625
CUST02041,94,6,120707.90000000001,4,4,2,10,Loyal Customers,20117.983333333334
CUST02043,41,7,320645.0,5,4,5,14,Champions,45806.42857142857
CUST02044,274,2,69867.70000000001,2,1,1,4,Lost Customers,34933.850000000006
CUST02045,72,4,172360.5,4,2,3,9,Potential Loyalists,43090.125
CUST02046,48,8,357791.75,4,5,5,14,Champions,44723.96875
CUST02047,27,4,40783.05,5,2,1,8,Potential Loyalists,10195.7625
CUST02048,218,4,191245.2,2,2,3,7,Lost Customers,47811.3
CUST02049,171,7,426292.0,2,4,5,11,At Risk,60898.857142857145
CUST02050,8,7,345824.0,5,4,5,14,Champions,49403.42857142857
CUST02051,92,4,72974.9,4,2,1,7,Potential Loyalists,18243.725
CUST02052,371,6,359287.05,1,4,5,10,At Risk,59881.174999999996
CUST02053,185,4,125211.1,2,2,2,6,Lost Customers,31302.775
CUST02054,13,4,136766.8,5,2,2,9,Potential Loyalists,34191.7
CUST02055,399,4,110116.6,1,2,2,5,Lost Customers,27529.15
CUST02056,9,6,193106.30000000002,5,4,3,12,Loyal Customers,32184.383333333335
CUST02057,58,8,379962.35,4,5,5,14,Champions,47495.29375
CUST02058,113,5,43586.6,3,3,1,7,Others,8717.32
CUST02059,42,5,301516.1,4,3,4,11,Potential Loyalists,60303.219999999994
CUST02060,54,9,285200.75,4,5,4,13,Champions,31688.972222222223
CUST02061,780,2,191887.25,1,1,3,5,Lost Customers,95943.625
CUST02062,188,3,35436.85,2,1,1,4,Lost Customers,11812.283333333333
CUST02063,251,4,222304.05,2,2,4,8,Lost Customers,55576.0125
CUST02064,104,8,408066.15,3,5,5,13,Loyal Customers,51008.26875
CUST02065,53,2,51602.899999999994,4,1,1,6,Others,25801.449999999997
CUST02066,126,5,68394.35,3,3,1,7,Others,13678.87
CUST02067,18,4,378282.8,5,2,5,12,Potential Loyalists,94570.7
CUST02068,48,5,315409.5,4,3,4,11,Potential Loyalists,63081.9
CUST02069,186,5,214809.25,2,3,4,9,At Risk,42961.85
CUST02070,61,10,191856.15,4,5,3,12,Loyal Customers,19185.614999999998
CUST02071,281,4,64936.74999999999,2,2,1,5,Lost Customers,16234.187499999998
CUST02072,122,8,202447.65,3,5,3,11,Loyal Customers,25305.95625
CUST02073,63,5,234766.5,4,3,4,11,Potential Loyalists,46953.3
CUST02074,60,8,297072.85,4,5,4,13,Champions,37134.10625
CUST02075,35,11,418039.85,5,5,5,15,Champions,38003.62272727273
CUST02076,39,7,322096.25,5,4,5,14,Champions,46013.75
CUST02077,333,5,640391.8,1,3,5,9,At Risk,128078.36000000002
CUST02078,270,2,181710.6,2,1,3,6,Lost Customers,90855.3
CUST02079,269,3,96935.35,2,1,2,5,Lost Customers,32311.783333333336
CUST02080,142,9,548515.9,3,5,5,13,Loyal Customers,60946.211111111115
CUST02081,161,9,288061.1,3,5,4,12,Loyal Customers,32006.788888888885
CUST02082,88,4,68567.90000000001,4,2,1,7,Potential Loyalists,17141.975000000002
CUST02083,26,9,215719.35,5,5,4,14,Champions,23968.816666666666
CUST02084,207,6,262172.5,2,4,4,10,At Risk,43695.416666666664
CUST02085,75,5,323351.6,4,3,5,12,Potential Loyalists,64670.31999999999
CUST02086,393,2,164715.15000000002,1,1,3,5,Lost Customers,82357.57500000001
CUST02087,240,3,124918.15,2,1,2,5,Lost Customers,41639.38333333333
CUST02088,14,8,521017.7,5,5,5,15,Champions,65127.2125
CUST02089,33,5,272004.8,5,3,4,12,Potential Loyalists,54400.96
CUST02090,328,2,372159.3,1,1,5,7,Lost Customers,186079.65
CUST02091,299,5,265591.6,1,3,4,8,At Risk,53118.31999999999
CUST02092,377,4,162812.0,1,2,3,6,Lost Customers,40703.0
CUST02093,226,9,317691.4,2,5,4,11,At Risk,35299.044444444444
CUST02094,71,4,132938.4,4,2,2,8,Potential Loyalists,33234.6
CUST02095,24,4,161923.65,5,2,3,10,Potential Loyalists,40480.9125
CUST02096,177,7,69751.2,2,4,1,7,Others,9964.457142857142
CUST02097,163,8,234282.94999999998,3,5,4,12,Loyal Customers,29285.368749999998
CUST02098,52,6,128084.1,4,4,2,10,Loyal Customers,21347.350000000002
CUST02099,264,2,165185.6,2,1,3,6,Lost Customers,82592.8
CUST02100,157,4,97378.0,3,2,2,7,Others,24344.5
CUST02101,26,2,80694.4,5,1,2,8,Others,40347.2
CUST02102,53,6,352953.35,4,4,5,13,Champions,58825.55833333333
CUST02103,218,2,34021.0,2,1,1,4,Lost Customers,17010.5
CUST02104,93,3,140138.5,4,1,3,8,Others,46712.833333333336
CUST02105,298,2,6659.3,1,1,1,3,Lost Customers,3329.65
CUST02106,81,4,282197.1,4,2,4,10,Potential Loyalists,70549.275
CUST02107,155,5,201066.7,3,3,3,9,Others,40213.340000000004
CUST02108,20,2,31616.4,5,1,1,7,Others,15808.2
CUST02109,215,3,46492.7,2,1,1,4,Lost Customers,15497.566666666666
CUST02110,4,4,148371.1,5,2,3,10,Potential Loyalists,37092.775
CUST02111,67,1,6053.4,4,1,1,6,Others,6053.4
CUST02112,193,2,16223.1,2,1,1,4,Lost Customers,8111.55
CUST02113,132,12,280597.25,3,5,4,12,Loyal Customers,23383.104166666668
CUST02114,327,4,230896.2,1,2,4,7,Lost Customers,57724.05
CUST02115,291,3,58147.6,2,1,1,4,Lost Customers,19382.533333333333
CUST02116,49,4,419528.6,4,2,5,11,Potential Loyalists,104882.15
CUST02117,115,5,210314.8,3,3,4,10,Others,42062.96
CUST02118,763,2,72701.7,1,1,1,3,Lost Customers,36350.85
CUST02119,354,6,71560.65,1,4,1,6,Others,11926.775
CUST02120,205,4,238985.75,2,2,4,8,Lost Customers,59746.4375
CUST02121,61,3,66840.5,4,1,1,6,Others,22280.166666666668
CUST02122,97,3,243388.09999999998,3,1,4,8,Others,81129.36666666665
CUST02123,28,6,278544.35,5,4,4,13,Champions,46424.05833333333
CUST02124,28,7,148485.1,5,4,3,12,Loyal Customers,21212.157142857144
CUST02125,71,3,49017.2,4,1,1,6,Others,16339.066666666666
CUST02126,2,8,215397.65,5,5,4,14,Champions,26924.70625
CUST02127,367,4,543931.2,1,2,5,8,Lost Customers,135982.8
CUST02128,212,8,331628.95,2,5,5,12,At Risk,41453.61875
CUST02129,182,4,171806.15,2,2,3,7,Lost Customers,42951.5375
CUST02130,211,6,445333.1,2,4,5,11,At Risk,74222.18333333333
CUST02131,107,9,672347.9500000001,3,5,5,13,Loyal Customers,74705.32777777778
CUST02132,110,8,335580.5,3,5,5,13,Loyal Customers,41947.5625
CUST02133,271,5,171434.30000000002,2,3,3,8,At Risk,34286.86
CUST02134,217,6,232210.19999999998,2,4,4,10,At Risk,38701.7
CUST02135,91,4,151005.2,4,2,3,9,Potential Loyalists,37751.3
CUST02136,177,3,189513.7,2,1,3,6,Lost Customers,63171.23333333334
CUST02137,190,7,379108.25,2,4,5,11,At Risk,54158.32142857143
CUST02138,156,3,170536.35,3,1,3,7,Others,56845.450000000004
CUST02139,19,8,89089.3,5,5,2,12,Loyal Customers,11136.1625
CUST02140,35,7,150836.0,5,4,3,12,Loyal Customers,21548.0
CUST02141,466,4,120715.15,1,2,2,5,Lost Customers,30178.7875
CUST02142,446,3,38049.7,1,1,1,3,Lost Customers,12683.233333333332
CUST02143,3,2,15761.4,5,1,1,7,Others,7880.7
CUST02144,35,8,217941.05,5,5,4,14,Champions,27242.63125
CUST02145,594,3,112032.35,1,1,2,4,Lost Customers,37344.11666666667
CUST02146,578,3,90130.5,1,1,2,4,Lost Customers,30043.5
CUST02147,45,3,165147.05,4,1,3,8,Others,55049.01666666666
CUST02148,10,6,69442.7,5,4,1,10,Loyal Customers,11573.783333333333
CUST02149,765,2,242890.2,1,1,4,6,Lost Customers,121445.1
CUST02150,452,4,148632.6,1,2,3,6,Lost Customers,37158.15
CUST02151,35,3,156462.9,5,1,3,9,Others,52154.299999999996
CUST02152,123,6,110861.0,3,4,2,9,Loyal Customers,18476.833333333332
CUST02153,81,3,160476.3,4,1,3,8,Others,53492.1
CUST02154,180,7,349627.95,2,4,5,11,At Risk,49946.85
CUST02155,52,7,112237.1,4,4,2,10,Loyal Customers,16033.871428571429
CUST02156,138,4,85237.35,3,2,2,7,Others,21309.3375
CUST02157,34,10,252810.3,5,5,4,14,Champions,25281.03
CUST02158,144,6,112256.3,3,4,2,9,Loyal Customers,18709.383333333335
CUST02159,228,6,232086.15,2,4,4,10,At Risk,38681.025
CUST02160,112,6,328662.35,3,4,5,12,Loyal Customers,54777.05833333333
CUST02161,683,3,87303.55,1,1,2,4,Lost Customers,29101.183333333334
CUST02162,13,5,78720.90000000001,5,3,2,10,Potential Loyalists,15744.180000000002
CUST02163,30,9,316155.4,5,5,4,14,Champions,35128.37777777778
CUST02164,100,3,127406.2,3,1,2,6,Others,42468.73333333333
CUST02165,237,9,651991.4,2,5,5,12,At Risk,72443.4888888889
CUST02166,16,8,515877.69999999995,5,5,5,15,Champions,64484.712499999994
CUST02167,774,3,225242.85,1,1,4,6,Lost Customers,75080.95
CUST02168,161,4,372756.65,3,2,5,10,Others,93189.1625
CUST02169,72,8,382418.95,4,5,5,14,Champions,47802.36875
CUST02170,62,3,205723.8,4,1,3,8,Others,68574.59999999999
CUST02171,93,4,148811.9,4,2,3,9,Potential Loyalists,37202.975
CUST02172,9,3,316047.1,5,1,4,10,Others,105349.03333333333
CUST02173,449,3,59264.350000000006,1,1,1,3,Lost Customers,19754.783333333336
CUST02174,154,5,375423.5,3,3,5,11,Others,75084.7
CUST02175,29,8,376921.6,5,5,5,15,Champions,47115.2
CUST02176,16,8,270009.95,5,5,4,14,Champions,33751.24375
CUST02177,30,6,186441.15,5,4,3,12,Loyal Customers,31073.524999999998
CUST02178,356,3,235234.3,1,1,4,6,Lost Customers,78411.43333333333
CUST02179,91,5,148453.9,4,3,3,10,Potential Loyalists,29690.78
CUST02180,101,6,201443.7,3,4,3,10,Loyal Customers,33573.950000000004
CUST02181,95,8,151717.1,3,5,3,11,Loyal Customers,18964.6375
CUST02182,758,2,22252.4,1,1,1,3,Lost Customers,11126.2
CUST02183,101,2,74681.05,3,1,1,5,Others,37340.525
CUST02184,146,3,40490.200000000004,3,1,1,5,Others,13496.733333333335
CUST02185,84,7,149712.15,4,4,3,11,Loyal Customers,21387.45
CUST02186,34,3,117746.6,5,1,2,8,Others,39248.86666666667
CUST02187,94,10,509678.55,4,5,5,14,Champions,50967.854999999996
CUST02188,20,5,175060.85,5,3,3,11,Potential Loyalists,35012.17
CUST02189,822,2,24348.100000000002,1,1,1,3,Lost Customers,12174.050000000001
CUST02191,521,1,67496.55,1,1,1,3,Lost Customers,67496.55
CUST02192,52,6,148519.5,4,4,3,11,Loyal Customers,24753.25
CUST02193,252,4,174631.1,2,2,3,7,Lost Customers,43657.775
CUST02194,394,6,198437.80000000002,1,4,3,8,At Risk,33072.96666666667
CUST02195,41,9,292568.25,5,5,4,14,Champions,32507.583333333332
CUST02196,189,6,91400.3,2,4,2,8,Others,15233.383333333333
CUST02197,167,10,271951.15,3,5,4,12,Loyal Customers,27195.115
CUST02198,587,3,92956.8,1,1,2,4,Lost Customers,30985.600000000002
CUST02199,18,9,661614.2999999999,5,5,5,15,Champions,73512.7
CUST02200,476,2,95434.35,1,1,2,4,Lost Customers,47717.175
CUST02201,52,5,483776.8,4,3,5,12,Potential Loyalists,96755.36
CUST02202,104,6,141224.2,3,4,3,10,Loyal Customers,23537.36666666667
CUST02203,81,8,439494.0,4,5,5,14,Champions,54936.75
CUST02204,93,6,91457.55,4,4,2,10,Loyal Customers,15242.925000000001
CUST02205,76,8,404629.65,4,5,5,14,Champions,50578.70625
CUST02206,2,7,352905.85,5,4,5,14,Champions,50415.12142857142
CUST02207,312,5,286171.6,1,3,4,8,At Risk,57234.31999999999
CUST02208,827,1,10841.0,1,1,1,3,Lost Customers,10841.0
CUST02209,304,9,719104.95,1,5,5,11,At Risk,79900.54999999999
CUST02210,11,7,331953.6,5,4,5,14,Champions,47421.94285714285
CUST02211,195,5,388959.80000000005,2,3,5,10,At Risk,77791.96
CUST02212,109,5,156348.65,3,3,3,9,Others,31269.73
CUST02213,42,6,142442.4,4,4,3,11,Loyal Customers,23740.399999999998
CUST02214,296,4,192272.15000000002,1,2,3,6,Lost Customers,48068.037500000006
CUST02215,105,6,88134.20000000001,3,4,2,9,Loyal Customers,14689.033333333335
CUST02216,23,3,102477.35,5,1,2,8,Others,34159.11666666667
CUST02217,3,5,308455.35,5,3,4,12,Potential Loyalists,61691.06999999999
CUST02218,149,6,316247.0,3,4,4,11,Loyal Customers,52707.833333333336
CUST02219,201,5,598266.65,2,3,5,10,At Risk,119653.33
CUST02220,112,9,374431.15,3,5,5,13,Loyal Customers,41603.461111111115
CUST02221,121,5,345278.69999999995,3,3,5,11,Others,69055.73999999999
CUST02222,128,10,691876.3,3,5,5,13,Loyal Customers,69187.63
CUST02223,186,2,107779.55,2,1,2,5,Lost Customers,53889.775
CUST02224,5,6,382901.55,5,4,5,14,Champions,63816.924999999996
CUST02225,102,8,289092.75,3,5,4,12,Loyal Customers,36136.59375
CUST02226,701,2,77334.4,1,1,2,4,Lost Customers,38667.2
CUST02227,27,4,84217.40000000001,5,2,2,9,Potential Loyalists,21054.350000000002
CUST02228,39,10,380975.8,5,5,5,15,Champions,38097.58
CUST02229,173,4,102585.55,2,2,2,6,Lost Customers,25646.3875
CUST02230,18,3,106234.8,5,1,2,8,Others,35411.6
CUST02231,227,4,194897.7,2,2,3,7,Lost Customers,48724.425
CUST02232,120,4,54640.3,3,2,1,6,Others,13660.075
CUST02233,274,4,188195.7,2,2,3,7,Lost Customers,47048.925
CUST02234,223,6,207215.8,2,4,3,9,At Risk,34535.96666666667
CUST02235,114,4,246473.1,3,2,4,9,Others,61618.275
CUST02236,161,8,267895.0,3,5,4,12,Loyal Customers,33486.875
CUST02237,505,4,141753.3,1,2,3,6,Lost Customers,35438.325
CUST02238,107,2,95543.1,3,1,2,6,Others,47771.55
CUST02239,144,2,53434.05,3,1,1,5,Others,26717.025
CUST02240,173,4,153551.4,2,2,3,7,Lost Customers,38387.85
CUST02241,36,6,121443.05,5,4,2,11,Loyal Customers,20240.508333333335
CUST02242,163,2,40608.200000000004,3,1,1,5,Others,20304.100000000002
CUST02243,202,4,109929.3,2,2,2,6,Lost Customers,27482.325
CUST02244,33,7,326340.6,5,4,5,14,Champions,46620.08571428571
CUST02245,63,6,192047.30000000002,4,4,3,11,Loyal Customers,32007.883333333335
CUST02246,184,2,43224.9,2,1,1,4,Lost Customers,21612.45
CUST02247,121,6,214317.05,3,4,4,11,Loyal Customers,35719.50833333333
CUST02248,381,4,106992.75,1,2,2,5,Lost Customers,26748.1875
CUST02249,222,3,86531.35,2,1,2,5,Lost Customers,28843.783333333336
CUST02250,80,10,433196.35,4,5,5,14,Champions,43319.634999999995
CUST02251,175,13,437514.05000000005,2,5,5,12,At Risk,33654.92692307693
CUST02252,82,7,258963.2,4,4,4,12,Champions,36994.74285714286
CUST02253,220,2,55641.2,2,1,1,4,Lost Customers,27820.6
CUST02254,127,3,65025.55,3,1,1,5,Others,21675.183333333334
CUST02255,15,6,205015.35,5,4,3,12,Loyal Customers,34169.225
CUST02256,143,3,224714.6,3,1,4,8,Others,74904.86666666667
CUST02257,211,5,29784.55,2,3,1,6,Others,5956.91
CUST02258,97,7,413595.65,3,4,5,12,Loyal Customers,59085.09285714286
CUST02259,270,5,284701.45,2,3,4,9,At Risk,56940.29
CUST02260,8,5,193119.8,5,3,3,11,Potential Loyalists,38623.96
CUST02261,515,3,387630.25,1,1,5,7,Lost Customers,129210.08333333333
CUST02262,296,4,14582.4,1,2,1,4,Lost Customers,3645.6
CUST02263,224,4,164297.6,2,2,3,7,Lost Customers,41074.4
CUST02264,55,2,24784.399999999998,4,1,1,6,Others,12392.199999999999
CUST02265,12,4,218539.6,5,2,4,11,Potential Loyalists,54634.9
CUST02266,1,2,199185.4,5,1,3,9,Others,99592.7
CUST02267,193,8,606576.05,2,5,5,12,At Risk,75822.00625
CUST02268,473,3,67057.65,1,1,1,3,Lost Customers,22352.55
CUST02269,477,3,59278.95,1,1,1,3,Lost Customers,19759.649999999998
CUST02270,9,6,365545.5,5,4,5,14,Champions,60924.25
CUST02271,68,7,308649.4,4,4,4,12,Champions,44092.77142857143
CUST02272,312,7,196260.15,1,4,3,8,At Risk,28037.164285714283
CUST02273,10,7,183359.15,5,4,3,12,Loyal Customers,26194.164285714283
CUST02274,73,7,161204.4,4,4,3,11,Loyal Customers,23029.2
CUST02275,97,9,284267.3,3,5,4,12,Loyal Customers,31585.255555555555
CUST02276,39,5,215894.94999999998,5,3,4,12,Potential Loyalists,43178.99
CUST02277,6,6,402700.45,5,4,5,14,Champions,67116.74166666667
CUST02278,228,3,99859.75,2,1,2,5,Lost Customers,33286.583333333336
CUST02279,457,5,83544.8,1,3,2,6,Others,16708.96
CUST02280,208,3,124553.0,2,1,2,5,Lost Customers,41517.666666666664
CUST02281,34,8,203741.4,5,5,3,13,Loyal Customers,25467.675
CUST02282,323,4,100558.05,1,2,2,5,Lost Customers,25139.5125
CUST02283,185,8,270874.8,2,5,4,11,At Risk,33859.35
CUST02284,422,2,20571.25,1,1,1,3,Lost Customers,10285.625
CUST02285,424,3,48996.6,1,1,1,3,Lost Customers,16332.199999999999
CUST02286,143,7,167446.7,3,4,3,10,Loyal Customers,23920.957142857143
CUST02287,363,2,82089.1,1,1,2,4,Lost Customers,41044.55
CUST02288,42,3,318398.4,4,1,4,9,Others,106132.8
CUST02289,176,9,293057.89999999997,2,5,4,11,At Risk,32561.988888888885
CUST02290,81,9,214967.9,4,5,4,13,Champions,23885.32222222222
CUST02291,105,2,120033.1,3,1,2,6,Others,60016.55
CUST02292,236,6,406964.5,2,4,5,11,At Risk,67827.41666666667
CUST02293,795,2,159165.2,1,1,3,5,Lost Customers,79582.6
CUST02294,13,10,195055.55000000002,5,5,3,13,Loyal Customers,19505.555
CUST02295,58,6,220851.75,4,4,4,12,Champions,36808.625
CUST02296,182,5,340231.85,2,3,5,10,At Risk,68046.37
CUST02297,80,3,115504.5,4,1,2,7,Others,38501.5
CUST02298,38,11,192222.95,5,5,3,13,Loyal Customers,17474.813636363637
CUST02299,262,5,290973.9,2,3,4,9,At Risk,58194.780000000006
CUST02300,11,3,307378.35,5,1,4,10,Others,102459.45
CUST02301,103,4,205283.0,3,2,3,8,Others,51320.75
CUST02302,93,7,146216.3,4,4,3,11,Loyal Customers,20888.042857142857
CUST02303,158,7,1111631.3,3,4,5,12,Loyal Customers,158804.47142857144
CUST02304,179,9,278445.95,2,5,4,11,At Risk,30938.43888888889
CUST02305,72,7,184702.5,4,4,3,11,Loyal Customers,26386.071428571428
CUST02306,30,6,152597.4,5,4,3,12,Loyal Customers,25432.899999999998
CUST02307,158,1,134613.0,3,1,2,6,Others,134613.0
CUST02308,106,5,139478.8,3,3,3,9,Others,27895.76
CUST02309,337,4,515401.60000000003,1,2,5,8,Lost Customers,128850.40000000001
CUST02310,63,4,116494.5,4,2,2,8,Potential Loyalists,29123.625
CUST02311,383,2,336121.3,1,1,5,7,Lost Customers,168060.65
CUST02312,383,7,184968.85,1,4,3,8,At Risk,26424.12142857143
CUST02313,233,7,121891.25,2,4,2,8,Others,17413.035714285714
CUST02314,66,5,339000.3,4,3,5,12,Potential Loyalists,67800.06
CUST02315,125,5,132271.65,3,3,2,8,Others,26454.329999999998
CUST02316,413,5,86827.4,1,3,2,6,Others,17365.48
CUST02317,278,4,201275.4,2,2,3,7,Lost Customers,50318.85
CUST02318,121,8,225140.40000000002,3,5,4,12,Loyal Customers,28142.550000000003
CUST02319,94,9,426949.55,4,5,5,14,Champions,47438.83888888889
CUST02320,214,5,96827.7,2,3,2,7,Others,19365.54
CUST02321,149,5,283828.45,3,3,4,10,Others,56765.69
CUST02322,86,4,126620.54999999999,4,2,2,8,Potential Loyalists,31655.137499999997
CUST02323,195,4,91055.85,2,2,2,6,Lost Customers,22763.9625
CUST02324,65,6,269778.8,4,4,4,12,Champions,44963.13333333333
CUST02325,171,4,106306.65,2,2,2,6,Lost Customers,26576.6625
CUST02326,259,3,251837.4,2,1,4,7,Lost Customers,83945.8
CUST02327,275,8,284635.55,2,5,4,11,At Risk,35579.44375
CUST02328,119,3,182358.9,3,1,3,7,Others,60786.299999999996
CUST02329,285,5,111966.65,2,3,2,7,Others,22393.329999999998
CUST02330,246,6,395875.45,2,4,5,11,At Risk,65979.24166666667
CUST02331,216,3,209538.0,2,1,3,6,Lost Customers,69846.0
CUST02332,760,2,237742.25,1,1,4,6,Lost Customers,118871.125
CUST02333,266,5,232075.2,2,3,4,9,At Risk,46415.04
CUST02334,185,6,123669.20000000001,2,4,2,8,Others,20611.533333333336
CUST02335,18,4,83263.0,5,2,2,9,Potential Loyalists,20815.75
CUST02336,214,1,18786.0,2,1,1,4,Lost Customers,18786.0
CUST02337,21,7,82353.8,5,4,2,11,Loyal Customers,11764.828571428572
CUST02338,17,4,187177.4,5,2,3,10,Potential Loyalists,46794.35
CUST02339,41,7,114880.0,5,4,2,11,Loyal Customers,16411.428571428572
CUST02340,182,5,341887.5,2,3,5,10,At Risk,68377.5
CUST02341,111,6,87056.05,3,4,2,9,Loyal Customers,14509.341666666667
CUST02342,63,4,40188.5,4,2,1,7,Potential Loyalists,10047.125
CUST02343,568,7,563910.0,1,4,5,10,At Risk,80558.57142857143
CUST02344,421,5,299071.45,1,3,4,8,At Risk,59814.29
CUST02345,425,1,1868.4,1,1,1,3,Lost Customers,1868.4
CUST02346,250,7,484879.2,2,4,5,11,At Risk,69268.45714285715
CUST02347,100,3,160026.4,3,1,3,7,Others,53342.13333333333
CUST02348,223,4,122690.0,2,2,2,6,Lost Customers,30672.5
CUST02349,25,6,154846.8,5,4,3,12,Loyal Customers,25807.8
CUST02350,3,9,542974.0,5,5,5,15,Champions,60330.444444444445
CUST02351,157,10,344364.15,3,5,5,13,Loyal Customers,34436.415
CUST02352,9,9,631343.2000000001,5,5,5,15,Champions,70149.24444444446
CUST02353,61,9,319858.75,4,5,5,14,Champions,35539.86111111111
CUST02354,10,3,47355.8,5,1,1,7,Others,15785.266666666668
CUST02355,337,9,425030.65,1,5,5,11,At Risk,47225.62777777778
CUST02356,643,3,27086.35,1,1,1,3,Lost Customers,9028.783333333333
CUST02357,55,5,92433.9,4,3,2,9,Potential Loyalists,18486.78
CUST02358,236,4,184803.4,2,2,3,7,Lost Customers,46200.85
CUST02359,51,5,268436.05,4,3,4,11,Potential Loyalists,53687.21
CUST02360,36,6,92925.8,5,4,2,11,Loyal Customers,15487.633333333333
CUST02361,129,4,24167.6,3,2,1,6,Others,6041.9
CUST02362,147,2,170101.15,3,1,3,7,Others,85050.575
CUST02363,194,4,57142.85,2,2,1,5,Lost Customers,14285.7125
CUST02364,22,9,369843.25,5,5,5,15,Champions,41093.694444444445
CUST02365,126,10,255935.40000000002,3,5,4,12,Loyal Customers,25593.54
CUST02367,226,5,486551.3,2,3,5,10,At Risk,97310.26
CUST02368,77,5,78482.4,4,3,2,9,Potential Loyalists,15696.48
CUST02369,33,9,398724.8,5,5,5,15,Champions,44302.75555555555
CUST02370,33,5,43839.7,5,3,1,9,Potential Loyalists,8767.939999999999
CUST02371,372,7,294862.2,1,4,4,9,At Risk,42123.17142857143
CUST02372,130,8,135496.85,3,5,2,10,Loyal Customers,16937.10625
CUST02373,145,7,164588.8,3,4,3,10,Loyal Customers,23512.68571428571
CUST02374,193,4,81824.55,2,2,2,6,Lost Customers,20456.1375
CUST02375,188,4,131916.5,2,2,2,6,Lost Customers,32979.125
CUST02376,64,8,589758.9,4,5,5,14,Champions,73719.8625
CUST02377,55,4,161529.9,4,2,3,9,Potential Loyalists,40382.475
CUST02378,186,4,172413.05,2,2,3,7,Lost Customers,43103.2625
CUST02379,89,7,165920.0,4,4,3,11,Loyal Customers,23702.85714285714
CUST02380,115,7,505086.2,3,4,5,12,Loyal Customers,72155.17142857143
CUST02381,330,3,125295.29999999999,1,1,2,4,Lost Customers,41765.1
CUST02382,278,3,128142.85,2,1,2,5,Lost Customers,42714.28333333333
CUST02383,120,3,424176.8,3,1,5,9,Others,141392.26666666666
CUST02384,292,2,228078.0,2,1,4,7,Lost Customers,114039.0
CUST02385,181,3,67354.5,2,1,1,4,Lost Customers,22451.5
CUST02386,144,4,107498.15000000001,3,2,2,7,Others,26874.537500000002
CUST02387,21,5,196861.35,5,3,3,11,Potential Loyalists,39372.270000000004
CUST02388,198,7,660739.5,2,4,5,11,At Risk,94391.35714285714
CUST02389,76,3,233341.15000000002,4,1,4,9,Others,77780.38333333335
CUST02390,74,3,121216.2,4,1,2,7,Others,40405.4
CUST02391,96,11,318999.25,3,5,4,12,Loyal Customers,28999.93181818182
CUST02392,285,6,209121.5,2,4,3,9,At Risk,34853.583333333336
CUST02393,103,3,86142.70000000001,3,1,2,6,Others,28714.233333333337
CUST02394,249,6,185746.55,2,4,3,9,At Risk,30957.75833333333
CUST02395,196,1,104148.0,2,1,2,5,Lost Customers,104148.0
CUST02396,572,2,173025.4,1,1,3,5,Lost Customers,86512.7
CUST02397,546,2,33063.1,1,1,1,3,Lost Customers,16531.55
CUST02398,54,5,116950.6,4,3,2,9,Potential Loyalists,23390.120000000003
CUST02399,865,1,30391.2,1,1,1,3,Lost Customers,30391.2
CUST02400,79,4,200410.6,4,2,3,9,Potential Loyalists,50102.65
CUST02401,225,6,175130.30000000002,2,4,3,9,At Risk,29188.383333333335
CUST02402,85,4,99116.0,4,2,2,8,Potential Loyalists,24779.0
CUST02403,210,6,279008.60000000003,2,4,4,10,At Risk,46501.43333333334
CUST02404,259,6,54490.25,2,4,1,7,Others,9081.708333333334
CUST02405,210,5,317492.0,2,3,4,9,At Risk,63498.4
CUST02406,38,4,236710.55000000002,5,2,4,11,Potential Loyalists,59177.637500000004
CUST02407,159,9,308429.8,3,5,4,12,Loyal Customers,34269.97777777778
CUST02408,109,9,738039.5,3,5,5,13,Loyal Customers,82004.38888888889
CUST02409,9,7,202195.75,5,4,3,12,Loyal Customers,28885.10714285714
CUST02410,257,4,180343.7,2,2,3,7,Lost Customers,45085.925
CUST02411,114,5,338576.8,3,3,5,11,Others,67715.36
CUST02412,177,5,102345.15000000001,2,3,2,7,Others,20469.030000000002
CUST02413,198,3,294092.7,2,1,4,7,Lost Customers,98030.90000000001
CUST02414,2,6,255144.05,5,4,4,13,Champions,42524.00833333333
CUST02415,75,7,473576.9,4,4,5,13,Champions,67653.84285714287
CUST02416,186,7,104804.35,2,4,2,8,Others,14972.050000000001
CUST02417,263,8,639923.2,2,5,5,12,At Risk,79990.4
CUST02418,181,6,280604.25,2,4,4,10,At Risk,46767.375
CUST02419,277,4,76482.15,2,2,2,6,Lost Customers,19120.5375
CUST02420,90,8,270723.15,4,5,4,13,Champions,33840.39375
CUST02421,72,5,413025.64999999997,4,3,5,12,Potential Loyalists,82605.12999999999
CUST02422,65,6,262606.6,4,4,4,12,Champions,43767.76666666666
CUST02423,210,5,166946.6,2,3,3,8,At Risk,33389.32
CUST02424,160,6,228443.35,3,4,4,11,Loyal Customers,38073.89166666667
CUST02425,67,4,142784.9,4,2,3,9,Potential Loyalists,35696.225
CUST02426,96,4,142379.8,3,2,3,8,Others,35594.95
CUST02427,185,3,32661.3,2,1,1,4,Lost Customers,10887.1
CUST02428,625,3,60853.399999999994,1,1,1,3,Lost Customers,20284.466666666664
CUST02429,76,3,129733.45,4,1,2,7,Others,43244.48333333333
CUST02430,27,2,22955.8,5,1,1,7,Others,11477.9
CUST02431,122,5,91146.95,3,3,2,8,Others,18229.39
CUST02432,197,5,63268.05,2,3,1,6,Others,12653.61
CUST02433,338,2,6704.6,1,1,1,3,Lost Customers,3352.3
CUST02434,246,3,96985.65,2,1,2,5,Lost Customers,32328.55
CUST02435,435,3,102067.0,1,1,2,4,Lost Customers,34022.333333333336
CUST02436,58,6,697506.75,4,4,5,13,Champions,116251.125
CUST02437,61,5,200259.05,4,3,3,10,Potential Loyalists,40051.81
CUST02438,5,8,208282.75,5,5,3,13,Loyal Customers,26035.34375
CUST02439,51,3,29046.05,4,1,1,6,Others,9682.016666666666
CUST02440,86,7,114796.75,4,4,2,10,Loyal Customers,16399.535714285714
CUST02441,213,7,401760.2,2,4,5,11,At Risk,57394.31428571429
CUST02442,20,8,348369.0,5,5,5,15,Champions,43546.125
CUST02443,254,4,17731.85,2,2,1,5,Lost Customers,4432.9625
CUST02444,185,5,94297.8,2,3,2,7,Others,18859.56
CUST02445,60,5,218194.8,4,3,4,11,Potential Loyalists,43638.96
CUST02446,128,6,183623.95,3,4,3,10,Loyal Customers,30603.99166666667
CUST02447,167,5,232286.5,3,3,4,10,Others,46457.3
CUST02448,140,7,159478.5,3,4,3,10,Loyal Customers,22782.64285714286
CUST02449,15,4,22236.8,5,2,1,8,Potential Loyalists,5559.2
CUST02450,77,6,487162.69999999995,4,4,5,13,Champions,81193.78333333333
CUST02451,189,3,29114.5,2,1,1,4,Lost Customers,9704.833333333334
CUST02452,191,5,137934.0,2,3,3,8,At Risk,27586.8
CUST02453,114,2,177424.4,3,1,3,7,Others,88712.2
CUST02454,31,6,71000.55,5,4,1,10,Loyal Customers,11833.425000000001
CUST02455,166,5,103692.45,3,3,2,8,Others,20738.489999999998
CUST02456,631,2,49141.05,1,1,1,3,Lost Customers,24570.525
CUST02457,88,5,104928.55,4,3,2,9,Potential Loyalists,20985.71
CUST02458,285,1,116134.2,2,1,2,5,Lost Customers,116134.2
CUST02459,108,3,113375.6,3,1,2,6,Others,37791.86666666667
CUST02460,161,3,117111.45,3,1,2,6,Others,39037.15
CUST02461,121,5,447333.05,3,3,5,11,Others,89466.61
CUST02462,283,5,452355.15,2,3,5,10,At Risk,90471.03
CUST02463,331,5,389879.45,1,3,5,9,At Risk,77975.89
CUST02464,110,3,236767.55,3,1,4,8,Others,78922.51666666666
CUST02465,124,4,281559.2,3,2,4,9,Others,70389.8
CUST02466,14,8,385619.25,5,5,5,15,Champions,48202.40625
CUST02467,711,4,343395.25,1,2,5,8,Lost Customers,85848.8125
CUST02468,114,4,37739.2,3,2,1,6,Others,9434.8
CUST02469,84,5,84868.0,4,3,2,9,Potential Loyalists,16973.6
CUST02471,526,6,250039.5,1,4,4,9,At Risk,41673.25
CUST02472,509,4,88671.75,1,2,2,5,Lost Customers,22167.9375
CUST02473,147,4,96594.25,3,2,2,7,Others,24148.5625
CUST02474,30,8,288288.39999999997,5,5,4,14,Champions,36036.049999999996
CUST02475,500,3,41154.0,1,1,1,3,Lost Customers,13718.0
CUST02476,36,8,394198.85000000003,5,5,5,15,Champions,49274.856250000004
CUST02477,372,2,11433.0,1,1,1,3,Lost Customers,5716.5
CUST02478,241,5,299611.85,2,3,4,9,At Risk,59922.369999999995
CUST02479,219,6,197709.65,2,4,3,9,At Risk,32951.60833333333
CUST02480,155,8,434027.5,3,5,5,13,Loyal Customers,54253.4375
CUST02481,303,3,64045.8,1,1,1,3,Lost Customers,21348.600000000002
CUST02482,274,6,236902.65,2,4,4,10,At Risk,39483.775
CUST02483,135,3,149660.9,3,1,3,7,Others,49886.96666666667
CUST02484,86,3,78720.5,4,1,2,7,Others,26240.166666666668
CUST02485,85,8,206654.35,4,5,3,12,Loyal Customers,25831.79375
CUST02486,50,8,247618.8,4,5,4,13,Champions,30952.35
CUST02487,70,8,321235.45,4,5,5,14,Champions,40154.43125
CUST02488,663,1,10341.6,1,1,1,3,Lost Customers,10341.6
CUST02489,295,1,1260.55,1,1,1,3,Lost Customers,1260.55
CUST02490,1,3,142682.7,5,1,3,9,Others,47560.9
CUST02491,23,8,434450.5,5,5,5,15,Champions,54306.3125
CUST02492,300,8,426630.0,1,5,5,11,At Risk,53328.75
CUST02493,272,2,91852.8,2,1,2,5,Lost Customers,45926.4
CUST02494,180,3,69655.0,2,1,1,4,Lost Customers,23218.333333333332
CUST02495,850,2,93294.70000000001,1,1,2,4,Lost Customers,46647.350000000006
CUST02496,126,4,166366.2,3,2,3,8,Others,41591.55
CUST02497,336,1,5355.0,1,1,1,3,Lost Customers,5355.0
CUST02498,127,2,44842.0,3,1,1,5,Others,22421.0
CUST02499,119,3,242860.55,3,1,4,8,Others,80953.51666666666
CUST02500,382,5,122665.1,1,3,2,6,Others,24533.02
CUST02501,132,7,513838.0,3,4,5,12,Loyal Customers,73405.42857142857
CUST02502,280,5,263728.7,2,3,4,9,At Risk,52745.740000000005
CUST02503,165,6,528163.75,3,4,5,12,Loyal Customers,88027.29166666667
CUST02504,567,3,344058.1,1,1,5,7,Lost Customers,114686.03333333333
CUST02505,225,4,106269.6,2,2,2,6,Lost Customers,26567.4
CUST02507,72,6,113806.20000000001,4,4,2,10,Loyal Customers,18967.7
CUST02508,30,3,72196.5,5,1,1,7,Others,24065.5
CUST02509,764,2,34661.0,1,1,1,3,Lost Customers,17330.5
CUST02510,341,5,87069.25,1,3,2,6,Others,17413.85
CUST02511,240,6,244419.3,2,4,4,10,At Risk,40736.549999999996
CUST02512,327,2,10300.25,1,1,1,3,Lost Customers,5150.125
CUST02513,87,6,612286.2,4,4,5,13,Champions,102047.7
CUST02514,160,10,331667.95,3,5,5,13,Loyal Customers,33166.795
CUST02515,63,11,566524.35,4,5,5,14,Champions,51502.21363636363
CUST02516,666,1,41631.3,1,1,1,3,Lost Customers,41631.3
CUST02517,50,2,56741.0,4,1,1,6,Others,28370.5
CUST02518,146,7,216904.09999999998,3,4,4,11,Loyal Customers,30986.299999999996
CUST02519,88,9,517182.30000000005,4,5,5,14,Champions,57464.700000000004
CUST02520,221,5,119478.05,2,3,2,7,Others,23895.61
CUST02522,206,4,325752.25,2,2,5,9,Lost Customers,81438.0625
CUST02523,244,4,60856.399999999994,2,2,1,5,Lost Customers,15214.099999999999
CUST02524,50,4,261092.0,4,2,4,10,Potential Loyalists,65273.0
CUST02525,196,4,274663.4,2,2,4,8,Lost Customers,68665.85
CUST02526,890,1,18037.85,1,1,1,3,Lost Customers,18037.85
CUST02527,182,7,605786.75,2,4,5,11,At Risk,86540.96428571429
CUST02528,51,5,30455.9,4,3,1,8,Potential Loyalists,6091.18
CUST02529,190,4,281516.2,2,2,4,8,Lost Customers,70379.05
CUST02530,64,6,337427.44999999995,4,4,5,13,Champions,56237.908333333326
CUST02531,26,3,64941.8,5,1,1,7,Others,21647.266666666666
CUST02532,148,4,100204.0,3,2,2,7,Others,25051.0
CUST02533,257,2,54165.4,2,1,1,4,Lost Customers,27082.7
CUST02534,41,9,595880.6,5,5,5,15,Champions,66208.95555555556
CUST02535,159,6,102831.15,3,4,2,9,Loyal Customers,17138.524999999998
CUST02536,4,5,389467.4,5,3,5,13,Potential Loyalists,77893.48000000001
CUST02537,707,1,95682.4,1,1,2,4,Lost Customers,95682.4
CUST02538,118,5,126518.3,3,3,2,8,Others,25303.66
CUST02539,29,4,22533.4,5,2,1,8,Potential Loyalists,5633.35
CUST02540,291,6,80070.35,2,4,2,8,Others,13345.058333333334
CUST02541,54,7,204042.8,4,4,3,11,Loyal Customers,29148.971428571425
CUST02542,43,7,210970.25,4,4,4,12,Champions,30138.60714285714
CUST02543,142,8,288888.4,3,5,4,12,Loyal Customers,36111.05
CUST02544,32,6,156693.75,5,4,3,12,Loyal Customers,26115.625
CUST02545,3,3,32810.0,5,1,1,7,Others,10936.666666666666
CUST02546,124,5,112672.5,3,3,2,8,Others,22534.5
CUST02547,186,5,363798.8,2,3,5,10,At Risk,72759.76
CUST02548,86,3,136939.25,4,1,2,7,Others,45646.416666666664
CUST02549,127,4,52257.6,3,2,1,6,Others,13064.4
CUST02550,225,3,64101.399999999994,2,1,1,4,Lost Customers,21367.13333333333
CUST02551,379,5,262661.1,1,3,4,8,At Risk,52532.219999999994
CUST02552,71,5,277872.0,4,3,4,11,Potential Loyalists,55574.4
CUST02553,512,3,60250.1,1,1,1,3,Lost Customers,20083.366666666665
CUST02554,121,5,173416.3,3,3,3,9,Others,34683.259999999995
CUST02555,182,8,205781.65,2,5,3,10,At Risk,25722.70625
CUST02556,4,5,528504.05,5,3,5,13,Potential Loyalists,105700.81000000001
CUST02557,6,9,556830.0,5,5,5,15,Champions,61870.0
CUST02558,350,4,304136.69999999995,1,2,4,7,Lost Customers,76034.17499999999
CUST02559,98,8,834118.25,3,5,5,13,Loyal Customers,104264.78125
CUST02560,33,5,134316.85,5,3,2,10,Potential Loyalists,26863.370000000003
CUST02561,617,4,126144.65,1,2,2,5,Lost Customers,31536.1625
CUST02562,349,4,200697.55000000002,1,2,3,6,Lost Customers,50174.387500000004
CUST02563,362,7,334445.15,1,4,5,10,At Risk,47777.87857142858
CUST02564,229,7,165249.8,2,4,3,9,At Risk,23607.114285714284
CUST02565,125,2,17925.05,3,1,1,5,Others,8962.525
CUST02566,378,6,264636.0,1,4,4,9,At Risk,44106.0
CUST02567,86,7,313176.3,4,4,4,12,Champions,44739.47142857143
CUST02568,70,5,127884.25,4,3,2,9,Potential Loyalists,25576.85
CUST02569,56,6,177086.1,4,4,3,11,Loyal Customers,29514.350000000002
CUST02570,188,1,20429.6,2,1,1,4,Lost Customers,20429.6
CUST02571,73,4,82118.2,4,2,2,8,Potential Loyalists,20529.55
CUST02572,305,6,220162.75,1,4,4,9,At Risk,36693.791666666664
CUST02573,476,2,16502.0,1,1,1,3,Lost Customers,8251.0
CUST02574,184,5,118237.95,2,3,2,7,Others,23647.59
CUST02575,525,4,107627.5,1,2,2,5,Lost Customers,26906.875
CUST02576,242,5,92231.65,2,3,2,7,Others,18446.329999999998
CUST02577,129,6,232679.45,3,4,4,11,Loyal Customers,38779.90833333333
CUST02578,43,6,193556.6,4,4,3,11,Loyal Customers,32259.433333333334
CUST02579,81,7,164669.8,4,4,3,11,Loyal Customers,23524.257142857143
CUST02580,2,4,246508.2,5,2,4,11,Potential Loyalists,61627.05
CUST02581,108,4,391839.0,3,2,5,10,Others,97959.75
CUST02582,22,8,232447.55000000002,5,5,4,14,Champions,29055.943750000002
CUST02583,18,9,289615.65,5,5,4,14,Champions,32179.51666666667
CUST02584,281,2,102570.1,2,1,2,5,Lost Customers,51285.05
CUST02585,83,6,336408.8,4,4,5,13,Champions,56068.13333333333
CUST02586,106,4,35867.2,3,2,1,6,Others,8966.8
CUST02587,133,6,98424.95,3,4,2,9,Loyal Customers,16404.158333333333
CUST02588,3,11,592488.95,5,5,5,15,Champions,53862.63181818181
CUST02589,3,2,81250.2,5,1,2,8,Others,40625.1
CUST02590,158,8,289727.55,3,5,4,12,Loyal Customers,36215.94375
CUST02591,101,8,458842.69999999995,3,5,5,13,Loyal Customers,57355.337499999994
CUST02592,64,6,265707.5,4,4,4,12,Champions,44284.583333333336
CUST02593,266,5,248147.9,2,3,4,9,At Risk,49629.58
CUST02594,405,3,37094.1,1,1,1,3,Lost Customers,12364.699999999999
CUST02595,328,5,77724.85,1,3,2,6,Others,15544.970000000001
CUST02596,660,3,119907.35,1,1,2,4,Lost Customers,39969.11666666667
CUST02597,173,4,168229.9,2,2,3,7,Lost Customers,42057.475
CUST02598,49,5,176556.34999999998,4,3,3,10,Potential Loyalists,35311.27
CUST02599,811,1,4068.95,1,1,1,3,Lost Customers,4068.95
CUST02600,513,3,40590.05,1,1,1,3,Lost Customers,13530.016666666668
CUST02601,10,7,100615.55,5,4,2,11,Loyal Customers,14373.65
CUST02602,549,1,688.5,1,1,1,3,Lost Customers,688.5
CUST02603,36,4,180570.2,5,2,3,10,Potential Loyalists,45142.55
CUST02604,67,4,151244.35,4,2,3,9,Potential Loyalists,37811.0875
CUST02605,63,7,165062.15,4,4,3,11,Loyal Customers,23580.307142857142
CUST02606,444,4,126662.05,1,2,2,5,Lost Customers,31665.5125
CUST02607,227,8,234524.3,2,5,4,11,At Risk,29315.5375
CUST02608,288,8,184364.6,2,5,3,10,At Risk,23045.575
CUST02609,470,2,75938.0,1,1,2,4,Lost Customers,37969.0
CUST02610,466,4,115376.2,1,2,2,5,Lost Customers,28844.05
CUST02611,163,4,318354.45,3,2,4,9,Others,79588.6125
CUST02612,14,8,471402.44999999995,5,5,5,15,Champions,58925.306249999994
CUST02613,199,5,172932.45,2,3,3,8,At Risk,34586.490000000005
CUST02614,77,4,103098.9,4,2,2,8,Potential Loyalists,25774.725
CUST02615,25,4,129644.45,5,2,2,9,Potential Loyalists,32411.1125
CUST02616,707,2,212868.0,1,1,4,6,Lost Customers,106434.0
CUST02617,138,8,273819.6,3,5,4,12,Loyal Customers,34227.45
CUST02618,205,6,285319.75,2,4,4,10,At Risk,47553.291666666664
CUST02619,154,3,99134.25,3,1,2,6,Others,33044.75
CUST02620,314,3,37082.3,1,1,1,3,Lost Customers,12360.766666666668
CUST02621,510,4,370169.65,1,2,5,8,Lost Customers,92542.4125
CUST02622,151,5,194588.0,3,3,3,9,Others,38917.6
CUST02623,86,3,105139.7,4,1,2,7,Others,35046.566666666666
CUST02624,28,4,265346.35,5,2,4,11,Potential Loyalists,66336.5875
CUST02625,206,5,292704.2,2,3,4,9,At Risk,58540.840000000004
CUST02626,134,5,373001.45,3,3,5,11,Others,74600.29000000001
CUST02627,224,3,101555.1,2,1,2,5,Lost Customers,33851.700000000004
CUST02628,69,8,110053.7,4,5,2,11,Loyal Customers,13756.7125
CUST02629,87,5,145682.15,4,3,3,10,Potential Loyalists,29136.43
CUST02630,174,3,195109.5,2,1,3,6,Lost Customers,65036.5
CUST02631,586,2,44070.600000000006,1,1,1,3,Lost Customers,22035.300000000003
CUST02632,551,1,47340.4,1,1,1,3,Lost Customers,47340.4
CUST02633,289,4,114410.95,2,2,2,6,Lost Customers,28602.7375
CUST02634,325,6,255287.9,1,4,4,9,At Risk,42547.98333333333
CUST02635,336,6,620691.8,1,4,5,10,At Risk,103448.63333333335
CUST02636,80,6,222844.85,4,4,4,12,Champions,37140.808333333334
CUST02637,139,2,14749.800000000001,3,1,1,5,Others,7374.900000000001
CUST02638,515,4,132620.0,1,2,2,5,Lost Customers,33155.0
CUST02639,150,4,352267.35,3,2,5,10,Others,88066.8375
CUST02640,100,5,367577.60000000003,3,3,5,11,Others,73515.52
CUST02641,72,4,753922.0,4,2,5,11,Potential Loyalists,188480.5
CUST02642,375,1,2438.65,1,1,1,3,Lost Customers,2438.65
CUST02643,208,6,236006.80000000002,2,4,4,10,At Risk,39334.46666666667
CUST02644,114,5,247393.55,3,3,4,10,Others,49478.71
CUST02645,59,6,321103.05,4,4,5,13,Champions,53517.174999999996
CUST02646,320,2,26631.35,1,1,1,3,Lost Customers,13315.675
CUST02647,2,4,198320.05,5,2,3,10,Potential Loyalists,49580.0125
CUST02648,255,5,253496.0,2,3,4,9,At Risk,50699.2
CUST02649,172,6,427781.0,2,4,5,11,At Risk,71296.83333333333
CUST02650,163,4,107003.2,3,2,2,7,Others,26750.8
CUST02651,375,3,122123.35,1,1,2,4,Lost Customers,40707.78333333333
CUST02652,34,2,33904.8,5,1,1,7,Others,16952.4
CUST02653,133,9,522548.45,3,5,5,13,Loyal Customers,58060.93888888889
CUST02654,561,1,1245.0,1,1,1,3,Lost Customers,1245.0
CUST02655,85,7,218111.5,4,4,4,12,Champions,31158.785714285714
CUST02656,207,8,764547.85,2,5,5,12,At Risk,95568.48125
CUST02657,108,4,93660.29999999999,3,2,2,7,Others,23415.074999999997
CUST02658,389,6,278502.65,1,4,4,9,At Risk,46417.10833333334
CUST02659,319,2,90392.5,1,1,2,4,Lost Customers,45196.25
CUST02660,179,6,161347.8,2,4,3,9,At Risk,26891.3
CUST02661,27,1,7201.0,5,1,1,7,Others,7201.0
CUST02662,19,8,554172.7999999999,5,5,5,15,Champions,69271.59999999999
CUST02663,199,6,212173.25,2,4,4,10,At Risk,35362.208333333336
CUST02664,215,5,114132.45,2,3,2,7,Others,22826.489999999998
CUST02665,100,5,235616.5,3,3,4,10,Others,47123.3
CUST02666,41,7,129371.75,5,4,2,11,Loyal Customers,18481.678571428572
CUST02667,90,5,164087.44999999998,4,3,3,10,Potential Loyalists,32817.49
CUST02668,313,3,169751.85,1,1,3,5,Lost Customers,56583.950000000004
CUST02669,3,8,545231.35,5,5,5,15,Champions,68153.91875
CUST02670,74,4,50438.350000000006,4,2,1,7,Potential Loyalists,12609.587500000001
CUST02671,272,4,109544.9,2,2,2,6,Lost Customers,27386.225
CUST02672,122,5,310758.5,3,3,4,10,Others,62151.7
CUST02673,66,7,293786.5,4,4,4,12,Champions,41969.5
CUST02674,615,1,598.5,1,1,1,3,Lost Customers,598.5
CUST02675,534,2,94006.90000000001,1,1,2,4,Lost Customers,47003.450000000004
CUST02676,59,8,742066.6,4,5,5,14,Champions,92758.325
CUST02677,131,4,78454.85,3,2,2,7,Others,19613.7125
CUST02678,135,7,254619.15,3,4,4,11,Loyal Customers,36374.16428571429
CUST02679,32,8,361687.39999999997,5,5,5,15,Champions,45210.924999999996
CUST02680,220,6,111769.0,2,4,2,8,Others,18628.166666666668
CUST02681,466,1,20403.9,1,1,1,3,Lost Customers,20403.9
CUST02682,45,7,167067.44999999998,4,4,3,11,Loyal Customers,23866.778571428567
CUST02683,42,7,325146.5,4,4,5,13,Champions,46449.5
CUST02684,116,8,161474.25,3,5,3,11,Loyal Customers,20184.28125
CUST02685,242,4,39035.2,2,2,1,5,Lost Customers,9758.8
CUST02686,180,2,103228.6,2,1,2,5,Lost Customers,51614.3
CUST02687,143,7,245050.35,3,4,4,11,Loyal Customers,35007.19285714286
CUST02688,46,3,180539.0,4,1,3,8,Others,60179.666666666664
CUST02689,385,4,459834.2,1,2,5,8,Lost Customers,114958.55
CUST02690,195,7,391143.05,2,4,5,11,At Risk,55877.57857142857
CUST02691,229,8,286657.3,2,5,4,11,At Risk,35832.1625
CUST02692,324,6,157632.3,1,4,3,8,At Risk,26272.05
CUST02693,122,8,353096.65,3,5,5,13,Loyal Customers,44137.08125
CUST02694,58,7,625420.05,4,4,5,13,Champions,89345.72142857143
CUST02695,49,3,85668.95,4,1,2,7,Others,28556.316666666666
CUST02696,238,6,74011.65,2,4,1,7,Others,12335.275
CUST02697,34,5,210143.05,5,3,4,12,Potential Loyalists,42028.61
CUST02698,131,6,105104.25,3,4,2,9,Loyal Customers,17517.375
CUST02699,213,5,196020.9,2,3,3,8,At Risk,39204.18
CUST02700,99,5,204058.3,3,3,3,9,Others,40811.659999999996
CUST02701,79,2,5807.2,4,1,1,6,Others,2903.6
CUST02702,136,6,156458.8,3,4,3,10,Loyal Customers,26076.466666666664
CUST02703,11,10,429629.69999999995,5,5,5,15,Champions,42962.969999999994
CUST02704,262,5,181176.7,2,3,3,8,At Risk,36235.340000000004
CUST02705,185,3,77580.3,2,1,2,5,Lost Customers,25860.100000000002
CUST02706,119,4,85117.4,3,2,2,7,Others,21279.35
CUST02707,268,3,175591.0,2,1,3,6,Lost Customers,58530.333333333336
CUST02708,224,3,145360.05,2,1,3,6,Lost Customers,48453.35
CUST02709,134,5,145845.5,3,3,3,9,Others,29169.1
CUST02710,78,7,175591.85,4,4,3,11,Loyal Customers,25084.55
CUST02711,46,2,34808.05,4,1,1,6,Others,17404.025
CUST02712,121,5,154698.9,3,3,3,9,Others,30939.78
CUST02713,548,2,113549.4,1,1,2,4,Lost Customers,56774.7
CUST02714,262,3,39916.9,2,1,1,4,Lost Customers,13305.633333333333
CUST02715,177,9,489872.8,2,5,5,12,At Risk,54430.31111111111
CUST02716,134,2,7940.35,3,1,1,5,Others,3970.175
CUST02717,282,9,354433.2,2,5,5,12,At Risk,39381.46666666667
CUST02718,48,3,297856.8,4,1,4,9,Others,99285.59999999999
CUST02719,176,6,204952.75,2,4,3,9,At Risk,34158.791666666664
CUST02720,31,7,751944.9,5,4,5,14,Champions,107420.7
CUST02721,110,5,88551.0,3,3,2,8,Others,17710.2
CUST02722,336,6,174351.44999999998,1,4,3,8,At Risk,29058.574999999997
CUST02723,59,6,296504.2,4,4,4,12,Champions,49417.36666666667
CUST02724,67,5,203158.45,4,3,3,10,Potential Loyalists,40631.69
CUST02725,297,6,48438.0,1,4,1,6,Others,8073.0
CUST02726,71,5,233305.65,4,3,4,11,Potential Loyalists,46661.13
CUST02727,400,3,19909.2,1,1,1,3,Lost Customers,6636.400000000001
CUST02728,87,5,181009.05,4,3,3,10,Potential Loyalists,36201.81
CUST02729,123,2,70571.2,3,1,1,5,Others,35285.6
CUST02730,246,3,43909.05,2,1,1,4,Lost Customers,14636.35
CUST02731,10,6,129598.65000000001,5,4,2,11,Loyal Customers,21599.775
CUST02732,587,4,240700.6,1,2,4,7,Lost Customers,60175.15
CUST02733,366,2,140334.90000000002,1,1,3,5,Lost Customers,70167.45000000001
CUST02734,107,5,254761.84999999998,3,3,4,10,Others,50952.369999999995
CUST02735,396,1,113502.6,1,1,2,4,Lost Customers,113502.6
CUST02736,40,9,566002.2,5,5,5,15,Champions,62889.13333333333
CUST02737,271,6,155504.0,2,4,3,9,At Risk,25917.333333333332
CUST02738,39,4,129000.8,5,2,2,9,Potential Loyalists,32250.2
CUST02739,9,8,206628.65,5,5,3,13,Loyal Customers,25828.58125
CUST02740,166,4,215425.55,3,2,4,9,Others,53856.3875
CUST02741,85,5,238769.25,4,3,4,11,Potential Loyalists,47753.85
CUST02742,265,3,73902.2,2,1,1,4,Lost Customers,24634.066666666666
CUST02743,374,3,288686.9,1,1,4,6,Lost Customers,96228.96666666667
CUST02744,52,3,63595.8,4,1,1,6,Others,21198.600000000002
CUST02745,65,5,287330.2,4,3,4,11,Potential Loyalists,57466.04
CUST02746,184,3,145153.6,2,1,3,6,Lost Customers,48384.53333333333
CUST02747,201,4,156496.2,2,2,3,7,Lost Customers,39124.05
CUST02748,10,8,313529.05,5,5,4,14,Champions,39191.13125
CUST02749,163,5,176476.45,3,3,3,9,Others,35295.29
CUST02750,483,3,103366.2,1,1,2,4,Lost Customers,34455.4
CUST02751,159,7,330577.95,3,4,5,12,Loyal Customers,47225.42142857143
CUST02752,255,8,142087.35,2,5,3,10,At Risk,17760.91875
CUST02753,401,6,265940.45,1,4,4,9,At Risk,44323.40833333333
CUST02754,663,2,27685.95,1,1,1,3,Lost Customers,13842.975
CUST02755,93,7,500158.35,4,4,5,13,Champions,71451.19285714286
CUST02756,219,4,377260.6,2,2,5,9,Lost Customers,94315.15
CUST02757,19,1,8611.35,5,1,1,7,Others,8611.35
CUST02758,44,6,83868.3,4,4,2,10,Loyal Customers,13978.050000000001
CUST02759,43,9,365852.15,4,5,5,14,Champions,40650.23888888889
CUST02760,685,2,308150.5,1,1,4,6,Lost Customers,154075.25
CUST02761,145,6,208039.05,3,4,3,10,Loyal Customers,34673.174999999996
CUST02762,33,4,120861.5,5,2,2,9,Potential Loyalists,30215.375
CUST02763,416,6,191194.9,1,4,3,8,At Risk,31865.816666666666
CUST02764,134,5,238424.55000000002,3,3,4,10,Others,47684.91
CUST02765,319,5,187227.95,1,3,3,7,At Risk,37445.590000000004
CUST02766,322,3,85400.7,1,1,2,4,Lost Customers,28466.899999999998
CUST02767,341,1,3384.0,1,1,1,3,Lost Customers,3384.0
CUST02768,93,5,214796.5,4,3,4,11,Potential Loyalists,42959.3
CUST02769,443,3,213024.7,1,1,4,6,Lost Customers,71008.23333333334
CUST02770,22,7,289089.6,5,4,4,13,Champions,41298.514285714286
CUST02771,345,4,60419.7,1,2,1,4,Lost Customers,15104.925
CUST02772,47,4,127110.25,4,2,2,8,Potential Loyalists,31777.5625
CUST02773,349,4,194523.5,1,2,3,6,Lost Customers,48630.875
CUST02774,41,4,163744.35,5,2,3,10,Potential Loyalists,40936.0875
CUST02775,226,4,140709.15,2,2,3,7,Lost Customers,35177.2875
CUST02776,10,7,440162.85,5,4,5,14,Champions,62880.40714285714
CUST02777,61,6,96659.0,4,4,2,10,Loyal Customers,16109.833333333334
CUST02778,55,7,229547.9,4,4,4,12,Champions,32792.55714285714
CUST02779,57,3,13738.65,4,1,1,6,Others,4579.55
CUST02780,86,7,208776.0,4,4,3,11,Loyal Customers,29825.14285714286
CUST02781,173,4,24997.65,2,2,1,5,Lost Customers,6249.4125
CUST02782,62,7,133234.35,4,4,2,10,Loyal Customers,19033.47857142857
CUST02783,108,1,2554.55,3,1,1,5,Others,2554.55
CUST02784,109,7,182437.05,3,4,3,10,Loyal Customers,26062.43571428571
CUST02785,169,3,39048.15,3,1,1,5,Others,13016.050000000001
CUST02786,140,6,246190.25,3,4,4,11,Loyal Customers,41031.708333333336
CUST02787,18,7,267667.5,5,4,4,13,Champions,38238.21428571428
CUST02788,22,7,391939.8,5,4,5,14,Champions,55991.4
CUST02789,859,1,31464.0,1,1,1,3,Lost Customers,31464.0
CUST02790,442,2,3498.6,1,1,1,3,Lost Customers,1749.3
CUST02791,11,3,279841.3,5,1,4,10,Others,93280.43333333333
CUST02792,152,5,193953.35,3,3,3,9,Others,38790.67
CUST02793,71,6,167544.69999999998,4,4,3,11,Loyal Customers,27924.116666666665
CUST02794,401,4,43690.35,1,2,1,4,Lost Customers,10922.5875
CUST02795,448,3,78280.20000000001,1,1,2,4,Lost Customers,26093.400000000005
CUST02796,80,3,89662.95,4,1,2,7,Others,29887.649999999998
CUST02797,199,6,246488.65000000002,2,4,4,10,At Risk,41081.44166666667
CUST02798,214,10,516011.05,2,5,5,12,At Risk,51601.104999999996
CUST02799,367,5,396829.6,1,3,5,9,At Risk,79365.92
CUST02800,208,2,8987.5,2,1,1,4,Lost Customers,4493.75
CUST02801,41,5,177782.3,5,3,3,11,Potential Loyalists,35556.46
CUST02802,58,6,277753.3,4,4,4,12,Champions,46292.21666666667
CUST02803,8,9,510737.60000000003,5,5,5,15,Champions,56748.62222222223
CUST02804,132,5,95172.3,3,3,2,8,Others,19034.46
CUST02805,49,7,299855.8,4,4,4,12,Champions,42836.54285714286
CUST02806,279,5,320072.7,2,3,5,10,At Risk,64014.54
CUST02807,37,4,160164.95,5,2,3,10,Potential Loyalists,40041.2375
CUST02808,8,5,375485.35,5,3,5,13,Potential Loyalists,75097.06999999999
CUST02809,63,9,515950.85,4,5,5,14,Champions,57327.87222222222
CUST02810,45,5,114607.20000000001,4,3,2,9,Potential Loyalists,22921.440000000002
CUST02811,23,4,160906.8,5,2,3,10,Potential Loyalists,40226.7
CUST02812,185,4,110369.35,2,2,2,6,Lost Customers,27592.3375
CUST02813,145,5,130057.3,3,3,2,8,Others,26011.46
CUST02814,139,5,184569.8,3,3,3,9,Others,36913.96
CUST02815,205,6,349219.85000000003,2,4,5,11,At Risk,58203.30833333334
CUST02816,274,3,34049.1,2,1,1,4,Lost Customers,11349.699999999999
CUST02817,58,5,146810.1,4,3,3,10,Potential Loyalists,29362.02
CUST02818,136,3,150589.7,3,1,3,7,Others,50196.56666666667
CUST02819,24,5,134098.95,5,3,2,10,Potential Loyalists,26819.79
CUST02820,1,5,45178.75,5,3,1,9,Potential Loyalists,9035.75
CUST02821,662,1,3954.6,1,1,1,3,Lost Customers,3954.6
CUST02822,53,2,30785.9,4,1,1,6,Others,15392.95
CUST02823,28,3,58427.4,5,1,1,7,Others,19475.8
CUST02824,322,5,310415.2,1,3,4,8,At Risk,62083.04
CUST02825,14,8,343665.85,5,5,5,15,Champions,42958.23125
CUST02826,76,7,389322.45,4,4,5,13,Champions,55617.49285714286
CUST02827,106,5,369934.69999999995,3,3,5,11,Others,73986.93999999999
CUST02828,189,4,102281.45,2,2,2,6,Lost Customers,25570.3625
CUST02829,82,6,202866.55,4,4,3,11,Loyal Customers,33811.09166666667
CUST02830,120,4,183410.4,3,2,3,8,Others,45852.6
CUST02831,104,5,201195.9,3,3,3,9,Others,40239.18
CUST02832,91,3,63435.100000000006,4,1,1,6,Others,21145.033333333336
CUST02833,13,4,99218.65,5,2,2,9,Potential Loyalists,24804.6625
CUST02834,93,7,198010.8,4,4,3,11,Loyal Customers,28287.257142857143
CUST02835,108,8,479213.8,3,5,5,13,Loyal Customers,59901.725
CUST02836,120,5,184011.35,3,3,3,9,Others,36802.270000000004
CUST02837,386,3,174421.80000000002,1,1,3,5,Lost Customers,58140.600000000006
CUST02838,144,2,34029.0,3,1,1,5,Others,17014.5
CUST02839,35,6,175929.3,5,4,3,12,Loyal Customers,29321.55
CUST02840,79,7,135030.7,4,4,2,10,Loyal Customers,19290.100000000002
CUST02841,137,4,103337.9,3,2,2,7,Others,25834.475
CUST02842,73,6,111248.65,4,4,2,10,Loyal Customers,18541.441666666666
CUST02843,69,6,252132.3,4,4,4,12,Champions,42022.049999999996
CUST02844,753,1,1798.6,1,1,1,3,Lost Customers,1798.6
CUST02845,707,1,6572.7,1,1,1,3,Lost Customers,6572.7
CUST02846,275,6,321239.35,2,4,5,11,At Risk,53539.89166666666
CUST02847,8,5,32099.2,5,3,1,9,Potential Loyalists,6419.84
CUST02848,165,1,84299.6,3,1,2,6,Others,84299.6
CUST02849,24,4,180048.85,5,2,3,10,Potential Loyalists,45012.2125
CUST02850,166,4,383650.0,3,2,5,10,Others,95912.5
CUST02851,39,7,321179.75,5,4,5,14,Champions,45882.82142857143
CUST02852,171,4,358339.25,2,2,5,9,Lost Customers,89584.8125
CUST02853,15,6,243575.1,5,4,4,13,Champions,40595.85
CUST02854,627,1,9519.0,1,1,1,3,Lost Customers,9519.0
CUST02855,67,5,72874.6,4,3,1,8,Potential Loyalists,14574.920000000002
CUST02856,34,8,346605.5,5,5,5,15,Champions,43325.6875
CUST02857,13,5,259564.05,5,3,4,12,Potential Loyalists,51912.81
CUST02858,542,4,208872.1,1,2,3,6,Lost Customers,52218.025
CUST02859,176,4,170807.2,2,2,3,7,Lost Customers,42701.8
CUST02860,114,9,315012.6,3,5,4,12,Loyal Customers,35001.399999999994
CUST02861,19,5,86683.7,5,3,2,10,Potential Loyalists,17336.739999999998
CUST02862,17,6,285441.7,5,4,4,13,Champions,47573.61666666667
CUST02863,205,5,151738.2,2,3,3,8,At Risk,30347.640000000003
CUST02864,193,5,218723.45,2,3,4,9,At Risk,43744.69
CUST02865,46,8,100277.45,4,5,2,11,Loyal Customers,12534.68125
CUST02866,52,5,123327.6,4,3,2,9,Potential Loyalists,24665.52
CUST02867,21,7,268640.75,5,4,4,13,Champions,38377.25
CUST02868,137,7,106719.8,3,4,2,9,Loyal Customers,15245.685714285715
CUST02869,6,4,67535.1,5,2,1,8,Potential Loyalists,16883.775
CUST02870,110,5,137039.9,3,3,2,8,Others,27407.98
CUST02871,155,8,525852.45,3,5,5,13,Loyal Customers,65731.55625
CUST02872,229,3,242664.15,2,1,4,7,Lost Customers,80888.05
CUST02873,28,5,198580.5,5,3,3,11,Potential Loyalists,39716.1
CUST02874,319,2,53323.4,1,1,1,3,Lost Customers,26661.7
CUST02875,80,3,79255.2,4,1,2,7,Others,26418.399999999998
CUST02876,592,5,105926.65,1,3,2,6,Others,21185.329999999998
CUST02878,167,7,301241.75,3,4,4,11,Loyal Customers,43034.53571428572
CUST02879,380,1,6094.0,1,1,1,3,Lost Customers,6094.0
CUST02880,105,5,140263.2,3,3,3,9,Others,28052.640000000003
CUST02881,26,13,580601.05,5,5,5,15,Champions,44661.61923076923
CUST02882,161,5,206142.05,3,3,3,9,Others,41228.409999999996
CUST02883,115,8,321573.2,3,5,5,13,Loyal Customers,40196.65
CUST02884,35,8,379184.4,5,5,5,15,Champions,47398.05
CUST02885,146,2,150955.8,3,1,3,7,Others,75477.9
CUST02886,67,7,364700.0,4,4,5,13,Champions,52100.0
CUST02887,65,6,321749.2,4,4,5,13,Champions,53624.86666666667
CUST02888,132,4,189704.5,3,2,3,8,Others,47426.125
CUST02889,102,3,50636.5,3,1,1,5,Others,16878.833333333332
CUST02890,107,3,8982.25,3,1,1,5,Others,2994.0833333333335
CUST02891,413,5,59686.05,1,3,1,5,Others,11937.210000000001
CUST02892,182,6,231391.4,2,4,4,10,At Risk,38565.23333333333
CUST02893,147,5,288086.9,3,3,4,10,Others,57617.380000000005
CUST02894,1,4,162751.3,5,2,3,10,Potential Loyalists,40687.825
CUST02895,107,4,262142.7,3,2,4,9,Others,65535.675
CUST02896,103,4,214971.1,3,2,4,9,Others,53742.775
CUST02897,163,2,110217.15,3,1,2,6,Others,55108.575
CUST02898,144,5,222211.19999999998,3,3,4,10,Others,44442.24
CUST02899,176,6,209723.44999999998,2,4,3,9,At Risk,34953.90833333333
CUST02900,166,3,346482.45,3,1,5,9,Others,115494.15000000001
CUST02901,345,2,8579.6,1,1,1,3,Lost Customers,4289.8
CUST02902,99,11,664765.1,3,5,5,13,Loyal Customers,60433.19090909091
CUST02903,115,5,135396.8,3,3,2,8,Others,27079.359999999997
CUST02904,142,5,162944.95,3,3,3,9,Others,32588.99
CUST02905,340,5,94180.95,1,3,2,6,Others,18836.19
CUST02906,307,5,32552.8,1,3,1,5,Others,6510.5599999999995
CUST02907,4,2,21839.850000000002,5,1,1,7,Others,10919.925000000001
CUST02908,271,5,218076.35,2,3,4,9,At Risk,43615.270000000004
CUST02909,314,7,465931.7,1,4,5,10,At Risk,66561.67142857143
CUST02910,19,8,87769.9,5,5,2,12,Loyal Customers,10971.2375
CUST02911,284,4,154409.4,2,2,3,7,Lost Customers,38602.35
CUST02912,172,7,211919.45,2,4,4,10,At Risk,30274.207142857143
CUST02913,300,2,67475.55,1,1,1,3,Lost Customers,33737.775
CUST02914,31,8,114257.35,5,5,2,12,Loyal Customers,14282.16875
CUST02915,40,5,230252.45,5,3,4,12,Potential Loyalists,46050.490000000005
CUST02916,506,5,761044.7999999999,1,3,5,9,At Risk,152208.96
CUST02917,113,3,281677.9,3,1,4,8,Others,93892.63333333335
CUST02918,214,5,176745.9,2,3,3,8,At Risk,35349.18
CUST02919,48,7,222474.7,4,4,4,12,Champions,31782.100000000002
CUST02920,419,8,529683.85,1,5,5,11,At Risk,66210.48125
CUST02921,279,3,11724.45,2,1,1,4,Lost Customers,3908.15
CUST02922,70,8,80945.2,4,5,2,11,Loyal Customers,10118.15
CUST02923,784,1,7854.6,1,1,1,3,Lost Customers,7854.6
CUST02924,221,4,166325.85,2,2,3,7,Lost Customers,41581.4625
CUST02925,377,3,233675.30000000002,1,1,4,6,Lost Customers,77891.76666666668
CUST02926,102,7,194157.55,3,4,3,10,Loyal Customers,27736.792857142857
CUST02927,24,8,217497.45,5,5,4,14,Champions,27187.18125
CUST02928,138,9,82210.9,3,5,2,10,Loyal Customers,9134.544444444444
CUST02929,485,2,51522.55,1,1,1,3,Lost Customers,25761.275
CUST02930,122,5,219440.45,3,3,4,10,Others,43888.090000000004
CUST02931,22,4,45051.4,5,2,1,8,Potential Loyalists,11262.85
CUST02932,250,4,5498.05,2,2,1,5,Lost Customers,1374.5125
CUST02933,241,3,290716.1,2,1,4,7,Lost Customers,96905.36666666665
CUST02934,2,6,301573.35000000003,5,4,4,13,Champions,50262.225000000006
CUST02935,349,2,203891.8,1,1,3,5,Lost Customers,101945.9
CUST02936,64,4,375044.7,4,2,5,11,Potential Loyalists,93761.175
CUST02937,237,5,63851.850000000006,2,3,1,6,Others,12770.37
CUST02938,98,6,222834.44999999998,3,4,4,11,Loyal Customers,37139.075
CUST02939,41,5,183634.44999999998,5,3,3,11,Potential Loyalists,36726.89
CUST02940,8,8,415800.35,5,5,5,15,Champions,51975.04375
CUST02941,34,8,312859.05,5,5,4,14,Champions,39107.38125
CUST02942,104,5,163810.6,3,3,3,9,Others,32762.120000000003
CUST02943,404,3,107645.45,1,1,2,4,Lost Customers,35881.816666666666
CUST02944,239,3,179055.2,2,1,3,6,Lost Customers,59685.06666666667
CUST02945,595,1,7568.0,1,1,1,3,Lost Customers,7568.0
CUST02946,222,5,63673.149999999994,2,3,1,6,Others,12734.63
CUST02947,127,7,422313.65,3,4,5,12,Loyal Customers,60330.52142857143
CUST02948,153,5,206588.75,3,3,3,9,Others,41317.75
CUST02949,858,1,32540.35,1,1,1,3,Lost Customers,32540.35
CUST02950,36,5,140263.85,5,3,3,11,Potential Loyalists,28052.77
CUST02951,324,2,471506.75,1,1,5,7,Lost Customers,235753.375
CUST02952,449,4,304491.2,1,2,4,7,Lost Customers,76122.8
CUST02953,353,2,85481.1,1,1,2,4,Lost Customers,42740.55
CUST02954,49,8,422952.35,4,5,5,14,Champions,52869.04375
CUST02955,269,8,320541.5,2,5,5,12,At Risk,40067.6875
CUST02956,325,4,242989.15,1,2,4,7,Lost Customers,60747.2875
CUST02957,265,5,140439.25,2,3,3,8,At Risk,28087.85
CUST02958,146,3,73491.9,3,1,1,5,Others,24497.3
CUST02959,169,6,223330.94999999998,3,4,4,11,Loyal Customers,37221.825
CUST02960,47,8,155258.85,4,5,3,12,Loyal Customers,19407.35625
CUST02961,25,2,7780.7,5,1,1,7,Others,3890.35
CUST02962,62,4,91771.6,4,2,2,8,Potential Loyalists,22942.9
CUST02963,118,4,365460.0,3,2,5,10,Others,91365.0
CUST02964,198,7,242020.85,2,4,4,10,At Risk,34574.40714285714
CUST02965,60,4,173102.9,4,2,3,9,Potential Loyalists,43275.725
CUST02966,41,3,80380.3,5,1,2,8,Others,26793.433333333334
CUST02967,304,4,163143.9,1,2,3,6,Lost Customers,40785.975
CUST02968,23,10,263168.14999999997,5,5,4,14,Champions,26316.814999999995
CUST02969,457,5,316321.2,1,3,4,8,At Risk,63264.240000000005
CUST02970,220,3,11613.6,2,1,1,4,Lost Customers,3871.2000000000003
CUST02971,344,4,458011.3,1,2,5,8,Lost Customers,114502.825
CUST02972,25,7,165973.2,5,4,3,12,Loyal Customers,23710.457142857143
CUST02973,46,3,168276.95,4,1,3,8,Others,56092.31666666667
CUST02974,32,4,192268.25,5,2,3,10,Potential Loyalists,48067.0625
CUST02975,280,5,370609.75,2,3,5,10,At Risk,74121.95
CUST02976,75,6,196566.4,4,4,3,11,Loyal Customers,32761.066666666666
CUST02977,30,8,151136.9,5,5,3,13,Loyal Customers,18892.1125
CUST02978,304,1,240006.0,1,1,4,6,Lost Customers,240006.0
CUST02979,107,4,76369.0,3,2,2,7,Others,19092.25
CUST02980,269,5,310262.0,2,3,4,9,At Risk,62052.4
CUST02981,43,8,106477.15,4,5,2,11,Loyal Customers,13309.64375
CUST02982,126,4,127195.19999999998,3,2,2,7,Others,31798.799999999996
CUST02983,197,10,439110.1,2,5,5,12,At Risk,43911.009999999995
CUST02984,389,9,157114.15,1,5,3,9,At Risk,17457.127777777776
CUST02985,43,2,12174.5,4,1,1,6,Others,6087.25
CUST02986,124,4,171466.30000000002,3,2,3,8,Others,42866.575000000004
CUST02987,305,6,92572.8,1,4,2,7,Others,15428.800000000001
CUST02988,8,4,215550.0,5,2,4,11,Potential Loyalists,53887.5
CUST02989,2,5,82635.15,5,3,2,10,Potential Loyalists,16527.03
CUST02990,300,5,298856.7,1,3,4,8,At Risk,59771.340000000004
CUST02991,144,2,15414.0,3,1,1,5,Others,7707.0
CUST02992,244,4,101817.5,2,2,2,6,Lost Customers,25454.375
CUST02993,49,4,238257.9,4,2,4,10,Potential Loyalists,59564.475
CUST02994,75,8,255797.15,4,5,4,13,Champions,31974.64375
CUST02995,27,10,609354.45,5,5,5,15,Champions,60935.44499999999
CUST02996,6,5,387493.05,5,3,5,13,Potential Loyalists,77498.61
CUST02997,61,7,508308.1,4,4,5,13,Champions,72615.44285714286
CUST02998,15,2,145898.7,5,1,3,9,Others,72949.35
CUST02999,67,6,243477.75,4,4,4,12,Champions,40579.625
CUST03000,153,3,104599.4,3,1,2,6,Others,34866.46666666667
CUST03001,280,7,222155.34999999998,2,4,4,10,At Risk,31736.478571428568
CUST03002,186,6,425287.10000000003,2,4,5,11,At Risk,70881.18333333333
CUST03003,69,3,14183.1,4,1,1,6,Others,4727.7
CUST03004,340,3,12060.699999999999,1,1,1,3,Lost Customers,4020.233333333333
CUST03005,36,6,76652.40000000001,5,4,2,11,Loyal Customers,12775.400000000001
CUST03006,48,4,335231.1,4,2,5,11,Potential Loyalists,83807.775
CUST03007,74,6,250215.3,4,4,4,12,Champions,41702.549999999996
CUST03008,267,7,426213.05,2,4,5,11,At Risk,60887.57857142857
CUST03009,174,5,214017.95,2,3,4,9,At Risk,42803.590000000004
CUST03010,22,2,94816.2,5,1,2,8,Others,47408.1
CUST03011,28,3,18704.5,5,1,1,7,Others,6234.833333333333
CUST03012,124,9,706383.8,3,5,5,13,Loyal Customers,78487.08888888889
CUST03013,117,6,98636.95,3,4,2,9,Loyal Customers,16439.491666666665
CUST03014,3,6,263295.65,5,4,4,13,Champions,43882.60833333334
CUST03015,2,4,76218.0,5,2,2,9,Potential Loyalists,19054.5
CUST03016,91,5,48228.450000000004,4,3,1,8,Potential Loyalists,9645.69
CUST03017,356,2,103824.79999999999,1,1,2,4,Lost Customers,51912.399999999994
CUST03018,294,5,117160.75,1,3,2,6,Others,23432.15
CUST03019,365,3,34294.7,1,1,1,3,Lost Customers,11431.566666666666
CUST03020,38,4,166772.2,5,2,3,10,Potential Loyalists,41693.05
CUST03021,32,3,143750.65,5,1,3,9,Others,47916.88333333333
CUST03022,643,3,35832.95,1,1,1,3,Lost Customers,11944.316666666666
CUST03023,60,8,110895.75,4,5,2,11,Loyal Customers,13861.96875
CUST03024,43,6,328418.35,4,4,5,13,Champions,54736.39166666666
CUST03025,41,2,53535.2,5,1,1,7,Others,26767.6
CUST03026,46,5,171742.25,4,3,3,10,Potential Loyalists,34348.45
CUST03027,153,10,490925.7,3,5,5,13,Loyal Customers,49092.57
CUST03028,17,2,82134.0,5,1,2,8,Others,41067.0
CUST03029,130,4,297474.55,3,2,4,9,Others,74368.6375
CUST03030,185,3,304332.8,2,1,4,7,Lost Customers,101444.26666666666
CUST03031,17,6,366839.1,5,4,5,14,Champions,61139.85
CUST03032,223,5,69581.75,2,3,1,6,Others,13916.35
CUST03033,40,6,254703.09999999998,5,4,4,13,Champions,42450.51666666666
CUST03034,428,5,96953.45,1,3,2,6,Others,19390.69
CUST03035,197,3,93790.40000000001,2,1,2,5,Lost Customers,31263.46666666667
CUST03036,58,6,108638.2,4,4,2,10,Loyal Customers,18106.366666666665
CUST03037,90,3,157341.8,4,1,3,8,Others,52447.26666666666
CUST03038,138,8,559436.4,3,5,5,13,Loyal Customers,69929.55
CUST03039,146,6,431575.7,3,4,5,12,Loyal Customers,71929.28333333334
CUST03040,602,5,122614.9,1,3,2,6,Others,24522.98
CUST03041,31,4,117361.0,5,2,2,9,Potential Loyalists,29340.25
CUST03042,298,5,193136.59999999998,1,3,3,7,At Risk,38627.31999999999
CUST03043,307,3,281693.75,1,1,4,6,Lost Customers,93897.91666666667
CUST03044,71,5,150010.8,4,3,3,10,Potential Loyalists,30002.159999999996
CUST03045,174,4,108467.79999999999,2,2,2,6,Lost Customers,27116.949999999997
CUST03046,90,7,240133.5,4,4,4,12,Champions,34304.78571428572
CUST03047,198,3,163399.34999999998,2,1,3,6,Lost Customers,54466.44999999999
CUST03048,35,3,51120.950000000004,5,1,1,7,Others,17040.31666666667
CUST03049,52,4,213405.55,4,2,4,10,Potential Loyalists,53351.3875
CUST03050,102,10,184228.55,3,5,3,11,Loyal Customers,18422.855
CUST03051,173,4,199539.19999999998,2,2,3,7,Lost Customers,49884.799999999996
CUST03052,57,7,100020.25,4,4,2,10,Loyal Customers,14288.607142857143
CUST03053,183,7,131043.4,2,4,2,8,Others,18720.485714285714
CUST03054,153,4,168290.25,3,2,3,8,Others,42072.5625
CUST03055,655,3,14218.55,1,1,1,3,Lost Customers,4739.516666666666
CUST03056,299,7,536899.85,1,4,5,10,At Risk,76699.97857142857
CUST03057,103,5,65113.899999999994,3,3,1,7,Others,13022.779999999999
CUST03058,173,2,208283.4,2,1,3,6,Lost Customers,104141.7
CUST03059,393,4,139052.35,1,2,3,6,Lost Customers,34763.0875
CUST03060,548,1,4620.0,1,1,1,3,Lost Customers,4620.0
CUST03061,738,1,28447.2,1,1,1,3,Lost Customers,28447.2
CUST03062,482,3,93630.7,1,1,2,4,Lost Customers,31210.233333333334
CUST03063,37,4,110385.45000000001,5,2,2,9,Potential Loyalists,27596.362500000003
CUST03064,98,6,294806.95,3,4,4,11,Loyal Customers,49134.49166666667
CUST03065,105,5,167259.5,3,3,3,9,Others,33451.9
CUST03066,304,2,71753.55,1,1,1,3,Lost Customers,35876.775
CUST03067,151,6,77385.65000000001,3,4,2,9,Loyal Customers,12897.608333333335
CUST03068,35,7,420503.5,5,4,5,14,Champions,60071.92857142857
CUST03069,285,6,187558.45,2,4,3,9,At Risk,31259.74166666667
CUST03070,37,9,385697.1,5,5,5,15,Champions,42855.23333333333
CUST03071,144,4,84896.4,3,2,2,7,Others,21224.1
CUST03072,268,6,203907.75,2,4,3,9,At Risk,33984.625
CUST03073,55,10,315591.7,4,5,4,13,Champions,31559.170000000002
CUST03074,142,5,120259.75,3,3,2,8,Others,24051.95
CUST03075,379,4,164155.1,1,2,3,6,Lost Customers,41038.775
CUST03076,163,6,192085.3,3,4,3,10,Loyal Customers,32014.216666666664
CUST03077,20,6,349128.19999999995,5,4,5,14,Champions,58188.033333333326
CUST03078,58,4,62216.149999999994,4,2,1,7,Potential Loyalists,15554.037499999999
CUST03079,236,7,456875.7,2,4,5,11,At Risk,65267.95714285714
CUST03080,234,5,127376.95,2,3,2,7,Others,25475.39
CUST03081,149,5,45365.25,3,3,1,7,Others,9073.05
CUST03082,432,5,146387.1,1,3,3,7,At Risk,29277.420000000002
CUST03083,121,6,365513.5,3,4,5,12,Loyal Customers,60918.916666666664
CUST03084,148,4,57402.450000000004,3,2,1,6,Others,14350.612500000001
CUST03085,167,3,146599.4,3,1,3,7,Others,48866.46666666667
CUST03086,129,6,60724.0,3,4,1,8,Loyal Customers,10120.666666666666
CUST03087,561,3,120768.75,1,1,2,4,Lost Customers,40256.25
CUST03088,25,6,100508.7,5,4,2,11,Loyal Customers,16751.45
CUST03089,74,7,242967.7,4,4,4,12,Champions,34709.67142857143
CUST03090,117,4,125972.25,3,2,2,7,Others,31493.0625
CUST03091,39,8,418608.7,5,5,5,15,Champions,52326.0875
CUST03092,196,5,173966.7,2,3,3,8,At Risk,34793.340000000004
CUST03093,168,4,81057.45,3,2,2,7,Others,20264.3625
CUST03094,146,8,262512.5,3,5,4,12,Loyal Customers,32814.0625
CUST03095,245,5,112593.7,2,3,2,7,Others,22518.739999999998
CUST03096,33,7,295846.7,5,4,4,13,Champions,42263.81428571429
CUST03097,90,3,356197.45,4,1,5,10,Others,118732.48333333334
CUST03098,392,1,10730.25,1,1,1,3,Lost Customers,10730.25
CUST03099,516,6,132384.0,1,4,2,7,Others,22064.0
CUST03100,105,4,61455.9,3,2,1,6,Others,15363.975
CUST03101,135,3,307111.5,3,1,4,8,Others,102370.5
CUST03102,726,1,58860.0,1,1,1,3,Lost Customers,58860.0
CUST03103,156,8,338379.25,3,5,5,13,Loyal Customers,42297.40625
CUST03104,154,9,303352.6,3,5,4,12,Loyal Customers,33705.84444444444
CUST03105,34,3,25837.1,5,1,1,7,Others,8612.366666666667
CUST03106,76,5,141546.45,4,3,3,10,Potential Loyalists,28309.29
CUST03107,147,2,34371.9,3,1,1,5,Others,17185.95
CUST03108,11,7,199181.5,5,4,3,12,Loyal Customers,28454.5
CUST03109,628,2,26477.6,1,1,1,3,Lost Customers,13238.8
CUST03110,182,9,364875.85,2,5,5,12,At Risk,40541.76111111111
CUST03111,195,7,177166.5,2,4,3,9,At Risk,25309.5
CUST03112,7,6,192027.5,5,4,3,12,Loyal Customers,32004.583333333332
CUST03113,123,7,108275.05,3,4,2,9,Loyal Customers,15467.864285714286
CUST03114,89,4,212434.2,4,2,4,10,Potential Loyalists,53108.55
CUST03115,70,7,336835.35,4,4,5,13,Champions,48119.33571428571
CUST03116,41,7,146615.9,5,4,3,12,Loyal Customers,20945.12857142857
CUST03117,187,3,55548.700000000004,2,1,1,4,Lost Customers,18516.233333333334
CUST03118,135,7,587302.3,3,4,5,12,Loyal Customers,83900.32857142857
CUST03119,101,10,386590.35,3,5,5,13,Loyal Customers,38659.034999999996
CUST03120,9,6,156189.25,5,4,3,12,Loyal Customers,26031.541666666668
CUST03121,127,9,200750.6,3,5,3,11,Loyal Customers,22305.622222222224
CUST03122,584,4,154206.8,1,2,3,6,Lost Customers,38551.7
CUST03123,2,7,184624.85,5,4,3,12,Loyal Customers,26374.97857142857
CUST03124,20,4,155635.15,5,2,3,10,Potential Loyalists,38908.7875
CUST03125,37,7,357564.1,5,4,5,14,Champions,51080.58571428571
CUST03126,586,3,122649.85,1,1,2,4,Lost Customers,40883.28333333333
CUST03127,225,5,90867.4,2,3,2,7,Others,18173.48
CUST03128,167,3,15813.400000000001,3,1,1,5,Others,5271.133333333334
CUST03129,58,5,196186.6,4,3,3,10,Potential Loyalists,39237.32
CUST03130,4,9,465337.25,5,5,5,15,Champions,51704.13888888889
CUST03131,378,4,383855.35,1,2,5,8,Lost Customers,95963.8375
CUST03132,74,10,356876.60000000003,4,5,5,14,Champions,35687.66
CUST03133,27,4,82176.7,5,2,2,9,Potential Loyalists,20544.175
CUST03134,138,7,147181.6,3,4,3,10,Loyal Customers,21025.942857142858
CUST03135,161,6,157051.65,3,4,3,10,Loyal Customers,26175.274999999998
CUST03136,20,10,300580.8,5,5,4,14,Champions,30058.079999999998
CUST03137,64,6,169073.0,4,4,3,11,Loyal Customers,28178.833333333332
CUST03138,370,4,94237.5,1,2,2,5,Lost Customers,23559.375
CUST03139,243,6,305552.7,2,4,4,10,At Risk,50925.450000000004
CUST03140,195,4,139262.30000000002,2,2,3,7,Lost Customers,34815.575000000004
CUST03141,365,5,302247.05,1,3,4,8,At Risk,60449.409999999996
CUST03142,105,6,302581.7,3,4,4,11,Loyal Customers,50430.28333333333
CUST03143,104,7,203955.55,3,4,3,10,Loyal Customers,29136.507142857143
CUST03144,142,3,41213.8,3,1,1,5,Others,13737.933333333334
CUST03145,668,2,67371.3,1,1,1,3,Lost Customers,33685.65
CUST03146,85,5,303000.7,4,3,4,11,Potential Loyalists,60600.14
CUST03147,6,6,148794.2,5,4,3,12,Loyal Customers,24799.033333333336
CUST03148,257,3,22469.0,2,1,1,4,Lost Customers,7489.666666666667
CUST03149,85,5,201636.2,4,3,3,10,Potential Loyalists,40327.240000000005
CUST03150,67,7,176806.7,4,4,3,11,Loyal Customers,25258.100000000002
CUST03151,30,7,442385.19999999995,5,4,5,14,Champions,63197.88571428571
CUST03152,61,2,115633.1,4,1,2,7,Others,57816.55
CUST03153,44,11,259774.3,4,5,4,13,Champions,23615.845454545455
CUST03154,20,10,374812.9,5,5,5,15,Champions,37481.29
CUST03155,286,8,305098.35,2,5,4,11,At Risk,38137.29375
CUST03156,583,2,32832.65,1,1,1,3,Lost Customers,16416.325
CUST03157,26,8,147338.5,5,5,3,13,Loyal Customers,18417.3125
CUST03158,61,5,141078.1,4,3,3,10,Potential Loyalists,28215.620000000003
CUST03159,64,5,158296.2,4,3,3,10,Potential Loyalists,31659.24
CUST03160,2,4,153201.0,5,2,3,10,Potential Loyalists,38300.25
CUST03161,72,4,129323.95,4,2,2,8,Potential Loyalists,32330.9875
CUST03162,271,10,535819.9,2,5,5,12,At Risk,53581.990000000005
CUST03163,182,8,407452.4,2,5,5,12,At Risk,50931.55
CUST03164,93,6,156720.35,4,4,3,11,Loyal Customers,26120.058333333334
CUST03165,83,5,174791.75,4,3,3,10,Potential Loyalists,34958.35
CUST03166,326,6,209572.0,1,4,3,8,At Risk,34928.666666666664
CUST03167,25,5,160439.0,5,3,3,11,Potential Loyalists,32087.8
CUST03168,30,8,626186.7,5,5,5,15,Champions,78273.3375
CUST03169,192,2,159719.5,2,1,3,6,Lost Customers,79859.75
CUST03170,205,2,5983.2,2,1,1,4,Lost Customers,2991.6
CUST03171,321,3,163196.4,1,1,3,5,Lost Customers,54398.799999999996
CUST03172,9,7,107783.55,5,4,2,11,Loyal Customers,15397.65
CUST03173,64,3,33804.5,4,1,1,6,Others,11268.166666666666
CUST03174,49,3,72979.15,4,1,1,6,Others,24326.38333333333
CUST03175,60,4,80208.4,4,2,2,8,Potential Loyalists,20052.1
CUST03176,231,4,129436.6,2,2,2,6,Lost Customers,32359.15
CUST03177,278,3,153620.65,2,1,3,6,Lost Customers,51206.88333333333
CUST03178,243,9,418571.55,2,5,5,12,At Risk,46507.95
CUST03179,359,6,220050.9,1,4,4,9,At Risk,36675.15
CUST03180,197,2,233170.0,2,1,4,7,Lost Customers,116585.0
CUST03181,45,7,362669.85,4,4,5,13,Champions,51809.97857142857
CUST03182,248,2,23280.0,2,1,1,4,Lost Customers,11640.0
CUST03183,79,5,84176.7,4,3,2,9,Potential Loyalists,16835.34
CUST03184,23,3,256441.59999999998,5,1,4,10,Others,85480.53333333333
CUST03185,38,4,190981.35,5,2,3,10,Potential Loyalists,47745.3375
CUST03186,135,7,349501.55,3,4,5,12,Loyal Customers,49928.79285714286
CUST03187,52,4,19485.9,4,2,1,7,Potential Loyalists,4871.475
CUST03188,299,7,229030.65,1,4,4,9,At Risk,32718.664285714283
CUST03189,12,2,29735.9,5,1,1,7,Others,14867.95
CUST03190,279,4,297702.25,2,2,4,8,Lost Customers,74425.5625
CUST03191,269,6,564367.2,2,4,5,11,At Risk,94061.2
CUST03192,194,1,1863.0,2,1,1,4,Lost Customers,1863.0
CUST03193,13,4,417917.10000000003,5,2,5,12,Potential Loyalists,104479.27500000001
CUST03194,40,5,262234.55,5,3,4,12,Potential Loyalists,52446.909999999996
CUST03195,297,5,95933.0,1,3,2,6,Others,19186.6
CUST03196,20,12,608440.75,5,5,5,15,Champions,50703.395833333336
CUST03197,415,3,174986.80000000002,1,1,3,5,Lost Customers,58328.93333333334
CUST03198,33,8,212212.35,5,5,4,14,Champions,26526.54375
CUST03199,85,8,293120.35,4,5,4,13,Champions,36640.04375
CUST03200,10,5,209709.15,5,3,3,11,Potential Loyalists,41941.83
CUST03201,226,4,202803.40000000002,2,2,3,7,Lost Customers,50700.850000000006
CUST03202,64,5,91912.25,4,3,2,9,Potential Loyalists,18382.45
CUST03203,96,7,330765.65,3,4,5,12,Loyal Customers,47252.235714285714
CUST03204,11,8,128650.45000000001,5,5,2,12,Loyal Customers,16081.306250000001
CUST03205,94,5,195899.6,4,3,3,10,Potential Loyalists,39179.92
CUST03206,83,6,212195.9,4,4,4,12,Champions,35365.98333333333
CUST03207,289,6,262662.9,2,4,4,10,At Risk,43777.15
CUST03208,182,4,99650.6,2,2,2,6,Lost Customers,24912.65
CUST03209,13,5,123699.9,5,3,2,10,Potential Loyalists,24739.98
CUST03210,370,5,109183.95000000001,1,3,2,6,Others,21836.79
CUST03211,32,2,70180.3,5,1,1,7,Others,35090.15
CUST03213,273,8,223752.4,2,5,4,11,At Risk,27969.05
CUST03214,892,1,3893.4,1,1,1,3,Lost Customers,3893.4
CUST03215,459,3,83235.85,1,1,2,4,Lost Customers,27745.283333333336
CUST03216,227,5,391315.0,2,3,5,10,At Risk,78263.0
CUST03217,197,2,17483.45,2,1,1,4,Lost Customers,8741.725
CUST03218,36,7,213091.15000000002,5,4,4,13,Champions,30441.59285714286
CUST03219,175,3,140067.45,2,1,3,6,Lost Customers,46689.15
CUST03220,40,6,346722.05,5,4,5,14,Champions,57787.00833333333
CUST03221,505,3,194603.4,1,1,3,5,Lost Customers,64867.799999999996
CUST03222,8,3,84353.6,5,1,2,8,Others,28117.86666666667
CUST03223,213,8,247503.6,2,5,4,11,At Risk,30937.95
CUST03224,100,5,174364.1,3,3,3,9,Others,34872.82
CUST03225,57,7,372296.1,4,4,5,13,Champions,53185.15714285714
CUST03226,12,5,20033.1,5,3,1,9,Potential Loyalists,4006.62
CUST03227,28,2,99318.9,5,1,2,8,Others,49659.45
CUST03228,483,1,1727.2,1,1,1,3,Lost Customers,1727.2
CUST03229,426,5,136750.1,1,3,2,6,Others,27350.02
CUST03230,162,5,367830.39999999997,3,3,5,11,Others,73566.07999999999
CUST03231,246,5,257575.55,2,3,4,9,At Risk,51515.11
CUST03232,67,5,127265.95,4,3,2,9,Potential Loyalists,25453.19
CUST03233,242,2,72928.2,2,1,1,4,Lost Customers,36464.1
CUST03234,94,6,69379.1,4,4,1,9,Loyal Customers,11563.183333333334
CUST03235,450,3,30420.75,1,1,1,3,Lost Customers,10140.25
CUST03236,23,7,331890.0,5,4,5,14,Champions,47412.857142857145
CUST03237,424,3,36907.3,1,1,1,3,Lost Customers,12302.433333333334
CUST03238,73,8,615155.1,4,5,5,14,Champions,76894.3875
CUST03239,361,3,29002.3,1,1,1,3,Lost Customers,9667.433333333332
CUST03240,597,2,51575.100000000006,1,1,1,3,Lost Customers,25787.550000000003
CUST03241,76,6,291092.60000000003,4,4,4,12,Champions,48515.43333333334
CUST03242,38,6,230347.15,5,4,4,13,Champions,38391.191666666666
CUST03243,11,5,134554.45,5,3,2,10,Potential Loyalists,26910.890000000003
CUST03244,58,11,217193.65,4,5,4,13,Champions,19744.877272727274
CUST03245,231,5,98148.7,2,3,2,7,Others,19629.739999999998
CUST03246,382,3,44563.6,1,1,1,3,Lost Customers,14854.533333333333
CUST03247,14,5,91896.45,5,3,2,10,Potential Loyalists,18379.29
CUST03248,144,5,144937.75,3,3,3,9,Others,28987.55
CUST03249,63,5,141579.80000000002,4,3,3,10,Potential Loyalists,28315.960000000003
CUST03250,9,7,374890.55,5,4,5,14,Champions,53555.79285714286
CUST03251,78,6,183692.84999999998,4,4,3,11,Loyal Customers,30615.474999999995
CUST03252,2,6,60962.45,5,4,1,10,Loyal Customers,10160.408333333333
CUST03253,58,5,52068.05,4,3,1,8,Potential Loyalists,10413.61
CUST03254,33,3,86970.45,5,1,2,8,Others,28990.149999999998
CUST03255,199,4,177848.65000000002,2,2,3,7,Lost Customers,44462.162500000006
CUST03256,202,1,48648.9,2,1,1,4,Lost Customers,48648.9
CUST03257,92,7,79250.9,4,4,2,10,Loyal Customers,11321.557142857142
CUST03258,13,5,272825.7,5,3,4,12,Potential Loyalists,54565.14
CUST03259,42,5,115730.49999999999,4,3,2,9,Potential Loyalists,23146.1
CUST03260,75,9,407324.25,4,5,5,14,Champions,45258.25
CUST03261,105,7,222765.55000000002,3,4,4,11,Loyal Customers,31823.65
CUST03262,136,2,49932.0,3,1,1,5,Others,24966.0
CUST03263,192,5,70149.5,2,3,1,6,Others,14029.9
CUST03264,520,4,106386.1,1,2,2,5,Lost Customers,26596.525
CUST03265,30,3,83797.6,5,1,2,8,Others,27932.533333333336
CUST03266,538,3,244413.1,1,1,4,6,Lost Customers,81471.03333333334
CUST03267,58,5,275860.4,4,3,4,11,Potential Loyalists,55172.08
CUST03268,124,2,114148.8,3,1,2,6,Others,57074.4
CUST03269,100,5,179524.55,3,3,3,9,Others,35904.909999999996
CUST03270,93,6,132267.4,4,4,2,10,Loyal Customers,22044.566666666666
CUST03271,377,4,45859.05,1,2,1,4,Lost Customers,11464.7625
CUST03272,20,6,92124.35,5,4,2,11,Loyal Customers,15354.058333333334
CUST03273,411,2,262573.0,1,1,4,6,Lost Customers,131286.5
CUST03274,298,3,52874.200000000004,1,1,1,3,Lost Customers,17624.733333333334
CUST03275,124,9,110397.8,3,5,2,10,Loyal Customers,12266.422222222223
CUST03276,43,8,473258.25,4,5,5,14,Champions,59157.28125
CUST03277,141,4,155419.9,3,2,3,8,Others,38854.975
CUST03278,66,5,216662.05,4,3,4,11,Potential Loyalists,43332.409999999996
CUST03279,156,5,119019.0,3,3,2,8,Others,23803.8
CUST03280,446,3,234109.2,1,1,4,6,Lost Customers,78036.40000000001
CUST03281,294,3,242561.6,1,1,4,6,Lost Customers,80853.86666666667
CUST03282,109,6,173268.3,3,4,3,10,Loyal Customers,28878.05
CUST03283,85,6,441555.5,4,4,5,13,Champions,73592.58333333333
CUST03284,92,3,12191.35,4,1,1,6,Others,4063.7833333333333
CUST03285,30,4,165116.4,5,2,3,10,Potential Loyalists,41279.1
CUST03286,3,3,66833.85,5,1,1,7,Others,22277.95
CUST03287,158,5,322891.6,3,3,5,11,Others,64578.31999999999
CUST03288,83,5,240413.1,4,3,4,11,Potential Loyalists,48082.62
CUST03289,608,1,75537.0,1,1,1,3,Lost Customers,75537.0
CUST03290,192,5,142595.95,2,3,3,8,At Risk,28519.190000000002
CUST03291,237,5,87175.95,2,3,2,7,Others,17435.19
CUST03292,147,5,244310.0,3,3,4,10,Others,48862.0
CUST03293,180,7,391525.0,2,4,5,11,At Risk,55932.142857142855
CUST03294,61,5,240392.75,4,3,4,11,Potential Loyalists,48078.55
CUST03295,331,1,195057.0,1,1,3,5,Lost Customers,195057.0
CUST03296,822,2,148478.9,1,1,3,5,Lost Customers,74239.45
CUST03297,34,12,294825.6,5,5,4,14,Champions,24568.8
CUST03298,26,7,210355.30000000002,5,4,4,13,Champions,30050.757142857146
CUST03299,459,5,139017.75,1,3,3,7,At Risk,27803.55
CUST03300,2,3,45369.5,5,1,1,7,Others,15123.166666666666
CUST03301,101,9,279524.0,3,5,4,12,Loyal Customers,31058.222222222223
CUST03302,677,2,266431.2,1,1,4,6,Lost Customers,133215.6
CUST03303,73,5,168431.2,4,3,3,10,Potential Loyalists,33686.240000000005
CUST03304,130,6,194306.55,3,4,3,10,Loyal Customers,32384.425
CUST03305,157,5,76269.7,3,3,2,8,Others,15253.939999999999
CUST03306,530,1,49348.0,1,1,1,3,Lost Customers,49348.0
CUST03307,32,6,208468.7,5,4,3,12,Loyal Customers,34744.78333333333
CUST03308,5,7,323896.15,5,4,5,14,Champions,46270.87857142858
CUST03309,887,1,32957.9,1,1,1,3,Lost Customers,32957.9
CUST03310,108,3,64333.9,3,1,1,5,Others,21444.633333333335
CUST03311,107,10,247117.1,3,5,4,12,Loyal Customers,24711.71
CUST03312,20,7,343649.15,5,4,5,14,Champions,49092.735714285714
CUST03313,550,6,122760.65,1,4,2,7,Others,20460.108333333334
CUST03314,86,5,50689.7,4,3,1,8,Potential Loyalists,10137.939999999999
CUST03315,24,6,276043.0,5,4,4,13,Champions,46007.166666666664
CUST03316,98,5,289204.6,3,3,4,10,Others,57840.92
CUST03317,118,3,146573.1,3,1,3,7,Others,48857.700000000004
CUST03318,47,4,115939.9,4,2,2,8,Potential Loyalists,28984.975
CUST03319,246,3,48238.0,2,1,1,4,Lost Customers,16079.333333333334
CUST03320,37,7,101015.55,5,4,2,11,Loyal Customers,14430.792857142858
CUST03321,214,5,166597.4,2,3,3,8,At Risk,33319.479999999996
CUST03322,214,6,176790.1,2,4,3,9,At Risk,29465.016666666666
CUST03323,226,7,426443.45,2,4,5,11,At Risk,60920.49285714286
CUST03324,150,4,35982.2,3,2,1,6,Others,8995.55
CUST03325,299,5,201822.9,1,3,3,7,At Risk,40364.58
CUST03326,152,8,285025.35,3,5,4,12,Loyal Customers,35628.16875
CUST03327,1,9,349719.4,5,5,5,15,Champions,38857.711111111115
CUST03328,402,2,107151.3,1,1,2,4,Lost Customers,53575.65
CUST03329,45,9,186942.75,4,5,3,12,Loyal Customers,20771.416666666668
CUST03330,177,5,194739.95,2,3,3,8,At Risk,38947.990000000005
CUST03331,115,6,285994.6,3,4,4,11,Loyal Customers,47665.76666666666
CUST03332,275,6,342888.6,2,4,5,11,At Risk,57148.1
CUST03333,55,9,309012.8,4,5,4,13,Champions,34334.75555555555
CUST03334,72,2,4556.3,4,1,1,6,Others,2278.15
CUST03335,4,7,204913.1,5,4,3,12,Loyal Customers,29273.3
CUST03336,189,4,109602.2,2,2,2,6,Lost Customers,27400.55
CUST03337,169,6,169940.95,3,4,3,10,Loyal Customers,28323.49166666667
CUST03338,60,3,246760.2,4,1,4,9,Others,82253.40000000001
CUST03339,66,6,188931.9,4,4,3,11,Loyal Customers,31488.649999999998
CUST03340,80,5,145755.65,4,3,3,10,Potential Loyalists,29151.129999999997
CUST03341,173,3,133833.5,2,1,2,5,Lost Customers,44611.166666666664
CUST03342,290,5,107299.05,2,3,2,7,Others,21459.81
CUST03343,54,7,371783.65,4,4,5,13,Champions,53111.950000000004
CUST03344,70,5,106663.4,4,3,2,9,Potential Loyalists,21332.68
CUST03345,127,4,333115.6,3,2,5,10,Others,83278.9
CUST03346,17,9,410396.1,5,5,5,15,Champions,45599.566666666666
CUST03347,124,5,267094.44999999995,3,3,4,10,Others,53418.88999999999
CUST03348,174,10,589207.7,2,5,5,12,At Risk,58920.77
CUST03349,465,1,15803.2,1,1,1,3,Lost Customers,15803.2
CUST03350,93,4,32654.3,4,2,1,7,Potential Loyalists,8163.575
CUST03351,97,7,72036.4,3,4,1,8,Loyal Customers,10290.914285714285
CUST03352,134,7,229522.75,3,4,4,11,Loyal Customers,32788.96428571428
CUST03353,16,8,352774.15,5,5,5,15,Champions,44096.76875
CUST03354,48,7,265942.0,4,4,4,12,Champions,37991.71428571428
CUST03355,35,8,357688.25,5,5,5,15,Champions,44711.03125
CUST03356,767,2,174225.2,1,1,3,5,Lost Customers,87112.6
CUST03357,47,4,418949.64999999997,4,2,5,11,Potential Loyalists,104737.41249999999
CUST03358,242,4,97246.65,2,2,2,6,Lost Customers,24311.6625
CUST03359,108,3,34426.4,3,1,1,5,Others,11475.466666666667
CUST03360,74,7,287742.05,4,4,4,12,Champions,41106.00714285714
CUST03361,219,12,405724.6,2,5,5,12,At Risk,33810.38333333333
CUST03362,82,5,156953.6,4,3,3,10,Potential Loyalists,31390.72
CUST03363,387,3,27648.05,1,1,1,3,Lost Customers,9216.016666666666
CUST03364,119,7,241247.15,3,4,4,11,Loyal Customers,34463.87857142857
CUST03365,572,4,74104.5,1,2,1,4,Lost Customers,18526.125
CUST03366,177,3,310893.1,2,1,4,7,Lost Customers,103631.03333333333
CUST03367,113,6,393235.8,3,4,5,12,Loyal Customers,65539.3
CUST03368,252,5,328724.25,2,3,5,10,At Risk,65744.85
CUST03369,52,9,529713.45,4,5,5,14,Champions,58857.049999999996
CUST03370,1,3,57850.700000000004,5,1,1,7,Others,19283.56666666667
CUST03371,65,5,204984.55000000002,4,3,3,10,Potential Loyalists,40996.91
CUST03372,355,4,157484.7,1,2,3,6,Lost Customers,39371.175
CUST03373,502,5,206979.75,1,3,3,7,At Risk,41395.95
CUST03374,475,2,43313.950000000004,1,1,1,3,Lost Customers,21656.975000000002
CUST03375,106,6,371034.05,3,4,5,12,Loyal Customers,61839.00833333333
CUST03376,188,7,240757.65,2,4,4,10,At Risk,34393.95
CUST03377,126,3,178694.5,3,1,3,7,Others,59564.833333333336
CUST03378,600,3,60904.05,1,1,1,3,Lost Customers,20301.350000000002
CUST03379,111,3,53486.7,3,1,1,5,Others,17828.899999999998
CUST03380,41,8,219850.85,5,5,4,14,Champions,27481.35625
CUST03381,232,4,173570.15000000002,2,2,3,7,Lost Customers,43392.537500000006
CUST03382,407,5,180096.00000000003,1,3,3,7,At Risk,36019.200000000004
CUST03383,330,5,338505.1,1,3,5,9,At Risk,67701.01999999999
CUST03384,135,6,218000.5,3,4,4,11,Loyal Customers,36333.416666666664
CUST03385,182,3,49760.9,2,1,1,4,Lost Customers,16586.966666666667
CUST03386,57,3,342603.0,4,1,5,10,Others,114201.0
CUST03387,332,4,274692.35,1,2,4,7,Lost Customers,68673.0875
CUST03388,54,4,96619.75,4,2,2,8,Potential Loyalists,24154.9375
CUST03389,96,6,239846.15,3,4,4,11,Loyal Customers,39974.35833333333
CUST03390,334,5,153225.0,1,3,3,7,At Risk,30645.0
CUST03391,75,6,178107.15,4,4,3,11,Loyal Customers,29684.524999999998
CUST03392,96,6,167476.15,3,4,3,10,Loyal Customers,27912.691666666666
CUST03393,50,4,180654.5,4,2,3,9,Potential Loyalists,45163.625
CUST03394,518,2,58535.1,1,1,1,3,Lost Customers,29267.55
CUST03395,21,8,295031.4,5,5,4,14,Champions,36878.925
CUST03396,28,5,123055.95,5,3,2,10,Potential Loyalists,24611.19
CUST03397,274,5,252181.95,2,3,4,9,At Risk,50436.39
CUST03398,169,5,205296.5,3,3,3,9,Others,41059.3
CUST03399,53,4,231373.0,4,2,4,10,Potential Loyalists,57843.25
CUST03400,93,5,144112.7,4,3,3,10,Potential Loyalists,28822.54
CUST03401,57,6,183267.95,4,4,3,11,Loyal Customers,30544.658333333336
CUST03402,115,4,196239.0,3,2,3,8,Others,49059.75
CUST03403,216,6,174616.8,2,4,3,9,At Risk,29102.8
CUST03404,90,9,334150.55,4,5,5,14,Champions,37127.83888888889
CUST03405,34,8,167821.40000000002,5,5,3,13,Loyal Customers,20977.675000000003
CUST03406,279,5,117325.85,2,3,2,7,Others,23465.170000000002
CUST03407,181,4,137242.0,2,2,2,6,Lost Customers,34310.5
CUST03408,396,2,43074.0,1,1,1,3,Lost Customers,21537.0
CUST03409,414,4,278602.8,1,2,4,7,Lost Customers,69650.7
CUST03410,216,4,80900.9,2,2,2,6,Lost Customers,20225.225
CUST03411,254,5,187867.5,2,3,3,8,At Risk,37573.5
CUST03412,872,2,80980.7,1,1,2,4,Lost Customers,40490.35
CUST03413,252,6,166724.7,2,4,3,9,At Risk,27787.45
CUST03414,113,3,89556.9,3,1,2,6,Others,29852.3
CUST03415,351,6,518802.1,1,4,5,10,At Risk,86467.01666666666
CUST03416,130,5,98216.3,3,3,2,8,Others,19643.260000000002
CUST03417,127,6,258982.4,3,4,4,11,Loyal Customers,43163.73333333333
CUST03418,291,3,139657.8,2,1,3,6,Lost Customers,46552.6
CUST03419,272,6,69032.35,2,4,1,7,Others,11505.391666666668
CUST03420,42,8,315597.35,4,5,4,13,Champions,39449.66875
CUST03421,262,5,253926.6,2,3,4,9,At Risk,50785.32
CUST03422,46,4,144288.5,4,2,3,9,Potential Loyalists,36072.125
CUST03423,413,2,123370.2,1,1,2,4,Lost Customers,61685.1
CUST03424,444,4,148703.8,1,2,3,6,Lost Customers,37175.95
CUST03425,429,2,169377.8,1,1,3,5,Lost Customers,84688.9
CUST03426,276,2,45787.700000000004,2,1,1,4,Lost Customers,22893.850000000002
CUST03427,559,2,80075.4,1,1,2,4,Lost Customers,40037.7
CUST03428,547,2,34962.3,1,1,1,3,Lost Customers,17481.15
CUST03429,95,4,82795.0,3,2,2,7,Others,20698.75
CUST03430,29,5,188473.9,5,3,3,11,Potential Loyalists,37694.78
CUST03431,132,5,58920.85,3,3,1,7,Others,11784.17
CUST03432,57,7,308671.55,4,4,4,12,Champions,44095.93571428571
CUST03433,22,8,594038.3,5,5,5,15,Champions,74254.7875
CUST03434,118,4,24520.75,3,2,1,6,Others,6130.1875
CUST03435,363,4,82604.45,1,2,2,5,Lost Customers,20651.1125
CUST03436,161,5,338417.25,3,3,5,11,Others,67683.45
CUST03437,127,6,88211.25,3,4,2,9,Loyal Customers,14701.875
CUST03438,458,6,149738.2,1,4,3,8,At Risk,24956.36666666667
CUST03439,266,6,59573.2,2,4,1,7,Others,9928.866666666667
CUST03440,110,5,135066.95,3,3,2,8,Others,27013.390000000003
CUST03441,472,2,8258.25,1,1,1,3,Lost Customers,4129.125
CUST03442,142,4,51265.0,3,2,1,6,Others,12816.25
CUST03443,315,7,427812.7,1,4,5,10,At Risk,61116.1
CUST03444,324,5,204336.45,1,3,3,7,At Risk,40867.29
CUST03445,117,9,180693.9,3,5,3,11,Loyal Customers,20077.1
CUST03446,91,5,403382.0,4,3,5,12,Potential Loyalists,80676.4
CUST03447,6,10,889837.95,5,5,5,15,Champions,88983.795
CUST03448,198,9,367490.3,2,5,5,12,At Risk,40832.25555555555
CUST03450,183,4,53267.3,2,2,1,5,Lost Customers,13316.825
CUST03451,50,8,368154.1,4,5,5,14,Champions,46019.2625
CUST03452,20,3,79596.05,5,1,2,8,Others,26532.016666666666
CUST03453,150,2,81981.2,3,1,2,6,Others,40990.6
CUST03454,29,5,160238.8,5,3,3,11,Potential Loyalists,32047.76
CUST03455,330,8,240290.25,1,5,4,10,At Risk,30036.28125
CUST03456,272,2,119734.1,2,1,2,5,Lost Customers,59867.05
CUST03457,98,5,235238.35,3,3,4,10,Others,47047.67
CUST03458,95,6,115558.4,3,4,2,9,Loyal Customers,19259.733333333334
CUST03459,345,1,3511.8,1,1,1,3,Lost Customers,3511.8
CUST03460,84,3,148491.5,4,1,3,8,Others,49497.166666666664
CUST03461,420,6,132736.25,1,4,2,7,Others,22122.708333333332
CUST03462,71,3,397686.2,4,1,5,10,Others,132562.06666666668
CUST03463,287,4,121478.85,2,2,2,6,Lost Customers,30369.7125
CUST03464,375,2,16835.75,1,1,1,3,Lost Customers,8417.875
CUST03465,40,7,158933.8,5,4,3,12,Loyal Customers,22704.82857142857
CUST03466,1,9,123910.45,5,5,2,12,Loyal Customers,13767.827777777777
CUST03467,53,8,585438.75,4,5,5,14,Champions,73179.84375
CUST03468,160,3,16168.449999999999,3,1,1,5,Others,5389.483333333333
CUST03469,453,3,22136.1,1,1,1,3,Lost Customers,7378.7
CUST03470,148,3,129848.3,3,1,2,6,Others,43282.76666666667
CUST03471,335,2,203241.0,1,1,3,5,Lost Customers,101620.5
CUST03472,109,4,136354.75,3,2,2,7,Others,34088.6875
CUST03473,135,3,256690.75,3,1,4,8,Others,85563.58333333333
CUST03474,206,6,393116.2,2,4,5,11,At Risk,65519.36666666667
CUST03475,374,5,239275.7,1,3,4,8,At Risk,47855.14
CUST03476,27,4,235284.75,5,2,4,11,Potential Loyalists,58821.1875
CUST03477,385,4,210242.25,1,2,4,7,Lost Customers,52560.5625
CUST03478,4,8,439659.15,5,5,5,15,Champions,54957.39375
CUST03479,219,3,129297.90000000001,2,1,2,5,Lost Customers,43099.3
CUST03480,304,4,133415.55000000002,1,2,2,5,Lost Customers,33353.887500000004
CUST03481,188,7,127207.2,2,4,2,8,Others,18172.457142857143
CUST03482,134,5,77327.54999999999,3,3,2,8,Others,15465.509999999998
CUST03483,31,10,421164.30000000005,5,5,5,15,Champions,42116.43000000001
CUST03484,490,1,48172.9,1,1,1,3,Lost Customers,48172.9
CUST03485,62,4,83466.1,4,2,2,8,Potential Loyalists,20866.525
CUST03486,257,5,109559.25,2,3,2,7,Others,21911.85
CUST03487,597,1,59862.0,1,1,1,3,Lost Customers,59862.0
CUST03488,107,4,236767.65,3,2,4,9,Others,59191.9125
CUST03489,89,3,31103.2,4,1,1,6,Others,10367.733333333334
CUST03490,571,1,2372.4,1,1,1,3,Lost Customers,2372.4
CUST03491,94,8,173451.0,4,5,3,12,Loyal Customers,21681.375
CUST03492,275,5,112687.9,2,3,2,7,Others,22537.579999999998
CUST03493,333,2,97578.0,1,1,2,4,Lost Customers,48789.0
CUST03494,430,5,316571.4,1,3,4,8,At Risk,63314.280000000006
CUST03495,159,8,326145.9,3,5,5,13,Loyal Customers,40768.2375
CUST03496,235,6,275965.9,2,4,4,10,At Risk,45994.31666666667
CUST03497,60,6,197768.65,4,4,3,11,Loyal Customers,32961.441666666666
CUST03498,35,1,80726.25,5,1,2,8,Others,80726.25
CUST03499,275,3,25361.65,2,1,1,4,Lost Customers,8453.883333333333
CUST03500,42,6,51952.2,4,4,1,9,Loyal Customers,8658.699999999999
CUST03501,89,5,339476.89999999997,4,3,5,12,Potential Loyalists,67895.37999999999
CUST03502,355,3,129495.59999999999,1,1,2,4,Lost Customers,43165.2
CUST03503,80,7,318852.75,4,4,4,12,Champions,45550.392857142855
CUST03504,267,6,53845.95,2,4,1,7,Others,8974.324999999999
CUST03505,93,9,972122.55,4,5,5,14,Champions,108013.61666666667
CUST03506,149,9,374581.15,3,5,5,13,Loyal Customers,41620.12777777778
CUST03507,675,2,33538.0,1,1,1,3,Lost Customers,16769.0
CUST03508,155,1,193.8,3,1,1,5,Others,193.8
CUST03509,63,7,286828.3,4,4,4,12,Champions,40975.47142857143
CUST03510,2,5,507251.60000000003,5,3,5,13,Potential Loyalists,101450.32
CUST03511,8,3,38681.25,5,1,1,7,Others,12893.75
CUST03512,68,8,212145.4,4,5,4,13,Champions,26518.175
CUST03513,118,2,51764.399999999994,3,1,1,5,Others,25882.199999999997
CUST03514,29,7,216284.9,5,4,4,13,Champions,30897.842857142856
CUST03515,200,5,182306.8,2,3,3,8,At Risk,36461.36
CUST03516,394,5,460060.65,1,3,5,9,At Risk,92012.13
CUST03517,16,7,550248.65,5,4,5,14,Champions,78606.95
CUST03518,78,4,106238.2,4,2,2,8,Potential Loyalists,26559.55
CUST03519,34,4,76827.2,5,2,2,9,Potential Loyalists,19206.8
CUST03520,316,4,91197.1,1,2,2,5,Lost Customers,22799.275
CUST03521,44,10,623381.2999999999,4,5,5,14,Champions,62338.12999999999
CUST03522,164,10,578804.7000000001,3,5,5,13,Loyal Customers,57880.47000000001
CUST03523,177,7,315375.5,2,4,4,10,At Risk,45053.642857142855
CUST03524,235,5,46998.55,2,3,1,6,Others,9399.710000000001
CUST03525,123,7,315249.5,3,4,4,11,Loyal Customers,45035.642857142855
CUST03526,118,5,143322.3,3,3,3,9,Others,28664.46
CUST03527,270,5,302521.6,2,3,4,9,At Risk,60504.31999999999
CUST03528,853,1,12276.0,1,1,1,3,Lost Customers,12276.0
CUST03529,4,9,715783.95,5,5,5,15,Champions,79531.54999999999
CUST03530,101,9,620053.9,3,5,5,13,Loyal Customers,68894.87777777779
CUST03531,24,3,35930.2,5,1,1,7,Others,11976.733333333332
CUST03532,139,5,306896.4,3,3,4,10,Others,61379.280000000006
CUST03533,65,1,20613.1,4,1,1,6,Others,20613.1
CUST03534,16,8,478808.25,5,5,5,15,Champions,59851.03125
CUST03535,46,4,258234.3,4,2,4,10,Potential Loyalists,64558.575
CUST03536,83,5,131999.8,4,3,2,9,Potential Loyalists,26399.96
CUST03537,26,8,232102.35,5,5,4,14,Champions,29012.79375
CUST03538,142,3,15208.2,3,1,1,5,Others,5069.400000000001
CUST03539,13,5,125316.20000000001,5,3,2,10,Potential Loyalists,25063.24
CUST03540,308,2,190337.0,1,1,3,5,Lost Customers,95168.5
CUST03541,591,2,39970.0,1,1,1,3,Lost Customers,19985.0
CUST03542,55,4,92974.7,4,2,2,8,Potential Loyalists,23243.675
CUST03543,880,1,14311.45,1,1,1,3,Lost Customers,14311.45
CUST03544,98,8,350407.65,3,5,5,13,Loyal Customers,43800.95625
CUST03545,207,4,153823.55,2,2,3,7,Lost Customers,38455.8875
CUST03546,509,3,72806.1,1,1,1,3,Lost Customers,24268.7
CUST03547,4,6,333349.85,5,4,5,14,Champions,55558.30833333333
CUST03548,271,5,336327.8,2,3,5,10,At Risk,67265.56
CUST03549,56,4,195479.6,4,2,3,9,Potential Loyalists,48869.9
CUST03550,101,5,283309.55,3,3,4,10,Others,56661.909999999996
CUST03551,52,5,191273.95,4,3,3,10,Potential Loyalists,38254.79
CUST03552,282,3,43869.100000000006,2,1,1,4,Lost Customers,14623.033333333335
CUST03553,247,8,426322.3,2,5,5,12,At Risk,53290.2875
CUST03554,178,7,679572.85,2,4,5,11,At Risk,97081.83571428571
CUST03555,136,4,140366.15,3,2,3,8,Others,35091.5375
CUST03556,66,5,179787.5,4,3,3,10,Potential Loyalists,35957.5
CUST03557,30,6,291466.65,5,4,4,13,Champions,48577.775
CUST03558,43,7,215534.2,4,4,4,12,Champions,30790.600000000002
CUST03559,152,7,74153.40000000001,3,4,1,8,Loyal Customers,10593.342857142858
CUST03560,50,6,512472.4,4,4,5,13,Champions,85412.06666666667
CUST03561,20,4,870135.5,5,2,5,12,Potential Loyalists,217533.875
CUST03562,299,4,209214.65000000002,1,2,3,6,Lost Customers,52303.662500000006
CUST03563,60,4,107749.8,4,2,2,8,Potential Loyalists,26937.45
CUST03564,543,2,95814.05,1,1,2,4,Lost Customers,47907.025
CUST03565,131,7,152879.7,3,4,3,10,Loyal Customers,21839.957142857143
CUST03566,610,3,57796.95,1,1,1,3,Lost Customers,19265.649999999998
CUST03567,223,2,55111.1,2,1,1,4,Lost Customers,27555.55
CUST03568,104,6,216832.9,3,4,4,11,Loyal Customers,36138.816666666666
CUST03569,561,4,203992.5,1,2,3,6,Lost Customers,50998.125
CUST03570,103,3,73739.25,3,1,1,5,Others,24579.75
CUST03571,43,9,169345.9,4,5,3,12,Loyal Customers,18816.21111111111
CUST03572,142,7,253818.1,3,4,4,11,Loyal Customers,36259.728571428575
CUST03573,296,1,2079.55,1,1,1,3,Lost Customers,2079.55
CUST03574,231,4,75354.3,2,2,1,5,Lost Customers,18838.575
CUST03575,857,1,15403.3,1,1,1,3,Lost Customers,15403.3
CUST03576,99,7,105831.45,3,4,2,9,Loyal Customers,15118.778571428571
CUST03577,2,6,176005.55,5,4,3,12,Loyal Customers,29334.25833333333
CUST03578,124,5,117661.65,3,3,2,8,Others,23532.329999999998
CUST03579,175,5,424628.6,2,3,5,10,At Risk,84925.72
CUST03580,45,6,247687.8,4,4,4,12,Champions,41281.299999999996
CUST03581,446,4,474337.65,1,2,5,8,Lost Customers,118584.4125
CUST03582,183,5,443559.1,2,3,5,10,At Risk,88711.81999999999
CUST03583,42,8,364354.95,4,5,5,14,Champions,45544.36875
CUST03584,319,7,550399.65,1,4,5,10,At Risk,78628.52142857143
CUST03585,403,4,79912.9,1,2,2,5,Lost Customers,19978.225
CUST03586,10,8,316514.9,5,5,4,14,Champions,39564.3625
CUST03587,66,6,515099.2,4,4,5,13,Champions,85849.86666666667
CUST03588,174,3,173959.69999999998,2,1,3,6,Lost Customers,57986.56666666666
CUST03589,148,6,250400.25,3,4,4,11,Loyal Customers,41733.375
CUST03590,298,7,201921.7,1,4,3,8,At Risk,28845.957142857143
CUST03591,411,4,139345.65,1,2,3,6,Lost Customers,34836.4125
CUST03592,42,8,333150.55,4,5,5,14,Champions,41643.81875
CUST03593,10,3,126393.9,5,1,2,8,Others,42131.299999999996
CUST03594,457,2,126778.35,1,1,2,4,Lost Customers,63389.175
CUST03595,25,5,87883.15,5,3,2,10,Potential Loyalists,17576.629999999997
CUST03596,24,6,204710.05,5,4,3,12,Loyal Customers,34118.34166666667
CUST03597,222,6,285787.7,2,4,4,10,At Risk,47631.28333333333
CUST03598,78,6,155357.85,4,4,3,11,Loyal Customers,25892.975000000002
CUST03599,52,3,50251.8,4,1,1,6,Others,16750.600000000002
CUST03600,25,9,329057.85,5,5,5,15,Champions,36561.98333333333
CUST03601,299,6,220380.5,1,4,4,9,At Risk,36730.083333333336
CUST03602,249,8,299391.0,2,5,4,11,At Risk,37423.875
CUST03603,168,10,297253.1,3,5,4,12,Loyal Customers,29725.309999999998
CUST03604,124,7,283070.15,3,4,4,11,Loyal Customers,40438.59285714286
CUST03605,199,4,320577.9,2,2,5,9,Lost Customers,80144.475
CUST03606,232,4,188335.6,2,2,3,7,Lost Customers,47083.9
CUST03607,200,3,22760.45,2,1,1,4,Lost Customers,7586.816666666667
CUST03608,88,4,141325.85,4,2,3,9,Potential Loyalists,35331.4625
CUST03609,561,2,16312.1,1,1,1,3,Lost Customers,8156.05
CUST03610,86,5,69876.59999999999,4,3,1,8,Potential Loyalists,13975.319999999998
CUST03611,32,4,266934.6,5,2,4,11,Potential Loyalists,66733.65
CUST03612,23,2,89285.45,5,1,2,8,Others,44642.725
CUST03613,88,6,199167.69999999998,4,4,3,11,Loyal Customers,33194.61666666666
CUST03614,80,4,303650.0,4,2,4,10,Potential Loyalists,75912.5
CUST03615,155,6,299264.65,3,4,4,11,Loyal Customers,49877.44166666667
CUST03616,29,4,251471.05,5,2,4,11,Potential Loyalists,62867.7625
CUST03617,160,7,337726.05000000005,3,4,5,12,Loyal Customers,48246.57857142858
CUST03618,126,4,485408.7,3,2,5,10,Others,121352.175
CUST03619,377,4,119706.55,1,2,2,5,Lost Customers,29926.6375
CUST03620,333,4,112980.8,1,2,2,5,Lost Customers,28245.2
CUST03621,109,8,189459.1,3,5,3,11,Loyal Customers,23682.3875
CUST03622,344,3,169809.8,1,1,3,5,Lost Customers,56603.26666666666
CUST03623,183,1,44217.75,2,1,1,4,Lost Customers,44217.75
CUST03624,854,1,977.6,1,1,1,3,Lost Customers,977.6
CUST03625,289,3,231197.0,2,1,4,7,Lost Customers,77065.66666666667
CUST03626,11,4,120673.7,5,2,2,9,Potential Loyalists,30168.425
CUST03627,367,3,105180.4,1,1,2,4,Lost Customers,35060.13333333333
CUST03628,742,2,143623.2,1,1,3,5,Lost Customers,71811.6
CUST03629,56,6,282615.89999999997,4,4,4,12,Champions,47102.649999999994
CUST03630,519,1,1176.8,1,1,1,3,Lost Customers,1176.8
CUST03631,410,4,221971.2,1,2,4,7,Lost Customers,55492.8
CUST03632,67,5,159778.59999999998,4,3,3,10,Potential Loyalists,31955.719999999994
CUST03633,55,11,595358.7,4,5,5,14,Champions,54123.51818181818
CUST03634,253,7,335031.05,2,4,5,11,At Risk,47861.57857142857
CUST03635,83,4,96813.0,4,2,2,8,Potential Loyalists,24203.25
CUST03636,356,4,117329.05,1,2,2,5,Lost Customers,29332.2625
CUST03637,77,3,62677.55,4,1,1,6,Others,20892.516666666666
CUST03638,85,2,171396.0,4,1,3,8,Others,85698.0
CUST03639,227,5,197135.5,2,3,3,8,At Risk,39427.1
CUST03640,42,4,20040.15,4,2,1,7,Potential Loyalists,5010.0375
CUST03641,48,2,30274.5,4,1,1,6,Others,15137.25
CUST03642,243,4,256552.3,2,2,4,8,Lost Customers,64138.075
CUST03643,162,5,271510.85,3,3,4,10,Others,54302.17
CUST03644,75,3,159714.40000000002,4,1,3,8,Others,53238.13333333334
CUST03645,25,4,36572.7,5,2,1,8,Potential Loyalists,9143.175
CUST03646,515,3,336601.4,1,1,5,7,Lost Customers,112200.46666666667
CUST03647,394,4,76010.45,1,2,2,5,Lost Customers,19002.6125
CUST03648,85,6,269766.80000000005,4,4,4,12,Champions,44961.13333333334
CUST03649,30,4,335994.1,5,2,5,12,Potential Loyalists,83998.525
CUST03650,82,7,354105.45,4,4,5,13,Champions,50586.49285714286
CUST03651,176,6,862675.4,2,4,5,11,At Risk,143779.23333333334
CUST03652,17,6,381387.39999999997,5,4,5,14,Champions,63564.56666666666
CUST03653,15,6,323256.75,5,4,5,14,Champions,53876.125
CUST03654,199,5,86891.35,2,3,2,7,Others,17378.27
CUST03655,26,2,84364.6,5,1,2,8,Others,42182.3
CUST03656,142,3,90605.0,3,1,2,6,Others,30201.666666666668
CUST03657,253,5,273478.4,2,3,4,9,At Risk,54695.68000000001
CUST03658,135,5,59778.399999999994,3,3,1,7,Others,11955.679999999998
CUST03659,15,2,78892.8,5,1,2,8,Others,39446.4
CUST03660,22,7,364935.2,5,4,5,14,Champions,52133.6
CUST03661,161,5,289659.7,3,3,4,10,Others,57931.94
CUST03662,47,11,365740.35,4,5,5,14,Champions,33249.12272727273
CUST03663,235,2,90944.9,2,1,2,5,Lost Customers,45472.45
CUST03664,84,8,625255.0,4,5,5,14,Champions,78156.875
CUST03665,347,3,213445.8,1,1,4,6,Lost Customers,71148.59999999999
CUST03666,238,5,239967.2,2,3,4,9,At Risk,47993.44
CUST03667,143,6,273322.95,3,4,4,11,Loyal Customers,45553.825000000004
CUST03668,11,5,311377.89999999997,5,3,4,12,Potential Loyalists,62275.579999999994
CUST03669,106,13,682880.6,3,5,5,13,Loyal Customers,52529.27692307692
CUST03670,333,7,651640.2,1,4,5,10,At Risk,93091.45714285714
CUST03671,255,3,138562.15,2,1,3,6,Lost Customers,46187.38333333333
CUST03672,193,7,437727.55000000005,2,4,5,11,At Risk,62532.50714285715
CUST03673,66,7,153807.45,4,4,3,11,Loyal Customers,21972.492857142857
CUST03674,151,7,161671.84999999998,3,4,3,10,Loyal Customers,23095.978571428568
CUST03675,27,5,141297.0,5,3,3,11,Potential Loyalists,28259.4
CUST03676,127,4,557326.6,3,2,5,10,Others,139331.65
CUST03677,453,3,86117.3,1,1,2,4,Lost Customers,28705.766666666666
CUST03678,90,6,364551.15,4,4,5,13,Champions,60758.525
CUST03679,41,6,316753.19999999995,5,4,4,13,Champions,52792.19999999999
CUST03680,188,9,147434.65,2,5,3,10,At Risk,16381.627777777778
CUST03681,298,5,451859.65,1,3,5,9,At Risk,90371.93000000001
CUST03682,207,5,110733.6,2,3,2,7,Others,22146.72
CUST03684,223,6,120916.45,2,4,2,8,Others,20152.741666666665
CUST03685,137,4,314900.2,3,2,4,9,Others,78725.05
CUST03686,241,7,100668.05,2,4,2,8,Others,14381.15
CUST03687,139,9,456255.9,3,5,5,13,Loyal Customers,50695.100000000006
CUST03688,34,5,267268.0,5,3,4,12,Potential Loyalists,53453.6
CUST03689,309,9,200518.35,1,5,3,9,At Risk,22279.816666666666
CUST03690,2,5,127670.45000000001,5,3,2,10,Potential Loyalists,25534.090000000004
CUST03691,32,3,143838.7,5,1,3,9,Others,47946.23333333334
CUST03692,4,4,86587.8,5,2,2,9,Potential Loyalists,21646.95
CUST03693,375,4,35277.1,1,2,1,4,Lost Customers,8819.275
CUST03694,271,3,26562.75,2,1,1,4,Lost Customers,8854.25
CUST03695,190,5,356494.95,2,3,5,10,At Risk,71298.99
CUST03696,39,6,242289.25,5,4,4,13,Champions,40381.541666666664
CUST03697,123,3,222713.84999999998,3,1,4,8,Others,74237.95
CUST03698,101,4,273044.35,3,2,4,9,Others,68261.0875
CUST03699,77,8,296726.55,4,5,4,13,Champions,37090.81875
CUST03700,134,11,442659.75,3,5,5,13,Loyal Customers,40241.795454545456
CUST03701,154,4,105397.8,3,2,2,7,Others,26349.45
CUST03702,33,6,369430.2,5,4,5,14,Champions,61571.700000000004
CUST03703,116,4,96954.25,3,2,2,7,Others,24238.5625
CUST03704,153,4,246361.59999999998,3,2,4,9,Others,61590.399999999994
CUST03705,412,4,87262.9,1,2,2,5,Lost Customers,21815.725
CUST03706,93,5,365603.7,4,3,5,12,Potential Loyalists,73120.74
CUST03707,37,6,118735.6,5,4,2,11,Loyal Customers,19789.266666666666
CUST03708,28,7,186963.6,5,4,3,12,Loyal Customers,26709.085714285717
CUST03709,36,8,556021.05,5,5,5,15,Champions,69502.63125
CUST03710,4,3,93459.2,5,1,2,8,Others,31153.066666666666
CUST03711,70,5,190543.69999999998,4,3,3,10,Potential Loyalists,38108.74
CUST03712,437,5,79506.0,1,3,2,6,Others,15901.2
CUST03713,538,4,133315.2,1,2,2,5,Lost Customers,33328.8
CUST03714,586,2,9891.5,1,1,1,3,Lost Customers,4945.75
CUST03715,141,4,288754.8,3,2,4,9,Others,72188.7
CUST03716,478,4,215412.4,1,2,4,7,Lost Customers,53853.1
CUST03717,342,8,350590.8,1,5,5,11,At Risk,43823.85
CUST03718,696,2,207596.7,1,1,3,5,Lost Customers,103798.35
CUST03719,13,6,116501.2,5,4,2,11,Loyal Customers,19416.866666666665
CUST03720,1,7,380641.45,5,4,5,14,Champions,54377.35
CUST03721,106,4,194282.2,3,2,3,8,Others,48570.55
CUST03722,97,7,331405.8,3,4,5,12,Loyal Customers,47343.68571428571
CUST03723,291,6,354435.6,2,4,5,11,At Risk,59072.6
CUST03724,281,4,33159.3,2,2,1,5,Lost Customers,8289.825
CUST03725,101,5,254728.45,3,3,4,10,Others,50945.69
CUST03726,238,6,251812.09999999998,2,4,4,10,At Risk,41968.68333333333
CUST03727,84,4,122954.85,4,2,2,8,Potential Loyalists,30738.7125
CUST03728,31,6,88529.3,5,4,2,11,Loyal Customers,14754.883333333333
CUST03729,108,4,20202.65,3,2,1,6,Others,5050.6625
CUST03730,15,9,351822.6,5,5,5,15,Champions,39091.399999999994
CUST03731,300,4,112859.9,1,2,2,5,Lost Customers,28214.975
CUST03732,9,5,239385.4,5,3,4,12,Potential Loyalists,47877.08
CUST03733,192,5,56888.8,2,3,1,6,Others,11377.76
CUST03734,186,4,114228.65,2,2,2,6,Lost Customers,28557.1625
CUST03735,84,6,181643.35,4,4,3,11,Loyal Customers,30273.891666666666
CUST03736,50,2,31592.600000000002,4,1,1,6,Others,15796.300000000001
CUST03737,8,4,163899.59999999998,5,2,3,10,Potential Loyalists,40974.899999999994
CUST03738,98,4,140647.2,3,2,3,8,Others,35161.8
CUST03739,290,2,67187.7,2,1,1,4,Lost Customers,33593.85
CUST03740,142,4,224212.15,3,2,4,9,Others,56053.0375
CUST03741,103,3,328096.2,3,1,5,9,Others,109365.40000000001
CUST03742,260,7,464839.39999999997,2,4,5,11,At Risk,66405.62857142856
CUST03743,174,8,184297.34999999998,2,5,3,10,At Risk,23037.168749999997
CUST03744,9,8,462566.15,5,5,5,15,Champions,57820.76875
CUST03745,4,7,348382.9,5,4,5,14,Champions,49768.985714285714
CUST03746,59,6,28706.3,4,4,1,9,Loyal Customers,4784.383333333333
CUST03747,66,6,493047.25,4,4,5,13,Champions,82174.54166666667
CUST03748,216,5,400656.6,2,3,5,10,At Risk,80131.31999999999
CUST03749,264,5,285428.8,2,3,4,9,At Risk,57085.759999999995
CUST03751,485,7,143633.9,1,4,3,8,At Risk,20519.12857142857
CUST03752,725,1,1016.0,1,1,1,3,Lost Customers,1016.0
CUST03753,252,4,208118.5,2,2,3,7,Lost Customers,52029.625
CUST03754,233,4,66905.6,2,2,1,5,Lost Customers,16726.4
CUST03755,215,4,223770.7,2,2,4,8,Lost Customers,55942.675
CUST03756,17,6,160196.05,5,4,3,12,Loyal Customers,26699.341666666664
CUST03757,448,2,51024.0,1,1,1,3,Lost Customers,25512.0
CUST03758,384,5,225376.69999999998,1,3,4,8,At Risk,45075.34
CUST03759,61,5,396634.6,4,3,5,12,Potential Loyalists,79326.92
CUST03760,4,6,150376.5,5,4,3,12,Loyal Customers,25062.75
CUST03761,229,6,93424.3,2,4,2,8,Others,15570.716666666667
CUST03762,210,8,205644.1,2,5,3,10,At Risk,25705.5125
CUST03763,9,8,386745.6,5,5,5,15,Champions,48343.2
CUST03764,293,8,221822.3,1,5,4,10,At Risk,27727.7875
CUST03765,247,4,13894.4,2,2,1,5,Lost Customers,3473.6
CUST03766,120,6,240530.8,3,4,4,11,Loyal Customers,40088.46666666667
CUST03767,598,3,44318.0,1,1,1,3,Lost Customers,14772.666666666666
CUST03768,41,7,165106.95,5,4,3,12,Loyal Customers,23586.707142857143
CUST03769,397,5,109044.8,1,3,2,6,Others,21808.96
CUST03770,130,2,232831.69999999998,3,1,4,8,Others,116415.84999999999
CUST03771,225,7,357531.3,2,4,5,11,At Risk,51075.9
CUST03772,79,4,95101.2,4,2,2,8,Potential Loyalists,23775.3
CUST03773,39,4,27214.050000000003,5,2,1,8,Potential Loyalists,6803.512500000001
CUST03774,95,6,186625.25,3,4,3,10,Loyal Customers,31104.208333333332
CUST03775,15,3,272311.8,5,1,4,10,Others,90770.59999999999
CUST03776,386,4,151354.2,1,2,3,6,Lost Customers,37838.55
CUST03777,461,3,91049.15,1,1,2,4,Lost Customers,30349.716666666664
CUST03778,24,10,555399.6,5,5,5,15,Champions,55539.96
CUST03779,124,6,357068.10000000003,3,4,5,12,Loyal Customers,59511.350000000006
CUST03780,173,4,210912.14999999997,2,2,4,8,Lost Customers,52728.03749999999
CUST03781,427,6,168365.45,1,4,3,8,At Risk,28060.908333333336
CUST03782,271,7,173009.9,2,4,3,9,At Risk,24715.7
CUST03783,120,7,240699.7,3,4,4,11,Loyal Customers,34385.67142857143
CUST03784,163,5,384705.05,3,3,5,11,Others,76941.01
CUST03785,202,6,111828.75,2,4,2,8,Others,18638.125
CUST03786,158,5,393251.6,3,3,5,11,Others,78650.31999999999
CUST03787,85,11,216468.35,4,5,4,13,Champions,19678.94090909091
CUST03788,33,9,679243.8,5,5,5,15,Champions,75471.53333333334
CUST03789,556,2,15323.7,1,1,1,3,Lost Customers,7661.85
CUST03790,340,7,121887.1,1,4,2,7,Others,17412.442857142858
CUST03791,167,6,118931.29999999999,3,4,2,9,Loyal Customers,19821.88333333333
CUST03792,41,3,20590.8,5,1,1,7,Others,6863.599999999999
CUST03793,91,7,197551.7,4,4,3,11,Loyal Customers,28221.67142857143
CUST03794,73,12,501479.55,4,5,5,14,Champions,41789.9625
CUST03795,101,4,328138.1,3,2,5,10,Others,82034.525
CUST03796,325,6,199013.95,1,4,3,8,At Risk,33168.99166666667
CUST03797,88,6,335049.7,4,4,5,13,Champions,55841.61666666667
CUST03798,141,2,82127.3,3,1,2,6,Others,41063.65
CUST03799,238,4,107974.95,2,2,2,6,Lost Customers,26993.7375
CUST03800,421,4,165396.2,1,2,3,6,Lost Customers,41349.05
CUST03801,482,4,99256.95,1,2,2,5,Lost Customers,24814.2375
CUST03802,1,6,185931.25,5,4,3,12,Loyal Customers,30988.541666666668
CUST03803,65,3,147192.9,4,1,3,8,Others,49064.299999999996
CUST03804,254,7,154070.55,2,4,3,9,At Risk,22010.07857142857
CUST03805,72,8,472798.3,4,5,5,14,Champions,59099.7875
CUST03806,49,6,356504.1,4,4,5,13,Champions,59417.35
CUST03807,216,2,60418.0,2,1,1,4,Lost Customers,30209.0
CUST03808,65,9,74500.9,4,5,1,10,Loyal Customers,8277.877777777778
CUST03809,226,4,311504.8,2,2,4,8,Lost Customers,77876.2
CUST03810,553,3,83198.0,1,1,2,4,Lost Customers,27732.666666666668
CUST03811,22,6,349757.8,5,4,5,14,Champions,58292.96666666667
CUST03812,101,6,194290.5,3,4,3,10,Loyal Customers,32381.75
CUST03813,196,1,50831.7,2,1,1,4,Lost Customers,50831.7
CUST03814,123,9,790169.9,3,5,5,13,Loyal Customers,87796.65555555555
CUST03815,223,5,115201.1,2,3,2,7,Others,23040.22
CUST03816,136,6,95491.4,3,4,2,9,Loyal Customers,15915.233333333332
CUST03818,499,5,138138.35,1,3,3,7,At Risk,27627.670000000002
CUST03819,44,9,404112.1,4,5,5,14,Champions,44901.34444444444
CUST03820,53,2,19071.9,4,1,1,6,Others,9535.95
CUST03821,313,4,150409.7,1,2,3,6,Lost Customers,37602.425
CUST03822,388,2,45010.5,1,1,1,3,Lost Customers,22505.25
CUST03823,142,10,273453.9,3,5,4,12,Loyal Customers,27345.390000000003
CUST03824,99,7,168409.4,3,4,3,10,Loyal Customers,24058.485714285714
CUST03825,153,5,115149.4,3,3,2,8,Others,23029.879999999997
CUST03826,104,4,190342.0,3,2,3,8,Others,47585.5
CUST03827,440,3,293849.7,1,1,4,6,Lost Customers,97949.90000000001
CUST03828,65,5,471539.4,4,3,5,12,Potential Loyalists,94307.88
CUST03829,12,9,172389.75,5,5,3,13,Loyal Customers,19154.416666666668
CUST03830,19,7,150050.65,5,4,3,12,Loyal Customers,21435.807142857142
CUST03831,273,2,38914.0,2,1,1,4,Lost Customers,19457.0
CUST03832,266,6,277414.0,2,4,4,10,At Risk,46235.666666666664
CUST03833,317,4,53233.6,1,2,1,4,Lost Customers,13308.4
CUST03834,34,3,309781.19999999995,5,1,4,10,Others,103260.39999999998
CUST03835,141,3,19465.55,3,1,1,5,Others,6488.516666666666
CUST03836,322,4,143374.7,1,2,3,6,Lost Customers,35843.675
CUST03837,120,5,146089.65,3,3,3,9,Others,29217.93
CUST03838,190,4,80388.84999999999,2,2,2,6,Lost Customers,20097.212499999998
CUST03839,141,6,180062.95,3,4,3,10,Loyal Customers,30010.49166666667
CUST03840,202,4,67083.7,2,2,1,5,Lost Customers,16770.925
CUST03841,311,2,53827.299999999996,1,1,1,3,Lost Customers,26913.649999999998
CUST03842,80,4,78044.35,4,2,2,8,Potential Loyalists,19511.0875
CUST03843,76,12,624837.2,4,5,5,14,Champions,52069.76666666666
CUST03844,91,4,38418.9,4,2,1,7,Potential Loyalists,9604.725
CUST03845,356,5,588971.85,1,3,5,9,At Risk,117794.37
CUST03846,25,4,220482.5,5,2,4,11,Potential Loyalists,55120.625
CUST03847,11,7,237428.35,5,4,4,13,Champions,33918.33571428571
CUST03848,291,5,268964.7,2,3,4,9,At Risk,53792.94
CUST03849,32,9,262288.8,5,5,4,14,Champions,29143.199999999997
CUST03850,205,4,79785.95,2,2,2,6,Lost Customers,19946.4875
CUST03851,217,6,321404.0,2,4,5,11,At Risk,53567.333333333336
CUST03852,19,7,142010.5,5,4,3,12,Loyal Customers,20287.214285714286
CUST03853,24,4,351674.95,5,2,5,12,Potential Loyalists,87918.7375
CUST03854,82,5,58614.0,4,3,1,8,Potential Loyalists,11722.8
CUST03855,134,7,151172.1,3,4,3,10,Loyal Customers,21596.014285714286
CUST03856,129,7,279689.9,3,4,4,11,Loyal Customers,39955.700000000004
CUST03857,163,5,274149.35,3,3,4,10,Others,54829.869999999995
CUST03858,350,7,244533.7,1,4,4,9,At Risk,34933.385714285716
CUST03859,760,1,22314.2,1,1,1,3,Lost Customers,22314.2
CUST03860,30,11,701554.9,5,5,5,15,Champions,63777.718181818185
CUST03861,10,6,157684.1,5,4,3,12,Loyal Customers,26280.683333333334
CUST03862,90,6,287432.2,4,4,4,12,Champions,47905.36666666667
CUST03863,77,5,268140.1,4,3,4,11,Potential Loyalists,53628.02
CUST03864,472,5,382831.6,1,3,5,9,At Risk,76566.31999999999
CUST03865,9,6,164690.8,5,4,3,12,Loyal Customers,27448.466666666664
CUST03866,95,4,117235.0,3,2,2,7,Others,29308.75
CUST03867,549,4,51308.350000000006,1,2,1,4,Lost Customers,12827.087500000001
CUST03868,108,2,55551.45,3,1,1,5,Others,27775.725
CUST03869,133,10,243415.19999999998,3,5,4,12,Loyal Customers,24341.519999999997
CUST03870,511,2,137387.3,1,1,2,4,Lost Customers,68693.65
CUST03871,138,4,7396.8,3,2,1,6,Others,1849.2
CUST03872,862,1,3684.75,1,1,1,3,Lost Customers,3684.75
CUST03873,348,3,51103.6,1,1,1,3,Lost Customers,17034.533333333333
CUST03874,77,7,94606.5,4,4,2,10,Loyal Customers,13515.214285714286
CUST03875,89,4,50480.950000000004,4,2,1,7,Potential Loyalists,12620.237500000001
CUST03876,86,6,106819.05,4,4,2,10,Loyal Customers,17803.175
CUST03877,73,5,133464.8,4,3,2,9,Potential Loyalists,26692.96
CUST03878,336,7,159910.9,1,4,3,8,At Risk,22844.414285714283
CUST03879,102,4,152517.35,3,2,3,8,Others,38129.3375
CUST03880,44,10,409205.5,4,5,5,14,Champions,40920.55
CUST03881,5,2,48539.9,5,1,1,7,Others,24269.95
CUST03882,333,5,53024.5,1,3,1,5,Others,10604.9
CUST03883,28,2,10652.65,5,1,1,7,Others,5326.325
CUST03884,22,7,397888.85,5,4,5,14,Champions,56841.264285714286
CUST03885,301,7,390582.4,1,4,5,10,At Risk,55797.485714285714
CUST03886,146,3,140907.4,3,1,3,7,Others,46969.13333333333
CUST03887,223,6,130680.9,2,4,2,8,Others,21780.149999999998
CUST03888,37,4,52164.85,5,2,1,8,Potential Loyalists,13041.2125
CUST03889,148,4,124681.15,3,2,2,7,Others,31170.2875
CUST03890,136,3,94762.8,3,1,2,6,Others,31587.600000000002
CUST03891,233,4,87498.2,2,2,2,6,Lost Customers,21874.55
CUST03892,227,3,71504.55,2,1,1,4,Lost Customers,23834.850000000002
CUST03893,346,3,97966.35,1,1,2,4,Lost Customers,32655.45
CUST03894,22,6,135902.4,5,4,2,11,Loyal Customers,22650.399999999998
CUST03895,268,4,108454.20000000001,2,2,2,6,Lost Customers,27113.550000000003
CUST03896,94,4,274906.8,4,2,4,10,Potential Loyalists,68726.7
CUST03897,98,6,177582.05,3,4,3,10,Loyal Customers,29597.00833333333
CUST03898,121,5,75667.4,3,3,2,8,Others,15133.48
CUST03899,445,3,183254.35,1,1,3,5,Lost Customers,61084.78333333333
CUST03900,62,7,283406.05,4,4,4,12,Champions,40486.57857142857
CUST03901,182,5,327756.55000000005,2,3,5,10,At Risk,65551.31000000001
CUST03902,115,5,146978.35,3,3,3,9,Others,29395.670000000002
CUST03903,127,9,802537.05,3,5,5,13,Loyal Customers,89170.78333333334
CUST03904,340,4,380365.9,1,2,5,8,Lost Customers,95091.475
CUST03905,132,7,281625.6,3,4,4,11,Loyal Customers,40232.22857142857
CUST03906,109,8,341848.85000000003,3,5,5,13,Loyal Customers,42731.106250000004
CUST03907,40,6,320005.95,5,4,5,14,Champions,53334.325000000004
CUST03908,596,2,83384.25,1,1,2,4,Lost Customers,41692.125
CUST03909,36,2,202700.6,5,1,3,9,Others,101350.3
CUST03910,65,2,8773.6,4,1,1,6,Others,4386.8
CUST03911,136,9,162045.19999999998,3,5,3,11,Loyal Customers,18005.022222222222
CUST03912,9,5,106207.40000000001,5,3,2,10,Potential Loyalists,21241.480000000003
CUST03913,74,4,51724.05,4,2,1,7,Potential Loyalists,12931.0125
CUST03914,324,4,176570.0,1,2,3,6,Lost Customers,44142.5
CUST03915,5,7,193088.65,5,4,3,12,Loyal Customers,27584.092857142856
CUST03916,44,5,152381.8,4,3,3,10,Potential Loyalists,30476.359999999997
CUST03917,219,6,426565.4,2,4,5,11,At Risk,71094.23333333334
CUST03918,323,3,181960.55,1,1,3,5,Lost Customers,60653.51666666666
CUST03919,171,3,76767.45000000001,2,1,2,5,Lost Customers,25589.150000000005
CUST03920,159,5,90816.8,3,3,2,8,Others,18163.36
CUST03921,175,5,214135.8,2,3,4,9,At Risk,42827.159999999996
CUST03922,622,3,198128.8,1,1,3,5,Lost Customers,66042.93333333333
CUST03923,344,3,155988.0,1,1,3,5,Lost Customers,51996.0
CUST03924,794,1,29011.5,1,1,1,3,Lost Customers,29011.5
CUST03925,63,4,39575.45,4,2,1,7,Potential Loyalists,9893.8625
CUST03926,157,5,139603.69999999998,3,3,3,9,Others,27920.739999999998
CUST03927,282,3,72470.6,2,1,1,4,Lost Customers,24156.86666666667
CUST03928,203,6,284029.7,2,4,4,10,At Risk,47338.28333333333
CUST03929,475,6,197366.8,1,4,3,8,At Risk,32894.46666666667
CUST03930,86,4,142701.9,4,2,3,9,Potential Loyalists,35675.475
CUST03931,20,7,253602.5,5,4,4,13,Champions,36228.92857142857
CUST03932,170,7,357868.8,2,5,5,12,At Risk,51124.114285714284
CUST03933,21,5,139902.35,5,3,3,11,Potential Loyalists,27980.47
CUST03934,43,5,365328.1,4,3,5,12,Potential Loyalists,73065.62
CUST03935,233,4,103631.75,2,2,2,6,Lost Customers,25907.9375
CUST03936,460,3,89596.1,1,1,2,4,Lost Customers,29865.36666666667
CUST03937,45,6,176279.5,4,4,3,11,Loyal Customers,29379.916666666668
CUST03938,60,6,190320.65,4,4,3,11,Loyal Customers,31720.108333333334
CUST03939,65,4,46033.25,4,2,1,7,Potential Loyalists,11508.3125
CUST03940,105,3,80080.8,3,1,2,6,Others,26693.600000000002
CUST03941,369,2,5937.25,1,1,1,3,Lost Customers,2968.625
CUST03942,129,7,55904.55,3,5,1,9,Loyal Customers,7986.364285714286
CUST03943,199,3,220352.5,2,1,4,7,Lost Customers,73450.83333333333
CUST03944,213,3,354772.15,2,1,5,8,Lost Customers,118257.38333333335
CUST03945,7,4,206786.8,5,2,3,10,Potential Loyalists,51696.7
CUST03946,10,8,245246.40000000002,5,5,4,14,Champions,30655.800000000003
CUST03947,80,5,143621.65000000002,4,3,3,10,Potential Loyalists,28724.330000000005
CUST03948,126,6,624814.1,3,4,5,12,Loyal Customers,104135.68333333333
CUST03949,149,3,81104.0,3,1,2,6,Others,27034.666666666668
CUST03950,190,4,182508.5,2,2,3,7,Lost Customers,45627.125
CUST03951,94,6,391980.45,4,4,5,13,Champions,65330.075000000004
CUST03952,2,4,96059.0,5,2,2,9,Potential Loyalists,24014.75
CUST03953,9,5,96239.9,5,3,2,10,Potential Loyalists,19247.98
CUST03954,18,5,357065.6,5,3,5,13,Potential Loyalists,71413.12
CUST03955,383,5,106136.5,1,3,2,6,Others,21227.3
CUST03956,153,7,167359.85,3,5,3,11,Loyal Customers,23908.55
CUST03957,115,7,612199.1,3,5,5,13,Loyal Customers,87457.01428571428
CUST03958,371,8,224412.1,1,5,4,10,At Risk,28051.5125
CUST03959,111,7,569410.95,3,5,5,13,Loyal Customers,81344.42142857143
CUST03960,111,4,29617.5,3,2,1,6,Others,7404.375
CUST03961,241,2,18736.0,2,1,1,4,Lost Customers,9368.0
CUST03962,314,4,72005.65,1,2,1,4,Lost Customers,18001.4125
CUST03963,108,3,56507.9,3,1,1,5,Others,18835.966666666667
CUST03964,312,5,151302.4,1,3,3,7,At Risk,30260.48
CUST03965,432,4,266229.3,1,2,4,7,Lost Customers,66557.325
CUST03966,24,4,304188.0,5,2,4,11,Potential Loyalists,76047.0
CUST03967,461,3,105444.4,1,1,2,4,Lost Customers,35148.13333333333
CUST03968,10,6,393753.85,5,4,5,14,Champions,65625.64166666666
CUST03969,69,7,411691.35,4,5,5,14,Champions,58813.049999999996
CUST03971,50,6,479017.8,4,4,5,13,Champions,79836.3
CUST03972,69,8,832942.75,4,5,5,14,Champions,104117.84375
CUST03973,69,7,285717.45,4,5,4,13,Champions,40816.77857142857
CUST03974,92,3,212618.95,4,1,4,9,Others,70872.98333333334
CUST03975,127,9,370577.25,3,5,5,13,Loyal Customers,41175.25
CUST03976,208,6,243844.9,2,4,4,10,At Risk,40640.816666666666
CUST03977,4,6,668464.55,5,4,5,14,Champions,111410.75833333335
CUST03978,66,3,86943.8,4,1,2,7,Others,28981.266666666666
CUST03979,83,7,612385.4,4,5,5,14,Champions,87483.62857142858
CUST03980,103,9,269695.75,3,5,4,12,Loyal Customers,29966.194444444445
CUST03981,50,8,305427.4,4,5,4,13,Champions,38178.425
CUST03982,18,7,352027.0,5,5,5,15,Champions,50289.57142857143
CUST03983,325,4,180319.8,1,2,3,6,Lost Customers,45079.95
CUST03984,233,3,70469.5,2,1,1,4,Lost Customers,23489.833333333332
CUST03985,259,8,309174.44999999995,2,5,4,11,At Risk,38646.806249999994
CUST03986,53,4,270281.89999999997,4,2,4,10,Potential Loyalists,67570.47499999999
CUST03987,730,3,6354.3,1,1,1,3,Lost Customers,2118.1
CUST03988,310,2,207238.1,1,1,3,5,Lost Customers,103619.05
CUST03989,72,3,196420.35,4,1,3,8,Others,65473.450000000004
CUST03990,352,3,203825.65,1,1,3,5,Lost Customers,67941.88333333333
CUST03991,139,11,889489.25,3,5,5,13,Loyal Customers,80862.65909090909
CUST03992,83,3,98620.4,4,1,2,7,Others,32873.46666666667
CUST03993,30,7,258189.75,5,5,4,14,Champions,36884.25
CUST03994,23,10,479541.69999999995,5,5,5,15,Champions,47954.17
CUST03995,244,4,130975.1,2,2,2,6,Lost Customers,32743.775
CUST03996,140,5,76460.25,3,3,2,8,Others,15292.05
CUST03997,560,1,2851.2,1,1,1,3,Lost Customers,2851.2
CUST03998,32,6,88000.0,5,4,2,11,Loyal Customers,14666.666666666666
CUST03999,110,2,73655.0,3,1,1,5,Others,36827.5
CUST04000,100,4,128611.9,3,2,2,7,Others,32152.975
CUST04001,303,2,42813.4,1,1,1,3,Lost Customers,21406.7
CUST04002,84,6,357452.75,4,4,5,13,Champions,59575.458333333336
CUST04003,99,7,528815.85,3,5,5,13,Loyal Customers,75545.12142857142
CUST04004,142,5,111733.75,3,3,2,8,Others,22346.75
CUST04005,214,7,352459.2,2,5,5,12,At Risk,50351.31428571429
CUST04006,283,3,160522.3,2,1,3,6,Lost Customers,53507.43333333333
CUST04007,256,5,136131.7,2,3,2,7,Others,27226.340000000004
CUST04008,229,7,126049.95000000001,2,5,2,9,Others,18007.135714285716
CUST04009,3,9,416339.2,5,5,5,15,Champions,46259.91111111111
CUST04010,29,4,159860.6,5,2,3,10,Potential Loyalists,39965.15
CUST04011,93,6,194672.65,4,4,3,11,Loyal Customers,32445.441666666666
CUST04012,115,8,241664.95,3,5,4,12,Loyal Customers,30208.11875
CUST04013,98,3,59559.55,3,1,1,5,Others,19853.183333333334
CUST04014,623,2,9938.25,1,1,1,3,Lost Customers,4969.125
CUST04015,123,7,202861.30000000002,3,5,3,11,Loyal Customers,28980.185714285715
CUST04016,224,4,41711.2,2,2,1,5,Lost Customers,10427.8
CUST04017,143,1,37701.0,3,1,1,5,Others,37701.0
CUST04018,136,8,223074.1,3,5,4,12,Loyal Customers,27884.2625
CUST04019,221,7,406375.65,2,5,5,12,At Risk,58053.66428571429
CUST04020,53,6,226590.5,4,4,4,12,Champions,37765.083333333336
CUST04021,596,2,9022.95,1,1,1,3,Lost Customers,4511.475
CUST04022,80,8,436854.80000000005,4,5,5,14,Champions,54606.850000000006
CUST04023,468,6,276074.45,1,4,4,9,At Risk,46012.40833333333
CUST04024,20,5,364404.8,5,3,5,13,Potential Loyalists,72880.95999999999
CUST04025,5,7,130703.85,5,5,2,12,Loyal Customers,18671.97857142857
CUST04026,38,8,259097.6,5,5,4,14,Champions,32387.2
CUST04027,8,3,27678.95,5,1,1,7,Others,9226.316666666668
CUST04028,100,8,409539.55,3,5,5,13,Loyal Customers,51192.44375
CUST04029,65,7,271226.5,4,5,4,13,Champions,38746.642857142855
CUST04030,109,3,149999.2,3,1,3,7,Others,49999.73333333334
CUST04031,425,4,292634.05,1,2,4,7,Lost Customers,73158.5125
CUST04032,351,8,211264.3,1,5,4,10,At Risk,26408.0375
CUST04033,294,4,163367.1,1,2,3,6,Lost Customers,40841.775
CUST04034,234,2,79957.1,2,1,2,5,Lost Customers,39978.55
CUST04035,54,6,136960.05,4,4,2,10,Loyal Customers,22826.675
CUST04036,4,3,89464.5,5,1,2,8,Others,29821.5
CUST04037,241,4,140871.35,2,2,3,7,Lost Customers,35217.8375
CUST04038,173,5,170283.05,2,3,3,8,At Risk,34056.61
CUST04039,257,3,199501.1,2,1,3,6,Lost Customers,66500.36666666667
CUST04040,240,8,289101.4,2,5,4,11,At Risk,36137.675
CUST04041,293,4,37380.75,1,2,1,4,Lost Customers,9345.1875
CUST04042,163,1,105986.4,3,1,2,6,Others,105986.4
CUST04043,58,7,156087.30000000002,4,5,3,12,Loyal Customers,22298.185714285715
CUST04044,312,3,275327.3,1,1,4,6,Lost Customers,91775.76666666666
CUST04045,325,5,121831.2,1,3,2,6,Others,24366.239999999998
CUST04046,55,4,225434.0,4,2,4,10,Potential Loyalists,56358.5
CUST04047,159,3,89795.35,3,1,2,6,Others,29931.783333333336
CUST04048,281,4,352225.85000000003,2,2,5,9,Lost Customers,88056.46250000001
CUST04049,558,4,245878.09999999998,1,2,4,7,Lost Customers,61469.524999999994
CUST04050,448,1,8924.4,1,1,1,3,Lost Customers,8924.4
CUST04051,322,6,331963.45,1,4,5,10,At Risk,55327.24166666667
CUST04052,10,7,329856.1,5,5,5,15,Champions,47122.299999999996
CUST04053,126,2,29896.0,3,1,1,5,Others,14948.0
CUST04054,379,5,197893.0,1,3,3,7,At Risk,39578.6
CUST04055,2,4,24275.0,5,2,1,8,Potential Loyalists,6068.75
CUST04056,21,9,367391.9,5,5,5,15,Champions,40821.322222222225
CUST04057,524,2,181514.3,1,1,3,5,Lost Customers,90757.15
CUST04058,98,4,179955.1,3,2,3,8,Others,44988.775
CUST04059,153,8,540421.15,3,5,5,13,Loyal Customers,67552.64375
CUST04060,760,3,26894.7,1,1,1,3,Lost Customers,8964.9
CUST04061,18,7,103733.15,5,5,2,12,Loyal Customers,14819.021428571428
CUST04062,39,8,254479.35,5,5,4,14,Champions,31809.91875
CUST04063,28,10,259147.85,5,5,4,14,Champions,25914.785
CUST04064,177,6,64494.75,2,4,1,7,Others,10749.125
CUST04065,89,4,337705.45,4,2,5,11,Potential Loyalists,84426.3625
CUST04066,9,10,546617.5,5,5,5,15,Champions,54661.75
CUST04067,8,9,246715.25,5,5,4,14,Champions,27412.805555555555
CUST04068,813,1,3143.55,1,1,1,3,Lost Customers,3143.55
CUST04069,57,7,420342.5,4,5,5,14,Champions,60048.92857142857
CUST04070,104,5,134217.85,3,3,2,8,Others,26843.57
CUST04071,29,6,335442.45,5,4,5,14,Champions,55907.075000000004
CUST04072,120,6,113324.59999999999,3,4,2,9,Loyal Customers,18887.43333333333
CUST04073,196,6,227171.65,2,4,4,10,At Risk,37861.941666666666
CUST04074,12,3,30768.5,5,1,1,7,Others,10256.166666666666
CUST04075,6,8,183995.05,5,5,3,13,Loyal Customers,22999.38125
CUST04076,22,5,193413.15,5,3,3,11,Potential Loyalists,38682.63
CUST04077,158,4,60605.3,3,2,1,6,Others,15151.325
CUST04078,303,5,211677.95,1,3,4,8,At Risk,42335.590000000004
CUST04079,53,5,256106.5,4,3,4,11,Potential Loyalists,51221.3
CUST04080,5,6,396398.2,5,4,5,14,Champions,66066.36666666667
CUST04081,643,3,50670.6,1,1,1,3,Lost Customers,16890.2
CUST04082,372,2,75261.0,1,1,1,3,Lost Customers,37630.5
CUST04083,388,3,36909.7,1,1,1,3,Lost Customers,12303.233333333332
CUST04084,176,4,112261.15,2,2,2,6,Lost Customers,28065.2875
CUST04085,49,3,82155.9,4,1,2,7,Others,27385.3
CUST04086,357,7,417584.85,1,5,5,11,At Risk,59654.97857142857
CUST04087,24,4,153984.5,5,2,3,10,Potential Loyalists,38496.125
CUST04088,509,2,47109.600000000006,1,1,1,3,Lost Customers,23554.800000000003
CUST04089,57,6,172170.94999999998,4,4,3,11,Loyal Customers,28695.15833333333
CUST04090,42,5,565231.45,4,3,5,12,Potential Loyalists,113046.29
CUST04091,134,4,60699.25,3,2,1,6,Others,15174.8125
CUST04092,469,2,21992.0,1,1,1,3,Lost Customers,10996.0
CUST04093,35,8,419052.25,5,5,5,15,Champions,52381.53125
CUST04094,39,3,169550.05000000002,5,1,3,9,Others,56516.68333333334
CUST04095,137,5,50955.75,3,3,1,7,Others,10191.15
CUST04096,102,9,328067.05,3,5,5,13,Loyal Customers,36451.89444444444
CUST04097,127,4,78407.0,3,2,2,7,Others,19601.75
CUST04098,8,6,186609.3,5,4,3,12,Loyal Customers,31101.55
CUST04099,84,6,92835.29999999999,4,4,2,10,Loyal Customers,15472.549999999997
CUST04100,10,8,169782.4,5,5,3,13,Loyal Customers,21222.8
CUST04101,209,7,428446.1,2,5,5,12,At Risk,61206.58571428571
CUST04102,27,8,324375.0,5,5,5,15,Champions,40546.875
CUST04103,191,4,195323.9,2,2,3,7,Lost Customers,48830.975
CUST04104,28,7,157310.5,5,5,3,13,Loyal Customers,22472.928571428572
CUST04105,236,5,302061.75,2,3,4,9,At Risk,60412.35
CUST04106,24,6,191407.3,5,4,3,12,Loyal Customers,31901.216666666664
CUST04107,309,4,436080.9,1,2,5,8,Lost Customers,109020.225
CUST04108,379,5,132715.85,1,3,2,6,Others,26543.170000000002
CUST04109,126,7,151542.05,3,5,3,11,Loyal Customers,21648.864285714284
CUST04110,7,7,363346.10000000003,5,5,5,15,Champions,51906.58571428572
CUST04111,491,4,62540.45,1,2,1,4,Lost Customers,15635.1125
CUST04112,95,6,231729.95,3,4,4,11,Loyal Customers,38621.65833333333
CUST04113,248,5,189105.95,2,3,3,8,At Risk,37821.19
CUST04114,99,5,151409.0,3,3,3,9,Others,30281.8
CUST04115,214,5,278631.75,2,3,4,9,At Risk,55726.35
CUST04116,4,5,97147.45,5,3,2,10,Potential Loyalists,19429.489999999998
CUST04117,85,2,85975.2,4,1,2,7,Others,42987.6
CUST04118,734,3,41754.0,1,1,1,3,Lost Customers,13918.0
CUST04119,240,1,22878.0,2,1,1,4,Lost Customers,22878.0
CUST04120,76,3,57314.2,4,1,1,6,Others,19104.733333333334
CUST04121,25,5,144401.35,5,3,3,11,Potential Loyalists,28880.27
CUST04122,145,4,381527.1,3,2,5,10,Others,95381.775
CUST04123,251,6,270072.75,2,4,4,10,At Risk,45012.125
CUST04124,617,3,170179.4,1,1,3,5,Lost Customers,56726.46666666667
CUST04125,49,8,485375.69999999995,4,5,5,14,Champions,60671.962499999994
CUST04126,8,6,19525.8,5,4,1,10,Loyal Customers,3254.2999999999997
CUST04127,63,3,46448.899999999994,4,1,1,6,Others,15482.966666666665
CUST04128,9,6,149411.6,5,4,3,12,Loyal Customers,24901.933333333334
CUST04129,108,3,97025.4,3,1,2,6,Others,32341.8
CUST04130,156,5,168830.85,3,3,3,9,Others,33766.17
CUST04131,418,4,109543.09999999999,1,2,2,5,Lost Customers,27385.774999999998
CUST04132,122,5,138541.25,3,3,3,9,Others,27708.25
CUST04133,514,1,41426.45,1,1,1,3,Lost Customers,41426.45
CUST04134,316,1,2301.3,1,1,1,3,Lost Customers,2301.3
CUST04135,347,4,73887.3,1,2,1,4,Lost Customers,18471.825
CUST04136,141,6,425806.15,3,4,5,12,Loyal Customers,70967.69166666667
CUST04137,165,7,59157.549999999996,3,5,1,9,Loyal Customers,8451.07857142857
CUST04138,135,5,343776.6,3,3,5,11,Others,68755.31999999999
CUST04139,109,6,349708.2,3,4,5,12,Loyal Customers,58284.700000000004
CUST04140,24,3,104779.95,5,1,2,8,Others,34926.65
CUST04141,8,6,171608.0,5,4,3,12,Loyal Customers,28601.333333333332
CUST04142,75,7,127775.6,4,5,2,11,Loyal Customers,18253.657142857144
CUST04143,4,5,559263.0,5,3,5,13,Potential Loyalists,111852.6
CUST04144,235,5,155656.84999999998,2,3,3,8,At Risk,31131.369999999995
CUST04145,103,7,384485.25,3,5,5,13,Loyal Customers,54926.46428571428
CUST04146,70,5,194568.85,4,3,3,10,Potential Loyalists,38913.770000000004
CUST04147,89,4,38476.4,4,2,1,7,Potential Loyalists,9619.1
CUST04148,73,6,136815.7,4,4,2,10,Loyal Customers,22802.61666666667
CUST04149,520,5,152838.45,1,3,3,7,At Risk,30567.690000000002
CUST04150,83,6,206378.6,4,4,3,11,Loyal Customers,34396.433333333334
CUST04151,44,4,70884.25,4,2,1,7,Potential Loyalists,17721.0625
CUST04152,320,8,136524.45,1,5,2,8,Others,17065.55625
CUST04153,157,8,86254.3,3,5,2,10,Loyal Customers,10781.7875
CUST04154,403,3,11983.15,1,1,1,3,Lost Customers,3994.383333333333
CUST04155,282,6,271403.5,2,4,4,10,At Risk,45233.916666666664
CUST04156,282,2,33472.0,2,1,1,4,Lost Customers,16736.0
CUST04157,90,6,138837.15,4,4,3,11,Loyal Customers,23139.524999999998
CUST04158,178,7,192906.5,2,5,3,10,At Risk,27558.071428571428
CUST04159,22,8,326932.55,5,5,5,15,Champions,40866.56875
CUST04160,84,5,117401.35,4,3,2,9,Potential Loyalists,23480.27
CUST04161,25,6,194652.0,5,4,3,12,Loyal Customers,32442.0
CUST04162,130,6,250163.55,3,4,4,11,Loyal Customers,41693.924999999996
CUST04163,521,3,46677.35,1,1,1,3,Lost Customers,15559.116666666667
CUST04164,25,7,194621.0,5,5,3,13,Loyal Customers,27803.0
CUST04165,144,5,156917.4,3,3,3,9,Others,31383.48
CUST04166,227,2,15935.300000000001,2,1,1,4,Lost Customers,7967.650000000001
CUST04167,398,1,1568.25,1,1,1,3,Lost Customers,1568.25
CUST04168,106,7,371171.15,3,5,5,13,Loyal Customers,53024.450000000004
CUST04169,188,5,205840.8,2,3,3,8,At Risk,41168.159999999996
CUST04170,121,2,122132.35,3,1,2,6,Others,61066.175
CUST04171,96,4,134182.35,3,2,2,7,Others,33545.5875
CUST04172,59,8,185225.94999999998,4,5,3,12,Loyal Customers,23153.243749999998
CUST04173,174,5,264070.0,2,3,4,9,At Risk,52814.0
CUST04174,188,4,95722.0,2,2,2,6,Lost Customers,23930.5
CUST04175,51,3,168853.3,4,1,3,8,Others,56284.43333333333
CUST04176,27,2,283208.1,5,1,4,10,Others,141604.05
CUST04177,78,7,267464.3,4,5,4,13,Champions,38209.18571428571
CUST04178,126,3,174150.9,3,1,3,7,Others,58050.299999999996
CUST04179,46,7,262186.8,4,5,4,13,Champions,37455.25714285714
CUST04180,201,8,77692.95,2,5,2,9,Others,9711.61875
CUST04181,62,8,175684.1,4,5,3,12,Loyal Customers,21960.5125
CUST04182,180,5,262102.7,2,3,4,9,At Risk,52420.54
CUST04183,521,2,124392.9,1,1,2,4,Lost Customers,62196.45
CUST04184,306,2,219780.4,1,1,4,6,Lost Customers,109890.2
CUST04185,265,7,237553.05,2,5,4,11,At Risk,33936.15
CUST04186,65,7,199680.5,4,5,3,12,Loyal Customers,28525.785714285714
CUST04187,530,3,54136.5,1,1,1,3,Lost Customers,18045.5
CUST04188,258,2,20848.300000000003,2,1,1,4,Lost Customers,10424.150000000001
CUST04189,792,1,2422.5,1,1,1,3,Lost Customers,2422.5
CUST04190,581,3,67008.75,1,1,1,3,Lost Customers,22336.25
CUST04191,573,1,52932.05,1,1,1,3,Lost Customers,52932.05
CUST04192,148,6,299479.9,3,4,4,11,Loyal Customers,49913.31666666667
CUST04193,150,6,636557.45,3,4,5,12,Loyal Customers,106092.90833333333
CUST04194,303,3,70212.2,1,1,1,3,Lost Customers,23404.066666666666
CUST04195,98,2,107999.2,3,1,2,6,Others,53999.6
CUST04196,72,7,318302.0,4,5,4,13,Champions,45471.71428571428
CUST04197,495,5,206790.4,1,3,3,7,At Risk,41358.08
CUST04198,172,8,300689.65,2,5,4,11,At Risk,37586.20625
CUST04199,53,5,69764.90000000001,4,3,1,8,Potential Loyalists,13952.980000000001
CUST04200,293,2,56010.5,1,1,1,3,Lost Customers,28005.25
CUST04201,150,6,459737.45,3,4,5,12,Loyal Customers,76622.90833333334
CUST04202,73,3,106813.8,4,1,2,7,Others,35604.6
CUST04203,244,7,300114.15,2,5,4,11,At Risk,42873.450000000004
CUST04204,148,5,515211.25,3,3,5,11,Others,103042.25
CUST04205,39,4,115962.25,5,2,2,9,Potential Loyalists,28990.5625
CUST04206,129,4,163609.4,3,2,3,8,Others,40902.35
CUST04207,50,10,260073.3,4,5,4,13,Champions,26007.329999999998
CUST04208,19,3,75812.65,5,1,2,8,Others,25270.88333333333
CUST04209,229,6,83596.85,2,4,2,8,Others,13932.808333333334
CUST04210,210,5,121778.15,2,3,2,7,Others,24355.629999999997
CUST04211,2,4,364821.7,5,2,5,12,Potential Loyalists,91205.425
CUST04212,48,3,101211.7,4,1,2,7,Others,33737.23333333333
CUST04213,30,5,98710.1,5,3,2,10,Potential Loyalists,19742.02
CUST04214,4,4,152763.75,5,2,3,10,Potential Loyalists,38190.9375
CUST04215,13,10,408120.60000000003,5,5,5,15,Champions,40812.060000000005
CUST04216,127,5,126927.9,3,3,2,8,Others,25385.579999999998
CUST04217,764,3,136106.69999999998,1,1,2,4,Lost Customers,45368.899999999994
CUST04218,11,8,250914.45,5,5,4,14,Champions,31364.30625
CUST04219,686,2,89210.9,1,1,2,4,Lost Customers,44605.45
CUST04220,222,5,549083.85,2,3,5,10,At Risk,109816.76999999999
CUST04221,111,4,99689.45000000001,3,2,2,7,Others,24922.362500000003
CUST04222,51,3,10995.4,4,1,1,6,Others,3665.133333333333
CUST04223,169,6,203329.45,3,4,3,10,Loyal Customers,33888.24166666667
CUST04224,294,4,162320.6,1,2,3,6,Lost Customers,40580.15
CUST04225,28,9,237164.3,5,5,4,14,Champions,26351.588888888888
CUST04226,92,7,290190.25,4,5,4,13,Champions,41455.75
CUST04227,20,8,719278.3,5,5,5,15,Champions,89909.7875
CUST04228,130,9,265937.05,3,5,4,12,Loyal Customers,29548.56111111111
CUST04229,278,7,322682.35,2,5,5,12,At Risk,46097.47857142857
CUST04230,681,2,5010.45,1,1,1,3,Lost Customers,2505.225
CUST04231,278,5,216833.7,2,3,4,9,At Risk,43366.740000000005
CUST04232,35,5,96653.3,5,3,2,10,Potential Loyalists,19330.66
CUST04233,91,7,324650.7,4,5,5,14,Champions,46378.67142857143
CUST04234,90,5,192558.65,4,3,3,10,Potential Loyalists,38511.729999999996
CUST04235,323,5,223376.85,1,3,4,8,At Risk,44675.37
CUST04236,5,6,172246.0,5,4,3,12,Loyal Customers,28707.666666666668
CUST04237,268,5,359247.35,2,3,5,10,At Risk,71849.47
CUST04238,219,7,222918.6,2,5,4,11,At Risk,31845.514285714286
CUST04239,316,6,453514.60000000003,1,4,5,10,At Risk,75585.76666666668
CUST04240,122,5,459564.75,3,3,5,11,Others,91912.95
CUST04241,290,4,190091.25,2,2,3,7,Lost Customers,47522.8125
CUST04242,175,5,121499.6,2,3,2,7,Others,24299.920000000002
CUST04243,260,7,279057.6,2,5,4,11,At Risk,39865.37142857142
CUST04244,20,5,138694.59999999998,5,3,3,11,Potential Loyalists,27738.919999999995
CUST04245,302,3,18815.4,1,1,1,3,Lost Customers,6271.8
CUST04246,353,3,236537.7,1,1,4,6,Lost Customers,78845.90000000001
CUST04247,231,4,165147.25,2,2,3,7,Lost Customers,41286.8125
CUST04248,64,5,241372.15000000002,4,3,4,11,Potential Loyalists,48274.43000000001
CUST04249,77,3,126204.75,4,1,2,7,Others,42068.25
CUST04250,45,10,721827.8,4,5,5,14,Champions,72182.78
CUST04251,167,6,517299.45,3,4,5,12,Loyal Customers,86216.575
CUST04252,214,3,65902.65,2,1,1,4,Lost Customers,21967.55
CUST04253,84,6,36120.0,4,4,1,9,Loyal Customers,6020.0
CUST04254,309,4,271438.55,1,2,4,7,Lost Customers,67859.6375
CUST04255,146,4,44140.5,3,2,1,6,Others,11035.125
CUST04256,40,5,238362.6,5,3,4,12,Potential Loyalists,47672.520000000004
CUST04257,319,6,184224.25,1,4,3,8,At Risk,30704.041666666668
CUST04258,76,6,116237.29999999999,4,4,2,10,Loyal Customers,19372.88333333333
CUST04259,157,7,308885.35,3,5,4,12,Loyal Customers,44126.47857142857
CUST04260,26,7,185095.15,5,5,3,13,Loyal Customers,26442.164285714283
CUST04261,283,5,319555.9,2,3,5,10,At Risk,63911.18000000001
CUST04262,172,7,205169.75,2,5,3,10,At Risk,29309.964285714286
CUST04263,254,6,543730.6,2,4,5,11,At Risk,90621.76666666666
CUST04264,294,3,93223.90000000001,1,1,2,4,Lost Customers,31074.633333333335
CUST04265,263,2,365381.5,2,1,5,8,Lost Customers,182690.75
CUST04266,111,3,152995.05,3,1,3,7,Others,50998.35
CUST04267,29,6,380256.2,5,4,5,14,Champions,63376.03333333333
CUST04268,129,5,106396.65,3,3,2,8,Others,21279.329999999998
CUST04269,73,4,22981.7,4,2,1,7,Potential Loyalists,5745.425
CUST04270,129,5,271759.75,3,3,4,10,Others,54351.95
CUST04271,13,9,362649.39999999997,5,5,5,15,Champions,40294.37777777777
CUST04272,329,5,491830.1,1,3,5,9,At Risk,98366.01999999999
CUST04273,42,3,39083.2,4,1,1,6,Others,13027.733333333332
CUST04274,264,6,619919.5,2,4,5,11,At Risk,103319.91666666667
CUST04275,161,6,173555.95,3,4,3,10,Loyal Customers,28925.99166666667
CUST04276,7,8,126009.7,5,5,2,12,Loyal Customers,15751.2125
CUST04277,75,7,114109.45,4,5,2,11,Loyal Customers,16301.35
CUST04278,126,6,263858.45,3,4,4,11,Loyal Customers,43976.40833333333
CUST04279,267,6,59678.899999999994,2,4,1,7,Others,9946.483333333332
CUST04280,118,6,252469.1,3,4,4,11,Loyal Customers,42078.183333333334
CUST04281,135,1,61571.4,3,1,1,5,Others,61571.4
CUST04282,15,7,447825.9,5,5,5,15,Champions,63975.12857142858
CUST04283,87,2,314929.5,4,1,4,9,Others,157464.75
CUST04284,160,4,188403.0,3,2,3,8,Others,47100.75
CUST04285,23,7,182146.9,5,5,3,13,Loyal Customers,26020.985714285714
CUST04286,31,2,53823.9,5,1,1,7,Others,26911.95
CUST04287,340,3,193324.2,1,1,3,5,Lost Customers,64441.4
CUST04288,519,1,111949.2,1,1,2,4,Lost Customers,111949.2
CUST04289,274,3,129012.9,2,1,2,5,Lost Customers,43004.299999999996
CUST04290,216,4,78613.85,2,2,2,6,Lost Customers,19653.4625
CUST04291,36,8,483031.05000000005,5,5,5,15,Champions,60378.881250000006
CUST04292,479,3,226652.15,1,1,4,6,Lost Customers,75550.71666666666
CUST04293,53,6,403492.1,4,4,5,13,Champions,67248.68333333333
CUST04294,135,4,63526.399999999994,3,2,1,6,Others,15881.599999999999
CUST04295,198,5,538289.65,2,3,5,10,At Risk,107657.93000000001
CUST04296,200,8,423340.3,2,5,5,12,At Risk,52917.5375
CUST04297,3,8,203576.4,5,5,3,13,Loyal Customers,25447.05
CUST04298,113,10,780986.3,3,5,5,13,Loyal Customers,78098.63
CUST04299,148,3,48811.0,3,1,1,5,Others,16270.333333333334
CUST04300,212,3,46679.700000000004,2,1,1,4,Lost Customers,15559.900000000001
CUST04301,57,4,151533.55,4,2,3,9,Potential Loyalists,37883.3875
CUST04302,160,7,145165.95,3,5,3,11,Loyal Customers,20737.992857142857
CUST04303,27,6,212876.84999999998,5,4,4,13,Champions,35479.475
CUST04304,6,8,68966.1,5,5,1,11,Loyal Customers,8620.7625
CUST04305,287,4,273665.9,2,2,4,8,Lost Customers,68416.475
CUST04306,299,4,242520.2,1,2,4,7,Lost Customers,60630.05
CUST04307,161,10,541237.7,3,5,5,13,Loyal Customers,54123.77
CUST04308,18,2,58271.4,5,1,1,7,Others,29135.7
CUST04309,60,7,91883.75,4,5,2,11,Loyal Customers,13126.25
CUST04310,78,9,321858.6,4,5,5,14,Champions,35762.066666666666
CUST04311,169,3,27471.8,3,1,1,5,Others,9157.266666666666
CUST04312,122,5,248455.05,3,3,4,10,Others,49691.009999999995
CUST04313,4,7,411000.1,5,5,5,15,Champions,58714.299999999996
CUST04314,316,3,228573.65,1,1,4,6,Lost Customers,76191.21666666666
CUST04315,137,5,264229.0,3,3,4,10,Others,52845.8
CUST04316,87,6,173106.4,4,4,3,11,Loyal Customers,28851.066666666666
CUST04317,191,4,166429.5,2,2,3,7,Lost Customers,41607.375
CUST04319,184,7,424598.0,2,5,5,12,At Risk,60656.857142857145
CUST04320,177,4,222790.8,2,2,4,8,Lost Customers,55697.7
CUST04321,15,3,27090.35,5,1,1,7,Others,9030.116666666667
CUST04322,220,5,64295.649999999994,2,3,1,6,Others,12859.13
CUST04323,501,1,4168.4,1,1,1,3,Lost Customers,4168.4
CUST04324,213,3,91209.6,2,1,2,5,Lost Customers,30403.2
CUST04325,80,4,413148.6,4,2,5,11,Potential Loyalists,103287.15
CUST04326,667,2,112594.0,1,1,2,4,Lost Customers,56297.0
CUST04327,267,4,266835.1,2,2,4,8,Lost Customers,66708.775
CUST04328,20,12,393924.35000000003,5,5,5,15,Champions,32827.02916666667
CUST04329,458,4,79645.1,1,2,2,5,Lost Customers,19911.275
CUST04330,18,5,107060.0,5,3,2,10,Potential Loyalists,21412.0
CUST04331,23,4,141487.85,5,2,3,10,Potential Loyalists,35371.9625
CUST04332,21,3,18134.85,5,1,1,7,Others,6044.95
CUST04333,112,4,203332.5,3,2,3,8,Others,50833.125
CUST04334,119,8,284779.05,3,5,4,12,Loyal Customers,35597.38125
CUST04335,39,3,154090.6,5,1,3,9,Others,51363.53333333333
CUST04336,59,2,68343.95000000001,4,1,1,6,Others,34171.975000000006
CUST04337,350,3,71640.4,1,1,1,3,Lost Customers,23880.13333333333
CUST04338,139,7,334063.55,3,5,5,13,Loyal Customers,47723.364285714284
CUST04339,1,7,101967.5,5,5,2,12,Loyal Customers,14566.785714285714
CUST04340,18,7,239846.8,5,5,4,14,Champions,34263.82857142857
CUST04341,310,2,81642.3,1,1,2,4,Lost Customers,40821.15
CUST04342,1,6,434120.05,5,4,5,14,Champions,72353.34166666666
CUST04343,310,9,411285.1,1,5,5,11,At Risk,45698.34444444444
CUST04344,403,2,67616.4,1,1,1,3,Lost Customers,33808.2
CUST04345,139,7,228678.00000000003,3,5,4,12,Loyal Customers,32668.285714285717
CUST04346,354,5,280625.25,1,3,4,8,At Risk,56125.05
CUST04347,500,2,11854.7,1,1,1,3,Lost Customers,5927.35
CUST04348,77,7,150132.35,4,5,3,12,Loyal Customers,21447.47857142857
CUST04349,153,8,383871.60000000003,3,5,5,13,Loyal Customers,47983.950000000004
CUST04350,41,3,103542.25,5,1,2,8,Others,34514.083333333336
CUST04351,128,7,127460.85,3,5,2,10,Loyal Customers,18208.692857142858
CUST04352,1,6,172385.65,5,4,3,12,Loyal Customers,28730.941666666666
CUST04353,541,5,169161.25,1,3,3,7,At Risk,33832.25
CUST04354,183,7,109305.09999999999,2,5,2,9,Others,15615.014285714284
CUST04355,25,6,364384.95,5,4,5,14,Champions,60730.825000000004
CUST04356,114,5,164738.1,3,3,3,9,Others,32947.62
CUST04357,184,4,218404.1,2,2,4,8,Lost Customers,54601.025
CUST04358,50,2,110102.55,4,1,2,7,Others,55051.275
CUST04359,4,7,248793.65000000002,5,5,4,14,Champions,35541.950000000004
CUST04360,197,7,195252.4,2,5,3,10,At Risk,27893.2
CUST04361,57,8,205360.45,4,5,3,12,Loyal Customers,25670.05625
CUST04362,858,1,131234.4,1,1,2,4,Lost Customers,131234.4
CUST04363,63,3,268823.45,4,1,4,9,Others,89607.81666666667
CUST04365,74,6,377463.1,4,4,5,13,Champions,62910.51666666666
CUST04366,631,5,422604.39999999997,1,3,5,9,At Risk,84520.87999999999
CUST04367,350,6,276712.6,1,4,4,9,At Risk,46118.76666666666
CUST04368,442,4,198348.1,1,2,3,6,Lost Customers,49587.025
CUST04369,715,2,314971.25,1,1,4,6,Lost Customers,157485.625
CUST04370,228,6,215400.7,2,4,4,10,At Risk,35900.11666666667
CUST04371,120,7,294399.7,3,5,4,12,Loyal Customers,42057.1
CUST04372,98,5,223271.3,3,3,4,10,Others,44654.259999999995
CUST04373,67,5,121483.7,4,3,2,9,Potential Loyalists,24296.739999999998
CUST04374,102,6,349408.2,3,4,5,12,Loyal Customers,58234.700000000004
CUST04375,201,4,196460.8,2,2,3,7,Lost Customers,49115.2
CUST04376,8,10,474333.0,5,5,5,15,Champions,47433.3
CUST04377,150,8,175034.7,3,5,3,11,Loyal Customers,21879.3375
CUST04378,7,2,133771.9,5,1,2,8,Others,66885.95
CUST04379,295,3,18732.75,1,1,1,3,Lost Customers,6244.25
CUST04380,264,4,167763.25,2,2,3,7,Lost Customers,41940.8125
CUST04381,208,6,170562.55,2,4,3,9,At Risk,28427.091666666664
CUST04382,25,2,201623.0,5,1,3,9,Others,100811.5
CUST04383,61,6,199729.7,4,4,3,11,Loyal Customers,33288.28333333333
CUST04384,48,5,188148.9,4,3,3,10,Potential Loyalists,37629.78
CUST04385,81,4,164333.0,4,2,3,9,Potential Loyalists,41083.25
CUST04386,337,4,64110.3,1,2,1,4,Lost Customers,16027.575
CUST04387,271,8,675492.2,2,5,5,12,At Risk,84436.525
CUST04388,84,6,98478.0,4,4,2,10,Loyal Customers,16413.0
CUST04389,39,6,162309.4,5,4,3,12,Loyal Customers,27051.566666666666
CUST04390,87,3,66865.2,4,1,1,6,Others,22288.399999999998
CUST04391,491,3,142726.05,1,1,3,5,Lost Customers,47575.35
CUST04392,68,3,43329.95,4,1,1,6,Others,14443.316666666666
CUST04393,178,5,189963.85,2,3,3,8,At Risk,37992.770000000004
CUST04394,327,5,128355.2,1,3,2,6,Others,25671.04
CUST04395,489,3,89468.0,1,1,2,4,Lost Customers,29822.666666666668
CUST04396,43,3,11186.9,4,1,1,6,Others,3728.9666666666667
CUST04397,180,6,172926.59999999998,2,4,3,9,At Risk,28821.099999999995
CUST04398,615,5,206300.1,1,3,3,7,At Risk,41260.020000000004
CUST04399,44,5,577611.2,4,3,5,12,Potential Loyalists,115522.23999999999
CUST04400,167,7,282960.1,3,5,4,12,Loyal Customers,40422.87142857142
CUST04401,135,5,298736.85,3,3,4,10,Others,59747.369999999995
CUST04402,228,3,124930.7,2,1,2,5,Lost Customers,41643.566666666666
CUST04403,133,10,551682.4,3,5,5,13,Loyal Customers,55168.240000000005
CUST04404,30,4,155038.69999999998,5,2,3,10,Potential Loyalists,38759.674999999996
CUST04405,147,3,175000.1,3,1,3,7,Others,58333.36666666667
CUST04406,201,4,180539.55,2,2,3,7,Lost Customers,45134.8875
CUST04407,361,5,154297.75,1,3,3,7,At Risk,30859.55
CUST04408,844,1,45526.0,1,1,1,3,Lost Customers,45526.0
CUST04409,6,4,54765.55,5,2,1,8,Potential Loyalists,13691.3875
CUST04410,203,8,564958.15,2,5,5,12,At Risk,70619.76875
CUST04411,6,4,39676.9,5,2,1,8,Potential Loyalists,9919.225
CUST04412,329,8,452395.65,1,5,5,11,At Risk,56549.45625
CUST04413,55,3,131513.2,4,1,2,7,Others,43837.73333333334
CUST04414,121,4,353291.5,3,2,5,10,Others,88322.875
CUST04415,213,8,472213.0,2,5,5,12,At Risk,59026.625
CUST04416,73,8,305180.45,4,5,4,13,Champions,38147.55625
CUST04417,95,8,339821.6,3,5,5,13,Loyal Customers,42477.7
CUST04418,62,7,249681.15,4,5,4,13,Champions,35668.735714285714
CUST04419,534,4,140373.1,1,2,3,6,Lost Customers,35093.275
CUST04420,345,3,138869.7,1,1,3,5,Lost Customers,46289.9
CUST04421,42,7,242310.9,4,5,4,13,Champions,34615.84285714286
CUST04422,481,3,49332.799999999996,1,1,1,3,Lost Customers,16444.266666666666
CUST04423,101,8,138164.7,3,5,3,11,Loyal Customers,17270.5875
CUST04424,11,10,347915.45,5,5,5,15,Champions,34791.545
CUST04425,100,5,192202.1,3,3,3,9,Others,38440.42
CUST04426,334,5,202811.0,1,3,3,7,At Risk,40562.2
CUST04428,418,10,647917.3,1,5,5,11,At Risk,64791.73
CUST04429,123,5,141374.5,3,3,3,9,Others,28274.9
CUST04430,23,5,67507.25,5,3,1,9,Potential Loyalists,13501.45
CUST04431,263,4,98454.2,2,2,2,6,Lost Customers,24613.55
CUST04432,34,4,224243.1,5,2,4,11,Potential Loyalists,56060.775
CUST04433,340,2,117806.20000000001,1,1,2,4,Lost Customers,58903.100000000006
CUST04434,109,4,72355.2,3,2,1,6,Others,18088.8
CUST04435,118,8,203035.1,3,5,3,11,Loyal Customers,25379.3875
CUST04436,316,5,295538.0,1,3,4,8,At Risk,59107.6
CUST04437,1,6,102590.0,5,4,2,11,Loyal Customers,17098.333333333332
CUST04438,94,6,234297.9,4,4,4,12,Champions,39049.65
CUST04439,31,8,307694.5,5,5,4,14,Champions,38461.8125
CUST04440,10,10,283137.1,5,5,4,14,Champions,28313.71
CUST04441,74,6,415378.2,4,4,5,13,Champions,69229.7
CUST04442,284,5,70501.15,2,3,1,6,Others,14100.23
CUST04443,42,10,372781.85000000003,4,5,5,14,Champions,37278.185000000005
CUST04444,207,6,270812.0,2,4,4,10,At Risk,45135.333333333336
CUST04445,94,3,31577.5,4,1,1,6,Others,10525.833333333334
CUST04446,342,2,210583.2,1,1,4,6,Lost Customers,105291.6
CUST04447,282,3,182810.95,2,1,3,6,Lost Customers,60936.98333333334
CUST04448,134,3,40019.200000000004,3,1,1,5,Others,13339.733333333335
CUST04449,30,8,327836.55,5,5,5,15,Champions,40979.56875
CUST04450,8,9,633054.3,5,5,5,15,Champions,70339.36666666667
CUST04451,14,5,111848.7,5,3,2,10,Potential Loyalists,22369.739999999998
CUST04452,26,9,376797.65,5,5,5,15,Champions,41866.40555555556
CUST04453,338,6,176707.25,1,4,3,8,At Risk,29451.208333333332
CUST04454,126,5,250284.7,3,3,4,10,Others,50056.94
CUST04455,115,3,63821.05,3,1,1,5,Others,21273.683333333334
CUST04456,91,1,3481.2,4,1,1,6,Others,3481.2
CUST04457,48,7,165340.2,4,5,3,12,Loyal Customers,23620.028571428575
CUST04458,351,4,93579.1,1,2,2,5,Lost Customers,23394.775
CUST04459,312,5,94979.2,1,3,2,6,Others,18995.84
CUST04460,63,5,756907.2,4,3,5,12,Potential Loyalists,151381.44
CUST04461,43,8,206811.59999999998,4,5,3,12,Loyal Customers,25851.449999999997
CUST04462,126,8,196194.2,3,5,3,11,Loyal Customers,24524.275
CUST04463,213,4,50635.75,2,2,1,5,Lost Customers,12658.9375
CUST04464,302,6,67372.5,1,4,1,6,Others,11228.75
CUST04465,348,4,87842.7,1,2,2,5,Lost Customers,21960.675
CUST04466,327,4,255716.05000000002,1,2,4,7,Lost Customers,63929.012500000004
CUST04467,331,2,11145.599999999999,1,1,1,3,Lost Customers,5572.799999999999
CUST04468,41,4,28975.1,5,2,1,8,Potential Loyalists,7243.775
CUST04469,221,2,12019.45,2,1,1,4,Lost Customers,6009.725
CUST04470,20,3,42802.3,5,1,1,7,Others,14267.433333333334
CUST04471,292,9,292698.8,2,5,4,11,At Risk,32522.088888888888
CUST04472,8,8,154973.9,5,5,3,13,Loyal Customers,19371.7375
CUST04473,413,3,36702.15,1,1,1,3,Lost Customers,12234.050000000001
CUST04474,313,3,151373.5,1,1,3,5,Lost Customers,50457.833333333336
CUST04475,72,4,214875.45,4,2,4,10,Potential Loyalists,53718.8625
CUST04476,276,5,305307.85,2,3,4,9,At Risk,61061.56999999999
CUST04477,184,5,167262.2,2,3,3,8,At Risk,33452.44
CUST04478,633,3,55870.899999999994,1,1,1,3,Lost Customers,18623.63333333333
CUST04479,21,5,679447.15,5,3,5,13,Potential Loyalists,135889.43
CUST04480,487,5,287370.9,1,3,4,8,At Risk,57474.18000000001
CUST04481,121,6,263400.5,3,4,4,11,Loyal Customers,43900.083333333336
CUST04482,100,5,112463.15,3,3,2,8,Others,22492.629999999997
CUST04483,602,4,222440.25,1,2,4,7,Lost Customers,55610.0625
CUST04484,71,5,153332.6,4,3,3,10,Potential Loyalists,30666.52
CUST04485,208,4,198573.40000000002,2,2,3,7,Lost Customers,49643.350000000006
CUST04486,743,1,2248.0,1,1,1,3,Lost Customers,2248.0
CUST04487,46,6,78029.6,4,4,2,10,Loyal Customers,13004.933333333334
CUST04488,123,4,58870.75,3,2,1,6,Others,14717.6875
CUST04489,45,4,25734.1,4,2,1,7,Potential Loyalists,6433.525
CUST04490,257,5,404150.5,2,3,5,10,At Risk,80830.1
CUST04491,196,9,497242.0,2,5,5,12,At Risk,55249.11111111111
CUST04492,29,3,367897.0,5,1,5,11,Others,122632.33333333333
CUST04493,152,3,36183.75,3,1,1,5,Others,12061.25
CUST04494,113,7,326740.35,3,5,5,13,Loyal Customers,46677.19285714285
CUST04495,25,9,389138.55,5,5,5,15,Champions,43237.61666666667
CUST04496,30,2,137167.2,5,1,2,8,Others,68583.6
CUST04497,70,10,151318.0,4,5,3,12,Loyal Customers,15131.8
CUST04498,25,9,459496.95,5,5,5,15,Champions,51055.21666666667
CUST04499,290,4,45686.95,2,2,1,5,Lost Customers,11421.7375
CUST04500,5,4,166389.7,5,2,3,10,Potential Loyalists,41597.425
CUST04501,73,8,360449.85,4,5,5,14,Champions,45056.23125
CUST04502,86,2,161582.4,4,1,3,8,Others,80791.2
CUST04503,28,6,256594.05,5,4,4,13,Champions,42765.674999999996
CUST04504,1,10,342960.6,5,5,5,15,Champions,34296.06
CUST04505,218,7,280146.95,2,5,4,11,At Risk,40020.99285714286
CUST04506,349,8,229272.85,1,5,4,10,At Risk,28659.10625
CUST04507,165,3,51798.7,3,1,1,5,Others,17266.233333333334
CUST04508,287,4,154697.40000000002,2,2,3,7,Lost Customers,38674.350000000006
CUST04510,125,4,88834.5,3,2,2,7,Others,22208.625
CUST04511,156,4,110931.5,3,2,2,7,Others,27732.875
CUST04512,136,6,333104.75,3,4,5,12,Loyal Customers,55517.458333333336
CUST04513,120,5,148163.1,3,3,3,9,Others,29632.620000000003
CUST04514,54,3,20888.7,4,1,1,6,Others,6962.900000000001
CUST04515,483,3,51698.799999999996,1,1,1,3,Lost Customers,17232.93333333333
CUST04516,28,2,90673.4,5,1,2,8,Others,45336.7
CUST04517,159,7,314630.25,3,5,4,12,Loyal Customers,44947.17857142857
CUST04518,534,2,20402.9,1,1,1,3,Lost Customers,10201.45
CUST04519,79,5,326836.95,4,3,5,12,Potential Loyalists,65367.39
CUST04520,33,3,151766.0,5,1,3,9,Others,50588.666666666664
CUST04521,48,3,84047.35,4,1,2,7,Others,28015.783333333336
CUST04522,353,4,29248.9,1,2,1,4,Lost Customers,7312.225
CUST04523,86,5,663153.55,4,3,5,12,Potential Loyalists,132630.71000000002
CUST04524,102,4,439612.4,3,2,5,10,Others,109903.1
CUST04525,670,2,32804.8,1,1,1,3,Lost Customers,16402.4
CUST04526,123,3,101109.45,3,1,2,6,Others,33703.15
CUST04527,260,7,97555.35,2,5,2,9,Others,13936.478571428572
CUST04528,261,3,215184.9,2,1,4,7,Lost Customers,71728.3
CUST04529,65,5,328360.0,4,3,5,12,Potential Loyalists,65672.0
CUST04530,158,4,175615.65000000002,3,2,3,8,Others,43903.912500000006
CUST04531,31,6,287329.3,5,4,4,13,Champions,47888.21666666667
CUST04532,28,8,67565.45,5,5,1,11,Loyal Customers,8445.68125
CUST04533,14,8,311414.85,5,5,4,14,Champions,38926.85625
CUST04534,209,5,237394.40000000002,2,3,4,9,At Risk,47478.880000000005
CUST04535,141,4,339719.5,3,2,5,10,Others,84929.875
CUST04536,161,9,238468.75,3,5,4,12,Loyal Customers,26496.527777777777
CUST04537,62,5,56287.4,4,3,1,8,Potential Loyalists,11257.48
CUST04538,139,3,25952.8,3,1,1,5,Others,8650.933333333332
CUST04539,9,5,139956.4,5,3,3,11,Potential Loyalists,27991.28
CUST04540,432,3,135938.0,1,1,2,4,Lost Customers,45312.666666666664
CUST04541,9,6,484888.89999999997,5,4,5,14,Champions,80814.81666666667
CUST04542,333,5,134127.55000000002,1,3,2,6,Others,26825.510000000002
CUST04543,29,9,749711.25,5,5,5,15,Champions,83301.25
CUST04544,144,2,33384.15,3,1,1,5,Others,16692.075
CUST04545,65,3,130582.90000000001,4,1,2,7,Others,43527.63333333334
CUST04546,77,3,63325.95,4,1,1,6,Others,21108.649999999998
CUST04547,350,6,217092.6,1,4,4,9,At Risk,36182.1
CUST04548,157,4,81161.04999999999,3,2,2,7,Others,20290.262499999997
CUST04549,58,7,337457.10000000003,4,5,5,14,Champions,48208.15714285715
CUST04550,35,5,316430.1,5,3,4,12,Potential Loyalists,63286.02
CUST04551,123,4,72802.59999999999,3,2,1,6,Others,18200.649999999998
CUST04552,1,6,405469.55,5,4,5,14,Champions,67578.25833333333
CUST04553,357,4,418267.39999999997,1,2,5,8,Lost Customers,104566.84999999999
CUST04554,1,8,416531.6,5,5,5,15,Champions,52066.45
CUST04555,95,4,83147.3,3,2,2,7,Others,20786.825
CUST04556,226,7,126019.65,2,5,2,9,Others,18002.807142857142
CUST04557,199,5,60043.100000000006,2,3,1,6,Others,12008.62
CUST04558,6,7,166609.85,5,5,3,13,Loyal Customers,23801.407142857144
CUST04559,103,4,62954.05,3,2,1,6,Others,15738.5125
CUST04560,29,7,436990.95,5,5,5,15,Champions,62427.27857142857
CUST04561,98,5,127007.55,3,3,2,8,Others,25401.510000000002
CUST04562,198,5,209455.5,2,3,3,8,At Risk,41891.1
CUST04563,35,11,367116.75,5,5,5,15,Champions,33374.25
CUST04564,29,5,349729.85000000003,5,3,5,13,Potential Loyalists,69945.97
CUST04565,86,6,55171.399999999994,4,4,1,9,Loyal Customers,9195.233333333332
CUST04566,325,3,138186.25,1,1,3,5,Lost Customers,46062.083333333336
CUST04567,106,5,189514.7,3,3,3,9,Others,37902.94
CUST04568,34,8,207720.0,5,5,3,13,Loyal Customers,25965.0
CUST04569,667,2,111181.6,1,1,2,4,Lost Customers,55590.8
CUST04570,83,6,141105.15,4,4,3,11,Loyal Customers,23517.524999999998
CUST04571,77,6,160155.3,4,4,3,11,Loyal Customers,26692.55
CUST04572,58,11,384165.65,4,5,5,14,Champions,34924.15
CUST04573,35,6,131684.15,5,4,2,11,Loyal Customers,21947.358333333334
CUST04574,176,2,167862.8,2,1,3,6,Lost Customers,83931.4
CUST04575,293,5,189593.5,1,3,3,7,At Risk,37918.7
CUST04576,187,5,283359.8,2,3,4,9,At Risk,56671.96
CUST04577,38,7,190679.5,5,5,3,13,Loyal Customers,27239.928571428572
CUST04578,46,3,341802.9,4,1,5,10,Others,113934.3
CUST04579,298,7,749291.7,1,5,5,11,At Risk,107041.67142857143
CUST04580,334,5,86003.05,1,3,2,6,Others,17200.61
CUST04581,229,8,368226.3,2,5,5,12,At Risk,46028.2875
CUST04582,8,8,360104.05,5,5,5,15,Champions,45013.00625
CUST04583,235,2,130349.6,2,1,2,5,Lost Customers,65174.8
CUST04584,52,4,22940.45,4,2,1,7,Potential Loyalists,5735.1125
CUST04585,13,4,122179.2,5,2,2,9,Potential Loyalists,30544.8
CUST04586,433,5,45343.100000000006,1,3,1,5,Others,9068.62
CUST04587,77,2,38702.55,4,1,1,6,Others,19351.275
CUST04588,28,4,65060.9,5,2,1,8,Potential Loyalists,16265.225
CUST04589,273,6,203010.7,2,4,3,9,At Risk,33835.11666666667
CUST04590,225,3,34713.6,2,1,1,4,Lost Customers,11571.199999999999
CUST04591,268,6,109565.29999999999,2,4,2,8,Others,18260.88333333333
CUST04592,126,3,71682.2,3,1,1,5,Others,23894.066666666666
CUST04593,117,5,309391.39999999997,3,3,4,10,Others,61878.27999999999
CUST04594,7,9,554021.25,5,5,5,15,Champions,61557.916666666664
CUST04595,13,8,591606.7,5,5,5,15,Champions,73950.8375
CUST04596,282,10,391437.45,2,5,5,12,At Risk,39143.745
CUST04597,73,7,59908.7,4,5,1,10,Loyal Customers,8558.385714285714
CUST04598,71,2,109731.6,4,1,2,7,Others,54865.8
CUST04599,189,6,147973.35,2,4,3,9,At Risk,24662.225000000002
CUST04600,235,6,329811.80000000005,2,4,5,11,At Risk,54968.63333333334
CUST04602,51,3,231488.85,4,1,4,9,Others,77162.95
CUST04603,41,7,319007.0,5,5,4,14,Champions,45572.42857142857
CUST04604,161,7,110364.65,3,5,2,10,Loyal Customers,15766.378571428571
CUST04605,33,5,411465.6,5,3,5,13,Potential Loyalists,82293.12
CUST04606,318,4,275273.55,1,2,4,7,Lost Customers,68818.3875
CUST04607,55,3,33757.55,4,1,1,6,Others,11252.516666666668
CUST04608,568,3,140076.4,1,1,3,5,Lost Customers,46692.13333333333
CUST04609,20,3,106687.95,5,1,2,8,Others,35562.65
CUST04610,599,3,146105.05,1,1,3,5,Lost Customers,48701.68333333333
CUST04611,140,3,50362.75,3,1,1,5,Others,16787.583333333332
CUST04612,56,6,43896.100000000006,4,4,1,9,Loyal Customers,7316.016666666667
CUST04613,25,10,639536.3,5,5,5,15,Champions,63953.630000000005
CUST04614,34,9,402777.5,5,5,5,15,Champions,44753.055555555555
CUST04615,19,7,375341.69999999995,5,5,5,15,Champions,53620.24285714285
CUST04616,90,7,361355.94999999995,4,5,5,14,Champions,51622.278571428564
CUST04617,269,6,206530.4,2,4,3,9,At Risk,34421.73333333333
CUST04618,88,6,194435.5,4,4,3,11,Loyal Customers,32405.916666666668
CUST04619,649,3,323856.45,1,1,5,7,Lost Customers,107952.15000000001
CUST04620,242,7,538778.25,2,5,5,12,At Risk,76968.32142857143
CUST04621,370,3,90366.5,1,1,2,4,Lost Customers,30122.166666666668
CUST04622,444,4,164373.25,1,2,3,6,Lost Customers,41093.3125
CUST04623,76,7,141278.15,4,5,3,12,Loyal Customers,20182.592857142856
CUST04624,387,3,82826.6,1,1,2,4,Lost Customers,27608.86666666667
CUST04625,41,6,287490.85,5,4,4,13,Champions,47915.14166666666
CUST04626,553,3,110800.0,1,1,2,4,Lost Customers,36933.333333333336
CUST04627,15,3,138977.75,5,1,3,9,Others,46325.916666666664
CUST04628,25,3,68272.35,5,1,1,7,Others,22757.45
CUST04629,129,5,72908.2,3,3,1,7,Others,14581.64
CUST04630,84,8,446996.75,4,5,5,14,Champions,55874.59375
CUST04631,289,5,237637.15,2,3,4,9,At Risk,47527.43
CUST04632,30,7,202718.4,5,5,3,13,Loyal Customers,28959.77142857143
CUST04633,178,5,167332.5,2,3,3,8,At Risk,33466.5
CUST04634,41,6,247024.7,5,4,4,13,Champions,41170.78333333333
CUST04635,11,4,64719.85,5,2,1,8,Potential Loyalists,16179.9625
CUST04636,165,5,168457.80000000002,3,3,3,9,Others,33691.560000000005
CUST04637,117,7,78969.75,3,5,2,10,Loyal Customers,11281.392857142857
CUST04638,262,6,117928.0,2,4,2,8,Others,19654.666666666668
CUST04639,23,6,255696.95,5,4,4,13,Champions,42616.15833333333
CUST04640,27,8,245162.8,5,5,4,14,Champions,30645.35
CUST04641,130,5,92885.8,3,3,2,8,Others,18577.16
CUST04642,204,2,127497.6,2,1,2,5,Lost Customers,63748.8
CUST04643,5,3,194424.35,5,1,3,9,Others,64808.11666666667
CUST04644,97,4,141503.19999999998,3,2,3,8,Others,35375.799999999996
CUST04645,338,5,215470.15,1,3,4,8,At Risk,43094.03
CUST04646,200,4,52646.4,2,2,1,5,Lost Customers,13161.6
CUST04647,206,2,111319.2,2,1,2,5,Lost Customers,55659.6
CUST04648,142,5,176049.05,3,3,3,9,Others,35209.81
CUST04649,174,7,364677.10000000003,2,5,5,12,At Risk,52096.728571428575
CUST04650,32,5,307452.55,5,3,4,12,Potential Loyalists,61490.509999999995
CUST04651,131,2,109409.6,3,1,2,6,Others,54704.8
CUST04652,138,6,222645.25,3,4,4,11,Loyal Customers,37107.541666666664
CUST04653,177,4,116982.8,2,2,2,6,Lost Customers,29245.7
CUST04654,64,3,191067.8,4,1,3,8,Others,63689.26666666666
CUST04655,19,6,309862.65,5,4,4,13,Champions,51643.775
CUST04656,251,5,180484.65,2,3,3,8,At Risk,36096.93
CUST04657,99,5,544623.85,3,3,5,11,Others,108924.76999999999
CUST04658,74,4,61846.1,4,2,1,7,Potential Loyalists,15461.525
CUST04659,31,4,80759.45,5,2,2,9,Potential Loyalists,20189.8625
CUST04660,254,5,161788.1,2,3,3,8,At Risk,32357.620000000003
CUST04661,165,8,770056.95,3,5,5,13,Loyal Customers,96257.11875
CUST04662,42,4,70848.40000000001,4,2,1,7,Potential Loyalists,17712.100000000002
CUST04663,278,3,113888.59999999999,2,1,2,5,Lost Customers,37962.86666666666
CUST04664,73,9,88315.95,4,5,2,11,Loyal Customers,9812.883333333333
CUST04665,19,6,501474.7,5,4,5,14,Champions,83579.11666666667
CUST04666,653,4,319690.8,1,2,5,8,Lost Customers,79922.7
CUST04667,93,5,97408.9,4,3,2,9,Potential Loyalists,19481.78
CUST04668,57,6,130802.0,4,4,2,10,Loyal Customers,21800.333333333332
CUST04669,21,1,1249.6,5,1,1,7,Others,1249.6
CUST04670,538,2,28009.800000000003,1,1,1,3,Lost Customers,14004.900000000001
CUST04671,184,7,248673.4,2,5,4,11,At Risk,35524.771428571425
CUST04672,54,7,300951.95,4,5,4,13,Champions,42993.135714285716
CUST04673,168,8,86818.2,3,5,2,10,Loyal Customers,10852.275
CUST04674,75,5,199809.1,4,3,3,10,Potential Loyalists,39961.82
CUST04675,152,8,347517.1,3,5,5,13,Loyal Customers,43439.6375
CUST04676,22,7,581298.85,5,5,5,15,Champions,83042.69285714286
CUST04677,326,1,320896.0,1,1,5,7,Lost Customers,320896.0
CUST04678,102,4,77167.25,3,2,2,7,Others,19291.8125
CUST04679,137,5,179223.7,3,3,3,9,Others,35844.740000000005
CUST04680,630,1,1640.0,1,1,1,3,Lost Customers,1640.0
CUST04681,303,2,84913.40000000001,1,1,2,4,Lost Customers,42456.700000000004
CUST04682,175,3,116762.54999999999,2,1,2,5,Lost Customers,38920.85
CUST04683,54,8,88656.5,4,5,2,11,Loyal Customers,11082.0625
CUST04684,141,5,84918.6,3,3,2,8,Others,16983.72
CUST04685,99,2,64402.8,3,1,1,5,Others,32201.4
CUST04687,165,7,416411.4,3,5,5,13,Loyal Customers,59487.34285714286
CUST04688,94,3,10802.300000000001,4,1,1,6,Others,3600.766666666667
CUST04689,178,6,269272.64999999997,2,4,4,10,At Risk,44878.774999999994
CUST04690,249,3,39171.5,2,1,1,4,Lost Customers,13057.166666666666
CUST04691,91,5,424129.25,4,3,5,12,Potential Loyalists,84825.85
CUST04692,157,5,82863.59999999999,3,3,2,8,Others,16572.719999999998
CUST04693,91,6,203061.3,4,4,3,11,Loyal Customers,33843.549999999996
CUST04694,9,6,216086.34999999998,5,4,4,13,Champions,36014.39166666666
CUST04695,463,3,55155.799999999996,1,1,1,3,Lost Customers,18385.266666666666
CUST04696,50,5,94267.25,4,3,2,9,Potential Loyalists,18853.45
CUST04697,164,4,121496.35,3,2,2,7,Others,30374.0875
CUST04698,318,5,80110.55,1,3,2,6,Others,16022.11
CUST04699,257,3,49473.2,2,1,1,4,Lost Customers,16491.066666666666
CUST04700,560,2,47324.55,1,1,1,3,Lost Customers,23662.275
CUST04701,726,1,5002.7,1,1,1,3,Lost Customers,5002.7
CUST04702,153,3,31414.85,3,1,1,5,Others,10471.616666666667
CUST04703,187,9,400348.0,2,5,5,12,At Risk,44483.11111111111
CUST04704,50,8,138007.25,4,5,3,12,Loyal Customers,17250.90625
CUST04705,24,7,360444.35000000003,5,5,5,15,Champions,51492.05
CUST04706,321,6,301972.7,1,4,4,9,At Risk,50328.78333333333
CUST04707,302,4,142706.3,1,2,3,6,Lost Customers,35676.575
CUST04708,278,4,318187.4,2,2,4,8,Lost Customers,79546.85
CUST04709,233,7,240759.75,2,5,4,11,At Risk,34394.25
CUST04710,183,2,80425.0,2,1,2,5,Lost Customers,40212.5
CUST04711,289,5,109993.2,2,3,2,7,Others,21998.64
CUST04712,277,3,110977.0,2,1,2,5,Lost Customers,36992.333333333336
CUST04713,33,4,200746.1,5,2,3,10,Potential Loyalists,50186.525
CUST04714,42,14,552854.95,4,5,5,14,Champions,39489.639285714286
CUST04715,487,2,33644.4,1,1,1,3,Lost Customers,16822.2
CUST04716,263,3,80972.1,2,1,2,5,Lost Customers,26990.7
CUST04717,189,3,23008.300000000003,2,1,1,4,Lost Customers,7669.433333333334
CUST04718,115,8,312003.2,3,5,4,12,Loyal Customers,39000.4
CUST04719,166,2,120434.65,3,1,2,6,Others,60217.325
CUST04720,3,9,118447.79999999999,5,5,2,12,Loyal Customers,13160.866666666665
CUST04721,28,8,210854.05,5,5,4,14,Champions,26356.75625
CUST04722,467,5,170375.75000000003,1,3,3,7,At Risk,34075.15000000001
CUST04723,92,8,371213.65,4,5,5,14,Champions,46401.70625
CUST04724,333,2,21231.45,1,1,1,3,Lost Customers,10615.725
CUST04725,83,5,359609.85,4,3,5,12,Potential Loyalists,71921.97
CUST04726,284,4,127546.8,2,2,2,6,Lost Customers,31886.7
CUST04727,73,5,42414.25,4,3,1,8,Potential Loyalists,8482.85
CUST04728,700,2,17767.15,1,1,1,3,Lost Customers,8883.575
CUST04729,10,8,261711.65,5,5,4,14,Champions,32713.95625
CUST04730,768,1,51814.9,1,1,1,3,Lost Customers,51814.9
CUST04731,226,4,100750.4,2,2,2,6,Lost Customers,25187.6
CUST04732,97,8,176974.90000000002,3,5,3,11,Loyal Customers,22121.862500000003
CUST04733,62,5,132775.3,4,3,2,9,Potential Loyalists,26555.059999999998
CUST04734,191,5,92940.55,2,3,2,7,Others,18588.11
CUST04735,152,5,243214.0,3,3,4,10,Others,48642.8
CUST04736,283,3,126422.70000000001,2,1,2,5,Lost Customers,42140.9
CUST04737,255,7,291393.8,2,5,4,11,At Risk,41627.68571428571
CUST04738,327,3,367856.0,1,1,5,7,Lost Customers,122618.66666666667
CUST04739,139,6,161063.1,3,4,3,10,Loyal Customers,26843.850000000002
CUST04740,78,6,170730.85,4,4,3,11,Loyal Customers,28455.141666666666
CUST04741,139,9,245139.65000000002,3,5,4,12,Loyal Customers,27237.738888888893
CUST04742,400,5,148278.1,1,3,3,7,At Risk,29655.620000000003
CUST04743,719,1,2763.0,1,1,1,3,Lost Customers,2763.0
CUST04744,115,6,191079.45,3,4,3,10,Loyal Customers,31846.575
CUST04745,46,7,430393.9,4,5,5,14,Champions,61484.84285714286
CUST04746,1,6,609694.7,5,4,5,14,Champions,101615.78333333333
CUST04747,79,8,313391.6,4,5,4,13,Champions,39173.95
CUST04748,55,6,244290.9,4,4,4,12,Champions,40715.15
CUST04749,224,3,155482.5,2,1,3,6,Lost Customers,51827.5
CUST04750,385,3,259359.7,1,1,4,6,Lost Customers,86453.23333333334
CUST04751,103,7,187191.7,3,5,3,11,Loyal Customers,26741.67142857143
CUST04752,150,5,518629.6,3,3,5,11,Others,103725.92
CUST04753,239,6,202780.6,2,4,3,9,At Risk,33796.76666666667
CUST04754,195,4,45625.0,2,2,1,5,Lost Customers,11406.25
CUST04755,2,6,311156.05,5,4,4,13,Champions,51859.34166666667
CUST04756,266,5,160216.8,2,3,3,8,At Risk,32043.359999999997
CUST04758,189,7,485203.75,2,5,5,12,At Risk,69314.82142857143
CUST04759,84,3,55721.9,4,1,1,6,Others,18573.966666666667
CUST04760,174,8,398358.65,2,5,5,12,At Risk,49794.83125
CUST04761,194,12,586379.4,2,5,5,12,At Risk,48864.950000000004
CUST04762,225,5,253163.85,2,3,4,9,At Risk,50632.770000000004
CUST04763,479,6,386855.85000000003,1,4,5,10,At Risk,64475.975000000006
CUST04764,193,2,41552.0,2,1,1,4,Lost Customers,20776.0
CUST04765,4,7,102156.9,5,5,2,12,Loyal Customers,14593.842857142856
CUST04766,259,2,3021.95,2,1,1,4,Lost Customers,1510.975
CUST04767,50,9,541600.15,4,5,5,14,Champions,60177.794444444444
CUST04768,112,7,345257.2,3,5,5,13,Loyal Customers,49322.45714285714
CUST04769,37,4,151400.0,5,2,3,10,Potential Loyalists,37850.0
CUST04770,103,8,704809.55,3,5,5,13,Loyal Customers,88101.19375
CUST04771,2,4,386950.19999999995,5,2,5,12,Potential Loyalists,96737.54999999999
CUST04772,82,4,39652.25,4,2,1,7,Potential Loyalists,9913.0625
CUST04773,370,6,340837.85,1,4,5,10,At Risk,56806.30833333333
CUST04774,86,12,334355.4,4,5,5,14,Champions,27862.95
CUST04775,346,6,179545.95,1,4,3,8,At Risk,29924.325
CUST04776,321,2,99284.4,1,1,2,4,Lost Customers,49642.2
CUST04777,423,4,137371.2,1,2,2,5,Lost Customers,34342.8
CUST04778,66,5,351427.8,4,3,5,12,Potential Loyalists,70285.56
CUST04779,378,5,190095.8,1,3,3,7,At Risk,38019.159999999996
CUST04780,107,2,59134.6,3,1,1,5,Others,29567.3
CUST04781,388,4,115900.55,1,2,2,5,Lost Customers,28975.1375
CUST04782,116,5,221606.1,3,3,4,10,Others,44321.22
CUST04783,226,4,99137.0,2,2,2,6,Lost Customers,24784.25
CUST04784,124,3,38355.0,3,1,1,5,Others,12785.0
CUST04785,7,5,167488.5,5,3,3,11,Potential Loyalists,33497.7
CUST04786,230,5,278161.2,2,3,4,9,At Risk,55632.240000000005
CUST04787,118,7,88117.1,3,5,2,10,Loyal Customers,12588.157142857144
CUST04788,56,6,196402.05,4,4,3,11,Loyal Customers,32733.675
CUST04789,242,2,11235.0,2,1,1,4,Lost Customers,5617.5
CUST04790,37,5,347318.5,5,3,5,13,Potential Loyalists,69463.7
CUST04791,6,6,196162.45,5,4,3,12,Loyal Customers,32693.74166666667
CUST04792,453,1,85652.1,1,1,2,4,Lost Customers,85652.1
CUST04793,331,7,556867.2,1,5,5,11,At Risk,79552.45714285714
CUST04794,27,7,313999.25,5,5,4,14,Champions,44857.03571428572
CUST04795,508,2,111996.9,1,1,2,4,Lost Customers,55998.45
CUST04796,110,8,397140.6,3,5,5,13,Loyal Customers,49642.575
CUST04797,11,7,587898.0,5,5,5,15,Champions,83985.42857142857
CUST04798,496,3,47371.85,1,1,1,3,Lost Customers,15790.616666666667
CUST04799,189,5,166548.8,2,3,3,8,At Risk,33309.759999999995
CUST04800,265,7,181764.7,2,5,3,10,At Risk,25966.385714285716
CUST04801,85,6,361770.3,4,4,5,13,Champions,60295.049999999996
CUST04802,391,3,179585.65,1,1,3,5,Lost Customers,59861.88333333333
CUST04803,31,5,105716.40000000001,5,3,2,10,Potential Loyalists,21143.280000000002
CUST04804,258,2,73785.55,2,1,1,4,Lost Customers,36892.775
CUST04806,498,3,173200.6,1,1,3,5,Lost Customers,57733.53333333333
CUST04807,481,3,146554.6,1,1,3,5,Lost Customers,48851.53333333333
CUST04808,53,5,80220.4,4,3,2,9,Potential Loyalists,16044.079999999998
CUST04809,231,2,111261.15000000001,2,1,2,5,Lost Customers,55630.575000000004
CUST04810,316,2,23917.1,1,1,1,3,Lost Customers,11958.55
CUST04811,121,5,431032.1,3,3,5,11,Others,86206.42
CUST04812,296,6,195187.19999999998,1,4,3,8,At Risk,32531.199999999997
CUST04813,39,7,101445.5,5,5,2,12,Loyal Customers,14492.214285714286
CUST04814,249,7,325454.4,2,5,5,12,At Risk,46493.485714285714
CUST04815,163,1,9053.25,3,1,1,5,Others,9053.25
CUST04816,109,5,488442.1,3,3,5,11,Others,97688.42
CUST04817,87,5,202126.5,4,3,3,10,Potential Loyalists,40425.3
CUST04818,196,6,398405.6,2,4,5,11,At Risk,66400.93333333333
CUST04819,229,2,80683.0,2,1,2,5,Lost Customers,40341.5
CUST04820,73,5,85303.4,4,3,2,9,Potential Loyalists,17060.68
CUST04821,88,5,223659.3,4,3,4,11,Potential Loyalists,44731.86
CUST04822,39,6,178423.8,5,4,3,12,Loyal Customers,29737.3
CUST04823,251,2,64118.4,2,1,1,4,Lost Customers,32059.2
CUST04824,31,9,265126.05,5,5,4,14,Champions,29458.449999999997
CUST04825,95,6,416087.9,3,4,5,12,Loyal Customers,69347.98333333334
CUST04826,540,1,9477.0,1,1,1,3,Lost Customers,9477.0
CUST04827,286,4,220251.25,2,2,4,8,Lost Customers,55062.8125
CUST04828,159,7,716816.6,3,5,5,13,Loyal Customers,102402.37142857142
CUST04829,164,4,376220.7,3,2,5,10,Others,94055.175
CUST04831,386,3,49311.55,1,1,1,3,Lost Customers,16437.183333333334
CUST04832,88,3,33488.0,4,1,1,6,Others,11162.666666666666
CUST04833,199,11,312342.4,2,5,4,11,At Risk,28394.763636363637
CUST04834,730,5,214315.4,1,3,4,8,At Risk,42863.08
CUST04835,390,4,81495.25,1,2,2,5,Lost Customers,20373.8125
CUST04836,209,7,307814.8,2,5,4,11,At Risk,43973.54285714286
CUST04837,57,6,123758.2,4,4,2,10,Loyal Customers,20626.366666666665
CUST04838,13,6,373025.95,5,4,5,14,Champions,62170.99166666667
CUST04839,138,9,265422.3,3,5,4,12,Loyal Customers,29491.366666666665
CUST04840,103,12,663829.1,3,5,5,13,Loyal Customers,55319.09166666667
CUST04841,666,2,7038.3,1,1,1,3,Lost Customers,3519.15
CUST04842,188,2,52397.7,2,1,1,4,Lost Customers,26198.85
CUST04844,250,5,155334.59999999998,2,3,3,8,At Risk,31066.919999999995
CUST04845,40,8,332824.75,5,5,5,15,Champions,41603.09375
CUST04846,68,4,150229.8,4,2,3,9,Potential Loyalists,37557.45
CUST04847,287,4,227638.9,2,2,4,8,Lost Customers,56909.725
CUST04848,222,5,223862.7,2,3,4,9,At Risk,44772.54
CUST04849,296,5,321550.65,1,3,5,9,At Risk,64310.130000000005
CUST04850,88,5,297999.05,4,3,4,11,Potential Loyalists,59599.81
CUST04851,270,3,137034.5,2,1,2,5,Lost Customers,45678.166666666664
CUST04852,68,8,312585.25,4,5,4,13,Champions,39073.15625
CUST04853,74,4,188094.3,4,2,3,9,Potential Loyalists,47023.575
CUST04854,128,2,107102.2,3,1,2,6,Others,53551.1
CUST04855,17,6,269158.0,5,4,4,13,Champions,44859.666666666664
CUST04856,256,6,248347.85,2,4,4,10,At Risk,41391.308333333334
CUST04857,42,3,81165.5,4,1,2,7,Others,27055.166666666668
CUST04858,75,8,314624.0,4,5,4,13,Champions,39328.0
CUST04859,204,6,101379.55,2,4,2,8,Others,16896.591666666667
CUST04860,105,7,219157.2,3,5,4,12,Loyal Customers,31308.17142857143
CUST04861,46,4,91249.4,4,2,2,8,Potential Loyalists,22812.35
CUST04862,70,8,214965.69999999998,4,5,4,13,Champions,26870.712499999998
CUST04863,271,4,166807.6,2,2,3,7,Lost Customers,41701.9
CUST04864,224,6,248498.2,2,4,4,10,At Risk,41416.36666666667
CUST04865,262,5,165134.5,2,3,3,8,At Risk,33026.9
CUST04866,78,8,310072.4,4,5,4,13,Champions,38759.05
CUST04867,117,3,29495.5,3,1,1,5,Others,9831.833333333334
CUST04868,100,12,289444.45,3,5,4,12,Loyal Customers,24120.370833333334
CUST04869,23,7,292547.6,5,5,4,14,Champions,41792.514285714286
CUST04870,721,2,49910.5,1,1,1,3,Lost Customers,24955.25
CUST04871,32,4,61420.25,5,2,1,8,Potential Loyalists,15355.0625
CUST04872,121,4,176000.25,3,2,3,8,Others,44000.0625
CUST04873,17,4,238601.95,5,2,4,11,Potential Loyalists,59650.4875
CUST04874,24,4,148973.05,5,2,3,10,Potential Loyalists,37243.2625
CUST04875,344,2,10183.8,1,1,1,3,Lost Customers,5091.9
CUST04876,175,2,88879.2,2,1,2,5,Lost Customers,44439.6
CUST04877,134,7,504798.4,3,5,5,13,Loyal Customers,72114.05714285714
CUST04878,397,3,194998.25,1,1,3,5,Lost Customers,64999.416666666664
CUST04879,301,5,100634.0,1,3,2,6,Others,20126.8
CUST04880,18,6,181119.2,5,4,3,12,Loyal Customers,30186.533333333336
CUST04881,238,4,109406.15,2,2,2,6,Lost Customers,27351.5375
CUST04882,376,8,401108.85000000003,1,5,5,11,At Risk,50138.606250000004
CUST04883,73,8,240908.6,4,5,4,13,Champions,30113.575
CUST04884,9,6,406903.5,5,4,5,14,Champions,67817.25
CUST04885,488,2,192455.6,1,1,3,5,Lost Customers,96227.8
CUST04886,125,5,572253.5499999999,3,3,5,11,Others,114450.70999999999
CUST04887,90,7,386491.1,4,5,5,14,Champions,55213.014285714286
CUST04888,398,5,418308.7,1,3,5,9,At Risk,83661.74
CUST04889,204,4,334157.25,2,2,5,9,Lost Customers,83539.3125
CUST04890,333,4,164845.8,1,2,3,6,Lost Customers,41211.45
CUST04891,130,11,650980.45,3,5,5,13,Loyal Customers,59180.0409090909
CUST04892,162,3,124786.84999999999,3,1,2,6,Others,41595.61666666666
CUST04893,13,2,156842.25,5,1,3,9,Others,78421.125
CUST04894,122,5,262371.0,3,3,4,10,Others,52474.2
CUST04895,222,8,322579.6,2,5,5,12,At Risk,40322.45
CUST04896,128,4,62787.6,3,2,1,6,Others,15696.9
CUST04897,308,3,91195.2,1,1,2,4,Lost Customers,30398.399999999998
CUST04898,31,8,277146.85,5,5,4,14,Champions,34643.35625
CUST04899,14,5,75120.75,5,3,1,9,Potential Loyalists,15024.15
CUST04900,225,4,277273.9,2,2,4,8,Lost Customers,69318.475
CUST04901,118,4,93829.2,3,2,2,7,Others,23457.3
CUST04902,32,6,182230.7,5,4,3,12,Loyal Customers,30371.783333333336
CUST04903,36,6,372931.05,5,4,5,14,Champions,62155.174999999996
CUST04904,196,5,75534.5,2,3,1,6,Others,15106.9
CUST04905,220,5,143083.85,2,3,3,8,At Risk,28616.77
CUST04906,98,8,331830.5,3,5,5,13,Loyal Customers,41478.8125
CUST04907,331,4,37702.45,1,2,1,4,Lost Customers,9425.6125
CUST04908,102,7,682372.1000000001,3,5,5,13,Loyal Customers,97481.72857142858
CUST04909,267,2,23207.1,2,1,1,4,Lost Customers,11603.55
CUST04910,19,5,169754.05,5,3,3,11,Potential Loyalists,33950.81
CUST04911,1,4,61127.7,5,2,1,8,Potential Loyalists,15281.925
CUST04912,499,1,131741.25,1,1,2,4,Lost Customers,131741.25
CUST04913,189,11,320254.25,2,5,5,12,At Risk,29114.022727272728
CUST04914,114,4,76802.55,3,2,2,7,Others,19200.6375
CUST04915,7,6,92957.9,5,4,2,11,Loyal Customers,15492.983333333332
CUST04916,188,3,245679.1,2,1,4,7,Lost Customers,81893.03333333334
CUST04917,79,8,550157.2,4,5,5,14,Champions,68769.65
CUST04918,473,3,154862.4,1,1,3,5,Lost Customers,51620.799999999996
CUST04920,27,6,333377.15,5,4,5,14,Champions,55562.85833333334
CUST04921,59,4,225272.9,4,2,4,10,Potential Loyalists,56318.225
CUST04922,1,3,64202.0,5,1,1,7,Others,21400.666666666668
CUST04923,113,3,22833.7,3,1,1,5,Others,7611.233333333334
CUST04924,6,9,587797.4,5,5,5,15,Champions,65310.822222222225
CUST04925,219,3,539369.2,2,1,5,8,Lost Customers,179789.7333333333
CUST04926,30,11,399899.75,5,5,5,15,Champions,36354.52272727273
CUST04927,428,1,53664.55,1,1,1,3,Lost Customers,53664.55
CUST04928,131,6,437179.75,3,4,5,12,Loyal Customers,72863.29166666667
CUST04929,88,7,224250.0,4,5,4,13,Champions,32035.714285714286
CUST04930,44,10,427586.4,4,5,5,14,Champions,42758.64
CUST04931,31,3,176138.05,5,1,3,9,Others,58712.68333333333
CUST04932,164,5,32464.899999999998,3,3,1,7,Others,6492.98
CUST04933,67,8,456427.5,4,5,5,14,Champions,57053.4375
CUST04934,414,2,79367.75,1,1,2,4,Lost Customers,39683.875
CUST04935,122,7,402464.85,3,5,5,13,Loyal Customers,57494.97857142857
CUST04936,319,3,75890.40000000001,1,1,2,4,Lost Customers,25296.800000000003
CUST04937,269,11,303589.85,2,5,4,11,At Risk,27599.07727272727
CUST04938,46,5,195333.5,4,3,3,10,Potential Loyalists,39066.7
CUST04939,59,4,125486.65,4,2,2,8,Potential Loyalists,31371.6625
CUST04940,34,4,140700.75,5,2,3,10,Potential Loyalists,35175.1875
CUST04941,64,3,38981.6,4,1,1,6,Others,12993.866666666667
CUST04942,69,5,160913.05000000002,4,3,3,10,Potential Loyalists,32182.610000000004
CUST04943,131,7,103522.8,3,5,2,10,Loyal Customers,14788.971428571429
CUST04944,389,5,117073.7,1,3,2,6,Others,23414.739999999998
CUST04945,148,5,332960.55,3,3,5,11,Others,66592.11
CUST04946,142,5,140207.25,3,3,3,9,Others,28041.45
CUST04947,159,4,216169.2,3,2,4,9,Others,54042.3
CUST04948,63,4,123344.0,4,2,2,8,Potential Loyalists,30836.0
CUST04949,67,8,526008.9,4,5,5,14,Champions,65751.1125
CUST04950,82,5,212949.2,4,3,4,11,Potential Loyalists,42589.840000000004
CUST04951,38,7,388441.3,5,5,5,15,Champions,55491.614285714284
CUST04952,81,7,310861.1,4,5,4,13,Champions,44408.72857142857
CUST04953,742,3,234947.7,1,1,4,6,Lost Customers,78315.90000000001
CUST04954,429,4,107842.45,1,2,2,5,Lost Customers,26960.6125
CUST04955,58,7,219200.65000000002,4,5,4,13,Champions,31314.378571428573
CUST04956,192,6,222404.34999999998,2,4,4,10,At Risk,37067.39166666666
CUST04957,454,4,324115.45,1,2,5,8,Lost Customers,81028.8625
CUST04958,449,4,55962.8,1,2,1,4,Lost Customers,13990.7
CUST04959,23,2,5485.9,5,1,1,7,Others,2742.95
CUST04960,44,4,74889.75,4,2,1,7,Potential Loyalists,18722.4375
CUST04961,37,3,62724.75,5,1,1,7,Others,20908.25
CUST04962,70,3,29502.1,4,1,1,6,Others,9834.033333333333
CUST04963,80,6,255655.5,4,4,4,12,Champions,42609.25
CUST04964,200,8,230182.65,2,5,4,11,At Risk,28772.83125
CUST04965,9,2,34680.85,5,1,1,7,Others,17340.425
CUST04966,115,6,374998.75,3,4,5,12,Loyal Customers,62499.791666666664
CUST04967,505,3,121104.94999999998,1,1,2,4,Lost Customers,40368.31666666666
CUST04968,55,4,192734.30000000002,4,2,3,9,Potential Loyalists,48183.575000000004
CUST04969,103,4,75857.6,3,2,2,7,Others,18964.4
CUST04970,69,5,369708.9,4,3,5,12,Potential Loyalists,73941.78
CUST04971,739,2,83294.0,1,1,2,4,Lost Customers,41647.0
CUST04972,126,6,100366.9,3,4,2,9,Loyal Customers,16727.816666666666
CUST04973,191,3,44750.5,2,1,1,4,Lost Customers,14916.833333333334
CUST04974,99,4,112691.15000000001,3,2,2,7,Others,28172.787500000002
CUST04975,94,5,44899.65,4,3,1,8,Potential Loyalists,8979.93
CUST04976,186,8,340897.9,2,5,5,12,At Risk,42612.2375
CUST04977,251,9,232740.94999999998,2,5,4,11,At Risk,25860.105555555554
CUST04978,14,3,27060.05,5,1,1,7,Others,9020.016666666666
CUST04979,189,2,178513.4,2,1,3,6,Lost Customers,89256.7
CUST04980,46,4,171577.05,4,2,3,9,Potential Loyalists,42894.2625
CUST04981,373,2,87975.75,1,1,2,4,Lost Customers,43987.875
CUST04982,41,4,196000.44999999998,5,2,3,10,Potential Loyalists,49000.112499999996
CUST04983,17,6,170094.0,5,4,3,12,Loyal Customers,28349.0
CUST04984,245,4,247539.4,2,2,4,8,Lost Customers,61884.85
CUST04985,468,2,101628.9,1,1,2,4,Lost Customers,50814.45
CUST04986,45,7,364844.65,4,5,5,14,Champions,52120.66428571429
CUST04987,94,3,73679.2,4,1,1,6,Others,24559.733333333334
CUST04988,112,9,273397.3,3,5,4,12,Loyal Customers,30377.477777777778
CUST04989,6,5,287161.6,5,3,4,12,Potential Loyalists,57432.31999999999
CUST04990,4,5,210921.5,5,3,4,12,Potential Loyalists,42184.3
CUST04991,49,2,75407.1,4,1,1,6,Others,37703.55
CUST04992,41,6,213261.9,5,4,4,13,Champions,35543.65
CUST04993,582,2,49640.45,1,1,1,3,Lost Customers,24820.225
CUST04994,422,6,212136.3,1,4,4,9,At Risk,35356.049999999996
CUST04995,126,3,74664.6,3,1,1,5,Others,24888.2
CUST04996,24,5,143866.0,5,3,3,11,Potential Loyalists,28773.2
CUST04997,144,4,8806.349999999999,3,2,1,6,Others,2201.5874999999996
CUST04998,119,3,269371.8,3,1,4,8,Others,89790.59999999999
CUST04999,76,4,135263.0,4,2,2,8,Potential Loyalists,33815.75
CUST05000,24,4,119337.20000000001,5,2,2,9,Potential Loyalists,29834.300000000003
CUST05001,570,4,476163.1,1,2,5,8,Lost Customers,119040.775
CUST05002,101,8,340139.45,3,5,5,13,Loyal Customers,42517.43125
CUST05003,61,10,230899.9,4,5,4,13,Champions,23089.989999999998
CUST05004,33,6,481952.64999999997,5,4,5,14,Champions,80325.44166666667
CUST05005,165,5,27009.4,3,3,1,7,Others,5401.88
CUST05006,183,5,51440.35,2,3,1,6,Others,10288.07
CUST05007,103,4,125977.9,3,2,2,7,Others,31494.475
CUST05008,123,5,125679.79999999999,3,3,2,8,Others,25135.96
CUST05009,40,5,167102.45,5,3,3,11,Potential Loyalists,33420.490000000005
CUST05010,233,2,31770.050000000003,2,1,1,4,Lost Customers,15885.025000000001
CUST05011,1,5,350004.25,5,3,5,13,Potential Loyalists,70000.85
CUST05012,828,1,1159.2,1,1,1,3,Lost Customers,1159.2
CUST05013,39,2,63516.3,5,1,1,7,Others,31758.15
CUST05014,197,5,194062.45,2,3,3,8,At Risk,38812.490000000005
CUST05015,29,5,83149.35,5,3,2,10,Potential Loyalists,16629.870000000003
CUST05016,83,4,51112.9,4,2,1,7,Potential Loyalists,12778.225
CUST05017,279,8,221828.5,2,5,4,11,At Risk,27728.5625
CUST05018,583,2,130504.5,1,1,2,4,Lost Customers,65252.25
CUST05019,32,6,372846.5,5,4,5,14,Champions,62141.083333333336
CUST05020,74,8,204384.35,4,5,3,12,Loyal Customers,25548.04375
CUST05021,233,4,116336.0,2,2,2,6,Lost Customers,29084.0
CUST05022,72,3,12088.75,4,1,1,6,Others,4029.5833333333335
CUST05023,72,10,459882.45,4,5,5,14,Champions,45988.245
CUST05024,78,7,335844.95,4,5,5,14,Champions,47977.85
CUST05025,65,5,256109.6,4,3,4,11,Potential Loyalists,51221.92
CUST05026,231,7,413433.65,2,5,5,12,At Risk,59061.950000000004
CUST05027,2,3,18421.2,5,1,1,7,Others,6140.400000000001
CUST05028,132,7,241597.65,3,5,4,12,Loyal Customers,34513.95
CUST05029,207,7,217857.2,2,5,4,11,At Risk,31122.457142857143
CUST05030,110,8,120195.7,3,5,2,10,Loyal Customers,15024.4625
CUST05031,54,7,112464.95,4,5,2,11,Loyal Customers,16066.421428571428
CUST05032,6,2,283270.4,5,1,4,10,Others,141635.2
CUST05033,302,7,365922.39999999997,1,5,5,11,At Risk,52274.62857142857
CUST05034,83,4,29357.35,4,2,1,7,Potential Loyalists,7339.3375
CUST05035,155,6,55975.6,3,4,1,8,Loyal Customers,9329.266666666666
CUST05036,425,4,60792.899999999994,1,2,1,4,Lost Customers,15198.224999999999
CUST05037,367,3,295773.9,1,1,4,6,Lost Customers,98591.3
CUST05038,267,8,452649.25,2,5,5,12,At Risk,56581.15625
CUST05039,39,7,319472.1,5,5,5,15,Champions,45638.87142857142
CUST05040,241,7,80929.6,2,5,2,9,Others,11561.371428571429
CUST05041,164,5,209053.35,3,3,3,9,Others,41810.67
CUST05042,39,8,276900.65,5,5,4,14,Champions,34612.58125
CUST05043,97,4,160866.3,3,2,3,8,Others,40216.575
CUST05044,248,4,369256.6,2,2,5,9,Lost Customers,92314.15
CUST05045,187,5,247238.05,2,3,4,9,At Risk,49447.61
CUST05046,330,13,335612.7,1,5,5,11,At Risk,25816.36153846154
CUST05047,10,1,976.6,5,1,1,7,Others,976.6
CUST05048,46,7,130434.5,4,5,2,11,Loyal Customers,18633.5
CUST05049,218,5,266379.0,2,3,4,9,At Risk,53275.8
CUST05050,167,6,163301.55,3,4,3,10,Loyal Customers,27216.925
CUST05051,72,4,279126.05,4,2,4,10,Potential Loyalists,69781.5125
CUST05052,7,5,236336.7,5,3,4,12,Potential Loyalists,47267.340000000004
CUST05053,38,1,543.0,5,1,1,7,Others,543.0
CUST05054,168,8,141536.05,3,5,3,11,Loyal Customers,17692.00625
CUST05055,252,5,219822.5,2,3,4,9,At Risk,43964.5
CUST05056,100,6,236775.55,3,4,4,11,Loyal Customers,39462.59166666667
CUST05057,23,5,311739.15,5,3,4,12,Potential Loyalists,62347.83
CUST05058,258,8,244389.85,2,5,4,11,At Risk,30548.73125
CUST05059,83,2,37823.85,4,1,1,6,Others,18911.925
CUST05060,45,6,658091.85,4,4,5,13,Champions,109681.97499999999
CUST05061,651,1,2556.8,1,1,1,3,Lost Customers,2556.8
CUST05062,3,9,251090.44999999998,5,5,4,14,Champions,27898.938888888886
CUST05063,173,6,625748.5,2,4,5,11,At Risk,104291.41666666667
CUST05064,65,4,57496.6,4,2,1,7,Potential Loyalists,14374.15
CUST05065,421,6,159530.15,1,4,3,8,At Risk,26588.358333333334
CUST05066,474,3,368889.3,1,1,5,7,Lost Customers,122963.09999999999
CUST05067,194,4,136856.65,2,2,2,6,Lost Customers,34214.1625
CUST05068,472,4,120344.05,1,2,2,5,Lost Customers,30086.0125
CUST05069,11,5,286550.0,5,3,4,12,Potential Loyalists,57310.0
CUST05070,331,3,66036.95,1,1,1,3,Lost Customers,22012.316666666666
CUST05071,287,1,3797.1,2,1,1,4,Lost Customers,3797.1
CUST05072,89,8,459921.05,4,5,5,14,Champions,57490.13125
CUST05073,336,4,295322.9,1,2,4,7,Lost Customers,73830.725
CUST05074,171,3,90005.84999999999,2,1,2,5,Lost Customers,30001.949999999997
CUST05075,123,4,419460.8,3,2,5,10,Others,104865.2
CUST05076,581,3,149231.8,1,1,3,5,Lost Customers,49743.93333333333
CUST05077,122,6,193360.75,3,4,3,10,Loyal Customers,32226.791666666668
CUST05078,423,2,7580.0,1,1,1,3,Lost Customers,3790.0
CUST05079,140,4,100221.25,3,2,2,7,Others,25055.3125
CUST05080,109,4,81253.35,3,2,2,7,Others,20313.3375
CUST05081,176,6,188556.25,2,4,3,9,At Risk,31426.041666666668
CUST05082,205,3,231099.3,2,1,4,7,Lost Customers,77033.09999999999
CUST05083,52,6,108454.5,4,4,2,10,Loyal Customers,18075.75
CUST05084,96,4,209585.55,3,2,3,8,Others,52396.3875
CUST05085,108,7,305223.3,3,5,4,12,Loyal Customers,43603.32857142857
CUST05086,104,6,187600.15,3,4,3,10,Loyal Customers,31266.691666666666
CUST05087,485,4,283570.1,1,2,4,7,Lost Customers,70892.525
CUST05088,45,7,202954.90000000002,4,5,3,12,Loyal Customers,28993.557142857146
CUST05089,70,6,177134.65,4,4,3,11,Loyal Customers,29522.441666666666
CUST05090,211,4,284458.1,2,2,4,8,Lost Customers,71114.525
CUST05091,424,4,249541.1,1,2,4,7,Lost Customers,62385.275
CUST05092,173,4,142334.7,2,2,3,7,Lost Customers,35583.675
CUST05093,10,7,230067.0,5,5,4,14,Champions,32866.71428571428
CUST05094,136,4,239306.25,3,2,4,9,Others,59826.5625
CUST05095,91,3,386025.1,4,1,5,10,Others,128675.03333333333
CUST05096,470,2,56490.6,1,1,1,3,Lost Customers,28245.3
CUST05097,212,3,102899.44999999998,2,1,2,5,Lost Customers,34299.81666666666
CUST05098,177,6,258765.6,2,4,4,10,At Risk,43127.6
CUST05099,496,2,74898.0,1,1,1,3,Lost Customers,37449.0
CUST05100,110,6,242657.25,3,4,4,11,Loyal Customers,40442.875
CUST05101,86,4,105523.1,4,2,2,8,Potential Loyalists,26380.775
CUST05102,862,1,141372.8,1,1,3,5,Lost Customers,141372.8
CUST05103,232,3,183780.35,2,1,3,6,Lost Customers,61260.11666666667
CUST05104,31,6,245197.8,5,4,4,13,Champions,40866.299999999996
CUST05105,237,3,190053.75,2,1,3,6,Lost Customers,63351.25
CUST05106,53,3,85008.4,4,1,2,7,Others,28336.13333333333
CUST05107,10,6,267663.1,5,4,4,13,Champions,44610.51666666666
CUST05108,37,4,158012.8,5,2,3,10,Potential Loyalists,39503.2
CUST05109,336,4,337024.7,1,2,5,8,Lost Customers,84256.175
CUST05110,423,7,373087.39999999997,1,5,5,11,At Risk,53298.2
CUST05111,263,3,207626.09999999998,2,1,3,6,Lost Customers,69208.7
CUST05112,147,11,355110.89999999997,3,5,5,13,Loyal Customers,32282.809090909086
CUST05113,235,3,9623.6,2,1,1,4,Lost Customers,3207.866666666667
CUST05114,396,7,522337.8,1,5,5,11,At Risk,74619.68571428572
CUST05115,195,3,63125.95,2,1,1,4,Lost Customers,21041.983333333334
CUST05116,114,8,215327.95,3,5,4,12,Loyal Customers,26915.99375
CUST05117,423,2,37103.3,1,1,1,3,Lost Customers,18551.65
CUST05118,165,5,378641.4,3,3,5,11,Others,75728.28
CUST05119,233,2,4607.0,2,1,1,4,Lost Customers,2303.5
CUST05120,16,7,621956.8,5,5,5,15,Champions,88850.97142857143
CUST05121,35,3,174006.4,5,1,3,9,Others,58002.13333333333
CUST05122,94,4,54216.3,4,2,1,7,Potential Loyalists,13554.075
CUST05123,272,1,36978.3,2,1,1,4,Lost Customers,36978.3
CUST05124,206,6,145249.55000000002,2,4,3,9,At Risk,24208.258333333335
CUST05125,304,4,221504.85,1,2,4,7,Lost Customers,55376.2125
CUST05126,96,6,223056.2,3,4,4,11,Loyal Customers,37176.03333333333
CUST05127,64,4,228630.65000000002,4,2,4,10,Potential Loyalists,57157.662500000006
CUST05128,281,6,130619.8,2,4,2,8,Others,21769.966666666667
CUST05129,114,6,114272.65000000001,3,4,2,9,Loyal Customers,19045.44166666667
CUST05130,782,2,28210.5,1,1,1,3,Lost Customers,14105.25
CUST05131,90,4,227297.95,4,2,4,10,Potential Loyalists,56824.4875
CUST05132,40,3,157351.55,5,1,3,9,Others,52450.51666666666
CUST05133,26,9,273209.5,5,5,4,14,Champions,30356.61111111111
CUST05134,145,4,41772.0,3,2,1,6,Others,10443.0
CUST05135,561,4,62702.0,1,2,1,4,Lost Customers,15675.5
CUST05136,51,6,94887.55,4,4,2,10,Loyal Customers,15814.591666666667
CUST05137,34,16,1224822.2,5,5,5,15,Champions,76551.3875
CUST05138,149,5,239328.25,3,3,4,10,Others,47865.65
CUST05139,671,1,3647.7,1,1,1,3,Lost Customers,3647.7
CUST05140,20,6,252251.8,5,4,4,13,Champions,42041.96666666667
CUST05141,573,1,2795.2,1,1,1,3,Lost Customers,2795.2
CUST05142,154,7,155969.4,3,5,3,11,Loyal Customers,22281.342857142856
CUST05143,558,2,50071.75,1,1,1,3,Lost Customers,25035.875
CUST05144,8,4,88498.0,5,2,2,9,Potential Loyalists,22124.5
CUST05145,199,4,82280.6,2,2,2,6,Lost Customers,20570.15
CUST05146,54,4,268733.10000000003,4,2,4,10,Potential Loyalists,67183.27500000001
CUST05147,378,5,321005.15,1,3,5,9,At Risk,64201.030000000006
CUST05148,199,4,194652.50000000003,2,2,3,7,Lost Customers,48663.12500000001
CUST05149,73,7,308145.95,4,5,4,13,Champions,44020.85
CUST05150,173,4,47641.100000000006,2,2,1,5,Lost Customers,11910.275000000001
CUST05151,360,3,111960.6,1,1,2,4,Lost Customers,37320.200000000004
CUST05152,86,6,105321.3,4,4,2,10,Loyal Customers,17553.55
CUST05153,247,4,102006.45,2,2,2,6,Lost Customers,25501.6125
CUST05154,46,5,214031.4,4,3,4,11,Potential Loyalists,42806.28
CUST05155,609,3,241784.0,1,1,4,6,Lost Customers,80594.66666666667
CUST05156,248,6,160320.8,2,4,3,9,At Risk,26720.13333333333
CUST05157,315,4,292011.6,1,2,4,7,Lost Customers,73002.9
CUST05158,123,12,624074.85,3,5,5,13,Loyal Customers,52006.237499999996
CUST05159,205,4,471614.04999999993,2,2,5,9,Lost Customers,117903.51249999998
CUST05160,133,7,208657.25,3,5,3,11,Loyal Customers,29808.178571428572
CUST05161,283,3,202489.35,2,1,3,6,Lost Customers,67496.45
CUST05162,135,3,40686.45,3,1,1,5,Others,13562.15
CUST05163,20,5,75266.25,5,3,1,9,Potential Loyalists,15053.25
CUST05164,42,6,212760.6,4,4,4,12,Champions,35460.1
CUST05165,24,5,123595.4,5,3,2,10,Potential Loyalists,24719.079999999998
CUST05166,549,6,138281.05,1,4,3,8,At Risk,23046.841666666664
CUST05167,179,1,89157.0,2,1,2,5,Lost Customers,89157.0
CUST05168,208,7,144943.8,2,5,3,10,At Risk,20706.257142857143
CUST05169,52,4,111467.25,4,2,2,8,Potential Loyalists,27866.8125
CUST05170,174,3,57913.45,2,1,1,4,Lost Customers,19304.483333333334
CUST05171,4,4,172297.2,5,2,3,10,Potential Loyalists,43074.3
CUST05172,50,7,195780.6,4,5,3,12,Loyal Customers,27968.657142857144
CUST05173,19,7,366276.65,5,5,5,15,Champions,52325.235714285714
CUST05174,376,2,6207.2,1,1,1,3,Lost Customers,3103.6
CUST05175,269,3,19123.25,2,1,1,4,Lost Customers,6374.416666666667
CUST05176,401,4,33593.7,1,2,1,4,Lost Customers,8398.425
CUST05177,189,3,241523.75,2,1,4,7,Lost Customers,80507.91666666667
CUST05178,182,5,134448.0,2,3,2,7,Others,26889.6
CUST05179,881,1,14180.55,1,1,1,3,Lost Customers,14180.55
CUST05180,8,5,57397.799999999996,5,3,1,9,Potential Loyalists,11479.56
CUST05181,19,5,153214.3,5,3,3,11,Potential Loyalists,30642.859999999997
CUST05182,409,2,26012.0,1,1,1,3,Lost Customers,13006.0
CUST05183,212,6,106845.95000000001,2,4,2,8,Others,17807.658333333336
CUST05184,536,2,16242.8,1,1,1,3,Lost Customers,8121.4
CUST05185,133,5,144599.35,3,3,3,9,Others,28919.870000000003
CUST05186,18,10,217698.2,5,5,4,14,Champions,21769.82
CUST05187,231,6,402618.69999999995,2,4,5,11,At Risk,67103.11666666665
CUST05188,660,2,35642.55,1,1,1,3,Lost Customers,17821.275
CUST05189,116,2,5535.45,3,1,1,5,Others,2767.725
CUST05190,89,7,121180.4,4,5,2,11,Loyal Customers,17311.485714285714
CUST05191,149,4,123181.65000000001,3,2,2,7,Others,30795.412500000002
CUST05192,52,4,400017.5,4,2,5,11,Potential Loyalists,100004.375
CUST05193,29,6,172060.6,5,4,3,12,Loyal Customers,28676.766666666666
CUST05194,852,1,809.1,1,1,1,3,Lost Customers,809.1
CUST05195,675,4,132670.7,1,2,2,5,Lost Customers,33167.675
CUST05196,218,5,300747.35,2,3,4,9,At Risk,60149.469999999994
CUST05197,763,1,9056.8,1,1,1,3,Lost Customers,9056.8
CUST05198,46,7,182999.0,4,5,3,12,Loyal Customers,26142.714285714286
CUST05199,113,7,117969.40000000001,3,5,2,10,Loyal Customers,16852.77142857143
CUST05200,45,10,255312.55,4,5,4,13,Champions,25531.254999999997
CUST05201,106,8,349926.1,3,5,5,13,Loyal Customers,43740.7625
CUST05202,25,5,111624.15,5,3,2,10,Potential Loyalists,22324.829999999998
CUST05203,21,5,122683.8,5,3,2,10,Potential Loyalists,24536.760000000002
CUST05204,8,5,207495.4,5,3,3,11,Potential Loyalists,41499.08
CUST05205,148,4,392692.15,3,2,5,10,Others,98173.0375
CUST05206,492,3,111683.9,1,1,2,4,Lost Customers,37227.96666666667
CUST05207,264,5,291476.8,2,3,4,9,At Risk,58295.36
CUST05208,360,3,217725.2,1,1,4,6,Lost Customers,72575.06666666667
CUST05209,47,10,375033.15,4,5,5,14,Champions,37503.315
CUST05210,384,3,187491.65,1,1,3,5,Lost Customers,62497.21666666667
CUST05211,316,1,87339.0,1,1,2,4,Lost Customers,87339.0
CUST05212,178,6,390469.65,2,4,5,11,At Risk,65078.275
CUST05213,97,7,719147.7,3,5,5,13,Loyal Customers,102735.3857142857
CUST05214,186,6,411293.7,2,4,5,11,At Risk,68548.95
CUST05215,239,3,293587.1,2,1,4,7,Lost Customers,97862.36666666665
CUST05216,7,4,81132.25,5,2,2,9,Potential Loyalists,20283.0625
CUST05217,288,4,60398.2,2,2,1,5,Lost Customers,15099.55
CUST05218,372,6,192453.8,1,4,3,8,At Risk,32075.63333333333
CUST05219,42,6,95574.1,4,4,2,10,Loyal Customers,15929.016666666668
CUST05220,17,6,203992.8,5,4,3,12,Loyal Customers,33998.799999999996
CUST05221,106,4,168581.44999999998,3,2,3,8,Others,42145.362499999996
CUST05222,62,10,546519.6,4,5,5,14,Champions,54651.96
CUST05223,284,3,156355.05,2,1,3,6,Lost Customers,52118.35
CUST05224,160,3,101866.75000000001,3,1,2,6,Others,33955.583333333336
CUST05225,512,5,244555.45,1,3,4,8,At Risk,48911.090000000004
CUST05226,434,5,148581.5,1,3,3,7,At Risk,29716.3
CUST05227,326,3,94484.95,1,1,2,4,Lost Customers,31494.983333333334
CUST05228,886,2,51146.95,1,1,1,3,Lost Customers,25573.475
CUST05229,91,4,58230.3,4,2,1,7,Potential Loyalists,14557.575
CUST05230,385,2,11021.2,1,1,1,3,Lost Customers,5510.6
CUST05231,30,6,47887.200000000004,5,4,1,10,Loyal Customers,7981.200000000001
CUST05232,149,5,42802.1,3,3,1,7,Others,8560.42
CUST05233,115,5,266213.9,3,3,4,10,Others,53242.780000000006
CUST05234,110,4,295904.0,3,2,4,9,Others,73976.0
CUST05235,185,7,517837.65,2,5,5,12,At Risk,73976.80714285714
CUST05236,5,4,56167.4,5,2,1,8,Potential Loyalists,14041.85
CUST05237,157,9,235284.69999999998,3,5,4,12,Loyal Customers,26142.74444444444
CUST05238,255,5,138092.25,2,3,3,8,At Risk,27618.45
CUST05239,81,2,16135.5,4,1,1,6,Others,8067.75
CUST05240,145,4,218655.9,3,2,4,9,Others,54663.975
CUST05241,96,4,28525.65,3,2,1,6,Others,7131.4125
CUST05242,245,5,56469.3,2,3,1,6,Others,11293.86
CUST05243,8,9,209496.1,5,5,3,13,Loyal Customers,23277.344444444447
CUST05244,203,7,179746.6,2,5,3,10,At Risk,25678.085714285717
CUST05245,104,4,18198.4,3,2,1,6,Others,4549.6
CUST05246,58,8,176794.9,4,5,3,12,Loyal Customers,22099.3625
CUST05247,16,3,18026.4,5,1,1,7,Others,6008.8
CUST05249,49,3,111374.25,4,1,2,7,Others,37124.75
CUST05250,93,8,634409.1,4,5,5,14,Champions,79301.1375
CUST05251,156,3,38548.35,3,1,1,5,Others,12849.449999999999
CUST05252,5,5,113819.2,5,3,2,10,Potential Loyalists,22763.84
CUST05253,229,5,113086.4,2,3,2,7,Others,22617.28
CUST05254,66,5,95297.79999999999,4,3,2,9,Potential Loyalists,19059.559999999998
CUST05255,386,1,4683.5,1,1,1,3,Lost Customers,4683.5
CUST05256,131,5,121842.75,3,3,2,8,Others,24368.55
CUST05257,135,3,304321.35,3,1,4,8,Others,101440.45
CUST05258,638,7,264737.35,1,5,4,10,At Risk,37819.62142857142
CUST05259,246,2,40030.1,2,1,1,4,Lost Customers,20015.05
CUST05260,664,2,20166.5,1,1,1,3,Lost Customers,10083.25
CUST05261,392,2,154183.19999999998,1,1,3,5,Lost Customers,77091.59999999999
CUST05262,1,7,472089.45,5,5,5,15,Champions,67441.35
CUST05263,29,3,409739.0,5,1,5,11,Others,136579.66666666666
CUST05264,68,4,22953.100000000002,4,2,1,7,Potential Loyalists,5738.275000000001
CUST05265,109,4,60923.25,3,2,1,6,Others,15230.8125
CUST05266,158,5,280516.7,3,3,4,10,Others,56103.340000000004
CUST05267,141,8,193810.1,3,5,3,11,Loyal Customers,24226.2625
CUST05268,169,1,16840.0,3,1,1,5,Others,16840.0
CUST05269,105,3,89084.8,3,1,2,6,Others,29694.933333333334
CUST05270,61,5,73487.09999999999,4,3,1,8,Potential Loyalists,14697.419999999998
CUST05271,258,6,198670.85,2,4,3,9,At Risk,33111.808333333334
CUST05272,275,4,303052.95,2,2,4,8,Lost Customers,75763.2375
CUST05273,8,9,363817.45,5,5,5,15,Champions,40424.16111111111
CUST05274,441,2,41199.35,1,1,1,3,Lost Customers,20599.675
CUST05275,11,6,417558.30000000005,5,4,5,14,Champions,69593.05
CUST05276,151,4,155708.75,3,2,3,8,Others,38927.1875
CUST05277,13,6,179629.05,5,4,3,12,Loyal Customers,29938.175
CUST05278,141,4,119598.25,3,2,2,7,Others,29899.5625
CUST05279,386,2,61437.0,1,1,1,3,Lost Customers,30718.5
CUST05280,13,3,278938.80000000005,5,1,4,10,Others,92979.60000000002
CUST05281,265,4,183654.9,2,2,3,7,Lost Customers,45913.725
CUST05282,108,5,147377.95,3,3,3,9,Others,29475.590000000004
CUST05283,5,7,241666.8,5,5,4,14,Champions,34523.82857142857
CUST05284,8,6,77288.70000000001,5,4,2,11,Loyal Customers,12881.450000000003
CUST05285,191,3,57735.25,2,1,1,4,Lost Customers,19245.083333333332
CUST05286,648,1,1324.8,1,1,1,3,Lost Customers,1324.8
CUST05287,99,10,247076.9,3,5,4,12,Loyal Customers,24707.69
CUST05288,129,5,317979.45,3,3,4,10,Others,63595.89
CUST05289,63,2,16183.8,4,1,1,6,Others,8091.9
CUST05290,220,8,282200.14999999997,2,5,4,11,At Risk,35275.018749999996
CUST05291,208,8,673081.65,2,5,5,12,At Risk,84135.20625
CUST05292,586,4,224811.35,1,2,4,7,Lost Customers,56202.8375
CUST05293,135,4,212920.5,3,2,4,9,Others,53230.125
CUST05294,146,6,221944.7,3,4,4,11,Loyal Customers,36990.78333333333
CUST05295,21,3,158257.69999999998,5,1,3,9,Others,52752.56666666666
CUST05296,26,5,155354.94999999998,5,3,3,11,Potential Loyalists,31070.989999999998
CUST05297,399,1,75848.0,1,1,2,4,Lost Customers,75848.0
CUST05298,419,4,137611.8,1,2,2,5,Lost Customers,34402.95
CUST05299,101,2,53198.0,3,1,1,5,Others,26599.0
CUST05300,42,3,46381.2,4,1,1,6,Others,15460.4
CUST05301,199,5,130414.45000000001,2,3,2,7,Others,26082.890000000003
CUST05302,98,7,350788.2,3,5,5,13,Loyal Customers,50112.6
CUST05303,77,10,415405.7,4,5,5,14,Champions,41540.57
CUST05304,68,7,220182.6,4,5,4,13,Champions,31454.657142857144
CUST05305,9,4,181720.7,5,2,3,10,Potential Loyalists,45430.175
CUST05306,286,2,40022.7,2,1,1,4,Lost Customers,20011.35
CUST05307,9,7,172505.95,5,5,3,13,Loyal Customers,24643.707142857143
CUST05308,41,3,32524.6,5,1,1,7,Others,10841.533333333333
CUST05309,28,4,59051.5,5,2,1,8,Potential Loyalists,14762.875
CUST05310,353,3,284860.0,1,1,4,6,Lost Customers,94953.33333333333
CUST05311,169,3,41826.25,3,1,1,5,Others,13942.083333333334
CUST05312,61,11,453479.95,4,5,5,14,Champions,41225.450000000004
CUST05313,98,8,242457.85,3,5,4,12,Loyal Customers,30307.23125
CUST05314,112,3,129654.95000000001,3,1,2,6,Others,43218.31666666667
CUST05315,574,2,34694.9,1,1,1,3,Lost Customers,17347.45
CUST05316,111,5,133894.75,3,3,2,8,Others,26778.95
CUST05317,112,5,284822.25,3,3,4,10,Others,56964.45
CUST05318,5,5,68752.2,5,3,1,9,Potential Loyalists,13750.439999999999
CUST05319,270,5,111072.45,2,3,2,7,Others,22214.489999999998
CUST05320,16,8,922001.5,5,5,5,15,Champions,115250.1875
CUST05321,8,6,83651.1,5,4,2,11,Loyal Customers,13941.85
CUST05322,169,2,161203.75,3,1,3,7,Others,80601.875
CUST05323,336,2,59126.45,1,1,1,3,Lost Customers,29563.225
CUST05324,22,5,320998.05,5,3,5,13,Potential Loyalists,64199.61
CUST05325,188,4,200821.5,2,2,3,7,Lost Customers,50205.375
CUST05326,58,10,327931.65,4,5,5,14,Champions,32793.165
CUST05327,45,6,247460.8,4,4,4,12,Champions,41243.46666666667
CUST05328,21,3,142535.5,5,1,3,9,Others,47511.833333333336
CUST05329,311,5,433638.1,1,3,5,9,At Risk,86727.62
CUST05330,136,7,302702.05,3,5,4,12,Loyal Customers,43243.15
CUST05331,209,4,238116.9,2,2,4,8,Lost Customers,59529.225
CUST05332,26,5,93306.3,5,3,2,10,Potential Loyalists,18661.260000000002
CUST05333,28,6,79399.75,5,4,2,11,Loyal Customers,13233.291666666666
CUST05334,193,5,145964.6,2,3,3,8,At Risk,29192.920000000002
CUST05335,33,6,162422.4,5,4,3,12,Loyal Customers,27070.399999999998
CUST05336,111,4,222771.1,3,2,4,9,Others,55692.775
CUST05337,221,2,154011.6,2,1,3,6,Lost Customers,77005.8
CUST05338,182,5,579152.8999999999,2,3,5,10,At Risk,115830.57999999999
CUST05339,20,10,357962.75,5,5,5,15,Champions,35796.275
CUST05340,629,4,376523.4,1,2,5,8,Lost Customers,94130.85
CUST05341,51,8,160083.35,4,5,3,12,Loyal Customers,20010.41875
CUST05342,89,7,338858.7,4,5,5,14,Champions,48408.385714285716
CUST05343,421,4,86441.55,1,2,2,5,Lost Customers,21610.3875
CUST05344,11,6,169560.80000000002,5,4,3,12,Loyal Customers,28260.133333333335
CUST05345,157,10,283091.5,3,5,4,12,Loyal Customers,28309.15
CUST05346,228,8,481098.5,2,5,5,12,At Risk,60137.3125
CUST05347,3,5,100971.0,5,3,2,10,Potential Loyalists,20194.2
CUST05348,66,14,363304.7,4,5,5,14,Champions,25950.335714285717
CUST05349,299,4,360803.10000000003,1,2,5,8,Lost Customers,90200.77500000001
CUST05350,338,6,351607.65,1,4,5,10,At Risk,58601.275
CUST05351,209,6,408183.85,2,4,5,11,At Risk,68030.64166666666
CUST05352,188,5,492181.8,2,3,5,10,At Risk,98436.36
CUST05353,317,5,95511.25,1,3,2,6,Others,19102.25
CUST05354,83,5,214169.19999999998,4,3,4,11,Potential Loyalists,42833.84
CUST05355,148,10,295259.1,3,5,4,12,Loyal Customers,29525.909999999996
CUST05356,396,4,343320.5,1,2,5,8,Lost Customers,85830.125
CUST05357,213,5,254437.55,2,3,4,9,At Risk,50887.509999999995
CUST05358,20,6,148239.2,5,4,3,12,Loyal Customers,24706.533333333336
CUST05359,62,6,259506.25,4,4,4,12,Champions,43251.041666666664
CUST05360,250,4,522931.5,2,2,5,9,Lost Customers,130732.875
CUST05361,206,4,231996.75,2,2,4,8,Lost Customers,57999.1875
CUST05362,142,2,15921.0,3,1,1,5,Others,7960.5
CUST05363,42,2,9031.3,4,1,1,6,Others,4515.65
CUST05364,262,4,211053.45,2,2,4,8,Lost Customers,52763.3625
CUST05365,54,3,73020.65000000001,4,1,1,6,Others,24340.21666666667
CUST05366,162,4,200933.65,3,2,3,8,Others,50233.4125
CUST05367,259,4,90498.75,2,2,2,6,Lost Customers,22624.6875
CUST05368,12,4,12843.550000000001,5,2,1,8,Potential Loyalists,3210.8875000000003
CUST05369,74,5,90767.4,4,3,2,9,Potential Loyalists,18153.48
CUST05370,62,5,134188.9,4,3,2,9,Potential Loyalists,26837.78
CUST05371,76,4,104659.09999999999,4,2,2,8,Potential Loyalists,26164.774999999998
CUST05372,344,7,244518.65,1,5,4,10,At Risk,34931.235714285714
CUST05373,37,5,100017.05,5,3,2,10,Potential Loyalists,20003.41
CUST05374,159,3,48080.0,3,1,1,5,Others,16026.666666666666
CUST05375,22,3,88734.3,5,1,2,8,Others,29578.100000000002
CUST05376,309,7,221530.55,1,5,4,10,At Risk,31647.221428571425
CUST05377,32,6,233396.8,5,4,4,13,Champions,38899.46666666667
CUST05378,127,4,177153.2,3,2,3,8,Others,44288.3
CUST05379,219,4,14969.45,2,2,1,5,Lost Customers,3742.3625
CUST05380,136,5,312101.3,3,3,4,10,Others,62420.259999999995
CUST05381,468,2,146963.5,1,1,3,5,Lost Customers,73481.75
CUST05382,116,5,147255.3,3,3,3,9,Others,29451.059999999998
CUST05383,38,5,199968.30000000002,5,3,3,11,Potential Loyalists,39993.66
CUST05384,119,8,575345.2,3,5,5,13,Loyal Customers,71918.15
CUST05385,502,1,8938.8,1,1,1,3,Lost Customers,8938.8
CUST05386,14,8,144915.65,5,5,3,13,Loyal Customers,18114.45625
CUST05387,152,2,124083.3,3,1,2,6,Others,62041.65
CUST05388,78,4,35149.7,4,2,1,7,Potential Loyalists,8787.425
CUST05389,273,6,462737.1,2,4,5,11,At Risk,77122.84999999999
CUST05390,92,6,115002.85,4,4,2,10,Loyal Customers,19167.141666666666
CUST05391,167,4,57328.149999999994,3,2,1,6,Others,14332.037499999999
CUST05392,21,8,398917.2,5,5,5,15,Champions,49864.65
CUST05393,270,2,23428.949999999997,2,1,1,4,Lost Customers,11714.474999999999
CUST05394,344,4,102756.5,1,2,2,5,Lost Customers,25689.125
CUST05395,1,5,233110.55,5,3,4,12,Potential Loyalists,46622.11
CUST05396,89,7,87402.4,4,5,2,11,Loyal Customers,12486.057142857142
CUST05397,7,5,68849.3,5,3,1,9,Potential Loyalists,13769.86
CUST05398,270,6,107500.45,2,4,2,8,Others,17916.741666666665
CUST05399,312,3,30364.0,1,1,1,3,Lost Customers,10121.333333333334
CUST05400,170,4,362885.05,2,2,5,9,Lost Customers,90721.2625
CUST05401,396,3,94431.2,1,1,2,4,Lost Customers,31477.066666666666
CUST05402,301,5,302937.89999999997,1,3,4,8,At Risk,60587.579999999994
CUST05403,184,5,127946.29999999999,2,3,2,7,Others,25589.26
CUST05404,238,6,91896.45,2,4,2,8,Others,15316.074999999999
CUST05405,32,2,64068.25,5,1,1,7,Others,32034.125
CUST05406,60,4,269021.55,4,2,4,10,Potential Loyalists,67255.3875
CUST05407,413,7,299819.15,1,5,4,10,At Risk,42831.30714285715
CUST05408,3,8,361596.35,5,5,5,15,Champions,45199.54375
CUST05409,133,5,156923.55,3,3,3,9,Others,31384.71
CUST05410,144,5,68711.15,3,3,1,7,Others,13742.23
CUST05411,122,7,271385.0,3,5,4,12,Loyal Customers,38769.28571428572
CUST05412,64,9,313354.45,4,5,4,13,Champions,34817.16111111111
CUST05413,217,5,305030.05,2,3,4,9,At Risk,61006.009999999995
CUST05414,53,10,253645.5,4,5,4,13,Champions,25364.55
CUST05415,126,4,89129.4,3,2,2,7,Others,22282.35
CUST05416,70,8,247794.95,4,5,4,13,Champions,30974.36875
CUST05417,353,2,84981.59999999999,1,1,2,4,Lost Customers,42490.799999999996
CUST05418,356,6,111259.85,1,4,2,7,Others,18543.308333333334
CUST05419,116,7,321086.7,3,5,5,13,Loyal Customers,45869.52857142857
CUST05420,210,5,497388.00000000006,2,3,5,10,At Risk,99477.6
CUST05421,98,5,449848.2,3,3,5,11,Others,89969.64
CUST05422,441,7,323721.3,1,5,5,11,At Risk,46245.9
CUST05423,54,4,219755.65,4,2,4,10,Potential Loyalists,54938.9125
CUST05424,42,7,717559.65,4,5,5,14,Champions,102508.52142857143
CUST05425,27,6,233936.0,5,4,4,13,Champions,38989.333333333336
CUST05426,120,4,169905.3,3,2,3,8,Others,42476.325
CUST05427,718,2,2818.25,1,1,1,3,Lost Customers,1409.125
CUST05428,45,5,129698.25,4,3,2,9,Potential Loyalists,25939.65
CUST05429,56,5,262182.7,4,3,4,11,Potential Loyalists,52436.54
CUST05430,13,9,355990.19999999995,5,5,5,15,Champions,39554.46666666666
CUST05431,27,7,404830.1,5,5,5,15,Champions,57832.87142857142
CUST05432,119,2,70168.5,3,1,1,5,Others,35084.25
CUST05433,57,4,252103.05000000002,4,2,4,10,Potential Loyalists,63025.762500000004
CUST05434,382,3,90413.7,1,1,2,4,Lost Customers,30137.899999999998
CUST05435,218,3,118494.3,2,1,2,5,Lost Customers,39498.1
CUST05436,199,5,51538.8,2,3,1,6,Others,10307.76
CUST05437,19,3,159918.3,5,1,3,9,Others,53306.1
CUST05438,79,3,89231.25,4,1,2,7,Others,29743.75
CUST05439,553,3,251106.19999999998,1,1,4,6,Lost Customers,83702.06666666667
CUST05440,28,4,157203.05,5,2,3,10,Potential Loyalists,39300.7625
CUST05441,27,4,48972.65,5,2,1,8,Potential Loyalists,12243.1625
CUST05442,11,7,100217.5,5,5,2,12,Loyal Customers,14316.785714285714
CUST05443,152,10,465694.1,3,5,5,13,Loyal Customers,46569.409999999996
CUST05444,269,3,25533.100000000002,2,1,1,4,Lost Customers,8511.033333333335
CUST05445,5,5,168240.75,5,3,3,11,Potential Loyalists,33648.15
CUST05446,283,8,140517.4,2,5,3,10,At Risk,17564.675
CUST05447,57,2,52214.649999999994,4,1,1,6,Others,26107.324999999997
CUST05448,70,9,564905.05,4,5,5,14,Champions,62767.227777777785
CUST05449,78,7,134073.55,4,5,2,11,Loyal Customers,19153.364285714284
CUST05450,268,5,82146.75,2,3,2,7,Others,16429.35
CUST05451,233,7,240139.80000000002,2,5,4,11,At Risk,34305.68571428572
CUST05452,12,3,31619.5,5,1,1,7,Others,10539.833333333334
CUST05453,182,5,143707.7,2,3,3,8,At Risk,28741.54
CUST05454,175,4,65600.3,2,2,1,5,Lost Customers,16400.075
CUST05455,108,7,47757.1,3,5,1,9,Loyal Customers,6822.442857142857
CUST05456,800,1,85989.6,1,1,2,4,Lost Customers,85989.6
CUST05457,196,3,171547.85,2,1,3,6,Lost Customers,57182.61666666667
CUST05458,183,3,105478.25,2,1,2,5,Lost Customers,35159.416666666664
CUST05459,196,5,324671.35,2,3,5,10,At Risk,64934.27
CUST05460,250,4,122410.95,2,2,2,6,Lost Customers,30602.7375
CUST05461,450,2,7119.05,1,1,1,3,Lost Customers,3559.525
CUST05462,15,8,194406.6,5,5,3,13,Loyal Customers,24300.825
CUST05463,422,4,363628.2,1,2,5,8,Lost Customers,90907.05
CUST05464,665,2,61123.5,1,1,1,3,Lost Customers,30561.75
CUST05465,32,6,410074.1,5,4,5,14,Champions,68345.68333333333
CUST05466,104,3,257222.7,3,1,4,8,Others,85740.90000000001
CUST05467,27,6,235777.45,5,4,4,13,Champions,39296.24166666667
CUST05468,546,3,105375.6,1,1,2,4,Lost Customers,35125.200000000004
CUST05469,59,6,329830.55,4,4,5,13,Champions,54971.75833333333
CUST05470,165,10,700199.45,3,5,5,13,Loyal Customers,70019.94499999999
CUST05471,151,3,22052.85,3,1,1,5,Others,7350.95
CUST05472,118,2,84515.84999999999,3,1,2,6,Others,42257.924999999996
CUST05473,116,9,412586.75,3,5,5,13,Loyal Customers,45842.97222222222
CUST05474,279,6,365180.9,2,4,5,11,At Risk,60863.48333333334
CUST05475,189,1,61044.0,2,1,1,4,Lost Customers,61044.0
CUST05476,38,10,314670.2,5,5,4,14,Champions,31467.02
CUST05477,20,8,330450.65,5,5,5,15,Champions,41306.33125
CUST05478,8,7,229268.05,5,5,4,14,Champions,32752.57857142857
CUST05479,453,2,201736.3,1,1,3,5,Lost Customers,100868.15
CUST05480,130,7,445054.60000000003,3,5,5,13,Loyal Customers,63579.228571428575
CUST05481,243,4,219687.05,2,2,4,8,Lost Customers,54921.7625
CUST05482,152,10,203086.55,3,5,3,11,Loyal Customers,20308.655
CUST05483,15,4,143911.75,5,2,3,10,Potential Loyalists,35977.9375
CUST05484,534,2,38809.9,1,1,1,3,Lost Customers,19404.95
CUST05485,149,5,125613.0,3,3,2,8,Others,25122.6
CUST05486,35,8,136244.7,5,5,2,12,Loyal Customers,17030.5875
CUST05488,32,6,23418.8,5,4,1,10,Loyal Customers,3903.133333333333
CUST05489,2,6,238362.2,5,4,4,13,Champions,39727.03333333333
CUST05490,67,6,243377.55,4,4,4,12,Champions,40562.924999999996
CUST05491,48,4,103927.1,4,2,2,8,Potential Loyalists,25981.775
CUST05492,127,6,388065.5,3,4,5,12,Loyal Customers,64677.583333333336
CUST05493,268,5,63424.85,2,3,1,6,Others,12684.97
CUST05494,30,5,441382.9,5,3,5,13,Potential Loyalists,88276.58
CUST05495,419,5,126686.50000000001,1,3,2,6,Others,25337.300000000003
CUST05496,166,4,248641.5,3,2,4,9,Others,62160.375
CUST05497,195,5,191863.0,2,3,3,8,At Risk,38372.6
CUST05498,825,1,7370.1,1,1,1,3,Lost Customers,7370.1
CUST05499,121,3,77987.9,3,1,2,6,Others,25995.966666666664
CUST05500,97,7,295368.1,3,5,4,12,Loyal Customers,42195.44285714285
CUST05501,212,5,56764.8,2,3,1,6,Others,11352.960000000001
CUST05502,39,5,296947.4,5,3,4,12,Potential Loyalists,59389.48
CUST05503,35,4,32710.7,5,2,1,8,Potential Loyalists,8177.675
CUST05504,53,5,101333.85,4,3,2,9,Potential Loyalists,20266.77
CUST05505,269,2,9094.0,2,1,1,4,Lost Customers,4547.0
CUST05506,71,5,94666.65,4,3,2,9,Potential Loyalists,18933.329999999998
CUST05507,382,3,91720.04999999999,1,1,2,4,Lost Customers,30573.349999999995
CUST05508,724,1,9071.2,1,1,1,3,Lost Customers,9071.2
CUST05509,228,6,419210.0,2,4,5,11,At Risk,69868.33333333333
CUST05510,362,2,114849.59999999999,1,1,2,4,Lost Customers,57424.799999999996
CUST05511,116,8,339503.15,3,5,5,13,Loyal Customers,42437.89375
CUST05512,6,6,165720.85,5,4,3,12,Loyal Customers,27620.141666666666
CUST05513,49,5,80973.25,4,3,2,9,Potential Loyalists,16194.65
CUST05514,174,8,585887.45,2,5,5,12,At Risk,73235.93125
CUST05515,234,5,71583.5,2,3,1,6,Others,14316.7
CUST05516,160,3,35686.7,3,1,1,5,Others,11895.566666666666
CUST05517,13,9,401595.25,5,5,5,15,Champions,44621.694444444445
CUST05518,45,2,31740.600000000002,4,1,1,6,Others,15870.300000000001
CUST05519,326,5,311252.2,1,3,4,8,At Risk,62250.44
CUST05520,213,6,182967.85,2,4,3,9,At Risk,30494.641666666666
CUST05521,231,4,110091.95,2,2,2,6,Lost Customers,27522.9875
CUST05522,8,3,27787.5,5,1,1,7,Others,9262.5
CUST05523,12,7,259540.2,5,5,4,14,Champions,37077.17142857143
CUST05524,116,5,134191.55,3,3,2,8,Others,26838.309999999998
CUST05525,243,6,389260.2,2,4,5,11,At Risk,64876.700000000004
CUST05526,7,9,362169.45,5,5,5,15,Champions,40241.05
CUST05527,106,5,91129.25,3,3,2,8,Others,18225.85
CUST05528,196,5,223272.1,2,3,4,9,At Risk,44654.42
CUST05529,197,10,184576.65,2,5,3,10,At Risk,18457.665
CUST05530,178,6,320167.8,2,4,5,11,At Risk,53361.299999999996
CUST05531,149,4,49761.85,3,2,1,6,Others,12440.4625
CUST05532,10,8,274766.95,5,5,4,14,Champions,34345.86875
CUST05533,45,5,161786.59999999998,4,3,3,10,Potential Loyalists,32357.319999999996
CUST05534,49,7,197205.85,4,5,3,12,Loyal Customers,28172.264285714286
CUST05535,29,2,71880.79999999999,5,1,1,7,Others,35940.399999999994
CUST05536,11,2,9309.1,5,1,1,7,Others,4654.55
CUST05537,30,8,325369.05000000005,5,5,5,15,Champions,40671.131250000006
CUST05538,9,9,195523.6,5,5,3,13,Loyal Customers,21724.844444444447
CUST05539,229,8,198630.80000000002,2,5,3,10,At Risk,24828.850000000002
CUST05540,210,5,140848.9,2,3,3,8,At Risk,28169.78
CUST05541,60,5,104037.4,4,3,2,9,Potential Loyalists,20807.48
CUST05542,108,5,432795.85,3,3,5,11,Others,86559.17
CUST05543,38,6,69784.95,5,4,1,10,Loyal Customers,11630.824999999999
CUST05544,265,5,175248.3,2,3,3,8,At Risk,35049.659999999996
CUST05545,30,7,409419.15,5,5,5,15,Champions,58488.450000000004
CUST05546,234,3,39775.1,2,1,1,4,Lost Customers,13258.366666666667
CUST05547,583,4,152368.25,1,2,3,6,Lost Customers,38092.0625
CUST05548,13,10,582471.9,5,5,5,15,Champions,58247.19
CUST05549,319,5,73641.5,1,3,1,5,Others,14728.3
CUST05550,635,2,95153.4,1,1,2,4,Lost Customers,47576.7
CUST05551,406,4,129738.75,1,2,2,5,Lost Customers,32434.6875
CUST05552,252,4,169161.6,2,2,3,7,Lost Customers,42290.4
CUST05553,84,4,211037.1,4,2,4,10,Potential Loyalists,52759.275
CUST05554,214,4,49036.8,2,2,1,5,Lost Customers,12259.2
CUST05555,403,7,280625.85,1,5,4,10,At Risk,40089.40714285714
CUST05556,44,6,157527.9,4,4,3,11,Loyal Customers,26254.649999999998
CUST05557,110,5,298534.95,3,3,4,10,Others,59706.990000000005
CUST05558,24,8,147616.05,5,5,3,13,Loyal Customers,18452.00625
CUST05559,65,6,221632.5,4,4,4,12,Champions,36938.75
CUST05560,102,6,259360.3,3,4,4,11,Loyal Customers,43226.71666666667
CUST05561,2,2,167434.69999999998,5,1,3,9,Others,83717.34999999999
CUST05562,182,5,130938.6,2,3,2,7,Others,26187.72
CUST05563,104,3,29010.15,3,1,1,5,Others,9670.050000000001
CUST05564,17,8,298828.3,5,5,4,14,Champions,37353.5375
CUST05565,30,8,226458.95,5,5,4,14,Champions,28307.36875
CUST05566,102,7,187953.65,3,5,3,11,Loyal Customers,26850.52142857143
CUST05567,364,3,61925.399999999994,1,1,1,3,Lost Customers,20641.8
CUST05568,722,1,56664.0,1,1,1,3,Lost Customers,56664.0
CUST05569,45,8,112837.15,4,5,2,11,Loyal Customers,14104.64375
CUST05570,134,6,356189.95,3,4,5,12,Loyal Customers,59364.99166666667
CUST05571,50,4,57597.7,4,2,1,7,Potential Loyalists,14399.425
CUST05572,458,6,448691.4,1,4,5,10,At Risk,74781.90000000001
CUST05573,429,4,158240.6,1,2,3,6,Lost Customers,39560.15
CUST05574,9,9,238829.25,5,5,4,14,Champions,26536.583333333332
CUST05575,146,3,11829.75,3,1,1,5,Others,3943.25
CUST05576,44,7,221958.75,4,5,4,13,Champions,31708.39285714286
CUST05577,466,1,24720.55,1,1,1,3,Lost Customers,24720.55
CUST05578,146,3,20837.15,3,1,1,5,Others,6945.716666666667
CUST05579,9,4,218555.2,5,2,4,11,Potential Loyalists,54638.8
CUST05580,87,6,131788.9,4,4,2,10,Loyal Customers,21964.816666666666
CUST05581,86,7,164951.80000000002,4,5,3,12,Loyal Customers,23564.54285714286
CUST05582,13,4,186576.4,5,2,3,10,Potential Loyalists,46644.1
CUST05583,18,3,81396.6,5,1,2,8,Others,27132.2
CUST05585,322,5,221207.9,1,3,4,8,At Risk,44241.58
CUST05586,115,3,133618.05,3,1,2,6,Others,44539.35
CUST05587,53,8,638247.45,4,5,5,14,Champions,79780.93125
CUST05588,94,4,191485.55,4,2,3,9,Potential Loyalists,47871.3875
CUST05589,161,3,232280.0,3,1,4,8,Others,77426.66666666667
CUST05590,24,3,203005.8,5,1,3,9,Others,67668.59999999999
CUST05591,44,6,125156.70000000001,4,4,2,10,Loyal Customers,20859.45
CUST05592,45,6,424420.25,4,4,5,13,Champions,70736.70833333333
CUST05593,233,6,104949.45000000001,2,4,2,8,Others,17491.575
CUST05594,56,4,100038.1,4,2,2,8,Potential Loyalists,25009.525
CUST05595,81,6,167560.1,4,4,3,11,Loyal Customers,27926.683333333334
CUST05596,66,10,382936.4,4,5,5,14,Champions,38293.64
CUST05597,218,4,25103.7,2,2,1,5,Lost Customers,6275.925
CUST05598,507,6,340085.85,1,4,5,10,At Risk,56680.975
CUST05599,45,9,349567.5,4,5,5,14,Champions,38840.833333333336
CUST05600,577,2,32973.5,1,1,1,3,Lost Customers,16486.75
CUST05601,25,4,90122.3,5,2,2,9,Potential Loyalists,22530.575
CUST05602,222,5,159489.3,2,3,3,8,At Risk,31897.859999999997
CUST05603,82,3,262459.65,4,1,4,9,Others,87486.55
CUST05604,141,4,179186.8,3,2,3,8,Others,44796.7
CUST05605,181,4,25621.75,2,2,1,5,Lost Customers,6405.4375
CUST05606,704,2,191021.0,1,1,3,5,Lost Customers,95510.5
CUST05607,86,7,228879.09999999998,4,5,4,13,Champions,32697.014285714282
CUST05608,89,7,107219.45,4,5,2,11,Loyal Customers,15317.064285714285
CUST05609,305,5,81493.2,1,3,2,6,Others,16298.64
CUST05610,35,7,417287.45,5,5,5,15,Champions,59612.49285714286
CUST05611,1,10,430012.19999999995,5,5,5,15,Champions,43001.219999999994
CUST05612,598,3,84318.7,1,1,2,4,Lost Customers,28106.233333333334
CUST05613,164,5,568150.8,3,3,5,11,Others,113630.16
CUST05614,31,11,336332.5,5,5,5,15,Champions,30575.68181818182
CUST05615,759,2,18926.649999999998,1,1,1,3,Lost Customers,9463.324999999999
CUST05616,8,4,212675.1,5,2,4,11,Potential Loyalists,53168.775
CUST05617,18,5,96122.1,5,3,2,10,Potential Loyalists,19224.420000000002
CUST05618,212,7,216723.45,2,5,4,11,At Risk,30960.492857142857
CUST05619,46,7,267134.1,4,5,4,13,Champions,38162.014285714286
CUST05620,107,3,199367.6,3,1,3,7,Others,66455.86666666667
CUST05621,135,6,56967.65,3,4,1,8,Loyal Customers,9494.608333333334
CUST05622,29,3,72838.1,5,1,1,7,Others,24279.36666666667
CUST05623,230,4,75814.2,2,2,2,6,Lost Customers,18953.55
CUST05625,41,9,535610.1,5,5,5,15,Champions,59512.23333333333
CUST05626,127,7,424375.39999999997,3,5,5,13,Loyal Customers,60625.057142857135
CUST05627,186,4,24027.3,2,2,1,5,Lost Customers,6006.825
CUST05628,39,4,119698.05,5,2,2,9,Potential Loyalists,29924.5125
CUST05629,427,6,316045.25,1,4,4,9,At Risk,52674.208333333336
CUST05630,339,5,283909.7,1,3,4,8,At Risk,56781.94
CUST05631,97,6,314342.7,3,4,4,11,Loyal Customers,52390.450000000004
CUST05632,86,3,79748.8,4,1,2,7,Others,26582.933333333334
CUST05633,536,5,286554.4,1,3,4,8,At Risk,57310.880000000005
CUST05634,271,3,49989.55,2,1,1,4,Lost Customers,16663.183333333334
CUST05635,13,6,97435.85,5,4,2,11,Loyal Customers,16239.308333333334
CUST05636,483,6,407574.0,1,4,5,10,At Risk,67929.0
CUST05637,198,4,307055.65,2,2,4,8,Lost Customers,76763.9125
CUST05638,66,8,709245.25,4,5,5,14,Champions,88655.65625
CUST05639,521,4,53675.35,1,2,1,4,Lost Customers,13418.8375
CUST05640,231,5,69332.5,2,3,1,6,Others,13866.5
CUST05641,277,4,194164.90000000002,2,2,3,7,Lost Customers,48541.225000000006
CUST05642,120,7,42194.35,3,5,1,9,Loyal Customers,6027.7642857142855
CUST05643,58,5,354309.55,4,3,5,12,Potential Loyalists,70861.91
CUST05644,17,6,252207.15,5,4,4,13,Champions,42034.525
CUST05645,425,3,183934.2,1,1,3,5,Lost Customers,61311.4
CUST05646,120,6,524659.3,3,4,5,12,Loyal Customers,87443.21666666667
CUST05647,99,3,262428.0,3,1,4,8,Others,87476.0
CUST05648,271,4,241391.7,2,2,4,8,Lost Customers,60347.925
CUST05649,159,7,433627.35,3,5,5,13,Loyal Customers,61946.764285714286
CUST05650,5,3,34261.2,5,1,1,7,Others,11420.4
CUST05651,382,7,515785.25,1,5,5,11,At Risk,73683.60714285714
CUST05652,296,3,209937.6,1,1,4,6,Lost Customers,69979.2
CUST05653,36,1,17520.0,5,1,1,7,Others,17520.0
CUST05654,59,6,175702.35,4,4,3,11,Loyal Customers,29283.725000000002
CUST05655,72,6,20061.0,4,4,1,9,Loyal Customers,3343.5
CUST05656,33,7,410403.80000000005,5,5,5,15,Champions,58629.11428571429
CUST05657,49,5,373959.1,4,3,5,12,Potential Loyalists,74791.81999999999
CUST05658,70,6,325463.15,4,4,5,13,Champions,54243.85833333334
CUST05659,329,3,214458.4,1,1,4,6,Lost Customers,71486.13333333333
CUST05660,339,4,86026.9,1,2,2,5,Lost Customers,21506.725
CUST05661,184,3,121871.6,2,1,2,5,Lost Customers,40623.86666666667
CUST05662,555,5,393807.19999999995,1,3,5,9,At Risk,78761.43999999999
CUST05663,116,6,179424.4,3,4,3,10,Loyal Customers,29904.066666666666
CUST05664,163,7,74004.5,3,5,1,9,Loyal Customers,10572.07142857143
CUST05665,121,5,394330.8,3,3,5,11,Others,78866.16
CUST05666,174,5,299926.0,2,3,4,9,At Risk,59985.2
CUST05667,57,3,67476.15,4,1,1,6,Others,22492.05
CUST05668,331,7,230508.0,1,5,4,10,At Risk,32929.71428571428
CUST05669,333,2,98502.4,1,1,2,4,Lost Customers,49251.2
CUST05670,9,7,206254.0,5,5,3,13,Loyal Customers,29464.85714285714
CUST05671,406,4,120417.6,1,2,2,5,Lost Customers,30104.4
CUST05672,217,7,81006.3,2,5,2,9,Others,11572.328571428572
CUST05673,358,6,158016.4,1,4,3,8,At Risk,26336.066666666666
CUST05674,58,5,136452.45,4,3,2,9,Potential Loyalists,27290.49
CUST05675,112,10,661889.9500000001,3,5,5,13,Loyal Customers,66188.99500000001
CUST05676,4,7,256609.35,5,5,4,14,Champions,36658.478571428575
CUST05677,174,3,56344.25,2,2,1,5,Lost Customers,18781.416666666668
CUST05678,266,3,90452.0,2,2,2,6,Lost Customers,30150.666666666668
CUST05679,25,3,90136.45,5,2,2,9,Potential Loyalists,30045.483333333334
CUST05680,69,5,148878.75,4,3,3,10,Potential Loyalists,29775.75
CUST05681,53,8,239934.05,4,5,4,13,Champions,29991.75625
CUST05682,61,6,215382.4,4,4,4,12,Champions,35897.066666666666
CUST05683,53,4,295775.5,4,2,4,10,Potential Loyalists,73943.875
CUST05684,185,3,216994.75,2,2,4,8,Lost Customers,72331.58333333333
CUST05685,213,6,320521.0,2,4,5,11,At Risk,53420.166666666664
CUST05686,52,7,275854.85,4,5,4,13,Champions,39407.83571428571
CUST05687,23,7,473682.14999999997,5,5,5,15,Champions,67668.87857142856
CUST05688,4,4,410355.6,5,2,5,12,Potential Loyalists,102588.9
CUST05689,2,9,337643.65,5,5,5,15,Champions,37515.961111111115
CUST05690,232,5,219246.25,2,3,4,9,At Risk,43849.25
CUST05691,16,8,458071.6,5,5,5,15,Champions,57258.95
CUST05692,135,5,80132.5,3,3,2,8,Others,16026.5
CUST05693,125,8,466120.75000000006,3,5,5,13,Loyal Customers,58265.09375000001
CUST05694,20,5,194331.05,5,3,3,11,Potential Loyalists,38866.21
CUST05695,132,7,139701.3,3,5,3,11,Loyal Customers,19957.32857142857
CUST05696,350,6,313083.9,1,4,4,9,At Risk,52180.65
CUST05697,113,8,104705.05,3,5,2,10,Loyal Customers,13088.13125
CUST05698,18,6,94345.2,5,4,2,11,Loyal Customers,15724.199999999999
CUST05699,354,4,87815.95000000001,1,2,2,5,Lost Customers,21953.987500000003
CUST05700,261,2,72295.8,2,1,1,4,Lost Customers,36147.9
CUST05701,716,3,50714.299999999996,1,2,1,4,Lost Customers,16904.766666666666
CUST05702,249,7,767605.15,2,5,5,12,At Risk,109657.87857142858
CUST05703,140,7,399441.39999999997,3,5,5,13,Loyal Customers,57063.057142857135
CUST05704,229,6,384560.0,2,4,5,11,At Risk,64093.333333333336
CUST05705,106,6,224707.7,3,4,4,11,Loyal Customers,37451.28333333333
CUST05706,69,6,319586.15,4,4,5,13,Champions,53264.35833333334
CUST05707,89,5,224119.0,4,3,4,11,Potential Loyalists,44823.8
CUST05708,69,4,107966.05,4,2,2,8,Potential Loyalists,26991.5125
CUST05709,14,5,153981.59999999998,5,3,3,11,Potential Loyalists,30796.319999999996
CUST05710,436,5,141627.2,1,3,3,7,At Risk,28325.440000000002
CUST05711,53,6,204252.85,4,4,3,11,Loyal Customers,34042.14166666667
CUST05712,202,5,137333.45,2,3,2,7,Others,27466.690000000002
CUST05713,307,2,108658.0,1,1,2,4,Lost Customers,54329.0
CUST05714,331,5,194321.4,1,3,3,7,At Risk,38864.28
CUST05715,104,5,266748.0,3,3,4,10,Others,53349.6
CUST05716,4,5,149342.1,5,3,3,11,Potential Loyalists,29868.420000000002
CUST05717,208,2,48753.85,2,1,1,4,Lost Customers,24376.925
CUST05718,64,8,192204.0,4,5,3,12,Loyal Customers,24025.5
CUST05719,593,3,212349.09999999998,1,2,4,7,Lost Customers,70783.03333333333
CUST05720,6,8,325296.05,5,5,5,15,Champions,40662.00625
CUST05721,77,4,65896.45,4,2,1,7,Potential Loyalists,16474.1125
CUST05722,103,3,13796.55,3,2,1,6,Others,4598.849999999999
CUST05723,386,7,125153.65,1,5,2,8,Others,17879.092857142856
CUST05724,233,7,279253.7,2,5,4,11,At Risk,39893.385714285716
CUST05725,72,6,378590.55,4,4,5,13,Champions,63098.424999999996
CUST05726,326,3,206204.4,1,2,3,6,Lost Customers,68734.8
CUST05727,85,2,65064.95,4,1,1,6,Others,32532.475
CUST05728,183,4,57976.3,2,2,1,5,Lost Customers,14494.075
CUST05729,278,3,79405.9,2,2,2,6,Lost Customers,26468.63333333333
CUST05730,218,3,70063.95,2,2,1,5,Lost Customers,23354.649999999998
CUST05731,28,5,60057.45,5,3,1,9,Potential Loyalists,12011.49
CUST05732,470,4,151688.1,1,2,3,6,Lost Customers,37922.025
CUST05733,91,4,262576.6,4,2,4,10,Potential Loyalists,65644.15
CUST05734,25,7,592900.15,5,5,5,15,Champions,84700.02142857143
CUST05735,44,5,103285.95000000001,4,3,2,9,Potential Loyalists,20657.190000000002
CUST05736,389,4,120865.40000000001,1,2,2,5,Lost Customers,30216.350000000002
CUST05737,8,4,30443.1,5,2,1,8,Potential Loyalists,7610.775
CUST05738,132,4,386218.4,3,2,5,10,Others,96554.6
CUST05739,51,4,171896.95,4,2,3,9,Potential Loyalists,42974.2375
CUST05740,70,5,160111.45,4,3,3,10,Potential Loyalists,32022.29
CUST05741,310,2,27187.05,1,1,1,3,Lost Customers,13593.525
CUST05742,209,5,329033.05,2,3,5,10,At Risk,65806.61
CUST05743,13,3,48874.5,5,2,1,8,Potential Loyalists,16291.5
CUST05744,81,8,249799.55,4,5,4,13,Champions,31224.94375
CUST05745,273,3,133289.6,2,2,2,6,Lost Customers,44429.86666666667
CUST05746,239,6,315901.5,2,4,4,10,At Risk,52650.25
CUST05747,66,8,401213.3,4,5,5,14,Champions,50151.6625
CUST05748,194,3,22057.7,2,2,1,5,Lost Customers,7352.566666666667
CUST05749,50,5,98892.0,4,3,2,9,Potential Loyalists,19778.4
CUST05750,16,8,181324.8,5,5,3,13,Loyal Customers,22665.6
CUST05751,81,6,74634.45000000001,4,4,1,9,Loyal Customers,12439.075000000003
CUST05752,148,5,291012.3,3,3,4,10,Others,58202.46
CUST05753,334,5,257059.1,1,3,4,8,At Risk,51411.82
CUST05754,267,6,368524.6,2,4,5,11,At Risk,61420.76666666666
CUST05755,57,5,109708.35,4,3,2,9,Potential Loyalists,21941.670000000002
CUST05756,2,8,260253.85,5,5,4,14,Champions,32531.73125
CUST05757,28,6,130769.6,5,4,2,11,Loyal Customers,21794.933333333334
CUST05758,412,4,366526.25,1,2,5,8,Lost Customers,91631.5625
CUST05759,39,6,139434.7,5,4,3,12,Loyal Customers,23239.11666666667
CUST05760,325,3,9514.8,1,2,1,4,Lost Customers,3171.6
CUST05761,18,3,7117.299999999999,5,2,1,8,Potential Loyalists,2372.433333333333
CUST05762,76,11,453761.89999999997,4,5,5,14,Champions,41251.08181818182
CUST05763,4,6,260814.75,5,4,4,13,Champions,43469.125
CUST05764,259,8,373726.2,2,5,5,12,At Risk,46715.775
CUST05765,17,5,241396.2,5,3,4,12,Potential Loyalists,48279.240000000005
CUST05766,6,8,226598.45,5,5,4,14,Champions,28324.80625
CUST05767,261,4,165605.05,2,2,3,7,Lost Customers,41401.2625
CUST05768,151,5,332010.6,3,3,5,11,Others,66402.12
CUST05769,18,9,184695.6,5,5,3,13,Loyal Customers,20521.733333333334
CUST05770,187,6,215884.7,2,4,4,10,At Risk,35980.78333333333
CUST05771,244,1,27796.5,2,1,1,4,Lost Customers,27796.5
CUST05772,193,4,400380.3,2,2,5,9,Lost Customers,100095.075
CUST05773,153,8,306603.2,3,5,4,12,Loyal Customers,38325.4
CUST05774,195,5,124719.2,2,3,2,7,Others,24943.84
CUST05775,68,5,133241.0,4,3,2,9,Potential Loyalists,26648.2
CUST05776,512,4,142470.9,1,2,3,6,Lost Customers,35617.725
CUST05777,229,4,79090.3,2,2,2,6,Lost Customers,19772.575
CUST05778,24,9,238698.9,5,5,4,14,Champions,26522.1
CUST05779,205,5,131042.29999999999,2,3,2,7,Others,26208.46
CUST05780,45,5,273978.85,4,3,4,11,Potential Loyalists,54795.77
CUST05781,211,6,253729.85,2,4,4,10,At Risk,42288.308333333334
CUST05782,215,4,155736.95,2,2,3,7,Lost Customers,38934.2375
CUST05783,93,9,762436.9,4,5,5,14,Champions,84715.21111111112
CUST05784,2,6,140983.7,5,4,3,12,Loyal Customers,23497.283333333336
CUST05785,52,6,533726.5499999999,4,4,5,13,Champions,88954.42499999999
CUST05786,8,8,183793.05000000002,5,5,3,13,Loyal Customers,22974.131250000002
CUST05787,363,4,179396.1,1,2,3,6,Lost Customers,44849.025
CUST05788,193,3,61538.600000000006,2,2,1,5,Lost Customers,20512.86666666667
CUST05789,67,5,91189.5,4,3,2,9,Potential Loyalists,18237.9
CUST05790,277,5,210541.80000000002,2,3,4,9,At Risk,42108.36
CUST05791,247,3,70639.9,2,2,1,5,Lost Customers,23546.63333333333
CUST05792,6,3,75466.0,5,2,1,8,Potential Loyalists,25155.333333333332
CUST05793,684,3,291971.45,1,2,4,7,Lost Customers,97323.81666666667
CUST05794,577,2,87270.40000000001,1,1,2,4,Lost Customers,43635.200000000004
CUST05795,47,7,414961.7,4,5,5,14,Champions,59280.24285714286
CUST05796,5,9,483399.45,5,5,5,15,Champions,53711.05
CUST05797,167,4,397843.2,3,2,5,10,Others,99460.8
CUST05798,107,6,279812.2,3,4,4,11,Loyal Customers,46635.36666666667
CUST05799,25,4,44115.55,5,2,1,8,Potential Loyalists,11028.8875
CUST05800,100,3,166205.2,3,2,3,8,Others,55401.73333333334
CUST05801,130,3,49367.55,3,2,1,6,Others,16455.850000000002
CUST05802,49,6,188783.15,4,4,3,11,Loyal Customers,31463.858333333334
CUST05803,310,5,409264.94999999995,1,3,5,9,At Risk,81852.98999999999
CUST05804,280,4,280802.0,2,2,4,8,Lost Customers,70200.5
CUST05805,77,6,430969.3,4,4,5,13,Champions,71828.21666666666
CUST05806,355,4,153516.30000000002,1,2,3,6,Lost Customers,38379.075000000004
CUST05807,5,10,349507.8,5,5,5,15,Champions,34950.78
CUST05808,418,5,389401.9,1,3,5,9,At Risk,77880.38
CUST05809,63,6,505578.55,4,4,5,13,Champions,84263.09166666666
CUST05810,123,3,285312.15,3,2,4,9,Others,95104.05
CUST05811,40,8,216209.5,5,5,4,14,Champions,27026.1875
CUST05812,373,3,62305.2,1,2,1,4,Lost Customers,20768.399999999998
CUST05813,375,4,333837.65,1,2,5,8,Lost Customers,83459.4125
CUST05814,136,4,42610.95,3,2,1,6,Others,10652.7375
CUST05815,255,2,31612.5,2,1,1,4,Lost Customers,15806.25
CUST05816,2,4,107525.20000000001,5,2,2,9,Potential Loyalists,26881.300000000003
CUST05817,27,5,129396.9,5,3,2,10,Potential Loyalists,25879.379999999997
CUST05818,48,3,69467.7,4,2,1,7,Potential Loyalists,23155.899999999998
CUST05819,651,3,91527.85,1,2,2,5,Lost Customers,30509.283333333336
CUST05820,212,9,175472.05,2,5,3,10,At Risk,19496.894444444442
CUST05821,5,9,251654.65000000002,5,5,4,14,Champions,27961.62777777778
CUST05822,368,2,46226.7,1,1,1,3,Lost Customers,23113.35
CUST05823,241,6,183480.05,2,4,3,9,At Risk,30580.00833333333
CUST05824,50,6,151077.9,4,4,3,11,Loyal Customers,25179.649999999998
CUST05825,238,4,69909.70000000001,2,2,1,5,Lost Customers,17477.425000000003
CUST05826,362,4,90031.7,1,2,2,5,Lost Customers,22507.925
CUST05827,78,5,125072.15000000001,4,3,2,9,Potential Loyalists,25014.43
CUST05828,317,11,320212.6,1,5,5,11,At Risk,29110.236363636363
CUST05829,34,4,173661.75,5,2,3,10,Potential Loyalists,43415.4375
CUST05830,178,7,195189.0,2,5,3,10,At Risk,27884.14285714286
CUST05831,322,4,437008.0,1,2,5,8,Lost Customers,109252.0
CUST05832,198,6,108762.8,2,4,2,8,Others,18127.133333333335
CUST05833,240,3,17351.45,2,2,1,5,Lost Customers,5783.816666666667
CUST05834,54,3,96558.7,4,2,2,8,Potential Loyalists,32186.233333333334
CUST05835,244,10,383170.85,2,5,5,12,At Risk,38317.085
CUST05836,27,6,197118.6,5,4,3,12,Loyal Customers,32853.1
CUST05837,301,5,87995.3,1,3,2,6,Others,17599.06
CUST05838,222,4,30203.9,2,2,1,5,Lost Customers,7550.975
CUST05839,213,2,82999.0,2,1,2,5,Lost Customers,41499.5
CUST05840,234,4,102093.75,2,2,2,6,Lost Customers,25523.4375
CUST05841,438,5,63341.2,1,3,1,5,Others,12668.24
CUST05842,231,6,178933.84999999998,2,4,3,9,At Risk,29822.30833333333
CUST05843,353,3,56881.75,1,2,1,4,Lost Customers,18960.583333333332
CUST05844,104,5,153424.8,3,3,3,9,Others,30684.96
CUST05845,203,3,41818.7,2,2,1,5,Lost Customers,13939.566666666666
CUST05846,294,2,30333.5,1,1,1,3,Lost Customers,15166.75
CUST05847,62,4,153472.2,4,2,3,9,Potential Loyalists,38368.05
CUST05848,52,7,254678.0,4,5,4,13,Champions,36382.57142857143
CUST05849,174,5,212127.45,2,3,4,9,At Risk,42425.490000000005
CUST05850,47,7,83733.0,4,5,2,11,Loyal Customers,11961.857142857143
CUST05851,143,8,279947.25,3,5,4,12,Loyal Customers,34993.40625
CUST05852,134,3,76184.8,3,2,2,7,Others,25394.933333333334
CUST05853,56,11,712396.8999999999,4,5,5,14,Champions,64763.35454545454
CUST05854,80,8,386877.14999999997,4,5,5,14,Champions,48359.643749999996
CUST05855,233,4,179346.80000000002,2,2,3,7,Lost Customers,44836.700000000004
CUST05856,387,7,170435.2,1,5,3,9,At Risk,24347.885714285716
CUST05857,218,6,152554.5,2,4,3,9,At Risk,25425.75
CUST05858,31,3,27319.1,5,2,1,8,Potential Loyalists,9106.366666666667
CUST05859,35,3,161577.2,5,2,3,10,Potential Loyalists,53859.06666666667
CUST05860,9,9,27400.350000000002,5,5,1,11,Loyal Customers,3044.4833333333336
CUST05861,110,10,449570.14999999997,3,5,5,13,Loyal Customers,44957.015
CUST05862,244,6,65275.200000000004,2,4,1,7,Others,10879.2
CUST05863,213,5,467301.9,2,3,5,10,At Risk,93460.38
CUST05864,1,8,196293.65,5,5,3,13,Loyal Customers,24536.70625
CUST05865,261,3,197433.5,2,2,3,7,Lost Customers,65811.16666666667
CUST05866,66,5,185566.8,4,3,3,10,Potential Loyalists,37113.36
CUST05867,40,8,246025.6,5,5,4,14,Champions,30753.2
CUST05868,76,9,318887.0,4,5,4,13,Champions,35431.88888888889
CUST05869,11,8,229704.7,5,5,4,14,Champions,28713.0875
CUST05870,6,7,127436.90000000001,5,5,2,12,Loyal Customers,18205.27142857143
CUST05871,169,5,178431.35,3,3,3,9,Others,35686.270000000004
CUST05872,437,3,93280.8,1,2,2,5,Lost Customers,31093.600000000002
CUST05873,86,7,280923.5,4,5,4,13,Champions,40131.92857142857
CUST05874,154,2,65644.15,3,1,1,5,Others,32822.075
CUST05875,13,6,262446.2,5,4,4,13,Champions,43741.03333333333
CUST05876,237,6,127661.1,2,4,2,8,Others,21276.850000000002
CUST05877,302,4,57210.299999999996,1,2,1,4,Lost Customers,14302.574999999999
CUST05878,161,10,189516.15,3,5,3,11,Loyal Customers,18951.614999999998
CUST05879,286,4,193111.5,2,2,3,7,Lost Customers,48277.875
CUST05880,20,6,147722.5,5,4,3,12,Loyal Customers,24620.416666666668
CUST05881,160,3,270494.2,3,2,4,9,Others,90164.73333333334
CUST05882,176,6,271239.5,2,4,4,10,At Risk,45206.583333333336
CUST05883,215,4,81942.5,2,2,2,6,Lost Customers,20485.625
CUST05884,104,8,113807.54999999999,3,5,2,10,Loyal Customers,14225.943749999999
CUST05885,238,7,360094.69999999995,2,5,5,12,At Risk,51442.09999999999
CUST05886,873,1,113404.8,1,1,2,4,Lost Customers,113404.8
CUST05887,80,11,531037.05,4,5,5,14,Champions,48276.09545454546
CUST05888,178,5,61236.100000000006,2,3,1,6,Others,12247.220000000001
CUST05889,68,4,82532.1,4,2,2,8,Potential Loyalists,20633.025
CUST05890,18,11,331715.85,5,5,5,15,Champions,30155.986363636363
CUST05891,70,6,456287.1,4,4,5,13,Champions,76047.84999999999
CUST05892,37,7,314254.15,5,5,4,14,Champions,44893.450000000004
CUST05893,256,4,273788.8,2,2,4,8,Lost Customers,68447.2
CUST05894,190,7,480486.05,2,5,5,12,At Risk,68640.86428571428
CUST05895,76,8,495344.35000000003,4,5,5,14,Champions,61918.043750000004
CUST05896,252,5,87765.9,2,3,2,7,Others,17553.18
CUST05897,131,6,160908.45,3,4,3,10,Loyal Customers,26818.075
CUST05898,435,2,8820.4,1,1,1,3,Lost Customers,4410.2
CUST05899,68,1,26769.6,4,1,1,6,Others,26769.6
CUST05900,218,4,137806.30000000002,2,2,3,7,Lost Customers,34451.575000000004
CUST05901,760,1,27593.55,1,1,1,3,Lost Customers,27593.55
CUST05902,206,5,146306.3,2,3,3,8,At Risk,29261.26
CUST05903,564,4,102296.15,1,2,2,5,Lost Customers,25574.0375
CUST05904,313,3,97506.8,1,2,2,5,Lost Customers,32502.266666666666
CUST05905,72,7,454414.5,4,5,5,14,Champions,64916.357142857145
CUST05906,272,6,446169.85000000003,2,4,5,11,At Risk,74361.64166666668
CUST05907,68,7,175941.5,4,5,3,12,Loyal Customers,25134.5
CUST05908,564,2,18624.8,1,1,1,3,Lost Customers,9312.4
CUST05909,113,5,133143.6,3,3,2,8,Others,26628.72
CUST05910,135,3,113935.8,3,2,2,7,Others,37978.6
CUST05911,104,11,708735.7,3,5,5,13,Loyal Customers,64430.51818181818
CUST05912,611,2,35583.75,1,1,1,3,Lost Customers,17791.875
CUST05914,130,7,546362.9,3,5,5,13,Loyal Customers,78051.84285714287
CUST05915,189,4,95111.1,2,2,2,6,Lost Customers,23777.775
CUST05916,26,5,92326.7,5,3,2,10,Potential Loyalists,18465.34
CUST05917,153,3,270580.05,3,2,4,9,Others,90193.34999999999
CUST05918,179,3,230341.1,2,2,4,8,Lost Customers,76780.36666666667
CUST05919,501,2,85011.05,1,1,2,4,Lost Customers,42505.525
CUST05920,80,6,110653.79999999999,4,4,2,10,Loyal Customers,18442.3
CUST05921,97,4,137947.45,3,2,3,8,Others,34486.8625
CUST05922,677,2,120706.79999999999,1,1,2,4,Lost Customers,60353.399999999994
CUST05923,69,7,161285.9,4,5,3,12,Loyal Customers,23040.842857142856
CUST05924,117,7,535491.85,3,5,5,13,Loyal Customers,76498.83571428571
CUST05925,317,3,89006.7,1,2,2,5,Lost Customers,29668.899999999998
CUST05926,37,7,399262.8,5,5,5,15,Champions,57037.54285714286
CUST05927,179,3,25300.1,2,2,1,5,Lost Customers,8433.366666666667
CUST05928,49,4,85531.15000000001,4,2,2,8,Potential Loyalists,21382.787500000002
CUST05929,464,1,640.3,1,1,1,3,Lost Customers,640.3
CUST05930,206,3,241366.19999999998,2,2,4,8,Lost Customers,80455.4
CUST05931,14,5,468328.7,5,3,5,13,Potential Loyalists,93665.74
CUST05932,8,5,396275.75,5,3,5,13,Potential Loyalists,79255.15
CUST05933,152,5,75117.55,3,3,1,7,Others,15023.51
CUST05934,43,7,301025.3,4,5,4,13,Champions,43003.614285714284
CUST05935,8,6,105215.5,5,4,2,11,Loyal Customers,17535.916666666668
CUST05936,573,5,234911.3,1,3,4,8,At Risk,46982.259999999995
CUST05937,132,2,82668.65,3,1,2,6,Others,41334.325
CUST05938,66,7,313620.15,4,5,4,13,Champions,44802.87857142858
CUST05939,312,7,295336.3,1,5,4,10,At Risk,42190.9
CUST05940,144,4,80433.2,3,2,2,7,Others,20108.3
CUST05941,32,4,186544.85,5,2,3,10,Potential Loyalists,46636.2125
CUST05942,23,6,215354.7,5,4,4,13,Champions,35892.450000000004
CUST05943,80,5,226695.75,4,3,4,11,Potential Loyalists,45339.15
CUST05944,314,1,2804.4,1,1,1,3,Lost Customers,2804.4
CUST05945,191,3,155392.94999999998,2,2,3,7,Lost Customers,51797.649999999994
CUST05946,180,4,34436.1,2,2,1,5,Lost Customers,8609.025
CUST05947,106,4,69117.5,3,2,1,6,Others,17279.375
CUST05948,375,1,348358.5,1,1,5,7,Lost Customers,348358.5
CUST05949,69,9,545736.4999999999,4,5,5,14,Champions,60637.388888888876
CUST05950,7,5,747245.2,5,3,5,13,Potential Loyalists,149449.03999999998
CUST05951,34,10,457342.5,5,5,5,15,Champions,45734.25
CUST05952,47,2,37690.2,4,1,1,6,Others,18845.1
CUST05953,56,5,121713.05,4,3,2,9,Potential Loyalists,24342.61
CUST05954,90,5,86180.15,4,3,2,9,Potential Loyalists,17236.03
CUST05955,95,7,394480.80000000005,3,5,5,13,Loyal Customers,56354.40000000001
CUST05956,2,7,380927.1,5,5,5,15,Champions,54418.15714285714
CUST05957,103,7,521332.85,3,5,5,13,Loyal Customers,74476.12142857142
CUST05958,248,3,9880.75,2,2,1,5,Lost Customers,3293.5833333333335
CUST05959,55,7,249700.55,4,5,4,13,Champions,35671.50714285714
CUST05960,13,2,94891.95,5,1,2,8,Others,47445.975
CUST05961,94,5,216645.1,4,3,4,11,Potential Loyalists,43329.020000000004
CUST05962,11,3,127981.15,5,2,2,9,Potential Loyalists,42660.38333333333
CUST05963,9,10,601624.55,5,5,5,15,Champions,60162.455
CUST05964,2,1,858.4,5,1,1,7,Others,858.4
CUST05965,234,5,103046.8,2,3,2,7,Others,20609.36
CUST05966,6,8,168420.6,5,5,3,13,Loyal Customers,21052.575
CUST05967,305,3,94965.3,1,2,2,5,Lost Customers,31655.100000000002
CUST05968,168,2,67935.3,3,1,1,5,Others,33967.65
CUST05969,88,5,187617.75,4,3,3,10,Potential Loyalists,37523.55
CUST05970,12,4,204846.1,5,2,3,10,Potential Loyalists,51211.525
CUST05971,149,3,134052.0,3,2,2,7,Others,44684.0
CUST05972,36,5,94569.3,5,3,2,10,Potential Loyalists,18913.86
CUST05973,11,4,98432.3,5,2,2,9,Potential Loyalists,24608.075
CUST05974,35,3,171679.75,5,2,3,10,Potential Loyalists,57226.583333333336
CUST05975,6,4,264159.7,5,2,4,11,Potential Loyalists,66039.925
CUST05976,630,1,15054.65,1,1,1,3,Lost Customers,15054.65
CUST05977,328,3,29887.7,1,2,1,4,Lost Customers,9962.566666666668
CUST05978,205,9,367122.3,2,5,5,12,At Risk,40791.36666666667
CUST05979,53,4,195639.35,4,2,3,9,Potential Loyalists,48909.8375
CUST05980,33,7,308661.65,5,5,4,14,Champions,44094.52142857143
CUST05981,102,4,228487.9,3,2,4,9,Others,57121.975
CUST05982,198,13,415343.45,2,5,5,12,At Risk,31949.496153846154
CUST05983,660,1,4642.65,1,1,1,3,Lost Customers,4642.65
CUST05984,62,5,219229.59999999998,4,3,4,11,Potential Loyalists,43845.92
CUST05985,214,6,250332.15,2,4,4,10,At Risk,41722.025
CUST05986,297,4,156866.05,1,2,3,6,Lost Customers,39216.5125
CUST05987,122,6,353852.25,3,4,5,12,Loyal Customers,58975.375
CUST05988,91,6,129237.95,4,4,2,10,Loyal Customers,21539.658333333333
CUST05989,11,9,290398.65,5,5,4,14,Champions,32266.51666666667
CUST05990,22,5,246945.6,5,3,4,12,Potential Loyalists,49389.12
CUST05991,443,4,112360.1,1,2,2,5,Lost Customers,28090.025
CUST05992,82,6,144116.85,4,4,3,11,Loyal Customers,24019.475000000002
CUST05993,27,7,367732.5,5,5,5,15,Champions,52533.21428571428
CUST05994,272,3,188741.35,2,2,3,7,Lost Customers,62913.78333333333
CUST05995,43,3,129805.9,4,2,2,8,Potential Loyalists,43268.63333333333
CUST05996,373,6,262174.1,1,4,4,9,At Risk,43695.68333333333
CUST05997,7,5,216874.9,5,3,4,12,Potential Loyalists,43374.979999999996
CUST05998,175,8,206919.0,2,5,3,10,At Risk,25864.875
CUST05999,10,4,113790.55,5,2,2,9,Potential Loyalists,28447.6375
CUST06000,250,5,177676.15,2,3,3,8,At Risk,35535.229999999996
CUST06001,49,7,317241.9,4,5,4,13,Champions,45320.27142857143
CUST06002,101,7,226403.0,3,5,4,12,Loyal Customers,32343.285714285714
CUST06003,312,2,7416.0,1,1,1,3,Lost Customers,3708.0
CUST06004,194,6,182387.45,2,4,3,9,At Risk,30397.908333333336
CUST06005,146,7,399010.75,3,5,5,13,Loyal Customers,57001.53571428572
CUST06006,26,6,322597.6,5,4,5,14,Champions,53766.26666666666
CUST06007,307,6,133721.9,1,4,2,7,Others,22286.983333333334
CUST06008,4,6,203158.05,5,4,3,12,Loyal Customers,33859.674999999996
CUST06009,49,4,100196.7,4,2,2,8,Potential Loyalists,25049.175
CUST06010,149,4,210910.44999999998,3,2,4,9,Others,52727.612499999996
CUST06011,10,8,403749.05,5,5,5,15,Champions,50468.63125
CUST06012,28,5,154449.5,5,3,3,11,Potential Loyalists,30889.9
CUST06013,68,5,41848.3,4,3,1,8,Potential Loyalists,8369.66
CUST06014,52,5,588795.75,4,3,5,12,Potential Loyalists,117759.15
CUST06015,236,9,438235.85,2,5,5,12,At Risk,48692.87222222222
CUST06016,3,7,329947.85000000003,5,5,5,15,Champions,47135.40714285715
CUST06017,44,3,69487.2,4,2,1,7,Potential Loyalists,23162.399999999998
CUST06018,241,5,207763.44999999998,2,3,3,8,At Risk,41552.689999999995
CUST06019,510,2,86933.6,1,1,2,4,Lost Customers,43466.8
CUST06020,23,8,387761.0,5,5,5,15,Champions,48470.125
CUST06021,74,3,87288.7,4,2,2,8,Potential Loyalists,29096.233333333334
CUST06022,90,4,123676.85,4,2,2,8,Potential Loyalists,30919.2125
CUST06023,115,7,430022.5,3,5,5,13,Loyal Customers,61431.78571428572
CUST06024,14,8,201424.2,5,5,3,13,Loyal Customers,25178.025
CUST06025,96,6,123195.5,3,4,2,9,Loyal Customers,20532.583333333332
CUST06026,27,9,264224.4,5,5,4,14,Champions,29358.26666666667
CUST06027,87,10,466596.9,4,5,5,14,Champions,46659.69
CUST06028,189,5,168470.6,2,3,3,8,At Risk,33694.12
CUST06029,40,3,35017.7,5,2,1,8,Potential Loyalists,11672.566666666666
CUST06030,232,3,74811.6,2,2,1,5,Lost Customers,24937.2
CUST06031,503,3,71921.4,1,2,1,4,Lost Customers,23973.8
CUST06032,51,4,292565.89999999997,4,2,4,10,Potential Loyalists,73141.47499999999
CUST06033,116,5,478751.5,3,3,5,11,Others,95750.3
CUST06034,306,6,339655.1,1,4,5,10,At Risk,56609.18333333333
CUST06035,14,3,30523.0,5,2,1,8,Potential Loyalists,10174.333333333334
CUST06036,31,6,295230.7,5,4,4,13,Champions,49205.11666666667
CUST06037,253,3,173568.09999999998,2,2,3,7,Lost Customers,57856.033333333326
CUST06038,14,8,410831.35000000003,5,5,5,15,Champions,51353.918750000004
CUST06039,5,3,154893.0,5,2,3,10,Potential Loyalists,51631.0
CUST06040,301,3,158485.7,1,2,3,6,Lost Customers,52828.56666666667
CUST06041,28,4,105817.95,5,2,2,9,Potential Loyalists,26454.4875
CUST06042,222,2,170173.55,2,1,3,6,Lost Customers,85086.775
CUST06043,237,3,100863.79999999999,2,2,2,6,Lost Customers,33621.26666666666
CUST06044,67,4,55129.95,4,2,1,7,Potential Loyalists,13782.4875
CUST06045,575,3,148814.6,1,2,3,6,Lost Customers,49604.86666666667
CUST06046,278,3,39082.9,2,2,1,5,Lost Customers,13027.633333333333
CUST06047,94,9,226619.9,4,5,4,13,Champions,25179.98888888889
CUST06048,162,5,203527.95,3,3,3,9,Others,40705.590000000004
CUST06049,117,12,793228.45,3,5,5,13,Loyal Customers,66102.37083333333
CUST06050,150,6,161869.25,3,4,3,10,Loyal Customers,26978.208333333332
CUST06051,319,5,101293.20000000001,1,3,2,6,Others,20258.640000000003
CUST06052,284,8,305913.7,2,5,4,11,At Risk,38239.2125
CUST06053,740,2,32135.1,1,1,1,3,Lost Customers,16067.55
CUST06054,689,3,72969.75,1,2,1,4,Lost Customers,24323.25
CUST06055,418,1,22328.8,1,1,1,3,Lost Customers,22328.8
CUST06056,72,4,59554.85,4,2,1,7,Potential Loyalists,14888.7125
CUST06057,203,4,82607.2,2,2,2,6,Lost Customers,20651.8
CUST06058,34,9,436749.89999999997,5,5,5,15,Champions,48527.76666666666
CUST06059,295,6,193819.15,1,4,3,8,At Risk,32303.191666666666
CUST06060,72,2,59028.4,4,1,1,6,Others,29514.2
CUST06061,266,4,214818.2,2,2,4,8,Lost Customers,53704.55
CUST06062,364,3,216872.6,1,2,4,7,Lost Customers,72290.86666666667
CUST06063,454,3,73381.05,1,2,1,4,Lost Customers,24460.350000000002
CUST06064,30,9,381854.4,5,5,5,15,Champions,42428.26666666667
CUST06065,61,3,207280.8,4,2,3,9,Potential Loyalists,69093.59999999999
CUST06066,40,11,501318.75,5,5,5,15,Champions,45574.431818181816
CUST06067,77,6,87166.45,4,4,2,10,Loyal Customers,14527.741666666667
CUST06068,32,5,409185.1,5,3,5,13,Potential Loyalists,81837.01999999999
CUST06069,32,9,322568.4,5,5,5,15,Champions,35840.933333333334
CUST06070,11,7,338228.35,5,5,5,15,Champions,48318.33571428571
CUST06071,79,6,141874.55,4,4,3,11,Loyal Customers,23645.75833333333
CUST06072,316,7,247091.4,1,5,4,10,At Risk,35298.771428571425
CUST06073,208,4,119176.9,2,2,2,6,Lost Customers,29794.225
CUST06074,7,3,56252.700000000004,5,2,1,8,Potential Loyalists,18750.9
CUST06075,81,10,288423.75,4,5,4,13,Champions,28842.375
CUST06076,47,5,171282.35,4,3,3,10,Potential Loyalists,34256.47
CUST06077,13,5,169458.0,5,3,3,11,Potential Loyalists,33891.6
CUST06078,186,9,315027.65,2,5,4,11,At Risk,35003.072222222225
CUST06079,44,6,211221.7,4,4,4,12,Champions,35203.61666666667
CUST06080,521,4,104164.3,1,2,2,5,Lost Customers,26041.075
CUST06081,366,2,100780.25,1,1,2,4,Lost Customers,50390.125
CUST06082,53,11,430463.0,4,5,5,14,Champions,39133.0
CUST06083,94,5,151412.8,4,3,3,10,Potential Loyalists,30282.559999999998
CUST06084,369,4,78579.6,1,2,2,5,Lost Customers,19644.9
CUST06085,84,7,267422.95,4,5,4,13,Champions,38203.27857142857
CUST06086,626,2,42113.35,1,1,1,3,Lost Customers,21056.675
CUST06087,625,3,116012.09999999999,1,2,2,5,Lost Customers,38670.7
CUST06088,277,9,343338.95,2,5,5,12,At Risk,38148.77222222222
CUST06089,135,5,84527.5,3,3,2,8,Others,16905.5
CUST06090,594,3,93517.40000000001,1,2,2,5,Lost Customers,31172.46666666667
CUST06091,84,6,157614.9,4,4,3,11,Loyal Customers,26269.149999999998
CUST06092,110,2,139726.8,3,1,3,7,Others,69863.4
CUST06093,54,7,658258.75,4,5,5,14,Champions,94036.96428571429
CUST06094,201,7,144143.75,2,5,3,10,At Risk,20591.964285714286
CUST06095,50,7,280570.15,4,5,4,13,Champions,40081.450000000004
CUST06096,49,6,460474.3,4,4,5,13,Champions,76745.71666666666
CUST06097,25,5,127062.75,5,3,2,10,Potential Loyalists,25412.55
CUST06098,7,10,597433.8500000001,5,5,5,15,Champions,59743.38500000001
CUST06099,161,2,46543.0,3,1,1,5,Others,23271.5
CUST06100,629,1,96539.6,1,1,2,4,Lost Customers,96539.6
CUST06101,217,8,475649.3,2,5,5,12,At Risk,59456.1625
CUST06102,416,3,129183.0,1,2,2,5,Lost Customers,43061.0
CUST06103,58,9,141963.15,4,5,3,12,Loyal Customers,15773.683333333332
CUST06104,133,6,78307.0,3,4,2,9,Loyal Customers,13051.166666666666
CUST06105,370,4,118655.95,1,2,2,5,Lost Customers,29663.9875
CUST06106,349,4,170161.09999999998,1,2,3,6,Lost Customers,42540.274999999994
CUST06107,78,8,172172.19999999998,4,5,3,12,Loyal Customers,21521.524999999998
CUST06108,424,2,206829.9,1,1,3,5,Lost Customers,103414.95
CUST06109,96,5,177286.4,3,3,3,9,Others,35457.28
CUST06110,52,3,234483.59999999998,4,2,4,10,Potential Loyalists,78161.2
CUST06111,68,3,56374.9,4,2,1,7,Potential Loyalists,18791.633333333335
CUST06112,256,5,171890.25,2,3,3,8,At Risk,34378.05
CUST06113,832,1,63436.0,1,1,1,3,Lost Customers,63436.0
CUST06114,275,3,35796.0,2,2,1,5,Lost Customers,11932.0
CUST06115,392,4,105952.35,1,2,2,5,Lost Customers,26488.0875
CUST06116,1,8,234287.9,5,5,4,14,Champions,29285.9875
CUST06117,155,5,197110.95,3,3,3,9,Others,39422.19
CUST06118,33,5,249649.45,5,3,4,12,Potential Loyalists,49929.89
CUST06120,260,4,66148.3,2,2,1,5,Lost Customers,16537.075
CUST06121,237,5,26706.7,2,3,1,6,Others,5341.34
CUST06122,40,3,14253.3,5,2,1,8,Potential Loyalists,4751.099999999999
CUST06123,585,2,17930.8,1,1,1,3,Lost Customers,8965.4
CUST06124,200,4,36033.45,2,2,1,5,Lost Customers,9008.3625
CUST06125,10,3,64130.100000000006,5,2,1,8,Potential Loyalists,21376.7
CUST06126,93,3,50376.05,4,2,1,7,Potential Loyalists,16792.016666666666
CUST06127,69,3,93513.5,4,2,2,8,Potential Loyalists,31171.166666666668
CUST06128,331,4,298684.25,1,2,4,7,Lost Customers,74671.0625
CUST06129,197,4,127520.4,2,2,2,6,Lost Customers,31880.1
CUST06130,237,3,200360.15,2,2,3,7,Lost Customers,66786.71666666666
CUST06131,93,2,359829.5,4,1,5,10,Others,179914.75
CUST06132,382,5,596916.55,1,3,5,9,At Risk,119383.31000000001
CUST06133,421,3,339892.4,1,2,5,8,Lost Customers,113297.46666666667
CUST06134,321,5,171551.0,1,3,3,7,At Risk,34310.2
CUST06135,132,7,179482.9,3,5,3,11,Loyal Customers,25640.414285714283
CUST06136,367,4,93461.45,1,2,2,5,Lost Customers,23365.3625
CUST06137,169,7,260456.34999999998,3,5,4,12,Loyal Customers,37208.049999999996
CUST06138,83,4,284366.85,4,2,4,10,Potential Loyalists,71091.7125
CUST06139,21,2,30152.9,5,1,1,7,Others,15076.45
CUST06140,474,3,95820.85,1,2,2,5,Lost Customers,31940.283333333336
CUST06141,205,6,347318.15,2,4,5,11,At Risk,57886.35833333334
CUST06142,90,10,504272.4,4,5,5,14,Champions,50427.240000000005
CUST06143,65,2,19339.65,4,1,1,6,Others,9669.825
CUST06144,242,4,120991.5,2,2,2,6,Lost Customers,30247.875
CUST06145,360,3,32372.7,1,2,1,4,Lost Customers,10790.9
CUST06146,4,8,198627.4,5,5,3,13,Loyal Customers,24828.425
CUST06147,294,5,293597.5,1,3,4,8,At Risk,58719.5
CUST06148,30,6,355998.5,5,4,5,14,Champions,59333.083333333336
CUST06149,84,6,224247.75,4,4,4,12,Champions,37374.625
CUST06150,150,8,524571.85,3,5,5,13,Loyal Customers,65571.48125
CUST06151,414,2,2860.2,1,1,1,3,Lost Customers,1430.1
CUST06152,334,8,364318.0,1,5,5,11,At Risk,45539.75
CUST06153,8,5,413150.0,5,3,5,13,Potential Loyalists,82630.0
CUST06154,112,3,184440.9,3,2,3,8,Others,61480.299999999996
CUST06155,115,3,56273.35,3,2,1,6,Others,18757.783333333333
CUST06156,130,8,375559.05,3,5,5,13,Loyal Customers,46944.88125
CUST06157,80,4,45172.8,4,2,1,7,Potential Loyalists,11293.2
CUST06158,161,4,58851.799999999996,3,2,1,6,Others,14712.949999999999
CUST06159,76,3,5748.9,4,2,1,7,Potential Loyalists,1916.3
CUST06160,152,5,125196.95000000001,3,3,2,8,Others,25039.390000000003
CUST06161,371,3,78186.59999999999,1,2,2,5,Lost Customers,26062.199999999997
CUST06162,35,10,271648.60000000003,5,5,4,14,Champions,27164.860000000004
CUST06163,498,1,28097.6,1,1,1,3,Lost Customers,28097.6
CUST06164,165,5,87679.04999999999,3,3,2,8,Others,17535.809999999998
CUST06165,68,4,257821.0,4,2,4,10,Potential Loyalists,64455.25
CUST06166,260,1,7300.8,2,1,1,4,Lost Customers,7300.8
CUST06167,35,6,60801.799999999996,5,4,1,10,Loyal Customers,10133.633333333333
CUST06168,346,1,88042.2,1,1,2,4,Lost Customers,88042.2
CUST06169,226,6,321918.15,2,4,5,11,At Risk,53653.025
CUST06170,49,3,135588.8,4,2,2,8,Potential Loyalists,45196.26666666666
CUST06171,69,9,167668.5,4,5,3,12,Loyal Customers,18629.833333333332
CUST06172,151,2,6112.0,3,1,1,5,Others,3056.0
CUST06173,174,4,178397.4,2,2,3,7,Lost Customers,44599.35
CUST06174,163,3,83621.5,3,2,2,7,Others,27873.833333333332
CUST06176,68,2,70012.25,4,1,1,6,Others,35006.125
CUST06177,142,5,114418.35,3,3,2,8,Others,22883.670000000002
CUST06178,350,1,21808.8,1,1,1,3,Lost Customers,21808.8
CUST06179,308,6,252645.7,1,4,4,9,At Risk,42107.61666666667
CUST06180,76,6,129870.59999999999,4,4,2,10,Loyal Customers,21645.1
CUST06181,25,8,331024.39999999997,5,5,5,15,Champions,41378.049999999996
CUST06182,686,2,72173.6,1,1,1,3,Lost Customers,36086.8
CUST06183,256,4,69102.2,2,2,1,5,Lost Customers,17275.55
CUST06184,203,8,412876.45,2,5,5,12,At Risk,51609.55625
CUST06185,85,7,227284.1,4,5,4,13,Champions,32469.157142857144
CUST06186,411,2,67534.0,1,1,1,3,Lost Customers,33767.0
CUST06187,51,5,201188.35,4,3,3,10,Potential Loyalists,40237.67
CUST06188,9,7,280616.85,5,5,4,14,Champions,40088.12142857142
CUST06189,24,6,247787.7,5,4,4,13,Champions,41297.950000000004
CUST06190,19,7,670558.15,5,5,5,15,Champions,95794.02142857143
CUST06191,3,6,415671.15,5,4,5,14,Champions,69278.52500000001
CUST06192,376,5,165723.6,1,3,3,7,At Risk,33144.72
CUST06193,6,4,52931.4,5,2,1,8,Potential Loyalists,13232.85
CUST06194,87,6,242844.95,4,4,4,12,Champions,40474.15833333333
CUST06195,870,1,68041.8,1,1,1,3,Lost Customers,68041.8
CUST06196,25,8,408011.9,5,5,5,15,Champions,51001.4875
CUST06197,221,4,293214.8,2,2,4,8,Lost Customers,73303.7
CUST06198,277,5,152283.45,2,3,3,8,At Risk,30456.690000000002
CUST06199,131,4,323583.3,3,2,5,10,Others,80895.825
CUST06200,60,7,184284.85,4,5,3,12,Loyal Customers,26326.407142857144
CUST06201,263,5,56703.35,2,3,1,6,Others,11340.67
CUST06202,15,7,487991.25,5,5,5,15,Champions,69713.03571428571
CUST06203,37,1,36897.0,5,1,1,7,Others,36897.0
CUST06204,32,3,232959.45,5,2,4,11,Potential Loyalists,77653.15000000001
CUST06205,51,7,455843.05,4,5,5,14,Champions,65120.43571428571
CUST06206,355,3,279381.6,1,2,4,7,Lost Customers,93127.2
CUST06207,169,2,47554.1,3,1,1,5,Others,23777.05
CUST06208,166,6,128848.0,3,4,2,9,Loyal Customers,21474.666666666668
CUST06209,366,3,171460.95,1,2,3,6,Lost Customers,57153.65
CUST06210,71,4,92239.1,4,2,2,8,Potential Loyalists,23059.775
CUST06211,4,8,171618.9,5,5,3,13,Loyal Customers,21452.3625
CUST06212,48,5,339443.2,4,3,5,12,Potential Loyalists,67888.64
CUST06213,428,1,305428.8,1,1,4,6,Lost Customers,305428.8
CUST06214,7,10,518838.1,5,5,5,15,Champions,51883.81
CUST06215,2,8,399365.95,5,5,5,15,Champions,49920.74375
CUST06216,564,3,83105.45,1,2,2,5,Lost Customers,27701.816666666666
CUST06217,131,8,225358.65000000002,3,5,4,12,Loyal Customers,28169.831250000003
CUST06218,22,3,74563.3,5,2,1,8,Potential Loyalists,24854.433333333334
CUST06219,72,6,43720.55,4,4,1,9,Loyal Customers,7286.758333333334
CUST06220,242,5,521845.85,2,3,5,10,At Risk,104369.17
CUST06221,51,7,150942.2,4,5,3,12,Loyal Customers,21563.17142857143
CUST06222,287,4,292888.55,2,2,4,8,Lost Customers,73222.1375
CUST06223,246,3,65970.05,2,2,1,5,Lost Customers,21990.016666666666
CUST06224,5,5,111451.8,5,3,2,10,Potential Loyalists,22290.36
CUST06225,636,1,10032.3,1,1,1,3,Lost Customers,10032.3
CUST06226,89,6,563353.25,4,4,5,13,Champions,93892.20833333333
CUST06227,23,4,169998.9,5,2,3,10,Potential Loyalists,42499.725
CUST06228,99,8,164698.2,3,5,3,11,Loyal Customers,20587.275
CUST06229,31,4,184963.9,5,2,3,10,Potential Loyalists,46240.975
CUST06230,85,5,68210.5,4,3,1,8,Potential Loyalists,13642.1
CUST06231,56,3,16303.2,4,2,1,7,Potential Loyalists,5434.400000000001
CUST06232,116,5,88865.7,3,3,2,8,Others,17773.14
CUST06233,36,6,240956.9,5,4,4,13,Champions,40159.48333333333
CUST06234,244,6,190167.2,2,4,3,9,At Risk,31694.533333333336
CUST06235,25,5,140169.05,5,3,3,11,Potential Loyalists,28033.809999999998
CUST06236,257,5,183169.8,2,3,3,8,At Risk,36633.96
CUST06237,27,2,19995.45,5,1,1,7,Others,9997.725
CUST06238,267,5,194130.5,2,3,3,8,At Risk,38826.1
CUST06239,688,2,12900.4,1,1,1,3,Lost Customers,6450.2
CUST06240,302,3,110841.7,1,2,2,5,Lost Customers,36947.23333333333
CUST06241,43,7,514606.9,4,5,5,14,Champions,73515.27142857143
CUST06242,530,3,19780.0,1,2,1,4,Lost Customers,6593.333333333333
CUST06243,663,2,65643.95,1,1,1,3,Lost Customers,32821.975
CUST06244,149,6,40938.15,3,4,1,8,Loyal Customers,6823.025000000001
CUST06245,14,5,62111.85,5,3,1,9,Potential Loyalists,12422.369999999999
CUST06246,286,6,353428.55,2,4,5,11,At Risk,58904.75833333333
CUST06247,105,7,475169.3,3,5,5,13,Loyal Customers,67881.32857142857
CUST06248,84,7,558251.2,4,5,5,14,Champions,79750.17142857143
CUST06249,99,3,81845.95,3,2,2,7,Others,27281.983333333334
CUST06250,89,4,80369.65,4,2,2,8,Potential Loyalists,20092.4125
CUST06251,228,4,89574.85,2,2,2,6,Lost Customers,22393.7125
CUST06252,49,6,531694.15,4,4,5,13,Champions,88615.69166666667
CUST06253,48,2,36041.7,4,1,1,6,Others,18020.85
CUST06254,150,2,143709.8,3,1,3,7,Others,71854.9
CUST06255,152,7,471572.2,3,5,5,13,Loyal Customers,67367.45714285715
CUST06256,147,7,277882.4,3,5,4,12,Loyal Customers,39697.485714285714
CUST06257,176,4,57851.7,2,2,1,5,Lost Customers,14462.925
CUST06258,497,1,8188.0,1,1,1,3,Lost Customers,8188.0
CUST06259,85,6,264567.9,4,4,4,12,Champions,44094.65
CUST06260,814,1,12870.4,1,1,1,3,Lost Customers,12870.4
CUST06261,342,6,505361.6,1,4,5,10,At Risk,84226.93333333333
CUST06262,483,9,99974.4,1,5,2,8,Others,11108.266666666666
CUST06263,76,4,299241.2,4,2,4,10,Potential Loyalists,74810.3
CUST06264,49,4,90761.55,4,2,2,8,Potential Loyalists,22690.3875
CUST06265,110,6,55217.2,3,4,1,8,Loyal Customers,9202.866666666667
CUST06266,246,2,40260.8,2,1,1,4,Lost Customers,20130.4
CUST06267,109,9,456185.1,3,5,5,13,Loyal Customers,50687.23333333333
CUST06268,104,6,566238.1,3,4,5,12,Loyal Customers,94373.01666666666
CUST06269,50,10,397648.19999999995,4,5,5,14,Champions,39764.81999999999
CUST06270,4,6,286964.85,5,4,4,13,Champions,47827.475
CUST06271,85,4,187162.65,4,2,3,9,Potential Loyalists,46790.6625
CUST06272,72,6,40220.0,4,4,1,9,Loyal Customers,6703.333333333333
CUST06273,37,3,265756.65,5,2,4,11,Potential Loyalists,88585.55
CUST06274,456,2,61440.8,1,1,1,3,Lost Customers,30720.4
CUST06275,50,6,156124.15,4,4,3,11,Loyal Customers,26020.691666666666
CUST06276,283,2,21355.5,2,1,1,4,Lost Customers,10677.75
CUST06277,279,6,175237.9,2,4,3,9,At Risk,29206.316666666666
CUST06278,299,3,45231.0,1,2,1,4,Lost Customers,15077.0
CUST06279,145,4,82524.25,3,2,2,7,Others,20631.0625
CUST06280,214,6,299746.7,2,4,4,10,At Risk,49957.78333333333
CUST06281,37,6,352529.3,5,4,5,14,Champions,58754.88333333333
CUST06282,109,4,64581.95,3,2,1,6,Others,16145.4875
CUST06283,111,9,419331.35000000003,3,5,5,13,Loyal Customers,46592.37222222223
CUST06284,15,9,436228.85,5,5,5,15,Champions,48469.87222222222
CUST06285,239,8,371494.9,2,5,5,12,At Risk,46436.8625
CUST06286,343,2,78591.9,1,1,2,4,Lost Customers,39295.95
CUST06287,424,4,84473.29999999999,1,2,2,5,Lost Customers,21118.324999999997
CUST06288,31,6,164283.8,5,4,3,12,Loyal Customers,27380.63333333333
CUST06289,40,4,124383.5,5,2,2,9,Potential Loyalists,31095.875
CUST06290,326,4,214487.4,1,2,4,7,Lost Customers,53621.85
CUST06291,294,6,181879.15000000002,1,4,3,8,At Risk,30313.19166666667
CUST06292,46,15,503631.3,4,5,5,14,Champions,33575.42
CUST06293,74,4,517051.9,4,2,5,11,Potential Loyalists,129262.975
CUST06294,532,2,55280.35,1,1,1,3,Lost Customers,27640.175
CUST06295,67,9,640140.15,4,5,5,14,Champions,71126.68333333333
CUST06296,426,2,9528.7,1,1,1,3,Lost Customers,4764.35
CUST06297,32,1,85215.95,5,1,2,8,Others,85215.95
CUST06298,10,4,83585.1,5,2,2,9,Potential Loyalists,20896.275
CUST06299,64,3,119090.2,4,2,2,8,Potential Loyalists,39696.73333333333
CUST06300,284,3,80082.45,2,2,2,6,Lost Customers,26694.149999999998
CUST06301,419,3,66047.3,1,2,1,4,Lost Customers,22015.766666666666
CUST06302,226,6,357231.14999999997,2,4,5,11,At Risk,59538.524999999994
CUST06303,97,5,107562.2,3,3,2,8,Others,21512.44
CUST06304,23,6,421211.9,5,4,5,14,Champions,70201.98333333334
CUST06305,155,10,404414.1,3,5,5,13,Loyal Customers,40441.409999999996
CUST06306,268,3,195526.8,2,2,3,7,Lost Customers,65175.6
CUST06307,201,8,107732.25,2,5,2,9,Others,13466.53125
CUST06308,34,10,341359.15,5,5,5,15,Champions,34135.915
CUST06309,173,5,149801.9,2,3,3,8,At Risk,29960.379999999997
CUST06310,66,4,300174.25,4,2,4,10,Potential Loyalists,75043.5625
CUST06311,442,4,112791.8,1,2,2,5,Lost Customers,28197.95
CUST06312,24,4,229400.6,5,2,4,11,Potential Loyalists,57350.15
CUST06313,137,5,794644.7,3,3,5,11,Others,158928.94
CUST06314,261,7,451689.85,2,5,5,12,At Risk,64527.12142857142
CUST06315,253,6,189767.9,2,4,3,9,At Risk,31627.983333333334
CUST06316,14,6,335452.4,5,4,5,14,Champions,55908.73333333334
CUST06317,526,5,190684.05,1,3,3,7,At Risk,38136.81
CUST06318,331,2,6240.0,1,1,1,3,Lost Customers,3120.0
CUST06319,7,8,320938.55,5,5,5,15,Champions,40117.31875
CUST06320,134,11,342559.2,3,5,5,13,Loyal Customers,31141.745454545457
CUST06321,34,6,117789.45000000001,5,4,2,11,Loyal Customers,19631.575
CUST06322,109,5,41145.4,3,3,1,7,Others,8229.08
CUST06323,60,6,289647.8,4,4,4,12,Champions,48274.63333333333
CUST06324,221,6,193546.6,2,4,3,9,At Risk,32257.766666666666
CUST06325,53,4,206236.25,4,2,3,9,Potential Loyalists,51559.0625
CUST06326,99,4,23587.8,3,2,1,6,Others,5896.95
CUST06327,69,9,427653.3,4,5,5,14,Champions,47517.03333333333
CUST06328,826,1,37551.0,1,1,1,3,Lost Customers,37551.0
CUST06329,355,4,49368.100000000006,1,2,1,4,Lost Customers,12342.025000000001
CUST06330,1,3,22312.45,5,2,1,8,Potential Loyalists,7437.483333333334
CUST06331,293,4,85283.4,1,2,2,5,Lost Customers,21320.85
CUST06332,132,5,90656.4,3,3,2,8,Others,18131.28
CUST06333,11,6,184666.05,5,4,3,12,Loyal Customers,30777.675
CUST06334,81,3,67545.25,4,2,1,7,Potential Loyalists,22515.083333333332
CUST06335,54,7,200009.55,4,5,3,12,Loyal Customers,28572.792857142857
CUST06336,170,6,526894.0,2,4,5,11,At Risk,87815.66666666667
CUST06337,151,2,136803.75,3,1,2,6,Others,68401.875
CUST06338,609,5,153788.0,1,3,3,7,At Risk,30757.6
CUST06339,131,7,647954.2,3,5,5,13,Loyal Customers,92564.8857142857
CUST06340,37,5,61621.649999999994,5,3,1,9,Potential Loyalists,12324.329999999998
CUST06341,245,2,75459.5,2,1,1,4,Lost Customers,37729.75
CUST06342,751,1,319124.0,1,1,4,6,Lost Customers,319124.0
CUST06343,186,5,134570.0,2,3,2,7,Others,26914.0
CUST06344,29,7,352932.65,5,5,5,15,Champions,50418.950000000004
CUST06345,8,4,176191.15000000002,5,2,3,10,Potential Loyalists,44047.787500000006
CUST06346,261,4,112888.59999999999,2,2,2,6,Lost Customers,28222.149999999998
CUST06347,42,4,53001.8,4,2,1,7,Potential Loyalists,13250.45
CUST06348,192,4,147591.2,2,2,3,7,Lost Customers,36897.8
CUST06349,1,8,152138.2,5,5,3,13,Loyal Customers,19017.275
CUST06350,296,5,96489.1,1,3,2,6,Others,19297.82
CUST06351,68,4,91184.8,4,2,2,8,Potential Loyalists,22796.2
CUST06352,99,4,564186.8,3,2,5,10,Others,141046.7
CUST06353,18,5,331813.89999999997,5,3,5,13,Potential Loyalists,66362.78
CUST06354,21,3,226379.5,5,2,4,11,Potential Loyalists,75459.83333333333
CUST06355,188,8,239732.25,2,5,4,11,At Risk,29966.53125
CUST06356,250,2,27464.6,2,1,1,4,Lost Customers,13732.3
CUST06357,67,4,176761.35,4,2,3,9,Potential Loyalists,44190.3375
CUST06358,206,6,211260.0,2,4,4,10,At Risk,35210.0
CUST06359,46,6,191838.05,4,4,3,11,Loyal Customers,31973.00833333333
CUST06360,130,7,269686.35,3,5,4,12,Loyal Customers,38526.62142857142
CUST06361,59,7,136553.45,4,5,2,11,Loyal Customers,19507.635714285716
CUST06362,126,5,175612.05,3,3,3,9,Others,35122.409999999996
CUST06363,252,5,601128.9,2,3,5,10,At Risk,120225.78
CUST06364,256,9,426732.75,2,5,5,12,At Risk,47414.75
CUST06365,36,7,266292.4,5,5,4,14,Champions,38041.77142857143
CUST06366,252,5,225498.85,2,3,4,9,At Risk,45099.770000000004
CUST06367,395,3,316992.2,1,2,4,7,Lost Customers,105664.06666666667
CUST06368,421,6,435315.05,1,4,5,10,At Risk,72552.50833333333
CUST06369,388,6,414514.6,1,4,5,10,At Risk,69085.76666666666
CUST06370,28,6,225718.6,5,4,4,13,Champions,37619.76666666667
CUST06371,82,4,97902.49999999999,4,2,2,8,Potential Loyalists,24475.624999999996
CUST06372,823,1,66540.0,1,1,1,3,Lost Customers,66540.0
CUST06373,26,2,41154.9,5,1,1,7,Others,20577.45
CUST06374,243,7,192787.1,2,5,3,10,At Risk,27541.014285714286
CUST06375,116,4,146833.65,3,2,3,8,Others,36708.4125
CUST06376,46,4,111556.2,4,2,2,8,Potential Loyalists,27889.05
CUST06377,71,4,354623.3,4,2,5,11,Potential Loyalists,88655.825
CUST06378,410,1,8329.5,1,1,1,3,Lost Customers,8329.5
CUST06379,68,5,108179.65,4,3,2,9,Potential Loyalists,21635.93
CUST06380,169,2,117201.0,3,1,2,6,Others,58600.5
CUST06381,193,8,324874.75,2,5,5,12,At Risk,40609.34375
CUST06382,76,8,426355.3,4,5,5,14,Champions,53294.4125
CUST06383,785,4,41709.45,1,2,1,4,Lost Customers,10427.3625
CUST06384,39,6,215045.05,5,4,4,13,Champions,35840.84166666667
CUST06385,82,8,181334.4,4,5,3,12,Loyal Customers,22666.8
CUST06386,147,10,336577.35,3,5,5,13,Loyal Customers,33657.735
CUST06387,400,2,179874.9,1,1,3,5,Lost Customers,89937.45
CUST06388,131,5,136403.1,3,3,2,8,Others,27280.620000000003
CUST06389,85,11,430342.5,4,5,5,14,Champions,39122.045454545456
CUST06390,12,7,306197.75,5,5,4,14,Champions,43742.53571428572
CUST06391,265,5,483782.1,2,3,5,10,At Risk,96756.42
CUST06392,190,3,240843.0,2,2,4,8,Lost Customers,80281.0
CUST06393,227,7,165658.15000000002,2,5,3,10,At Risk,23665.450000000004
CUST06394,522,4,211813.2,1,2,4,7,Lost Customers,52953.3
CUST06395,348,6,357933.9,1,4,5,10,At Risk,59655.65
CUST06396,112,5,276328.85,3,3,4,10,Others,55265.77
CUST06397,120,4,180339.05,3,2,3,8,Others,45084.7625
CUST06398,762,3,31980.7,1,2,1,4,Lost Customers,10660.233333333334
CUST06399,28,8,288620.65,5,5,4,14,Champions,36077.58125
CUST06400,40,9,485975.19999999995,5,5,5,15,Champions,53997.24444444444
CUST06401,5,3,166488.3,5,2,3,10,Potential Loyalists,55496.1
CUST06402,267,2,29751.5,2,1,1,4,Lost Customers,14875.75
CUST06403,123,2,24907.55,3,1,1,5,Others,12453.775
CUST06404,114,7,71813.0,3,5,1,9,Loyal Customers,10259.0
CUST06405,36,3,57005.35,5,2,1,8,Potential Loyalists,19001.783333333333
CUST06406,716,2,30558.6,1,1,1,3,Lost Customers,15279.3
CUST06407,266,2,235820.55,2,1,4,7,Lost Customers,117910.275
CUST06408,48,3,32416.95,4,2,1,7,Potential Loyalists,10805.65
CUST06409,304,2,10003.2,1,1,1,3,Lost Customers,5001.6
CUST06410,386,3,241941.95,1,2,4,7,Lost Customers,80647.31666666667
CUST06411,87,5,124174.8,4,3,2,9,Potential Loyalists,24834.96
CUST06412,6,5,259175.3,5,3,4,12,Potential Loyalists,51835.06
CUST06413,82,4,46539.05,4,2,1,7,Potential Loyalists,11634.7625
CUST06414,119,10,748804.2,3,5,5,13,Loyal Customers,74880.42
CUST06415,334,4,368228.6,1,2,5,8,Lost Customers,92057.15
CUST06416,9,4,439750.35,5,2,5,12,Potential Loyalists,109937.5875
CUST06417,540,4,79874.95,1,2,2,5,Lost Customers,19968.7375
CUST06418,157,12,546079.0499999999,3,5,5,13,Loyal Customers,45506.587499999994
CUST06419,114,5,321889.85,3,3,5,11,Others,64377.969999999994
CUST06420,441,2,78470.1,1,1,2,4,Lost Customers,39235.05
CUST06421,53,7,59535.75,4,5,1,10,Loyal Customers,8505.107142857143
CUST06422,237,7,239015.8,2,5,4,11,At Risk,34145.114285714284
CUST06423,117,6,141892.0,3,4,3,10,Loyal Customers,23648.666666666668
CUST06424,190,5,585901.5,2,3,5,10,At Risk,117180.3
CUST06425,151,6,166559.55,3,4,3,10,Loyal Customers,27759.925
CUST06426,150,1,20429.75,3,1,1,5,Others,20429.75
CUST06427,99,6,903100.35,3,4,5,12,Loyal Customers,150516.725
CUST06428,1,10,474002.7,5,5,5,15,Champions,47400.270000000004
CUST06429,122,6,272150.1,3,4,4,11,Loyal Customers,45358.35
CUST06430,110,3,203752.0,3,2,3,8,Others,67917.33333333333
CUST06431,48,9,756596.65,4,5,5,14,Champions,84066.29444444444
CUST06432,116,6,19670.15,3,4,1,8,Loyal Customers,3278.3583333333336
CUST06433,388,2,66013.9,1,1,1,3,Lost Customers,33006.95
CUST06434,468,2,4363.5,1,1,1,3,Lost Customers,2181.75
CUST06435,85,6,146602.6,4,4,3,11,Loyal Customers,24433.766666666666
CUST06436,48,7,175721.05,4,5,3,12,Loyal Customers,25103.007142857143
CUST06437,103,7,82248.25,3,5,2,10,Loyal Customers,11749.75
CUST06438,16,7,396485.9,5,5,5,15,Champions,56640.84285714286
CUST06439,16,5,247092.25,5,3,4,12,Potential Loyalists,49418.45
CUST06440,198,5,68888.75,2,3,1,6,Others,13777.75
CUST06441,47,8,255680.0,4,5,4,13,Champions,31960.0
CUST06442,53,4,79841.4,4,2,2,8,Potential Loyalists,19960.35
CUST06443,23,10,187024.8,5,5,3,13,Loyal Customers,18702.48
CUST06444,19,5,235051.94999999998,5,3,4,12,Potential Loyalists,47010.39
CUST06445,61,4,83008.4,4,2,2,8,Potential Loyalists,20752.1
CUST06446,275,3,50732.75,2,2,1,5,Lost Customers,16910.916666666668
CUST06447,21,4,137442.6,5,2,2,9,Potential Loyalists,34360.65
CUST06448,338,3,121445.65000000001,1,2,2,5,Lost Customers,40481.88333333334
CUST06449,324,4,278566.5,1,2,4,7,Lost Customers,69641.625
CUST06450,438,3,71287.55,1,2,1,4,Lost Customers,23762.516666666666
CUST06451,52,3,150555.45,4,2,3,9,Potential Loyalists,50185.15
CUST06452,115,6,370021.4,3,4,5,12,Loyal Customers,61670.23333333334
CUST06453,204,3,17595.95,2,2,1,5,Lost Customers,5865.316666666667
CUST06454,200,3,79646.5,2,2,2,6,Lost Customers,26548.833333333332
CUST06455,28,6,146929.0,5,4,3,12,Loyal Customers,24488.166666666668
CUST06456,43,4,14399.9,4,2,1,7,Potential Loyalists,3599.975
CUST06457,311,4,82699.90000000001,1,2,2,5,Lost Customers,20674.975000000002
CUST06458,609,2,38107.3,1,1,1,3,Lost Customers,19053.65
CUST06459,28,9,235326.4,5,5,4,14,Champions,26147.377777777776
CUST06460,35,7,131886.55000000002,5,5,2,12,Loyal Customers,18840.935714285715
CUST06461,140,3,88266.2,3,2,2,7,Others,29422.066666666666
CUST06462,148,3,103855.4,3,2,2,7,Others,34618.46666666667
CUST06463,46,9,808779.2,4,5,5,14,Champions,89864.35555555555
CUST06464,6,8,252065.45,5,5,4,14,Champions,31508.18125
CUST06465,30,7,209288.35,5,5,3,13,Loyal Customers,29898.335714285717
CUST06466,144,5,335388.75,3,3,5,11,Others,67077.75
CUST06467,112,4,125490.2,3,2,2,7,Others,31372.55
CUST06468,87,4,409547.60000000003,4,2,5,11,Potential Loyalists,102386.90000000001
CUST06469,51,5,102597.85,4,3,2,9,Potential Loyalists,20519.57
CUST06470,175,3,49688.5,2,2,1,5,Lost Customers,16562.833333333332
CUST06471,182,5,493323.35,2,3,5,10,At Risk,98664.67
CUST06472,119,6,243749.0,3,4,4,11,Loyal Customers,40624.833333333336
CUST06473,235,6,127463.7,2,4,2,8,Others,21243.95
CUST06474,39,4,149203.7,5,2,3,10,Potential Loyalists,37300.925
CUST06475,44,5,103367.2,4,3,2,9,Potential Loyalists,20673.44
CUST06476,82,5,414988.8,4,3,5,12,Potential Loyalists,82997.76
CUST06477,247,3,25319.85,2,2,1,5,Lost Customers,8439.949999999999
CUST06478,73,6,236812.30000000002,4,4,4,12,Champions,39468.71666666667
CUST06479,483,3,159253.6,1,2,3,6,Lost Customers,53084.53333333333
CUST06480,60,6,200178.59999999998,4,4,3,11,Loyal Customers,33363.1
CUST06481,239,7,341070.39999999997,2,5,5,12,At Risk,48724.34285714285
CUST06482,149,5,178778.05,3,3,3,9,Others,35755.61
CUST06483,160,5,115817.15,3,3,2,8,Others,23163.43
CUST06484,3,5,40550.4,5,3,1,9,Potential Loyalists,8110.08
CUST06485,173,4,75585.0,2,2,1,5,Lost Customers,18896.25
CUST06486,9,4,312733.0,5,2,4,11,Potential Loyalists,78183.25
CUST06487,315,5,101749.20000000001,1,3,2,6,Others,20349.840000000004
CUST06488,192,7,243420.00000000003,2,5,4,11,At Risk,34774.28571428572
CUST06489,26,7,372586.85,5,5,5,15,Champions,53226.69285714285
CUST06490,10,5,338387.35,5,3,5,13,Potential Loyalists,67677.47
CUST06491,184,3,195708.55,2,2,3,7,Lost Customers,65236.18333333333
CUST06492,136,4,132854.0,3,2,2,7,Others,33213.5
CUST06493,363,5,207662.84999999998,1,3,3,7,At Risk,41532.56999999999
CUST06494,204,6,229800.85,2,4,4,10,At Risk,38300.14166666667
CUST06495,16,9,407936.7,5,5,5,15,Champions,45326.3
CUST06496,43,6,169607.05,4,4,3,11,Loyal Customers,28267.841666666664
CUST06497,265,2,249952.5,2,1,4,7,Lost Customers,124976.25
CUST06498,140,4,110271.95,3,2,2,7,Others,27567.9875
CUST06499,88,5,402711.35,4,3,5,12,Potential Loyalists,80542.26999999999
CUST06500,212,8,375905.0,2,5,5,12,At Risk,46988.125
CUST06501,47,4,18606.15,4,2,1,7,Potential Loyalists,4651.5375
CUST06502,395,4,93233.0,1,2,2,5,Lost Customers,23308.25
CUST06503,61,4,209319.0,4,2,3,9,Potential Loyalists,52329.75
CUST06504,801,1,169452.0,1,1,3,5,Lost Customers,169452.0
CUST06505,21,4,157195.95,5,2,3,10,Potential Loyalists,39298.9875
CUST06506,272,3,63366.2,2,2,1,5,Lost Customers,21122.066666666666
CUST06507,71,3,90441.7,4,2,2,8,Potential Loyalists,30147.233333333334
CUST06508,115,9,567715.1,3,5,5,13,Loyal Customers,63079.455555555556
CUST06509,17,5,88114.4,5,3,2,10,Potential Loyalists,17622.879999999997
CUST06510,193,5,213762.09999999998,2,3,4,9,At Risk,42752.42
CUST06511,420,6,227685.2,1,4,4,9,At Risk,37947.53333333333
CUST06512,322,6,117878.95,1,4,2,7,Others,19646.491666666665
CUST06513,108,7,606191.2,3,5,5,13,Loyal Customers,86598.74285714285
CUST06514,85,2,144727.5,4,1,3,8,Others,72363.75
CUST06515,243,5,131110.35,2,3,2,7,Others,26222.07
CUST06516,450,4,326813.25,1,2,5,8,Lost Customers,81703.3125
CUST06517,23,4,236578.75,5,2,4,11,Potential Loyalists,59144.6875
CUST06518,379,2,80565.4,1,1,2,4,Lost Customers,40282.7
CUST06519,108,5,206281.25,3,3,3,9,Others,41256.25
CUST06520,18,2,40979.05,5,1,1,7,Others,20489.525
CUST06521,129,5,272491.4,3,3,4,10,Others,54498.280000000006
CUST06522,436,2,74551.8,1,1,1,3,Lost Customers,37275.9
CUST06523,71,5,407409.85,4,3,5,12,Potential Loyalists,81481.97
CUST06524,64,5,173816.5,4,3,3,10,Potential Loyalists,34763.3
CUST06525,50,7,168758.15,4,5,3,12,Loyal Customers,24108.307142857142
CUST06526,185,5,106230.7,2,3,2,7,Others,21246.14
CUST06527,321,5,113979.84999999999,1,3,2,6,Others,22795.969999999998
CUST06528,700,2,207726.05000000002,1,1,3,5,Lost Customers,103863.02500000001
CUST06529,164,5,158790.44999999998,3,3,3,9,Others,31758.089999999997
CUST06530,540,2,161577.6,1,1,3,5,Lost Customers,80788.8
CUST06531,2,2,192993.7,5,1,3,9,Others,96496.85
CUST06532,21,5,91085.75,5,3,2,10,Potential Loyalists,18217.15
CUST06533,9,4,211837.85,5,2,4,11,Potential Loyalists,52959.4625
CUST06534,322,3,9257.0,1,2,1,4,Lost Customers,3085.6666666666665
CUST06535,115,4,71450.5,3,2,1,6,Others,17862.625
CUST06536,52,3,37856.1,4,2,1,7,Potential Loyalists,12618.699999999999
CUST06537,109,3,158399.1,3,2,3,8,Others,52799.700000000004
CUST06538,31,7,203421.94999999998,5,5,3,13,Loyal Customers,29060.278571428567
CUST06539,47,6,122398.45000000001,4,4,2,10,Loyal Customers,20399.74166666667
CUST06540,184,4,56880.5,2,2,1,5,Lost Customers,14220.125
CUST06541,244,4,93769.6,2,2,2,6,Lost Customers,23442.4
CUST06542,10,8,508851.35,5,5,5,15,Champions,63606.41875
CUST06543,17,9,472538.60000000003,5,5,5,15,Champions,52504.28888888889
CUST06544,347,8,574259.65,1,5,5,11,At Risk,71782.45625
CUST06545,41,5,237232.1,5,3,4,12,Potential Loyalists,47446.42
CUST06546,15,7,111719.5,5,5,2,12,Loyal Customers,15959.92857142857
CUST06547,333,3,158363.05,1,2,3,6,Lost Customers,52787.68333333333
CUST06548,836,1,55374.0,1,1,1,3,Lost Customers,55374.0
CUST06549,210,2,44099.0,2,1,1,4,Lost Customers,22049.5
CUST06551,157,3,257846.3,3,2,4,9,Others,85948.76666666666
CUST06552,642,4,125662.15,1,2,2,5,Lost Customers,31415.5375
CUST06553,239,4,191564.09999999998,2,2,3,7,Lost Customers,47891.024999999994
CUST06554,109,2,8228.3,3,1,1,5,Others,4114.15
CUST06555,379,1,18337.05,1,1,1,3,Lost Customers,18337.05
CUST06556,7,7,275152.15,5,5,4,14,Champions,39307.450000000004
CUST06557,129,1,1311.95,3,1,1,5,Others,1311.95
CUST06558,384,5,107310.2,1,3,2,6,Others,21462.04
CUST06559,466,4,57039.25,1,2,1,4,Lost Customers,14259.8125
CUST06560,381,4,294391.9,1,2,4,7,Lost Customers,73597.975
CUST06561,30,4,267905.1,5,2,4,11,Potential Loyalists,66976.275
CUST06562,152,7,128524.04999999999,3,5,2,10,Loyal Customers,18360.57857142857
CUST06563,297,6,122769.0,1,4,2,7,Others,20461.5
CUST06564,83,11,248776.59999999998,4,5,4,13,Champions,22616.054545454543
CUST06565,148,2,65682.05,3,1,1,5,Others,32841.025
CUST06566,83,5,98996.2,4,3,2,9,Potential Loyalists,19799.239999999998
CUST06567,118,7,324114.4,3,5,5,13,Loyal Customers,46302.05714285715
CUST06568,377,5,164429.3,1,3,3,7,At Risk,32885.86
CUST06569,86,7,178056.5,4,5,3,12,Loyal Customers,25436.64285714286
CUST06570,138,5,291666.3,3,3,4,10,Others,58333.259999999995
CUST06571,68,4,93278.2,4,2,2,8,Potential Loyalists,23319.55
CUST06572,235,5,66674.04999999999,2,3,1,6,Others,13334.809999999998
CUST06573,22,8,379700.85,5,5,5,15,Champions,47462.60625
CUST06574,363,5,84829.05,1,3,2,6,Others,16965.81
CUST06575,57,3,35878.85,4,2,1,7,Potential Loyalists,11959.616666666667
CUST06576,106,1,6707.0,3,1,1,5,Others,6707.0
CUST06577,45,4,74392.6,4,2,1,7,Potential Loyalists,18598.15
CUST06578,362,5,25716.899999999998,1,3,1,5,Others,5143.379999999999
CUST06579,46,5,397743.85,4,3,5,12,Potential Loyalists,79548.76999999999
CUST06580,222,5,272980.0,2,3,4,9,At Risk,54596.0
CUST06581,175,3,95671.2,2,2,2,6,Lost Customers,31890.399999999998
CUST06582,115,6,212760.05,3,4,4,11,Loyal Customers,35460.00833333333
CUST06583,289,4,336797.05,2,2,5,9,Lost Customers,84199.2625
CUST06584,120,3,31977.15,3,2,1,6,Others,10659.050000000001
CUST06585,80,5,271939.5,4,3,4,11,Potential Loyalists,54387.9
CUST06586,164,7,281563.25,3,5,4,12,Loyal Customers,40223.32142857143
CUST06587,6,3,118544.15,5,2,2,9,Potential Loyalists,39514.71666666667
CUST06588,217,7,640344.9,2,5,5,12,At Risk,91477.84285714287
CUST06589,163,10,244750.44999999998,3,5,4,12,Loyal Customers,24475.045
CUST06590,100,4,66773.2,3,2,1,6,Others,16693.3
CUST06591,114,6,555972.2,3,4,5,12,Loyal Customers,92662.03333333333
CUST06592,44,4,65266.2,4,2,1,7,Potential Loyalists,16316.55
CUST06593,168,7,292027.4,3,5,4,12,Loyal Customers,41718.200000000004
CUST06594,113,1,3888.0,3,1,1,5,Others,3888.0
CUST06595,15,6,185865.7,5,4,3,12,Loyal Customers,30977.61666666667
CUST06596,11,7,450725.25,5,5,5,15,Champions,64389.32142857143
CUST06597,91,4,328805.7,4,2,5,11,Potential Loyalists,82201.425
CUST06598,142,3,97055.7,3,2,2,7,Others,32351.899999999998
CUST06599,20,4,44207.8,5,2,1,8,Potential Loyalists,11051.95
CUST06600,62,10,736166.95,4,5,5,14,Champions,73616.69499999999
CUST06601,60,3,96254.45,4,2,2,8,Potential Loyalists,32084.816666666666
CUST06602,169,4,161237.4,3,2,3,8,Others,40309.35
CUST06603,633,2,180706.8,1,1,3,5,Lost Customers,90353.4
CUST06604,134,5,88829.7,3,3,2,8,Others,17765.94
CUST06605,114,4,462926.4,3,2,5,10,Others,115731.6
CUST06607,237,2,187856.25,2,1,3,6,Lost Customers,93928.125
CUST06608,154,4,170824.95,3,2,3,8,Others,42706.2375
CUST06609,539,3,283037.45,1,2,4,7,Lost Customers,94345.81666666667
CUST06610,300,3,113329.7,1,2,2,5,Lost Customers,37776.566666666666
CUST06611,40,3,65842.35,5,2,1,8,Potential Loyalists,21947.45
CUST06612,190,3,93057.9,2,2,2,6,Lost Customers,31019.3
CUST06613,100,4,195121.9,3,2,3,8,Others,48780.475
CUST06614,16,9,272218.4,5,5,4,14,Champions,30246.488888888893
CUST06615,227,5,496814.05,2,3,5,10,At Risk,99362.81
CUST06616,81,5,187300.7,4,3,3,10,Potential Loyalists,37460.14
CUST06617,319,7,538155.9,1,5,5,11,At Risk,76879.41428571429
CUST06619,15,6,218707.5,5,4,4,13,Champions,36451.25
CUST06620,61,7,213562.9,4,5,4,13,Champions,30508.985714285714
CUST06621,100,10,497574.3,3,5,5,13,Loyal Customers,49757.43
CUST06622,147,5,257847.2,3,3,4,10,Others,51569.44
CUST06623,48,5,73380.3,4,3,1,8,Potential Loyalists,14676.060000000001
CUST06624,137,6,485708.9,3,4,5,12,Loyal Customers,80951.48333333334
CUST06625,304,4,95252.05,1,2,2,5,Lost Customers,23813.0125
CUST06626,7,4,38647.9,5,2,1,8,Potential Loyalists,9661.975
CUST06627,304,6,311564.8,1,4,4,9,At Risk,51927.46666666667
CUST06628,421,2,58995.0,1,1,1,3,Lost Customers,29497.5
CUST06629,48,10,285433.0,4,5,4,13,Champions,28543.3
CUST06630,403,4,160398.65,1,2,3,6,Lost Customers,40099.6625
CUST06631,299,3,167177.95,1,2,3,6,Lost Customers,55725.98333333334
CUST06632,435,3,30704.5,1,2,1,4,Lost Customers,10234.833333333334
CUST06633,57,6,211496.25,4,4,4,12,Champions,35249.375
CUST06634,227,2,153131.7,2,1,3,6,Lost Customers,76565.85
CUST06635,580,4,451008.25,1,2,5,8,Lost Customers,112752.0625
CUST06636,185,4,140886.9,2,2,3,7,Lost Customers,35221.725
CUST06637,120,6,57501.85,3,4,1,8,Loyal Customers,9583.641666666666
CUST06638,77,5,557829.1000000001,4,3,5,12,Potential Loyalists,111565.82000000002
CUST06639,71,11,340601.05,4,5,5,14,Champions,30963.731818181815
CUST06640,128,6,381487.6,3,4,5,12,Loyal Customers,63581.26666666666
CUST06641,397,3,284775.8,1,2,4,7,Lost Customers,94925.26666666666
CUST06642,272,5,112408.54999999999,2,3,2,7,Others,22481.71
CUST06643,19,6,123156.35,5,4,2,11,Loyal Customers,20526.058333333334
CUST06644,160,4,166955.25,3,2,3,8,Others,41738.8125
CUST06645,96,7,107651.85,3,5,2,10,Loyal Customers,15378.835714285715
CUST06646,20,7,516053.35,5,5,5,15,Champions,73721.90714285713
CUST06647,383,1,1339.5,1,1,1,3,Lost Customers,1339.5
CUST06648,104,8,363535.0,3,5,5,13,Loyal Customers,45441.875
CUST06649,134,5,240299.95,3,3,4,10,Others,48059.990000000005
CUST06650,245,8,213367.75,2,5,4,11,At Risk,26670.96875
CUST06651,55,2,70105.75,4,1,1,6,Others,35052.875
CUST06652,199,7,322557.55,2,5,5,12,At Risk,46079.65
CUST06653,204,6,415092.65,2,4,5,11,At Risk,69182.10833333334
CUST06654,190,7,117504.35,2,5,2,9,Others,16786.335714285717
CUST06655,140,6,134625.9,3,4,2,9,Loyal Customers,22437.649999999998
CUST06656,494,3,234671.5,1,2,4,7,Lost Customers,78223.83333333333
CUST06657,443,1,2992.85,1,1,1,3,Lost Customers,2992.85
CUST06658,475,3,150461.59999999998,1,2,3,6,Lost Customers,50153.86666666666
CUST06659,85,5,366667.3,4,3,5,12,Potential Loyalists,73333.45999999999
CUST06660,39,4,228508.3,5,2,4,11,Potential Loyalists,57127.075
CUST06661,76,9,701157.4,4,5,5,14,Champions,77906.37777777779
CUST06662,115,5,184110.84999999998,3,3,3,9,Others,36822.17
CUST06663,14,6,99477.8,5,4,2,11,Loyal Customers,16579.633333333335
CUST06664,188,6,203315.55,2,4,3,9,At Risk,33885.924999999996
CUST06665,585,1,10757.6,1,1,1,3,Lost Customers,10757.6
CUST06666,228,3,212458.15,2,2,4,8,Lost Customers,70819.38333333333
CUST06667,69,5,271331.1,4,3,4,11,Potential Loyalists,54266.219999999994
CUST06668,196,7,598015.0,2,5,5,12,At Risk,85430.71428571429
CUST06669,26,2,29008.4,5,1,1,7,Others,14504.2
CUST06670,173,3,156089.25,2,2,3,7,Lost Customers,52029.75
CUST06671,118,6,106988.5,3,4,2,9,Loyal Customers,17831.416666666668
CUST06672,79,5,53172.5,4,3,1,8,Potential Loyalists,10634.5
CUST06673,213,5,57307.7,2,3,1,6,Others,11461.539999999999
CUST06674,227,4,299801.4,2,2,4,8,Lost Customers,74950.35
CUST06675,76,3,174880.25,4,2,3,9,Potential Loyalists,58293.416666666664
CUST06676,336,4,493731.6,1,2,5,8,Lost Customers,123432.9
CUST06677,84,4,143059.2,4,2,3,9,Potential Loyalists,35764.8
CUST06678,23,7,563149.7,5,5,5,15,Champions,80449.95714285714
CUST06679,13,6,367520.45,5,4,5,14,Champions,61253.40833333333
CUST06680,150,6,317144.55,3,4,4,11,Loyal Customers,52857.424999999996
CUST06681,184,5,178755.3,2,3,3,8,At Risk,35751.06
CUST06682,35,9,224002.25,5,5,4,14,Champions,24889.13888888889
CUST06683,127,5,244917.7,3,3,4,10,Others,48983.54
CUST06684,233,8,261616.35,2,5,4,11,At Risk,32702.04375
CUST06685,114,9,756190.6,3,5,5,13,Loyal Customers,84021.17777777778
CUST06686,188,4,421530.0,2,2,5,9,Lost Customers,105382.5
CUST06687,139,4,116906.15,3,2,2,7,Others,29226.5375
CUST06688,239,4,153870.59999999998,2,2,3,7,Lost Customers,38467.649999999994
CUST06689,444,3,199955.6,1,2,3,6,Lost Customers,66651.86666666667
CUST06690,194,5,224519.6,2,3,4,9,At Risk,44903.92
CUST06691,96,7,117058.65,3,5,2,10,Loyal Customers,16722.664285714283
CUST06692,609,1,57263.65,1,1,1,3,Lost Customers,57263.65
CUST06693,355,2,39111.65,1,1,1,3,Lost Customers,19555.825
CUST06694,59,6,510191.9,4,4,5,13,Champions,85031.98333333334
CUST06695,342,6,305293.25,1,4,4,9,At Risk,50882.208333333336
CUST06696,79,4,25644.1,4,2,1,7,Potential Loyalists,6411.025
CUST06697,138,5,210580.4,3,3,4,10,Others,42116.08
CUST06698,51,6,151291.0,4,4,3,11,Loyal Customers,25215.166666666668
CUST06699,248,6,196101.25,2,4,3,9,At Risk,32683.541666666668
CUST06700,394,2,44967.65,1,1,1,3,Lost Customers,22483.825
CUST06701,11,5,229102.6,5,3,4,12,Potential Loyalists,45820.520000000004
CUST06702,185,5,36033.35,2,3,1,6,Others,7206.67
CUST06703,194,6,175942.35,2,4,3,9,At Risk,29323.725000000002
CUST06704,103,4,90805.9,3,2,2,7,Others,22701.475
CUST06705,32,6,244633.2,5,4,4,13,Champions,40772.200000000004
CUST06706,89,5,195832.75,4,3,3,10,Potential Loyalists,39166.55
CUST06707,283,4,164870.19999999998,2,2,3,7,Lost Customers,41217.549999999996
CUST06708,141,5,99406.2,3,3,2,8,Others,19881.239999999998
CUST06709,128,3,148141.59999999998,3,2,3,8,Others,49380.533333333326
CUST06710,518,4,402798.65,1,2,5,8,Lost Customers,100699.6625
CUST06711,873,2,74806.45,1,1,1,3,Lost Customers,37403.225
CUST06712,250,6,186493.19999999998,2,4,3,9,At Risk,31082.199999999997
CUST06713,167,3,124808.25,3,2,2,7,Others,41602.75
CUST06714,228,8,267390.85,2,5,4,11,At Risk,33423.85625
CUST06715,14,7,109988.6,5,5,2,12,Loyal Customers,15712.657142857144
CUST06716,86,7,210844.45,4,5,4,13,Champions,30120.635714285716
CUST06717,43,8,282430.35,4,5,4,13,Champions,35303.79375
CUST06718,2,6,103938.95,5,4,2,11,Loyal Customers,17323.158333333333
CUST06719,11,3,52685.15,5,2,1,8,Potential Loyalists,17561.716666666667
CUST06720,15,8,321444.5,5,5,5,15,Champions,40180.5625
CUST06721,117,4,296043.8,3,2,4,9,Others,74010.95
CUST06722,203,3,44281.6,2,2,1,5,Lost Customers,14760.533333333333
CUST06723,5,8,233921.85,5,5,4,14,Champions,29240.23125
CUST06724,135,8,663687.4500000001,3,5,5,13,Loyal Customers,82960.93125000001
CUST06725,160,5,100636.7,3,3,2,8,Others,20127.34
CUST06726,115,7,637391.35,3,5,5,13,Loyal Customers,91055.90714285713
CUST06727,27,4,85078.94999999998,5,2,2,9,Potential Loyalists,21269.737499999996
CUST06728,28,5,240174.4,5,3,4,12,Potential Loyalists,48034.88
CUST06729,205,2,109253.2,2,1,2,5,Lost Customers,54626.6
CUST06730,428,4,12302.5,1,2,1,4,Lost Customers,3075.625
CUST06731,282,3,122550.4,2,2,2,6,Lost Customers,40850.13333333333
CUST06732,14,9,302685.25,5,5,4,14,Champions,33631.694444444445
CUST06733,54,9,297285.85,4,5,4,13,Champions,33031.76111111111
CUST06734,80,8,215535.15,4,5,4,13,Champions,26941.89375
CUST06735,12,8,222990.65,5,5,4,14,Champions,27873.83125
CUST06736,7,4,128266.40000000001,5,2,2,9,Potential Loyalists,32066.600000000002
CUST06737,215,6,141557.4,2,4,3,9,At Risk,23592.899999999998
CUST06738,693,2,4920.200000000001,1,1,1,3,Lost Customers,2460.1000000000004
CUST06739,442,3,27590.4,1,2,1,4,Lost Customers,9196.800000000001
CUST06740,350,5,146740.3,1,3,3,7,At Risk,29348.059999999998
CUST06741,34,8,153413.15,5,5,3,13,Loyal Customers,19176.64375
CUST06742,471,4,93839.9,1,2,2,5,Lost Customers,23459.975
CUST06743,74,6,201542.95,4,4,3,11,Loyal Customers,33590.49166666667
CUST06744,372,4,81117.2,1,2,2,5,Lost Customers,20279.3
CUST06745,91,5,105514.9,4,3,2,9,Potential Loyalists,21102.98
CUST06746,233,8,564029.9500000001,2,5,5,12,At Risk,70503.74375000001
CUST06747,190,4,110399.35,2,2,2,6,Lost Customers,27599.8375
CUST06748,9,5,82379.8,5,3,2,10,Potential Loyalists,16475.96
CUST06749,115,6,597791.6,3,4,5,12,Loyal Customers,99631.93333333333
CUST06750,5,8,332355.65,5,5,5,15,Champions,41544.45625
CUST06751,39,5,261723.45,5,3,4,12,Potential Loyalists,52344.69
CUST06752,89,4,59700.35,4,2,1,7,Potential Loyalists,14925.0875
CUST06753,210,5,316575.60000000003,2,3,4,9,At Risk,63315.12000000001
CUST06754,169,2,4288.2,3,1,1,5,Others,2144.1
CUST06755,142,5,191082.84999999998,3,3,3,9,Others,38216.56999999999
CUST06756,435,1,134787.9,1,1,2,4,Lost Customers,134787.9
CUST06757,42,5,379288.45,4,3,5,12,Potential Loyalists,75857.69
CUST06758,484,2,294937.75,1,1,4,6,Lost Customers,147468.875
CUST06759,651,2,18403.550000000003,1,1,1,3,Lost Customers,9201.775000000001
CUST06760,109,6,181391.6,3,4,3,10,Loyal Customers,30231.933333333334
CUST06761,360,7,112729.0,1,5,2,8,Others,16104.142857142857
CUST06762,240,5,231209.6,2,3,4,9,At Risk,46241.92
CUST06763,36,9,189764.6,5,5,3,13,Loyal Customers,21084.955555555556
CUST06764,132,4,149490.7,3,2,3,8,Others,37372.675
CUST06765,146,3,85054.2,3,2,2,7,Others,28351.399999999998
CUST06766,62,4,112922.75,4,2,2,8,Potential Loyalists,28230.6875
CUST06767,38,4,99821.65,5,2,2,9,Potential Loyalists,24955.4125
CUST06768,167,6,90253.59999999999,3,4,2,9,Loyal Customers,15042.266666666665
CUST06769,138,4,82922.8,3,2,2,7,Others,20730.7
CUST06770,386,1,42812.8,1,1,1,3,Lost Customers,42812.8
CUST06771,116,5,402536.5,3,3,5,11,Others,80507.3
CUST06772,160,7,361728.35,3,5,5,13,Loyal Customers,51675.47857142857
CUST06773,249,4,441476.45,2,2,5,9,Lost Customers,110369.1125
CUST06774,81,6,139573.30000000002,4,4,3,11,Loyal Customers,23262.21666666667
CUST06775,67,5,132036.25,4,3,2,9,Potential Loyalists,26407.25
CUST06776,211,9,177821.9,2,5,3,10,At Risk,19757.98888888889
CUST06777,115,7,142721.2,3,5,3,11,Loyal Customers,20388.742857142857
CUST06778,151,4,412188.1,3,2,5,10,Others,103047.025
CUST06779,95,4,175226.15000000002,3,2,3,8,Others,43806.537500000006
CUST06780,161,9,178459.6,3,5,3,11,Loyal Customers,19828.844444444447
CUST06781,35,9,234741.55,5,5,4,14,Champions,26082.394444444442
CUST06782,127,6,193085.55,3,4,3,10,Loyal Customers,32180.925
CUST06783,643,3,28080.050000000003,1,2,1,4,Lost Customers,9360.016666666668
CUST06784,146,6,357958.35,3,4,5,12,Loyal Customers,59659.725
CUST06785,85,1,171420.0,4,1,3,8,Others,171420.0
CUST06786,34,7,609736.2,5,5,5,15,Champions,87105.17142857143
CUST06787,442,5,44436.1,1,3,1,5,Others,8887.22
CUST06788,222,5,233042.2,2,3,4,9,At Risk,46608.44
CUST06789,97,8,700675.0499999999,3,5,5,13,Loyal Customers,87584.38124999999
CUST06790,546,6,198671.15,1,4,3,8,At Risk,33111.85833333333
CUST06791,171,4,139903.65,2,2,3,7,Lost Customers,34975.9125
CUST06792,129,2,49875.35,3,1,1,5,Others,24937.675
CUST06793,20,5,351614.35,5,3,5,13,Potential Loyalists,70322.87
CUST06794,16,2,55059.8,5,1,1,7,Others,27529.9
CUST06795,25,4,213409.2,5,2,4,11,Potential Loyalists,53352.3
CUST06796,46,9,304965.85,4,5,4,13,Champions,33885.09444444444
CUST06797,309,8,255913.55,1,5,4,10,At Risk,31989.19375
CUST06798,181,11,333301.5,2,5,5,12,At Risk,30300.136363636364
CUST06799,15,6,440157.9,5,4,5,14,Champions,73359.65000000001
CUST06800,58,6,87366.85,4,4,2,10,Loyal Customers,14561.141666666668
CUST06801,233,2,7313.3,2,1,1,4,Lost Customers,3656.65
CUST06802,105,6,416812.4,3,4,5,12,Loyal Customers,69468.73333333334
CUST06803,250,4,239895.59999999998,2,2,4,8,Lost Customers,59973.899999999994
CUST06804,52,5,183831.4,4,3,3,10,Potential Loyalists,36766.28
CUST06805,150,8,215010.1,3,5,4,12,Loyal Customers,26876.2625
CUST06806,720,1,26752.5,1,1,1,3,Lost Customers,26752.5
CUST06807,1,6,280319.5,5,4,4,13,Champions,46719.916666666664
CUST06808,66,5,94581.65,4,3,2,9,Potential Loyalists,18916.329999999998
CUST06809,32,2,35858.3,5,1,1,7,Others,17929.15
CUST06810,26,4,221079.65000000002,5,2,4,11,Potential Loyalists,55269.912500000006
CUST06811,211,5,274202.1,2,3,4,9,At Risk,54840.42
CUST06812,6,5,180712.9,5,3,3,11,Potential Loyalists,36142.58
CUST06813,24,5,159040.34999999998,5,3,3,11,Potential Loyalists,31808.069999999996
CUST06814,75,6,59109.7,4,4,1,9,Loyal Customers,9851.616666666667
CUST06815,222,7,255618.45,2,5,4,11,At Risk,36516.92142857143
CUST06816,23,3,44842.55,5,2,1,8,Potential Loyalists,14947.516666666668
CUST06817,156,4,76584.2,3,2,2,7,Others,19146.05
CUST06818,89,7,557501.0,4,5,5,14,Champions,79643.0
CUST06819,251,5,158835.35,2,3,3,8,At Risk,31767.07
CUST06820,37,4,173005.7,5,2,3,10,Potential Loyalists,43251.425
CUST06821,199,6,143235.6,2,4,3,9,At Risk,23872.600000000002
CUST06822,9,9,368832.85,5,5,5,15,Champions,40981.427777777775
CUST06823,10,6,347407.3,5,4,5,14,Champions,57901.21666666667
CUST06824,167,8,285458.95,3,5,4,12,Loyal Customers,35682.36875
CUST06825,106,3,290150.6,3,2,4,9,Others,96716.86666666665
CUST06826,287,3,116886.6,2,2,2,6,Lost Customers,38962.200000000004
CUST06827,84,8,256689.6,4,5,4,13,Champions,32086.2
CUST06828,80,4,86125.5,4,2,2,8,Potential Loyalists,21531.375
CUST06829,185,9,246066.7,2,5,4,11,At Risk,27340.744444444445
CUST06830,36,4,223160.69999999998,5,2,4,11,Potential Loyalists,55790.174999999996
CUST06831,244,4,162058.35,2,2,3,7,Lost Customers,40514.5875
CUST06832,15,6,271634.3,5,4,4,13,Champions,45272.38333333333
CUST06833,87,10,327708.95,4,5,5,14,Champions,32770.895000000004
CUST06834,272,5,153276.80000000002,2,3,3,8,At Risk,30655.360000000004
CUST06835,180,5,152197.05000000002,2,3,3,8,At Risk,30439.410000000003
CUST06836,213,5,787521.4,2,3,5,10,At Risk,157504.28
CUST06837,904,1,50436.0,1,1,1,3,Lost Customers,50436.0
CUST06838,477,2,12437.2,1,1,1,3,Lost Customers,6218.6
CUST06839,173,5,274731.1,2,3,4,9,At Risk,54946.219999999994
CUST06840,124,4,156696.9,3,2,3,8,Others,39174.225
CUST06841,57,1,60173.2,4,1,1,6,Others,60173.2
CUST06842,14,3,127459.7,5,2,2,9,Potential Loyalists,42486.566666666666
CUST06843,260,3,153304.69999999998,2,2,3,7,Lost Customers,51101.56666666666
CUST06844,3,5,220578.15,5,3,4,12,Potential Loyalists,44115.63
CUST06845,50,11,416652.35,4,5,5,14,Champions,37877.48636363636
CUST06846,214,5,261295.5,2,3,4,9,At Risk,52259.1
CUST06847,139,5,163550.6,3,3,3,9,Others,32710.120000000003
CUST06848,115,3,60650.5,3,2,1,6,Others,20216.833333333332
CUST06849,61,6,317565.8,4,4,4,12,Champions,52927.63333333333
CUST06850,87,5,262957.45,4,3,4,11,Potential Loyalists,52591.490000000005
CUST06851,570,6,71335.2,1,4,1,6,Others,11889.199999999999
CUST06852,235,2,20673.899999999998,2,1,1,4,Lost Customers,10336.949999999999
CUST06853,264,2,27760.15,2,1,1,4,Lost Customers,13880.075
CUST06854,86,5,140356.1,4,3,3,10,Potential Loyalists,28071.22
CUST06855,8,5,196647.8,5,3,3,11,Potential Loyalists,39329.56
CUST06856,297,4,168942.35,1,2,3,6,Lost Customers,42235.5875
CUST06857,1,6,102341.7,5,4,2,11,Loyal Customers,17056.95
CUST06858,234,5,209911.25,2,3,3,8,At Risk,41982.25
CUST06859,135,2,42488.1,3,1,1,5,Others,21244.05
CUST06860,31,8,439522.3,5,5,5,15,Champions,54940.2875
CUST06861,82,5,176528.35,4,3,3,10,Potential Loyalists,35305.67
CUST06862,809,1,3582.9,1,1,1,3,Lost Customers,3582.9
CUST06863,8,4,208884.7,5,2,3,10,Potential Loyalists,52221.175
CUST06864,744,2,68098.7,1,1,1,3,Lost Customers,34049.35
CUST06865,467,4,131705.35,1,2,2,5,Lost Customers,32926.3375
CUST06866,47,8,373406.1,4,5,5,14,Champions,46675.7625
CUST06867,50,4,42641.8,4,2,1,7,Potential Loyalists,10660.45
CUST06868,6,8,286416.2,5,5,4,14,Champions,35802.025
CUST06869,129,6,391215.9,3,4,5,12,Loyal Customers,65202.65
CUST06870,178,6,394737.55,2,4,5,11,At Risk,65789.59166666666
CUST06871,65,3,294249.6,4,2,4,10,Potential Loyalists,98083.2
CUST06872,596,4,51563.9,1,2,1,4,Lost Customers,12890.975
CUST06873,252,6,65953.4,2,4,1,7,Others,10992.233333333332
CUST06874,12,4,112791.7,5,2,2,9,Potential Loyalists,28197.925
CUST06875,312,5,80520.1,1,3,2,6,Others,16104.02
CUST06876,4,6,577120.5,5,4,5,14,Champions,96186.75
CUST06877,85,7,232706.9,4,5,4,13,Champions,33243.84285714286
CUST06878,38,2,36384.25,5,1,1,7,Others,18192.125
CUST06879,56,3,116947.65,4,2,2,8,Potential Loyalists,38982.549999999996
CUST06880,170,2,122285.15,2,1,2,5,Lost Customers,61142.575
CUST06881,38,8,678171.85,5,5,5,15,Champions,84771.48125
CUST06882,28,4,186318.15,5,2,3,10,Potential Loyalists,46579.5375
CUST06883,167,2,5472.3,3,1,1,5,Others,2736.15
CUST06884,140,6,375815.35,3,4,5,12,Loyal Customers,62635.89166666666
CUST06885,18,5,355368.5,5,3,5,13,Potential Loyalists,71073.7
CUST06886,144,7,567110.65,3,5,5,13,Loyal Customers,81015.80714285714
CUST06887,487,3,106935.45,1,2,2,5,Lost Customers,35645.15
CUST06888,40,6,216537.34999999998,5,4,4,13,Champions,36089.55833333333
CUST06889,24,6,90881.65,5,4,2,11,Loyal Customers,15146.941666666666
CUST06890,281,7,429303.95,2,5,5,12,At Risk,61329.135714285716
CUST06891,91,6,122522.7,4,4,2,10,Loyal Customers,20420.45
CUST06892,383,10,369714.5,1,5,5,11,At Risk,36971.45
CUST06893,451,2,216089.2,1,1,4,6,Lost Customers,108044.6
CUST06894,94,7,329788.45,4,5,5,14,Champions,47112.635714285716
CUST06895,11,6,160229.5,5,4,3,12,Loyal Customers,26704.916666666668
CUST06896,108,7,307501.7,3,5,4,12,Loyal Customers,43928.81428571429
CUST06897,110,5,294518.8,3,3,4,10,Others,58903.759999999995
CUST06898,69,7,170550.35,4,5,3,12,Loyal Customers,24364.335714285717
CUST06899,649,1,94291.2,1,1,2,4,Lost Customers,94291.2
CUST06900,95,9,377786.75,3,5,5,13,Loyal Customers,41976.305555555555
CUST06901,465,4,394982.9,1,2,5,8,Lost Customers,98745.725
CUST06902,59,2,444108.4,4,1,5,10,Others,222054.2
CUST06903,657,5,311646.25,1,3,4,8,At Risk,62329.25
CUST06904,102,7,243037.0,3,5,4,12,Loyal Customers,34719.57142857143
CUST06905,377,5,37933.9,1,3,1,5,Others,7586.780000000001
CUST06906,126,7,583121.2,3,5,5,13,Loyal Customers,83303.02857142857
CUST06907,16,6,248218.25,5,4,4,13,Champions,41369.708333333336
CUST06908,361,3,121157.95,1,2,2,5,Lost Customers,40385.98333333333
CUST06909,11,6,134446.25,5,4,2,11,Loyal Customers,22407.708333333332
CUST06910,128,8,648846.7,3,5,5,13,Loyal Customers,81105.8375
CUST06911,163,1,1754.4,3,1,1,5,Others,1754.4
CUST06912,353,4,114929.65000000001,1,2,2,5,Lost Customers,28732.412500000002
CUST06913,50,2,7941.200000000001,4,1,1,6,Others,3970.6000000000004
CUST06914,97,3,38962.45,3,2,1,6,Others,12987.483333333332
CUST06915,210,5,159230.45,2,3,3,8,At Risk,31846.090000000004
CUST06916,40,7,254094.35,5,5,4,14,Champions,36299.19285714286
CUST06917,828,1,10084.4,1,1,1,3,Lost Customers,10084.4
CUST06918,420,1,50925.0,1,1,1,3,Lost Customers,50925.0
CUST06919,48,5,405703.1,4,3,5,12,Potential Loyalists,81140.62
CUST06920,54,4,72544.4,4,2,1,7,Potential Loyalists,18136.1
CUST06921,243,3,67041.3,2,2,1,5,Lost Customers,22347.100000000002
CUST06922,91,2,178470.5,4,1,3,8,Others,89235.25
CUST06923,13,4,91563.59999999999,5,2,2,9,Potential Loyalists,22890.899999999998
CUST06924,82,5,124141.8,4,3,2,9,Potential Loyalists,24828.36
CUST06925,326,3,45056.6,1,2,1,4,Lost Customers,15018.866666666667
CUST06926,521,5,200384.7,1,3,3,7,At Risk,40076.94
CUST06927,320,2,56592.6,1,1,1,3,Lost Customers,28296.3
CUST06928,121,6,523677.85,3,4,5,12,Loyal Customers,87279.64166666666
CUST06929,62,2,271647.2,4,1,4,9,Others,135823.6
CUST06930,37,7,378907.4,5,5,5,15,Champions,54129.62857142858
CUST06931,21,10,228146.90000000002,5,5,4,14,Champions,22814.690000000002
CUST06932,32,4,83783.55,5,2,2,9,Potential Loyalists,20945.8875
CUST06933,56,10,518834.55000000005,4,5,5,14,Champions,51883.455
CUST06934,455,2,53088.6,1,1,1,3,Lost Customers,26544.3
CUST06935,200,4,214136.05,2,2,4,8,Lost Customers,53534.0125
CUST06936,122,4,77446.04999999999,3,2,2,7,Others,19361.512499999997
CUST06937,1,4,76124.3,5,2,2,9,Potential Loyalists,19031.075
CUST06938,18,4,330318.8,5,2,5,12,Potential Loyalists,82579.7
CUST06939,31,4,17853.3,5,2,1,8,Potential Loyalists,4463.325
CUST06940,412,2,28762.2,1,1,1,3,Lost Customers,14381.1
CUST06941,173,5,97055.3,2,3,2,7,Others,19411.06
CUST06942,72,5,409804.4,4,3,5,12,Potential Loyalists,81960.88
CUST06943,173,7,102530.2,2,5,2,9,Others,14647.171428571428
CUST06944,3,5,391071.8,5,3,5,13,Potential Loyalists,78214.36
CUST06945,174,6,567695.2,2,4,5,11,At Risk,94615.86666666665
CUST06946,133,9,223911.1,3,5,4,12,Loyal Customers,24879.01111111111
CUST06947,164,4,180163.75,3,2,3,8,Others,45040.9375
CUST06948,6,6,43767.7,5,4,1,10,Loyal Customers,7294.616666666666
CUST06949,158,8,392835.3,3,5,5,13,Loyal Customers,49104.4125
CUST06950,220,6,251090.6,2,4,4,10,At Risk,41848.433333333334
CUST06951,160,5,85940.25,3,3,2,8,Others,17188.05
CUST06952,43,6,267477.1,4,4,4,12,Champions,44579.51666666666
CUST06953,124,5,149959.5,3,3,3,9,Others,29991.9
CUST06954,470,3,120364.5,1,2,2,5,Lost Customers,40121.5
CUST06955,461,4,100309.54999999999,1,2,2,5,Lost Customers,25077.387499999997
CUST06956,487,6,227621.1,1,4,4,9,At Risk,37936.85
CUST06957,7,5,454981.8,5,3,5,13,Potential Loyalists,90996.36
CUST06958,221,6,278698.5,2,4,4,10,At Risk,46449.75
CUST06959,149,5,315233.65,3,3,4,10,Others,63046.73
CUST06960,318,4,273183.25,1,2,4,7,Lost Customers,68295.8125
CUST06961,46,3,132743.8,4,2,2,8,Potential Loyalists,44247.93333333333
CUST06962,23,7,90650.9,5,5,2,12,Loyal Customers,12950.128571428571
CUST06963,219,3,121748.0,2,2,2,6,Lost Customers,40582.666666666664
CUST06964,326,8,368492.05,1,5,5,11,At Risk,46061.50625
CUST06965,105,4,104263.0,3,2,2,7,Others,26065.75
CUST06966,252,4,248256.5,2,2,4,8,Lost Customers,62064.125
CUST06967,636,2,132611.1,1,1,2,4,Lost Customers,66305.55
CUST06968,31,8,378149.65,5,5,5,15,Champions,47268.70625
CUST06969,59,6,290150.0,4,4,4,12,Champions,48358.333333333336
CUST06970,707,3,47615.7,1,2,1,4,Lost Customers,15871.9
CUST06971,126,6,438606.75,3,4,5,12,Loyal Customers,73101.125
CUST06972,225,2,130777.7,2,1,2,5,Lost Customers,65388.85
CUST06973,420,3,29164.1,1,2,1,4,Lost Customers,9721.366666666667
CUST06974,126,6,141981.45,3,4,3,10,Loyal Customers,23663.575
CUST06975,208,6,395168.15,2,4,5,11,At Risk,65861.35833333334
CUST06976,13,8,445718.85,5,5,5,15,Champions,55714.85625
CUST06977,168,6,194959.6,3,4,3,10,Loyal Customers,32493.266666666666
CUST06978,31,6,439008.95,5,4,5,14,Champions,73168.15833333334
CUST06979,64,2,248914.0,4,1,4,9,Others,124457.0
CUST06980,175,9,227408.25,2,5,4,11,At Risk,25267.583333333332
CUST06981,14,4,105061.05,5,2,2,9,Potential Loyalists,26265.2625
CUST06982,74,3,210396.0,4,2,4,10,Potential Loyalists,70132.0
CUST06983,88,6,340840.85,4,4,5,13,Champions,56806.80833333333
CUST06984,161,6,196104.2,3,4,3,10,Loyal Customers,32684.033333333336
CUST06985,436,4,246800.55,1,2,4,7,Lost Customers,61700.1375
CUST06986,147,4,49478.2,3,2,1,6,Others,12369.55
CUST06987,753,3,83459.1,1,2,2,5,Lost Customers,27819.7
CUST06988,131,2,170529.6,3,1,3,7,Others,85264.8
CUST06989,160,5,150005.2,3,3,3,9,Others,30001.04
CUST06990,328,5,250169.09999999998,1,3,4,8,At Risk,50033.81999999999
CUST06991,148,9,191911.90000000002,3,5,3,11,Loyal Customers,21323.544444444447
CUST06992,217,2,101837.6,2,1,2,5,Lost Customers,50918.8
CUST06993,99,5,76403.7,3,3,2,8,Others,15280.74
CUST06994,108,5,62462.200000000004,3,3,1,7,Others,12492.44
CUST06995,176,6,548371.6,2,4,5,11,At Risk,91395.26666666666
CUST06996,357,6,210069.0,1,4,4,9,At Risk,35011.5
CUST06997,226,9,524659.6,2,5,5,12,At Risk,58295.51111111111
CUST06998,5,5,216516.1,5,3,4,12,Potential Loyalists,43303.22
CUST06999,180,5,235653.65,2,3,4,9,At Risk,47130.729999999996
CUST07000,135,4,164739.1,3,2,3,8,Others,41184.775
CUST07001,63,4,240187.90000000002,4,2,4,10,Potential Loyalists,60046.975000000006
CUST07002,32,6,74988.1,5,4,1,10,Loyal Customers,12498.016666666668
CUST07003,31,7,306421.35,5,5,4,14,Champions,43774.47857142857
CUST07004,12,4,196735.90000000002,5,2,3,10,Potential Loyalists,49183.975000000006
CUST07005,54,5,101156.4,4,3,2,9,Potential Loyalists,20231.28
CUST07006,396,2,50367.6,1,1,1,3,Lost Customers,25183.8
CUST07007,47,4,95976.4,4,2,2,8,Potential Loyalists,23994.1
CUST07008,212,4,70102.5,2,2,1,5,Lost Customers,17525.625
CUST07009,229,3,44977.25,2,2,1,5,Lost Customers,14992.416666666666
CUST07010,43,5,81397.5,4,3,2,9,Potential Loyalists,16279.5
CUST07011,219,5,278812.7,2,3,4,9,At Risk,55762.54
CUST07012,332,4,251244.59999999998,1,2,4,7,Lost Customers,62811.149999999994
CUST07013,544,3,205079.15,1,2,3,6,Lost Customers,68359.71666666666
CUST07014,93,6,335685.55,4,4,5,13,Champions,55947.59166666667
CUST07015,287,6,398492.0,2,4,5,11,At Risk,66415.33333333333
CUST07016,59,7,105467.85,4,5,2,11,Loyal Customers,15066.835714285715
CUST07017,339,1,32509.5,1,1,1,3,Lost Customers,32509.5
CUST07018,57,2,14783.15,4,1,1,6,Others,7391.575
CUST07019,12,9,701844.25,5,5,5,15,Champions,77982.69444444444
CUST07020,232,5,227153.9,2,3,4,9,At Risk,45430.78
CUST07021,468,1,9701.4,1,1,1,3,Lost Customers,9701.4
CUST07022,53,9,438699.05,4,5,5,14,Champions,48744.33888888889
CUST07023,398,6,311399.1,1,4,4,9,At Risk,51899.85
CUST07024,20,9,588861.25,5,5,5,15,Champions,65429.02777777778
CUST07025,379,6,134662.85,1,4,2,7,Others,22443.808333333334
CUST07026,548,1,95248.0,1,1,2,4,Lost Customers,95248.0
CUST07027,714,3,256565.25,1,2,4,7,Lost Customers,85521.75
CUST07028,356,4,186021.5,1,2,3,6,Lost Customers,46505.375
CUST07029,577,4,89116.45,1,2,2,5,Lost Customers,22279.1125
CUST07030,52,5,230297.5,4,3,4,11,Potential Loyalists,46059.5
CUST07031,31,5,146582.8,5,3,3,11,Potential Loyalists,29316.559999999998
CUST07032,28,6,224570.0,5,4,4,13,Champions,37428.333333333336
CUST07033,331,5,213737.55,1,3,4,8,At Risk,42747.509999999995
CUST07034,29,7,263774.35000000003,5,5,4,14,Champions,37682.05
CUST07035,192,4,21242.15,2,2,1,5,Lost Customers,5310.5375
CUST07036,160,5,289864.7,3,3,4,10,Others,57972.94
CUST07037,366,5,270246.4,1,3,4,8,At Risk,54049.280000000006
CUST07038,563,4,285821.0,1,2,4,7,Lost Customers,71455.25
CUST07039,269,2,41548.0,2,1,1,4,Lost Customers,20774.0
CUST07040,615,3,113223.1,1,2,2,5,Lost Customers,37741.03333333333
CUST07041,28,5,315309.05000000005,5,3,4,12,Potential Loyalists,63061.81000000001
CUST07042,53,11,142980.25,4,5,3,12,Loyal Customers,12998.204545454546
CUST07043,226,6,607831.6,2,4,5,11,At Risk,101305.26666666666
CUST07044,253,6,214165.7,2,4,4,10,At Risk,35694.28333333333
CUST07045,725,3,70625.0,1,2,1,4,Lost Customers,23541.666666666668
CUST07046,35,5,322943.65,5,3,5,13,Potential Loyalists,64588.73
CUST07047,228,1,1049.4,2,1,1,4,Lost Customers,1049.4
CUST07048,62,6,335471.6,4,4,5,13,Champions,55911.93333333333
CUST07049,13,7,368495.1,5,5,5,15,Champions,52642.15714285714
CUST07050,53,5,329118.5,4,3,5,12,Potential Loyalists,65823.7
CUST07051,78,6,225511.5,4,4,4,12,Champions,37585.25
CUST07052,198,4,97852.70000000001,2,2,2,6,Lost Customers,24463.175000000003
CUST07053,34,4,160298.3,5,2,3,10,Potential Loyalists,40074.575
CUST07054,3,5,386944.30000000005,5,3,5,13,Potential Loyalists,77388.86000000002
CUST07055,413,5,303273.65,1,3,4,8,At Risk,60654.73
CUST07056,618,2,77500.8,1,1,2,4,Lost Customers,38750.4
CUST07057,53,6,42757.75,4,4,1,9,Loyal Customers,7126.291666666667
CUST07058,194,5,255455.3,2,3,4,9,At Risk,51091.06
CUST07059,39,7,216349.05,5,5,4,14,Champions,30907.007142857143
CUST07060,383,2,14414.0,1,1,1,3,Lost Customers,7207.0
CUST07061,409,5,361617.4,1,3,5,9,At Risk,72323.48000000001
CUST07062,27,7,193922.4,5,5,3,13,Loyal Customers,27703.2
CUST07063,88,9,117040.1,4,5,2,11,Loyal Customers,13004.455555555556
CUST07064,11,11,522884.25,5,5,5,15,Champions,47534.931818181816
CUST07065,28,4,166122.75,5,2,3,10,Potential Loyalists,41530.6875
CUST07066,102,6,196995.7,3,4,3,10,Loyal Customers,32832.61666666667
CUST07067,316,7,141290.15000000002,1,5,3,9,At Risk,20184.307142857146
CUST07068,144,4,84388.4,3,2,2,7,Others,21097.1
CUST07069,234,7,169827.8,2,5,3,10,At Risk,24261.114285714284
CUST07070,117,3,116674.29999999999,3,2,2,7,Others,38891.43333333333
CUST07071,142,2,5253.3,3,1,1,5,Others,2626.65
CUST07072,287,6,87538.75,2,4,2,8,Others,14589.791666666666
CUST07073,175,2,5980.3,2,1,1,4,Lost Customers,2990.15
CUST07074,154,3,51833.4,3,2,1,6,Others,17277.8
CUST07075,90,6,161024.25,4,4,3,11,Loyal Customers,26837.375
CUST07076,103,6,173572.3,3,4,3,10,Loyal Customers,28928.716666666664
CUST07077,68,5,240227.8,4,3,4,11,Potential Loyalists,48045.56
CUST07078,51,6,129126.4,4,4,2,10,Loyal Customers,21521.066666666666
CUST07079,88,5,114015.95000000001,4,3,2,9,Potential Loyalists,22803.190000000002
CUST07080,24,11,558132.4,5,5,5,15,Champions,50739.30909090909
CUST07081,197,5,83434.7,2,3,2,7,Others,16686.94
CUST07082,80,6,109303.8,4,4,2,10,Loyal Customers,18217.3
CUST07083,343,3,82178.85,1,2,2,5,Lost Customers,27392.95
CUST07084,262,9,331236.6,2,5,5,12,At Risk,36804.066666666666
CUST07085,30,8,211354.75,5,5,4,14,Champions,26419.34375
CUST07086,11,6,203289.45,5,4,3,12,Loyal Customers,33881.575000000004
CUST07087,109,2,100898.6,3,1,2,6,Others,50449.3
CUST07088,220,6,168947.75,2,4,3,9,At Risk,28157.958333333332
CUST07089,61,4,109924.0,4,2,2,8,Potential Loyalists,27481.0
CUST07090,44,3,126409.9,4,2,2,8,Potential Loyalists,42136.63333333333
CUST07091,864,3,33991.2,1,2,1,4,Lost Customers,11330.4
CUST07092,249,4,114685.6,2,2,2,6,Lost Customers,28671.4
CUST07093,328,1,74959.2,1,1,1,3,Lost Customers,74959.2
CUST07094,427,5,245675.45,1,3,4,8,At Risk,49135.090000000004
CUST07095,89,7,256705.74999999997,4,5,4,13,Champions,36672.24999999999
CUST07096,60,6,456141.45,4,4,5,13,Champions,76023.575
CUST07097,38,5,256961.8,5,3,4,12,Potential Loyalists,51392.36
CUST07098,87,6,157634.5,4,4,3,11,Loyal Customers,26272.416666666668
CUST07099,485,5,196832.4,1,3,3,7,At Risk,39366.479999999996
CUST07100,328,4,220192.3,1,2,4,7,Lost Customers,55048.075
CUST07101,25,8,173828.0,5,5,3,13,Loyal Customers,21728.5
CUST07102,214,4,98570.7,2,2,2,6,Lost Customers,24642.675
CUST07103,41,7,166200.2,5,5,3,13,Loyal Customers,23742.885714285716
CUST07104,141,9,124270.35,3,5,2,10,Loyal Customers,13807.816666666668
CUST07105,93,4,229880.0,4,2,4,10,Potential Loyalists,57470.0
CUST07106,12,6,569406.2999999999,5,4,5,14,Champions,94901.04999999999
CUST07107,50,8,70342.65,4,5,1,10,Loyal Customers,8792.83125
CUST07108,469,3,170950.05000000002,1,2,3,6,Lost Customers,56983.350000000006
CUST07109,120,6,276032.2,3,4,4,11,Loyal Customers,46005.36666666667
CUST07110,357,2,37256.6,1,1,1,3,Lost Customers,18628.3
CUST07111,8,5,174070.85,5,3,3,11,Potential Loyalists,34814.17
CUST07112,80,6,221091.55,4,4,4,12,Champions,36848.59166666667
CUST07113,237,5,186493.85,2,3,3,8,At Risk,37298.770000000004
CUST07114,272,6,398179.3,2,4,5,11,At Risk,66363.21666666666
CUST07115,464,4,108317.65,1,2,2,5,Lost Customers,27079.4125
CUST07116,113,3,128983.9,3,2,2,7,Others,42994.63333333333
CUST07117,317,5,636905.7999999999,1,3,5,9,At Risk,127381.15999999999
CUST07118,184,4,120611.9,2,2,2,6,Lost Customers,30152.975
CUST07119,213,4,286249.7,2,2,4,8,Lost Customers,71562.425
CUST07120,274,5,266248.4,2,3,4,9,At Risk,53249.68000000001
CUST07121,165,3,138247.3,3,2,3,8,Others,46082.43333333333
CUST07122,59,4,53994.399999999994,4,2,1,7,Potential Loyalists,13498.599999999999
CUST07123,48,8,400725.5,4,5,5,14,Champions,50090.6875
CUST07124,63,5,105391.25,4,3,2,9,Potential Loyalists,21078.25
CUST07125,484,7,555845.8,1,5,5,11,At Risk,79406.54285714286
CUST07126,143,5,123898.3,3,3,2,8,Others,24779.66
CUST07127,40,5,62904.95,5,3,1,9,Potential Loyalists,12580.99
CUST07128,128,6,194440.9,3,4,3,10,Loyal Customers,32406.816666666666
CUST07129,179,1,88790.0,2,1,2,5,Lost Customers,88790.0
CUST07130,133,5,113473.20000000001,3,3,2,8,Others,22694.640000000003
CUST07131,117,7,377425.35000000003,3,5,5,13,Loyal Customers,53917.90714285715
CUST07132,25,8,127792.4,5,5,2,12,Loyal Customers,15974.05
CUST07133,270,9,345122.95,2,5,5,12,At Risk,38346.99444444445
CUST07134,91,5,440669.15,4,3,5,12,Potential Loyalists,88133.83
CUST07135,37,4,552642.35,5,2,5,12,Potential Loyalists,138160.5875
CUST07136,3,3,249708.4,5,2,4,11,Potential Loyalists,83236.13333333333
CUST07137,18,6,201599.25,5,4,3,12,Loyal Customers,33599.875
CUST07138,49,5,117417.6,4,3,2,9,Potential Loyalists,23483.52
CUST07139,23,7,176387.9,5,5,3,13,Loyal Customers,25198.27142857143
CUST07140,662,2,168255.19999999998,1,1,3,5,Lost Customers,84127.59999999999
CUST07141,362,2,14450.4,1,1,1,3,Lost Customers,7225.2
CUST07142,341,7,89766.85,1,5,2,8,Others,12823.835714285715
CUST07143,293,1,81207.0,1,1,2,4,Lost Customers,81207.0
CUST07144,136,6,171198.45,3,4,3,10,Loyal Customers,28533.075
CUST07145,227,1,580.0,2,1,1,4,Lost Customers,580.0
CUST07146,78,7,300116.1,4,5,4,13,Champions,42873.72857142857
CUST07147,54,2,24008.7,4,1,1,6,Others,12004.35
CUST07148,33,5,97165.59999999999,5,3,2,10,Potential Loyalists,19433.12
CUST07149,745,1,21126.6,1,1,1,3,Lost Customers,21126.6
CUST07150,117,4,49991.9,3,2,1,6,Others,12497.975
CUST07151,269,3,270558.65,2,2,4,8,Lost Customers,90186.21666666667
CUST07152,49,7,184752.9,4,5,3,12,Loyal Customers,26393.27142857143
CUST07153,386,5,246341.45,1,3,4,8,At Risk,49268.29
CUST07154,299,3,144482.6,1,2,3,6,Lost Customers,48160.86666666667
CUST07155,31,4,120799.15,5,2,2,9,Potential Loyalists,30199.7875
CUST07156,529,5,218756.45,1,3,4,8,At Risk,43751.29
CUST07157,56,8,166002.3,4,5,3,12,Loyal Customers,20750.2875
CUST07158,111,2,141241.55,3,1,3,7,Others,70620.775
CUST07159,27,4,65484.399999999994,5,2,1,8,Potential Loyalists,16371.099999999999
CUST07160,177,8,293080.6,2,5,4,11,At Risk,36635.075
CUST07161,146,6,218097.1,3,4,4,11,Loyal Customers,36349.51666666667
CUST07162,478,2,8448.0,1,1,1,3,Lost Customers,4224.0
CUST07163,833,1,23812.5,1,1,1,3,Lost Customers,23812.5
CUST07164,191,7,1088674.8,2,5,5,12,At Risk,155524.97142857144
CUST07165,1,7,331484.75,5,5,5,15,Champions,47354.96428571428
CUST07166,30,10,108278.0,5,5,2,12,Loyal Customers,10827.8
CUST07167,117,8,420403.45,3,5,5,13,Loyal Customers,52550.43125
CUST07168,382,4,173986.55,1,2,3,6,Lost Customers,43496.6375
CUST07169,8,5,178435.55,5,3,3,11,Potential Loyalists,35687.11
CUST07170,136,3,95886.45,3,2,2,7,Others,31962.149999999998
CUST07171,33,3,81920.2,5,2,2,9,Potential Loyalists,27306.733333333334
CUST07172,186,10,514713.85,2,5,5,12,At Risk,51471.384999999995
CUST07173,30,1,2300.1,5,1,1,7,Others,2300.1
CUST07174,726,1,45355.5,1,1,1,3,Lost Customers,45355.5
CUST07175,47,6,157483.30000000002,4,4,3,11,Loyal Customers,26247.21666666667
CUST07176,316,5,24729.0,1,3,1,5,Others,4945.8
CUST07177,33,8,170737.35,5,5,3,13,Loyal Customers,21342.16875
CUST07178,175,6,384119.5,2,4,5,11,At Risk,64019.916666666664
CUST07179,608,1,504.9,1,1,1,3,Lost Customers,504.9
CUST07180,15,10,171240.25,5,5,3,13,Loyal Customers,17124.025
CUST07181,38,5,149941.3,5,3,3,11,Potential Loyalists,29988.26
CUST07182,178,6,14020.650000000001,2,4,1,7,Others,2336.775
CUST07183,20,3,48560.649999999994,5,2,1,8,Potential Loyalists,16186.883333333331
CUST07184,329,4,121510.3,1,2,2,5,Lost Customers,30377.575
CUST07185,56,9,229326.8,4,5,4,13,Champions,25480.755555555555
CUST07186,60,5,162222.09999999998,4,3,3,10,Potential Loyalists,32444.419999999995
CUST07187,21,4,50448.9,5,2,1,8,Potential Loyalists,12612.225
CUST07188,287,5,203422.59999999998,2,3,3,8,At Risk,40684.52
CUST07189,472,3,134703.0,1,2,2,5,Lost Customers,44901.0
CUST07190,90,7,241960.55000000002,4,5,4,13,Champions,34565.79285714286
CUST07191,157,9,287558.75,3,5,4,12,Loyal Customers,31950.972222222223
CUST07192,448,4,527133.0,1,2,5,8,Lost Customers,131783.25
CUST07193,457,4,8159.3,1,2,1,4,Lost Customers,2039.825
CUST07194,110,6,753187.6,3,4,5,12,Loyal Customers,125531.26666666666
CUST07195,71,6,316730.55,4,4,4,12,Champions,52788.424999999996
CUST07196,67,4,68335.85,4,2,1,7,Potential Loyalists,17083.9625
CUST07197,609,3,75192.3,1,2,1,4,Lost Customers,25064.100000000002
CUST07198,6,9,177128.5,5,5,3,13,Loyal Customers,19680.944444444445
CUST07199,833,2,174766.0,1,1,3,5,Lost Customers,87383.0
CUST07200,204,5,292264.85,2,3,4,9,At Risk,58452.969999999994
CUST07201,77,5,280786.4,4,3,4,11,Potential Loyalists,56157.280000000006
CUST07202,90,5,144930.4,4,3,3,10,Potential Loyalists,28986.079999999998
CUST07203,24,8,654624.95,5,5,5,15,Champions,81828.11875
CUST07204,130,4,244731.95,3,2,4,9,Others,61182.9875
CUST07205,397,2,23255.25,1,1,1,3,Lost Customers,11627.625
CUST07206,20,12,209542.8,5,5,3,13,Loyal Customers,17461.899999999998
CUST07207,18,5,178720.15000000002,5,3,3,11,Potential Loyalists,35744.030000000006
CUST07208,64,5,138187.75,4,3,3,10,Potential Loyalists,27637.55
CUST07209,28,13,487645.0,5,5,5,15,Champions,37511.153846153844
CUST07210,90,4,121280.8,4,2,2,8,Potential Loyalists,30320.2
CUST07211,41,7,172246.0,5,5,3,13,Loyal Customers,24606.571428571428
CUST07212,10,8,454180.3,5,5,5,15,Champions,56772.5375
CUST07213,52,6,104886.45,4,4,2,10,Loyal Customers,17481.075
CUST07214,10,10,458536.35,5,5,5,15,Champions,45853.634999999995
CUST07215,194,8,143942.0,2,5,3,10,At Risk,17992.75
CUST07216,100,6,286946.1,3,4,4,11,Loyal Customers,47824.35
CUST07217,63,7,329739.4,4,5,5,14,Champions,47105.62857142858
CUST07218,15,6,154454.55,5,4,3,12,Loyal Customers,25742.425
CUST07219,249,4,81947.15,2,2,2,6,Lost Customers,20486.7875
CUST07220,176,3,34945.4,2,2,1,5,Lost Customers,11648.466666666667
CUST07221,220,3,20867.0,2,2,1,5,Lost Customers,6955.666666666667
CUST07222,152,9,263968.0,3,5,4,12,Loyal Customers,29329.777777777777
CUST07223,260,6,231510.2,2,4,4,10,At Risk,38585.03333333333
CUST07224,207,7,438168.3,2,5,5,12,At Risk,62595.47142857143
CUST07225,211,7,742298.5,2,5,5,12,At Risk,106042.64285714286
CUST07226,611,2,60744.6,1,1,1,3,Lost Customers,30372.3
CUST07227,2,5,247260.9,5,3,4,12,Potential Loyalists,49452.18
CUST07228,173,6,163302.75,2,4,3,9,At Risk,27217.125
CUST07229,5,5,98717.6,5,3,2,10,Potential Loyalists,19743.52
CUST07230,693,3,60877.4,1,2,1,4,Lost Customers,20292.466666666667
CUST07231,181,3,183814.7,2,2,3,7,Lost Customers,61271.56666666667
CUST07232,58,7,365254.6,4,5,5,14,Champions,52179.22857142857
CUST07233,70,6,221341.25,4,4,4,12,Champions,36890.208333333336
CUST07234,198,4,185927.3,2,2,3,7,Lost Customers,46481.825
CUST07235,145,5,118961.8,3,3,2,8,Others,23792.36
CUST07236,62,12,525136.9,4,5,5,14,Champions,43761.40833333333
CUST07237,391,4,138520.65,1,2,3,6,Lost Customers,34630.1625
CUST07238,6,9,321651.85,5,5,5,15,Champions,35739.09444444444
CUST07239,73,9,206475.05,4,5,3,12,Loyal Customers,22941.67222222222
CUST07240,81,5,215289.2,4,3,4,11,Potential Loyalists,43057.840000000004
CUST07241,325,1,30771.9,1,1,1,3,Lost Customers,30771.9
CUST07242,10,8,410569.3,5,5,5,15,Champions,51321.1625
CUST07243,385,3,88532.8,1,2,2,5,Lost Customers,29510.933333333334
CUST07244,353,4,93604.05,1,2,2,5,Lost Customers,23401.0125
CUST07245,737,2,163892.9,1,1,3,5,Lost Customers,81946.45
CUST07246,309,3,214024.45,1,2,4,7,Lost Customers,71341.48333333334
CUST07247,220,5,190735.6,2,3,3,8,At Risk,38147.12
CUST07248,749,1,80054.4,1,1,2,4,Lost Customers,80054.4
CUST07249,141,4,62238.1,3,2,1,6,Others,15559.525
CUST07250,48,5,184348.75,4,3,3,10,Potential Loyalists,36869.75
CUST07251,21,7,605256.6,5,5,5,15,Champions,86465.22857142857
CUST07252,19,4,57516.75,5,2,1,8,Potential Loyalists,14379.1875
CUST07253,166,5,282077.7,3,3,4,10,Others,56415.54
CUST07254,222,6,36131.65,2,4,1,7,Others,6021.941666666667
CUST07255,64,6,221751.95,4,4,4,12,Champions,36958.65833333333
CUST07256,221,6,117301.0,2,4,2,8,Others,19550.166666666668
CUST07257,2,5,207000.8,5,3,3,11,Potential Loyalists,41400.159999999996
CUST07258,395,9,836607.45,1,5,5,11,At Risk,92956.38333333333
CUST07259,32,7,45231.85,5,5,1,11,Loyal Customers,6461.692857142857
CUST07260,356,2,10271.7,1,1,1,3,Lost Customers,5135.85
CUST07261,100,4,70300.8,3,2,1,6,Others,17575.2
CUST07262,210,5,75218.9,2,3,1,6,Others,15043.779999999999
CUST07263,80,3,74776.45,4,2,1,7,Potential Loyalists,24925.483333333334
CUST07264,75,4,149411.8,4,2,3,9,Potential Loyalists,37352.95
CUST07265,88,2,12046.0,4,1,1,6,Others,6023.0
CUST07266,159,3,304256.2,3,2,4,9,Others,101418.73333333334
CUST07267,661,5,41346.1,1,3,1,5,Others,8269.22
CUST07268,60,5,88848.2,4,3,2,9,Potential Loyalists,17769.64
CUST07269,236,2,54492.0,2,1,1,4,Lost Customers,27246.0
CUST07270,619,3,28169.25,1,2,1,4,Lost Customers,9389.75
CUST07271,381,4,262372.75,1,2,4,7,Lost Customers,65593.1875
CUST07272,163,5,435121.0,3,3,5,11,Others,87024.2
CUST07273,359,3,138748.5,1,2,3,6,Lost Customers,46249.5
CUST07274,306,5,92959.1,1,3,2,6,Others,18591.82
CUST07275,36,3,48246.5,5,2,1,8,Potential Loyalists,16082.166666666666
CUST07276,34,6,53612.75,5,4,1,10,Loyal Customers,8935.458333333334
CUST07277,24,5,330731.6,5,3,5,13,Potential Loyalists,66146.31999999999
CUST07278,142,4,269562.35,3,2,4,9,Others,67390.5875
CUST07279,346,3,265825.65,1,2,4,7,Lost Customers,88608.55
CUST07280,25,4,212587.5,5,2,4,11,Potential Loyalists,53146.875
CUST07281,68,4,394687.8,4,2,5,11,Potential Loyalists,98671.95
CUST07282,66,6,254827.45,4,4,4,12,Champions,42471.24166666667
CUST07283,131,9,221062.25,3,5,4,12,Loyal Customers,24562.472222222223
CUST07284,426,5,413488.0,1,3,5,9,At Risk,82697.6
CUST07285,34,9,239203.75,5,5,4,14,Champions,26578.194444444445
CUST07286,13,3,117348.6,5,2,2,9,Potential Loyalists,39116.200000000004
CUST07287,116,4,164978.4,3,2,3,8,Others,41244.6
CUST07288,374,5,87770.45,1,3,2,6,Others,17554.09
CUST07289,104,4,288792.5,3,2,4,9,Others,72198.125
CUST07290,71,4,106174.40000000001,4,2,2,8,Potential Loyalists,26543.600000000002
CUST07291,107,8,393349.05,3,5,5,13,Loyal Customers,49168.63125
CUST07292,74,7,556548.4,4,5,5,14,Champions,79506.91428571429
CUST07293,8,3,128199.29999999999,5,2,2,9,Potential Loyalists,42733.1
CUST07294,303,4,48159.99999999999,1,2,1,4,Lost Customers,12039.999999999998
CUST07295,92,3,10870.05,4,2,1,7,Potential Loyalists,3623.35
CUST07296,171,7,161091.4,2,5,3,10,At Risk,23013.057142857142
CUST07297,364,4,53715.35,1,2,1,4,Lost Customers,13428.8375
CUST07298,706,1,6764.0,1,1,1,3,Lost Customers,6764.0
CUST07299,860,1,976.5,1,1,1,3,Lost Customers,976.5
CUST07300,123,3,127745.8,3,2,2,7,Others,42581.933333333334
CUST07301,84,9,433454.25,4,5,5,14,Champions,48161.583333333336
CUST07302,196,2,128598.3,2,1,2,5,Lost Customers,64299.15
CUST07303,66,4,87491.5,4,2,2,8,Potential Loyalists,21872.875
CUST07304,29,8,349619.95,5,5,5,15,Champions,43702.49375
CUST07305,457,3,163006.2,1,2,3,6,Lost Customers,54335.4
CUST07306,116,3,84175.7,3,2,2,7,Others,28058.566666666666
CUST07307,539,3,180122.7,1,2,3,6,Lost Customers,60040.9
CUST07308,53,8,258341.65,4,5,4,13,Champions,32292.70625
CUST07309,116,6,426752.19999999995,3,4,5,12,Loyal Customers,71125.36666666665
CUST07310,101,3,129503.4,3,2,2,7,Others,43167.799999999996
CUST07311,46,5,307600.2,4,3,4,11,Potential Loyalists,61520.04
CUST07312,33,2,78839.7,5,1,2,8,Others,39419.85
CUST07313,128,7,211699.8,3,5,4,12,Loyal Customers,30242.82857142857
CUST07314,70,8,184696.25,4,5,3,12,Loyal Customers,23087.03125
CUST07315,558,3,56990.8,1,2,1,4,Lost Customers,18996.933333333334
CUST07316,94,2,59439.75,4,1,1,6,Others,29719.875
CUST07317,117,7,165395.6,3,5,3,11,Loyal Customers,23627.942857142858
CUST07318,60,6,350870.89999999997,4,4,5,13,Champions,58478.48333333333
CUST07319,36,4,238510.75,5,2,4,11,Potential Loyalists,59627.6875
CUST07320,437,2,21682.6,1,1,1,3,Lost Customers,10841.3
CUST07321,178,6,323971.25,2,4,5,11,At Risk,53995.208333333336
CUST07322,403,1,118623.0,1,1,2,4,Lost Customers,118623.0
CUST07323,200,5,326586.8,2,3,5,10,At Risk,65317.36
CUST07324,177,3,230089.1,2,2,4,8,Lost Customers,76696.36666666667
CUST07325,55,2,13582.8,4,1,1,6,Others,6791.4
CUST07326,255,4,52159.6,2,2,1,5,Lost Customers,13039.9
CUST07327,35,4,105794.95,5,2,2,9,Potential Loyalists,26448.7375
CUST07328,390,4,22987.050000000003,1,2,1,4,Lost Customers,5746.762500000001
CUST07329,86,7,210874.95,4,5,4,13,Champions,30124.992857142857
CUST07330,141,4,212334.6,3,2,4,9,Others,53083.65
CUST07331,406,4,180461.55000000002,1,2,3,6,Lost Customers,45115.387500000004
CUST07332,81,4,29505.85,4,2,1,7,Potential Loyalists,7376.4625
CUST07333,23,7,86579.1,5,5,2,12,Loyal Customers,12368.442857142858
CUST07334,34,3,138538.4,5,2,3,10,Potential Loyalists,46179.46666666667
CUST07335,38,6,282194.95,5,4,4,13,Champions,47032.49166666667
CUST07336,68,5,320777.7,4,3,5,12,Potential Loyalists,64155.54
CUST07337,88,7,554616.75,4,5,5,14,Champions,79230.96428571429
CUST07338,17,9,194577.25,5,5,3,13,Loyal Customers,21619.694444444445
CUST07339,115,6,166939.2,3,4,3,10,Loyal Customers,27823.2
CUST07340,17,5,57262.5,5,3,1,9,Potential Loyalists,11452.5
CUST07341,172,2,101659.5,2,1,2,5,Lost Customers,50829.75
CUST07342,129,6,339171.1,3,4,5,12,Loyal Customers,56528.51666666666
CUST07343,62,8,293920.4,4,5,4,13,Champions,36740.05
CUST07344,260,8,304721.05,2,5,4,11,At Risk,38090.13125
CUST07345,54,6,176432.05,4,4,3,11,Loyal Customers,29405.341666666664
CUST07346,199,7,683493.35,2,5,5,12,At Risk,97641.90714285713
CUST07347,31,7,198913.2,5,5,3,13,Loyal Customers,28416.17142857143
CUST07348,226,9,550749.1,2,5,5,12,At Risk,61194.34444444444
CUST07349,16,3,109627.0,5,2,2,9,Potential Loyalists,36542.333333333336
CUST07350,34,3,81798.45,5,2,2,9,Potential Loyalists,27266.149999999998
CUST07351,152,5,309081.55,3,3,4,10,Others,61816.31
CUST07352,21,4,174079.9,5,2,3,10,Potential Loyalists,43519.975
CUST07353,6,1,3065.1,5,1,1,7,Others,3065.1
CUST07354,157,5,142297.9,3,3,3,9,Others,28459.579999999998
CUST07355,82,7,318310.45,4,5,4,13,Champions,45472.92142857143
CUST07356,79,6,68998.45,4,4,1,9,Loyal Customers,11499.741666666667
CUST07357,193,2,18940.7,2,1,1,4,Lost Customers,9470.35
CUST07358,161,5,157809.35,3,3,3,9,Others,31561.870000000003
CUST07359,141,3,43515.6,3,2,1,6,Others,14505.199999999999
CUST07360,7,4,49314.95,5,2,1,8,Potential Loyalists,12328.7375
CUST07361,44,3,137536.5,4,2,2,8,Potential Loyalists,45845.5
CUST07362,144,3,175306.3,3,2,3,8,Others,58435.43333333333
CUST07363,3,3,232788.65000000002,5,2,4,11,Potential Loyalists,77596.21666666667
CUST07364,69,6,258413.69999999998,4,4,4,12,Champions,43068.95
CUST07365,11,8,322930.85,5,5,5,15,Champions,40366.35625
CUST07366,158,6,454862.64999999997,3,4,5,12,Loyal Customers,75810.44166666667
CUST07367,157,6,221270.2,3,4,4,11,Loyal Customers,36878.36666666667
CUST07368,15,6,71524.6,5,4,1,10,Loyal Customers,11920.766666666668
CUST07369,155,7,162973.19999999998,3,5,3,11,Loyal Customers,23281.885714285712
CUST07370,588,5,368151.64999999997,1,3,5,9,At Risk,73630.32999999999
CUST07371,103,5,298119.30000000005,3,3,4,10,Others,59623.86000000001
CUST07372,98,3,170801.85,3,2,3,8,Others,56933.950000000004
CUST07373,393,4,74317.7,1,2,1,4,Lost Customers,18579.425
CUST07374,109,3,212225.5,3,2,4,9,Others,70741.83333333333
CUST07375,848,1,2501.35,1,1,1,3,Lost Customers,2501.35
CUST07376,184,4,125343.40000000001,2,2,2,6,Lost Customers,31335.850000000002
CUST07377,164,5,237584.5,3,3,4,10,Others,47516.9
CUST07378,257,9,228022.8,2,5,4,11,At Risk,25335.866666666665
CUST07379,84,5,67165.8,4,3,1,8,Potential Loyalists,13433.16
CUST07380,161,9,207093.15000000002,3,5,3,11,Loyal Customers,23010.350000000002
CUST07381,9,4,176771.3,5,2,3,10,Potential Loyalists,44192.825
CUST07382,3,4,248918.9,5,2,4,11,Potential Loyalists,62229.725
CUST07383,79,7,183033.1,4,5,3,12,Loyal Customers,26147.585714285717
CUST07384,184,3,20214.2,2,2,1,5,Lost Customers,6738.066666666667
CUST07385,176,6,336730.9,2,4,5,11,At Risk,56121.81666666667
CUST07386,389,5,215167.3,1,3,4,8,At Risk,43033.46
CUST07387,39,7,415636.8,5,5,5,15,Champions,59376.68571428571
CUST07388,144,6,343233.95,3,4,5,12,Loyal Customers,57205.65833333333
CUST07389,132,3,63402.6,3,2,1,6,Others,21134.2
CUST07390,40,9,250483.9,5,5,4,14,Champions,27831.544444444444
CUST07391,315,6,98874.0,1,4,2,7,Others,16479.0
CUST07392,2,10,354278.10000000003,5,5,5,15,Champions,35427.810000000005
CUST07393,115,4,65979.65000000001,3,2,1,6,Others,16494.912500000002
CUST07394,128,3,85122.1,3,2,2,7,Others,28374.033333333336
CUST07395,15,5,346026.5,5,3,5,13,Potential Loyalists,69205.3
CUST07397,144,3,190472.0,3,2,3,8,Others,63490.666666666664
CUST07398,201,5,65606.09999999999,2,3,1,6,Others,13121.219999999998
CUST07399,128,2,30891.7,3,1,1,5,Others,15445.85
CUST07400,254,7,254016.6,2,5,4,11,At Risk,36288.08571428571
CUST07401,244,5,100668.7,2,3,2,7,Others,20133.739999999998
CUST07402,233,3,97676.9,2,2,2,6,Lost Customers,32558.966666666664
CUST07403,208,4,129842.85,2,2,2,6,Lost Customers,32460.7125
CUST07404,70,5,211268.0,4,3,4,11,Potential Loyalists,42253.6
CUST07405,44,4,199874.35,4,2,3,9,Potential Loyalists,49968.5875
CUST07406,265,6,264592.05,2,4,4,10,At Risk,44098.674999999996
CUST07407,124,5,266923.0,3,3,4,10,Others,53384.6
CUST07408,47,7,279924.19999999995,4,5,4,13,Champions,39989.17142857142
CUST07409,222,2,213559.2,2,1,4,7,Lost Customers,106779.6
CUST07410,8,8,352421.95,5,5,5,15,Champions,44052.74375
CUST07411,293,4,147193.44999999998,1,2,3,6,Lost Customers,36798.362499999996
CUST07412,73,7,290676.2,4,5,4,13,Champions,41525.17142857143
CUST07413,48,5,159894.05000000002,4,3,3,10,Potential Loyalists,31978.810000000005
CUST07414,115,6,297969.7,3,4,4,11,Loyal Customers,49661.61666666667
CUST07415,64,9,373361.75,4,5,5,14,Champions,41484.63888888889
CUST07416,386,2,15438.900000000001,1,1,1,3,Lost Customers,7719.450000000001
CUST07417,105,4,76125.6,3,2,2,7,Others,19031.4
CUST07418,3,7,423446.0,5,5,5,15,Champions,60492.28571428572
CUST07419,271,4,191628.8,2,2,3,7,Lost Customers,47907.2
CUST07420,504,4,104533.75,1,2,2,5,Lost Customers,26133.4375
CUST07421,135,7,251878.3,3,5,4,12,Loyal Customers,35982.614285714284
CUST07422,44,8,220165.75,4,5,4,13,Champions,27520.71875
CUST07423,633,1,27368.1,1,1,1,3,Lost Customers,27368.1
CUST07424,158,5,191045.0,3,3,3,9,Others,38209.0
CUST07425,23,8,844016.4,5,5,5,15,Champions,105502.05
CUST07426,39,3,32160.5,5,2,1,8,Potential Loyalists,10720.166666666666
CUST07427,97,5,220099.15,3,3,4,10,Others,44019.83
CUST07428,359,3,43994.0,1,2,1,4,Lost Customers,14664.666666666666
CUST07429,282,8,205101.94999999998,2,5,3,10,At Risk,25637.743749999998
CUST07430,122,3,30622.7,3,2,1,6,Others,10207.566666666668
CUST07431,327,3,104543.70000000001,1,2,2,5,Lost Customers,34847.9
CUST07432,727,2,51104.4,1,1,1,3,Lost Customers,25552.2
CUST07433,40,7,283355.65,5,5,4,14,Champions,40479.37857142858
CUST07434,94,11,359955.35,4,5,5,14,Champions,32723.213636363635
CUST07435,257,4,157771.7,2,2,3,7,Lost Customers,39442.925
CUST07436,35,6,553902.9,5,4,5,14,Champions,92317.15000000001
CUST07437,30,5,82487.6,5,3,2,10,Potential Loyalists,16497.52
CUST07438,83,7,347616.5,4,5,5,14,Champions,49659.5
CUST07439,210,2,37728.0,2,1,1,4,Lost Customers,18864.0
CUST07440,20,3,56108.8,5,2,1,8,Potential Loyalists,18702.933333333334
CUST07441,80,7,535951.9,4,5,5,14,Champions,76564.55714285714
CUST07442,271,3,6936.5,2,2,1,5,Lost Customers,2312.1666666666665
CUST07443,69,8,104461.1,4,5,2,11,Loyal Customers,13057.6375
CUST07444,55,4,129836.9,4,2,2,8,Potential Loyalists,32459.225
CUST07445,190,4,141911.35,2,2,3,7,Lost Customers,35477.8375
CUST07446,229,5,98450.90000000001,2,3,2,7,Others,19690.18
CUST07447,347,7,231774.55,1,5,4,10,At Risk,33110.65
CUST07448,92,9,713537.55,4,5,5,14,Champions,79281.95000000001
CUST07449,38,5,78151.65,5,3,2,10,Potential Loyalists,15630.329999999998
CUST07450,437,3,97771.8,1,2,2,5,Lost Customers,32590.600000000002
CUST07451,47,9,254570.80000000002,4,5,4,13,Champions,28285.644444444446
CUST07452,169,10,118840.45,3,5,2,10,Loyal Customers,11884.045
CUST07453,82,6,473989.64999999997,4,4,5,13,Champions,78998.275
CUST07454,413,7,309729.1,1,5,4,10,At Risk,44247.014285714286
CUST07455,356,3,67765.9,1,2,1,4,Lost Customers,22588.63333333333
CUST07456,215,5,259339.25,2,3,4,9,At Risk,51867.85
CUST07457,18,6,66193.6,5,4,1,10,Loyal Customers,11032.266666666668
CUST07458,412,5,83330.4,1,3,2,6,Others,16666.079999999998
CUST07459,85,5,118249.75,4,3,2,9,Potential Loyalists,23649.95
CUST07460,272,9,417398.35,2,5,5,12,At Risk,46377.59444444444
CUST07461,80,7,195426.75,4,5,3,12,Loyal Customers,27918.10714285714
CUST07462,116,10,930274.35,3,5,5,13,Loyal Customers,93027.435
CUST07463,125,8,457767.85,3,5,5,13,Loyal Customers,57220.98125
CUST07464,497,2,21431.4,1,1,1,3,Lost Customers,10715.7
CUST07465,83,5,242874.45,4,3,4,11,Potential Loyalists,48574.89
CUST07466,4,10,118959.45,5,5,2,12,Loyal Customers,11895.945
CUST07467,18,7,273831.35,5,5,4,14,Champions,39118.764285714286
CUST07468,3,5,274116.2,5,3,4,12,Potential Loyalists,54823.240000000005
CUST07469,166,2,141215.59999999998,3,1,3,7,Others,70607.79999999999
CUST07470,168,6,565060.2,3,4,5,12,Loyal Customers,94176.7
CUST07471,63,6,162334.75,4,4,3,11,Loyal Customers,27055.791666666668
CUST07472,39,10,670560.7,5,5,5,15,Champions,67056.06999999999
CUST07473,155,6,361222.6,3,4,5,12,Loyal Customers,60203.76666666666
CUST07474,62,6,195459.15,4,4,3,11,Loyal Customers,32576.524999999998
CUST07475,63,8,289619.95,4,5,4,13,Champions,36202.49375
CUST07476,333,4,252776.8,1,2,4,7,Lost Customers,63194.2
CUST07477,20,5,175855.7,5,3,3,11,Potential Loyalists,35171.14
CUST07478,13,5,161105.75,5,3,3,11,Potential Loyalists,32221.15
CUST07479,682,2,52041.1,1,1,1,3,Lost Customers,26020.55
CUST07480,117,5,510673.05,3,3,5,11,Others,102134.61
CUST07481,57,6,179888.9,4,4,3,11,Loyal Customers,29981.483333333334
CUST07482,141,4,179749.80000000002,3,2,3,8,Others,44937.450000000004
CUST07483,97,4,211543.55,3,2,4,9,Others,52885.8875
CUST07484,100,6,316957.64999999997,3,4,4,11,Loyal Customers,52826.274999999994
CUST07485,551,3,87667.4,1,2,2,5,Lost Customers,29222.466666666664
CUST07486,322,4,269653.7,1,2,4,7,Lost Customers,67413.425
CUST07487,220,5,90084.3,2,3,2,7,Others,18016.86
CUST07488,54,7,583727.9,4,5,5,14,Champions,83389.7
CUST07489,17,5,260192.85,5,3,4,12,Potential Loyalists,52038.57
CUST07490,160,4,295537.75,3,2,4,9,Others,73884.4375
CUST07491,494,4,134097.9,1,2,2,5,Lost Customers,33524.475
CUST07492,119,3,108130.45,3,2,2,7,Others,36043.48333333333
CUST07493,267,7,186977.05,2,5,3,10,At Risk,26711.007142857143
CUST07494,35,6,140626.5,5,4,3,12,Loyal Customers,23437.75
CUST07495,180,5,183557.3,2,3,3,8,At Risk,36711.46
CUST07496,560,3,22947.25,1,2,1,4,Lost Customers,7649.083333333333
CUST07497,164,1,3370.6,3,1,1,5,Others,3370.6
CUST07498,285,4,201771.15,2,2,3,7,Lost Customers,50442.7875
CUST07499,65,4,203645.2,4,2,3,9,Potential Loyalists,50911.3
CUST07500,127,4,254133.45,3,2,4,9,Others,63533.3625
CUST07501,152,7,183897.05000000002,3,5,3,11,Loyal Customers,26271.007142857146
CUST07502,383,4,132463.05,1,2,2,5,Lost Customers,33115.7625
CUST07503,142,8,203153.65,3,5,3,11,Loyal Customers,25394.20625
CUST07504,201,4,18275.0,2,2,1,5,Lost Customers,4568.75
CUST07505,124,3,24060.15,3,2,1,6,Others,8020.05
CUST07506,309,3,151285.0,1,2,3,6,Lost Customers,50428.333333333336
CUST07507,167,2,30021.5,3,1,1,5,Others,15010.75
CUST07508,81,5,128284.7,4,3,2,9,Potential Loyalists,25656.94
CUST07509,114,3,73853.95,3,2,1,6,Others,24617.983333333334
CUST07510,191,3,90262.25,2,2,2,6,Lost Customers,30087.416666666668
CUST07511,423,3,137474.7,1,2,2,5,Lost Customers,45824.9
CUST07512,353,6,290614.9,1,4,4,9,At Risk,48435.81666666667
CUST07513,85,6,269142.89999999997,4,4,4,12,Champions,44857.149999999994
CUST07514,26,4,159729.6,5,2,3,10,Potential Loyalists,39932.4
CUST07515,69,9,349940.30000000005,4,5,5,14,Champions,38882.25555555556
CUST07516,8,5,173391.05,5,3,3,11,Potential Loyalists,34678.21
CUST07517,237,2,29998.1,2,1,1,4,Lost Customers,14999.05
CUST07518,53,6,320878.95,4,4,5,13,Champions,53479.825000000004
CUST07519,9,7,214135.4,5,5,4,14,Champions,30590.77142857143
CUST07520,62,4,205346.0,4,2,3,9,Potential Loyalists,51336.5
CUST07521,101,5,300977.1,3,3,4,10,Others,60195.42
CUST07522,19,6,342609.3,5,4,5,14,Champions,57101.549999999996
CUST07523,211,5,177665.25,2,3,3,8,At Risk,35533.05
CUST07524,29,3,43143.350000000006,5,2,1,8,Potential Loyalists,14381.116666666669
CUST07525,239,6,72586.5,2,4,1,7,Others,12097.75
CUST07526,70,5,183079.94999999998,4,3,3,10,Potential Loyalists,36615.99
CUST07527,411,1,6601.5,1,1,1,3,Lost Customers,6601.5
CUST07528,128,7,118813.5,3,5,2,10,Loyal Customers,16973.35714285714
CUST07529,114,5,35082.7,3,3,1,7,Others,7016.539999999999
CUST07530,123,10,212730.4,3,5,4,12,Loyal Customers,21273.04
CUST07531,375,4,262304.1,1,2,4,7,Lost Customers,65576.025
CUST07532,9,9,875472.6,5,5,5,15,Champions,97274.73333333334
CUST07533,213,9,497715.5,2,5,5,12,At Risk,55301.72222222222
CUST07534,113,3,11135.85,3,2,1,6,Others,3711.9500000000003
CUST07535,91,6,39239.5,4,4,1,9,Loyal Customers,6539.916666666667
CUST07536,25,9,575766.2,5,5,5,15,Champions,63974.022222222215
CUST07537,462,3,67927.75,1,2,1,4,Lost Customers,22642.583333333332
CUST07538,200,6,565428.0,2,4,5,11,At Risk,94238.0
CUST07539,91,6,270208.95,4,4,4,12,Champions,45034.825000000004
CUST07540,70,2,176439.94999999998,4,1,3,8,Others,88219.97499999999
CUST07541,34,5,179496.3,5,3,3,11,Potential Loyalists,35899.259999999995
CUST07542,120,9,302114.65,3,5,4,12,Loyal Customers,33568.294444444444
CUST07543,338,5,201665.1,1,3,3,7,At Risk,40333.020000000004
CUST07544,43,6,264434.5,4,4,4,12,Champions,44072.416666666664
CUST07545,119,7,512152.69999999995,3,5,5,13,Loyal Customers,73164.67142857143
CUST07546,434,7,464014.4,1,5,5,11,At Risk,66287.77142857143
CUST07547,21,4,198601.9,5,2,3,10,Potential Loyalists,49650.475
CUST07548,120,6,187875.9,3,4,3,10,Loyal Customers,31312.649999999998
CUST07549,62,12,772131.85,4,5,5,14,Champions,64344.32083333333
CUST07550,84,11,611616.9,4,5,5,14,Champions,55601.53636363637
CUST07551,156,6,217401.2,3,4,4,11,Loyal Customers,36233.53333333333
CUST07552,2,5,86508.5,5,3,2,10,Potential Loyalists,17301.7
CUST07553,68,10,148581.9,4,5,3,12,Loyal Customers,14858.189999999999
CUST07554,399,8,442828.25,1,5,5,11,At Risk,55353.53125
CUST07555,145,6,500702.5,3,4,5,12,Loyal Customers,83450.41666666667
CUST07556,150,3,291558.8,3,2,4,9,Others,97186.26666666666
CUST07557,65,6,196630.84999999998,4,4,3,11,Loyal Customers,32771.80833333333
CUST07558,85,6,261540.1,4,4,4,12,Champions,43590.01666666667
CUST07559,361,5,176924.25,1,3,3,7,At Risk,35384.85
CUST07560,91,6,339632.3,4,4,5,13,Champions,56605.38333333333
CUST07561,80,5,261592.3,4,3,4,11,Potential Loyalists,52318.46
CUST07562,156,7,427580.35000000003,3,5,5,13,Loyal Customers,61082.90714285715
CUST07563,298,4,121015.20000000001,1,2,2,5,Lost Customers,30253.800000000003
CUST07564,246,5,234073.6,2,3,4,9,At Risk,46814.72
CUST07565,109,3,141691.55,3,2,3,8,Others,47230.51666666666
CUST07566,156,3,230987.75,3,2,4,9,Others,76995.91666666667
CUST07567,67,7,164014.95,4,5,3,12,Loyal Customers,23430.707142857143
CUST07568,461,4,482722.7,1,2,5,8,Lost Customers,120680.675
CUST07569,345,1,98586.0,1,1,2,4,Lost Customers,98586.0
CUST07570,410,3,128162.54999999999,1,2,2,5,Lost Customers,42720.85
CUST07571,188,7,109068.8,2,5,2,9,Others,15581.257142857143
CUST07572,3,7,234596.9,5,5,4,14,Champions,33513.84285714286
CUST07573,455,4,91989.6,1,2,2,5,Lost Customers,22997.4
CUST07574,45,9,180090.35,4,5,3,12,Loyal Customers,20010.03888888889
CUST07575,57,7,252247.2,4,5,4,13,Champions,36035.31428571429
CUST07576,262,5,87714.85,2,3,2,7,Others,17542.97
CUST07577,145,6,315866.95,3,4,4,11,Loyal Customers,52644.49166666667
CUST07578,629,1,4766.15,1,1,1,3,Lost Customers,4766.15
CUST07579,553,3,49381.95,1,2,1,4,Lost Customers,16460.649999999998
CUST07580,371,5,54343.9,1,3,1,5,Others,10868.78
CUST07581,148,1,24777.9,3,1,1,5,Others,24777.9
CUST07582,418,3,92163.6,1,2,2,5,Lost Customers,30721.2
CUST07583,241,4,125865.54999999999,2,2,2,6,Lost Customers,31466.387499999997
CUST07584,409,3,333120.80000000005,1,2,5,8,Lost Customers,111040.26666666668
CUST07585,260,7,79807.4,2,5,2,9,Others,11401.057142857142
CUST07586,68,5,58646.95,4,3,1,8,Potential Loyalists,11729.39
CUST07587,160,5,81032.9,3,3,2,8,Others,16206.579999999998
CUST07588,74,12,502579.0,4,5,5,14,Champions,41881.583333333336
CUST07589,49,5,110827.75,4,3,2,9,Potential Loyalists,22165.55
CUST07590,91,4,201597.15,4,2,3,9,Potential Loyalists,50399.2875
CUST07591,330,4,281222.6,1,2,4,7,Lost Customers,70305.65
CUST07592,208,3,7420.2,2,2,1,5,Lost Customers,2473.4
CUST07593,102,6,78270.8,3,4,2,9,Loyal Customers,13045.133333333333
CUST07594,36,4,111388.05000000002,5,2,2,9,Potential Loyalists,27847.012500000004
CUST07595,83,4,89185.79999999999,4,2,2,8,Potential Loyalists,22296.449999999997
CUST07596,28,1,48233.0,5,1,1,7,Others,48233.0
CUST07597,465,3,32095.0,1,2,1,4,Lost Customers,10698.333333333334
CUST07598,71,7,411960.05,4,5,5,14,Champions,58851.43571428571
CUST07599,41,7,164703.25,5,5,3,13,Loyal Customers,23529.035714285714
CUST07600,81,7,379028.9,4,5,5,14,Champions,54146.985714285714
CUST07601,89,2,268541.1,4,1,4,9,Others,134270.55
CUST07602,312,2,135840.19999999998,1,1,2,4,Lost Customers,67920.09999999999
CUST07603,57,4,256755.9,4,2,4,10,Potential Loyalists,64188.975
CUST07604,311,2,52268.8,1,1,1,3,Lost Customers,26134.4
CUST07605,45,5,203050.40000000002,4,3,3,10,Potential Loyalists,40610.08
CUST07606,141,4,127718.65000000001,3,2,2,7,Others,31929.662500000002
CUST07608,227,6,507845.05,2,4,5,11,At Risk,84640.84166666666
CUST07609,63,7,282271.65,4,5,4,13,Champions,40324.52142857143
CUST07610,224,3,236860.1,2,2,4,8,Lost Customers,78953.36666666667
CUST07611,303,3,72950.6,1,2,1,4,Lost Customers,24316.86666666667
CUST07612,100,7,394538.45,3,5,5,13,Loyal Customers,56362.635714285716
CUST07613,21,4,141338.25,5,2,3,10,Potential Loyalists,35334.5625
CUST07614,2,4,470477.55,5,2,5,12,Potential Loyalists,117619.3875
CUST07615,110,7,210127.2,3,5,4,12,Loyal Customers,30018.17142857143
CUST07616,75,9,225852.75,4,5,4,13,Champions,25094.75
CUST07617,177,8,176968.19999999998,2,5,3,10,At Risk,22121.024999999998
CUST07618,298,5,125835.75,1,3,2,6,Others,25167.15
CUST07619,10,5,203815.75,5,3,3,11,Potential Loyalists,40763.15
CUST07620,159,4,126626.70000000001,3,2,2,7,Others,31656.675000000003
CUST07621,40,8,121629.84999999999,5,5,2,12,Loyal Customers,15203.731249999999
CUST07622,144,9,393935.10000000003,3,5,5,13,Loyal Customers,43770.56666666667
CUST07623,279,4,64381.450000000004,2,2,1,5,Lost Customers,16095.362500000001
CUST07624,154,6,453822.15,3,4,5,12,Loyal Customers,75637.02500000001
CUST07625,161,4,49709.5,3,2,1,6,Others,12427.375
CUST07626,83,8,254827.45,4,5,4,13,Champions,31853.43125
CUST07627,113,4,49032.5,3,2,1,6,Others,12258.125
CUST07628,26,5,178780.65000000002,5,3,3,11,Potential Loyalists,35756.130000000005
CUST07629,304,5,314140.8,1,3,4,8,At Risk,62828.159999999996
CUST07630,110,6,180509.8,3,4,3,10,Loyal Customers,30084.966666666664
CUST07631,387,2,93321.0,1,1,2,4,Lost Customers,46660.5
CUST07632,363,5,310396.45,1,3,4,8,At Risk,62079.29
CUST07633,287,5,86107.15,2,3,2,7,Others,17221.43
CUST07634,430,6,65041.0,1,4,1,6,Others,10840.166666666666
CUST07635,372,2,4354.4,1,1,1,3,Lost Customers,2177.2
CUST07636,46,4,555038.9,4,2,5,11,Potential Loyalists,138759.725
CUST07637,19,9,191751.95,5,5,3,13,Loyal Customers,21305.772222222222
CUST07638,84,1,55504.8,4,1,1,6,Others,55504.8
CUST07639,16,5,370943.25,5,3,5,13,Potential Loyalists,74188.65
CUST07640,39,7,348071.75,5,5,5,15,Champions,49724.53571428572
CUST07641,658,1,44460.0,1,1,1,3,Lost Customers,44460.0
CUST07642,174,10,343514.45,2,5,5,12,At Risk,34351.445
CUST07643,108,5,201491.7,3,3,3,9,Others,40298.340000000004
CUST07644,4,6,223020.15,5,4,4,13,Champions,37170.025
CUST07645,91,2,243096.8,4,1,4,9,Others,121548.4
CUST07646,292,4,16929.6,2,2,1,5,Lost Customers,4232.4
CUST07647,186,7,388064.4,2,5,5,12,At Risk,55437.77142857143
CUST07648,300,3,115309.6,1,2,2,5,Lost Customers,38436.53333333333
CUST07649,35,4,113556.4,5,2,2,9,Potential Loyalists,28389.1
CUST07650,18,8,254099.3,5,5,4,14,Champions,31762.4125
CUST07651,308,4,126403.3,1,2,2,5,Lost Customers,31600.825
CUST07652,203,5,215715.65,2,3,4,9,At Risk,43143.13
CUST07653,175,7,107886.5,2,5,2,9,Others,15412.357142857143
CUST07654,65,6,186970.8,4,4,3,11,Loyal Customers,31161.8
CUST07655,788,1,113026.0,1,1,2,4,Lost Customers,113026.0
CUST07656,87,8,433855.65,4,5,5,14,Champions,54231.95625
CUST07657,287,2,14924.4,2,1,1,4,Lost Customers,7462.2
CUST07658,1,6,428396.85,5,4,5,14,Champions,71399.47499999999
CUST07659,134,4,63419.3,3,2,1,6,Others,15854.825
CUST07660,25,5,341901.7,5,3,5,13,Potential Loyalists,68380.34
CUST07661,40,5,408075.3,5,3,5,13,Potential Loyalists,81615.06
CUST07662,220,4,55068.4,2,2,1,5,Lost Customers,13767.1
CUST07663,169,5,283977.75,3,3,4,10,Others,56795.55
CUST07664,10,4,42826.1,5,2,1,8,Potential Loyalists,10706.525
CUST07665,55,5,184089.9,4,3,3,10,Potential Loyalists,36817.979999999996
CUST07666,528,5,157744.9,1,3,3,7,At Risk,31548.98
CUST07667,160,5,275972.1,3,3,4,10,Others,55194.42
CUST07668,302,4,181699.5,1,2,3,6,Lost Customers,45424.875
CUST07669,42,7,302921.1,4,5,4,13,Champions,43274.44285714285
CUST07670,99,6,93955.3,3,4,2,9,Loyal Customers,15659.216666666667
CUST07671,177,7,701128.3500000001,2,5,5,12,At Risk,100161.19285714287
CUST07672,84,10,228989.9,4,5,4,13,Champions,22898.989999999998
CUST07673,84,5,79820.85,4,3,2,9,Potential Loyalists,15964.170000000002
CUST07674,128,3,140598.5,3,2,3,8,Others,46866.166666666664
CUST07675,204,5,43248.55,2,3,1,6,Others,8649.710000000001
CUST07676,55,7,307577.95,4,5,4,13,Champions,43939.70714285714
CUST07677,25,7,407490.7,5,5,5,15,Champions,58212.95714285714
CUST07678,103,2,97300.7,3,1,2,6,Others,48650.35
CUST07679,8,8,530280.8,5,5,5,15,Champions,66285.1
CUST07680,221,6,92138.05,2,4,2,8,Others,15356.341666666667
CUST07681,139,7,126062.6,3,5,2,10,Loyal Customers,18008.942857142858
CUST07682,53,4,391036.85,4,2,5,11,Potential Loyalists,97759.2125
CUST07683,168,6,90000.8,3,4,2,9,Loyal Customers,15000.133333333333
CUST07684,128,4,18504.2,3,2,1,6,Others,4626.05
CUST07685,3,8,281621.55,5,5,4,14,Champions,35202.69375
CUST07686,352,4,164672.45,1,2,3,6,Lost Customers,41168.1125
CUST07687,61,8,403127.75,4,5,5,14,Champions,50390.96875
CUST07688,17,8,340353.1,5,5,5,15,Champions,42544.1375
CUST07689,402,4,106990.6,1,2,2,5,Lost Customers,26747.65
CUST07690,454,5,181806.75,1,3,3,7,At Risk,36361.35
CUST07691,238,4,237881.4,2,2,4,8,Lost Customers,59470.35
CUST07692,30,5,104954.05,5,3,2,10,Potential Loyalists,20990.81
CUST07693,187,5,167012.0,2,3,3,8,At Risk,33402.4
CUST07694,15,12,378892.7,5,5,5,15,Champions,31574.391666666666
CUST07695,227,8,292460.9,2,5,4,11,At Risk,36557.6125
CUST07696,911,1,46596.0,1,1,1,3,Lost Customers,46596.0
CUST07697,119,4,33865.0,3,2,1,6,Others,8466.25
CUST07698,286,5,274153.7,2,3,4,9,At Risk,54830.740000000005
CUST07699,533,1,4262.75,1,1,1,3,Lost Customers,4262.75
CUST07700,154,4,63030.4,3,2,1,6,Others,15757.6
CUST07701,150,7,120558.99999999999,3,5,2,10,Loyal Customers,17222.714285714283
CUST07702,455,3,95534.4,1,2,2,5,Lost Customers,31844.8
CUST07703,53,7,246540.4,4,5,4,13,Champions,35220.05714285714
CUST07704,154,6,220224.6,3,4,4,11,Loyal Customers,36704.1
CUST07705,60,6,267723.5,4,4,4,12,Champions,44620.583333333336
CUST07706,415,5,158475.59999999998,1,3,3,7,At Risk,31695.119999999995
CUST07707,311,4,523374.65,1,2,5,8,Lost Customers,130843.6625
CUST07708,120,3,131182.6,3,2,2,7,Others,43727.53333333333
CUST07709,216,2,186711.8,2,1,3,6,Lost Customers,93355.9
CUST07710,681,1,10137.6,1,1,1,3,Lost Customers,10137.6
CUST07711,108,5,96350.05,3,3,2,8,Others,19270.010000000002
CUST07712,185,3,150614.1,2,2,3,7,Lost Customers,50204.700000000004
CUST07713,157,4,92603.7,3,2,2,7,Others,23150.925
CUST07714,9,8,216482.0,5,5,4,14,Champions,27060.25
CUST07715,81,5,125958.85,4,3,2,9,Potential Loyalists,25191.77
CUST07716,349,3,192407.90000000002,1,2,3,6,Lost Customers,64135.966666666674
CUST07717,438,4,22936.75,1,2,1,4,Lost Customers,5734.1875
CUST07718,89,5,170536.2,4,3,3,10,Potential Loyalists,34107.240000000005
CUST07719,17,5,180039.15,5,3,3,11,Potential Loyalists,36007.83
CUST07720,240,4,156138.25,2,2,3,7,Lost Customers,39034.5625
CUST07721,375,5,102496.29999999999,1,3,2,6,Others,20499.26
CUST07722,213,3,76662.4,2,2,2,6,Lost Customers,25554.13333333333
CUST07723,134,5,437435.05,3,3,5,11,Others,87487.01
CUST07724,51,6,146544.2,4,4,3,11,Loyal Customers,24424.033333333336
CUST07725,69,5,105500.3,4,3,2,9,Potential Loyalists,21100.06
CUST07726,152,10,296713.25,3,5,4,12,Loyal Customers,29671.325
CUST07727,79,8,124057.6,4,5,2,11,Loyal Customers,15507.2
CUST07728,92,4,122307.5,4,2,2,8,Potential Loyalists,30576.875
CUST07729,75,6,315068.2,4,4,4,12,Champions,52511.36666666667
CUST07730,121,8,312340.65,3,5,4,12,Loyal Customers,39042.58125
CUST07731,162,6,157155.35,3,4,3,10,Loyal Customers,26192.558333333334
CUST07732,133,8,247195.15,3,5,4,12,Loyal Customers,30899.39375
CUST07733,231,8,305973.3,2,5,4,11,At Risk,38246.6625
CUST07734,33,6,143249.6,5,4,3,12,Loyal Customers,23874.933333333334
CUST07735,87,8,459198.85,4,5,5,14,Champions,57399.85625
CUST07736,250,7,256365.3,2,5,4,11,At Risk,36623.614285714284
CUST07737,77,4,85418.1,4,2,2,8,Potential Loyalists,21354.525
CUST07738,255,5,265077.5,2,3,4,9,At Risk,53015.5
CUST07739,103,5,209473.30000000002,3,3,3,9,Others,41894.66
CUST07740,475,2,21540.3,1,1,1,3,Lost Customers,10770.15
CUST07741,473,3,27921.600000000002,1,2,1,4,Lost Customers,9307.2
CUST07742,172,4,163033.65,2,2,3,7,Lost Customers,40758.4125
CUST07743,189,5,122115.1,2,3,2,7,Others,24423.02
CUST07744,23,5,401256.1,5,3,5,13,Potential Loyalists,80251.22
CUST07745,457,2,84617.3,1,1,2,4,Lost Customers,42308.65
CUST07746,184,5,274006.7,2,3,4,9,At Risk,54801.340000000004
CUST07747,357,5,219319.5,1,3,4,8,At Risk,43863.9
CUST07748,92,5,234715.25,4,3,4,11,Potential Loyalists,46943.05
CUST07749,394,1,740.35,1,1,1,3,Lost Customers,740.35
CUST07750,79,5,98928.95,4,3,2,9,Potential Loyalists,19785.79
CUST07751,193,3,359869.0,2,2,5,9,Lost Customers,119956.33333333333
CUST07752,244,3,28446.8,2,2,1,5,Lost Customers,9482.266666666666
CUST07753,83,8,350775.15,4,5,5,14,Champions,43846.89375
CUST07754,477,1,15992.1,1,1,1,3,Lost Customers,15992.1
CUST07755,14,4,131791.15,5,2,2,9,Potential Loyalists,32947.7875
CUST07756,123,5,295897.85,3,3,4,10,Others,59179.56999999999
CUST07757,44,8,78662.6,4,5,2,11,Loyal Customers,9832.825
CUST07758,461,4,149828.3,1,2,3,6,Lost Customers,37457.075
CUST07759,192,6,222697.2,2,4,4,10,At Risk,37116.200000000004
CUST07760,29,5,136031.85,5,3,2,10,Potential Loyalists,27206.370000000003
CUST07761,36,4,97420.35,5,2,2,9,Potential Loyalists,24355.0875
CUST07762,202,3,124122.6,2,2,2,6,Lost Customers,41374.200000000004
CUST07763,53,6,273319.14999999997,4,4,4,12,Champions,45553.19166666666
CUST07764,121,3,110188.40000000001,3,2,2,7,Others,36729.46666666667
CUST07765,263,6,356277.95,2,4,5,11,At Risk,59379.65833333333
CUST07766,429,8,296721.69999999995,1,5,4,10,At Risk,37090.212499999994
CUST07767,233,5,350944.6,2,3,5,10,At Risk,70188.92
CUST07768,24,7,95407.75,5,5,2,12,Loyal Customers,13629.67857142857
CUST07769,24,5,282854.25,5,3,4,12,Potential Loyalists,56570.85
CUST07770,82,4,162509.8,4,2,3,9,Potential Loyalists,40627.45
CUST07771,515,3,257963.7,1,2,4,7,Lost Customers,85987.90000000001
CUST07772,145,3,170540.3,3,2,3,8,Others,56846.76666666666
CUST07773,397,6,141301.2,1,4,3,8,At Risk,23550.2
CUST07774,257,4,70010.4,2,2,1,5,Lost Customers,17502.6
CUST07775,152,6,87773.05,3,4,2,9,Loyal Customers,14628.841666666667
CUST07776,195,5,123870.15,2,3,2,7,Others,24774.03
CUST07777,198,4,397546.35,2,2,5,9,Lost Customers,99386.5875
CUST07778,74,10,273873.6,4,5,4,13,Champions,27387.359999999997
CUST07779,1,4,101159.34999999999,5,2,2,9,Potential Loyalists,25289.837499999998
CUST07780,247,4,262719.6,2,2,4,8,Lost Customers,65679.9
CUST07781,65,10,112290.45,4,5,2,11,Loyal Customers,11229.045
CUST07782,330,3,46726.45,1,2,1,4,Lost Customers,15575.483333333332
CUST07783,95,11,453612.5,3,5,5,13,Loyal Customers,41237.5
CUST07784,128,6,228114.45,3,4,4,11,Loyal Customers,38019.075000000004
CUST07785,153,7,143937.25,3,5,3,11,Loyal Customers,20562.464285714286
CUST07786,100,4,161564.7,3,2,3,8,Others,40391.175
CUST07787,56,4,68328.95,4,2,1,7,Potential Loyalists,17082.2375
CUST07788,67,3,196697.9,4,2,3,9,Potential Loyalists,65565.96666666666
CUST07789,7,9,160556.3,5,5,3,13,Loyal Customers,17839.588888888888
CUST07790,234,6,562833.8,2,4,5,11,At Risk,93805.63333333335
CUST07791,52,4,172851.8,4,2,3,9,Potential Loyalists,43212.95
CUST07792,207,7,31198.75,2,5,1,8,Others,4456.964285714285
CUST07793,75,6,275170.25,4,4,4,12,Champions,45861.708333333336
CUST07794,77,6,434006.4,4,4,5,13,Champions,72334.40000000001
CUST07795,309,7,212477.2,1,5,4,10,At Risk,30353.885714285716
CUST07796,128,9,191172.35,3,5,3,11,Loyal Customers,21241.372222222224
CUST07797,197,7,503392.10000000003,2,5,5,12,At Risk,71913.15714285715
CUST07798,28,5,354842.4,5,3,5,13,Potential Loyalists,70968.48000000001
CUST07799,97,6,209665.34999999998,3,4,3,10,Loyal Customers,34944.225
CUST07800,369,3,131599.8,1,2,2,5,Lost Customers,43866.6
CUST07801,399,4,407769.15,1,2,5,8,Lost Customers,101942.2875
CUST07802,137,4,540078.25,3,2,5,10,Others,135019.5625
CUST07803,116,3,48612.8,3,2,1,6,Others,16204.266666666668
CUST07804,386,2,69077.7,1,1,1,3,Lost Customers,34538.85
CUST07805,285,4,299492.5,2,2,4,8,Lost Customers,74873.125
CUST07806,160,3,97681.90000000001,3,2,2,7,Others,32560.633333333335
CUST07807,104,6,469738.50000000006,3,4,5,12,Loyal Customers,78289.75000000001
CUST07808,362,5,28289.199999999997,1,3,1,5,Others,5657.839999999999
CUST07809,224,4,71956.9,2,2,1,5,Lost Customers,17989.225
CUST07810,594,1,57734.1,1,1,1,3,Lost Customers,57734.1
CUST07811,234,3,40809.200000000004,2,2,1,5,Lost Customers,13603.066666666668
CUST07812,75,7,272122.7,4,5,4,13,Champions,38874.67142857143
CUST07813,396,3,126865.6,1,2,2,5,Lost Customers,42288.53333333333
CUST07814,34,6,152023.45,5,4,3,12,Loyal Customers,25337.24166666667
CUST07815,42,3,87106.75,4,2,2,8,Potential Loyalists,29035.583333333332
CUST07816,362,3,140801.6,1,2,3,6,Lost Customers,46933.86666666667
CUST07817,48,7,477135.3,4,5,5,14,Champions,68162.18571428572
CUST07818,55,6,309030.2,4,4,4,12,Champions,51505.03333333333
CUST07819,283,5,237786.6,2,3,4,9,At Risk,47557.32
CUST07820,99,7,199645.45,3,5,3,11,Loyal Customers,28520.778571428575
CUST07821,22,5,86916.35,5,3,2,10,Potential Loyalists,17383.27
CUST07822,625,1,88462.8,1,1,2,4,Lost Customers,88462.8
CUST07823,342,4,98474.3,1,2,2,5,Lost Customers,24618.575
CUST07824,221,9,313779.55,2,5,4,11,At Risk,34864.39444444444
CUST07825,134,7,385006.5,3,5,5,13,Loyal Customers,55000.92857142857
CUST07826,106,5,151474.4,3,3,3,9,Others,30294.879999999997
CUST07827,3,2,21154.15,5,1,1,7,Others,10577.075
CUST07828,2,7,336336.6,5,5,5,15,Champions,48048.08571428571
CUST07829,10,10,387369.1,5,5,5,15,Champions,38736.909999999996
CUST07830,9,6,248176.7,5,4,4,13,Champions,41362.78333333333
CUST07831,269,8,306375.15,2,5,4,11,At Risk,38296.89375
CUST07832,47,9,232055.95,4,5,4,13,Champions,25783.994444444445
CUST07833,101,5,61247.8,3,3,1,7,Others,12249.560000000001
CUST07834,63,4,62385.0,4,2,1,7,Potential Loyalists,15596.25
CUST07835,46,6,209382.6,4,4,3,11,Loyal Customers,34897.1
CUST07836,97,9,573215.85,3,5,5,13,Loyal Customers,63690.649999999994
CUST07837,196,2,65850.29999999999,2,1,1,4,Lost Customers,32925.149999999994
CUST07838,10,5,73753.8,5,3,1,9,Potential Loyalists,14750.76
CUST07839,46,4,103701.20000000001,4,2,2,8,Potential Loyalists,25925.300000000003
CUST07840,601,1,4512.0,1,1,1,3,Lost Customers,4512.0
CUST07841,210,8,233866.0,2,5,4,11,At Risk,29233.25
CUST07842,230,3,126575.45,2,2,2,6,Lost Customers,42191.816666666666
CUST07843,318,3,99090.3,1,2,2,5,Lost Customers,33030.1
CUST07844,550,3,63002.55,1,2,1,4,Lost Customers,21000.850000000002
CUST07845,10,3,31209.2,5,2,1,8,Potential Loyalists,10403.066666666668
CUST07846,128,6,180870.65,3,4,3,10,Loyal Customers,30145.108333333334
CUST07847,47,6,201067.9,4,4,3,11,Loyal Customers,33511.316666666666
CUST07848,36,7,378549.39999999997,5,5,5,15,Champions,54078.48571428571
CUST07849,340,4,182333.1,1,2,3,6,Lost Customers,45583.275
CUST07850,91,8,248024.5,4,5,4,13,Champions,31003.0625
CUST07851,50,8,91219.05,4,5,2,11,Loyal Customers,11402.38125
CUST07852,52,7,164026.25,4,5,3,12,Loyal Customers,23432.321428571428
CUST07853,346,5,92943.09999999999,1,3,2,6,Others,18588.62
CUST07854,33,5,311237.9,5,3,4,12,Potential Loyalists,62247.58
CUST07855,74,6,151204.34999999998,4,4,3,11,Loyal Customers,25200.724999999995
CUST07856,54,3,103284.65,4,2,2,8,Potential Loyalists,34428.21666666667
CUST07857,120,9,254812.3,3,5,4,12,Loyal Customers,28312.477777777778
CUST07858,9,5,200476.5,5,3,3,11,Potential Loyalists,40095.3
CUST07859,14,4,206444.6,5,2,3,10,Potential Loyalists,51611.15
CUST07860,758,1,24952.7,1,1,1,3,Lost Customers,24952.7
CUST07861,318,3,213710.4,1,2,4,7,Lost Customers,71236.8
CUST07862,93,7,145800.55,4,5,3,12,Loyal Customers,20828.649999999998
CUST07863,79,7,743343.75,4,5,5,14,Champions,106191.96428571429
CUST07864,241,5,181275.9,2,3,3,8,At Risk,36255.18
CUST07865,63,4,273776.15,4,2,4,10,Potential Loyalists,68444.0375
CUST07866,32,6,144669.25,5,4,3,12,Loyal Customers,24111.541666666668
CUST07867,300,4,138952.1,1,2,3,6,Lost Customers,34738.025
CUST07868,39,8,426202.1,5,5,5,15,Champions,53275.2625
CUST07869,76,3,352026.65,4,2,5,11,Potential Loyalists,117342.21666666667
CUST07870,24,7,397974.2,5,5,5,15,Champions,56853.45714285714
CUST07871,421,5,136082.0,1,3,2,6,Others,27216.4
CUST07872,277,1,141804.8,2,1,3,6,Lost Customers,141804.8
CUST07873,78,7,292731.3,4,5,4,13,Champions,41818.75714285714
CUST07874,168,9,553898.45,3,5,5,13,Loyal Customers,61544.272222222215
CUST07875,458,4,201059.5,1,2,3,6,Lost Customers,50264.875
CUST07876,144,3,138857.1,3,2,3,8,Others,46285.700000000004
CUST07877,125,4,107878.29999999999,3,2,2,7,Others,26969.574999999997
CUST07878,13,7,465728.55000000005,5,5,5,15,Champions,66532.65000000001
CUST07879,705,1,29667.55,1,1,1,3,Lost Customers,29667.55
CUST07880,220,3,47140.3,2,2,1,5,Lost Customers,15713.433333333334
CUST07881,59,5,351713.0,4,3,5,12,Potential Loyalists,70342.6
CUST07882,36,6,155587.55,5,4,3,12,Loyal Customers,25931.25833333333
CUST07883,47,6,47576.05,4,4,1,9,Loyal Customers,7929.341666666667
CUST07884,1,7,208054.95,5,5,3,13,Loyal Customers,29722.135714285716
CUST07885,15,6,21354.7,5,4,1,10,Loyal Customers,3559.116666666667
CUST07886,376,3,14899.1,1,2,1,4,Lost Customers,4966.366666666667
CUST07887,155,4,153296.95,3,2,3,8,Others,38324.2375
CUST07888,268,4,56649.95,2,2,1,5,Lost Customers,14162.4875
CUST07889,168,9,309237.5,3,5,4,12,Loyal Customers,34359.72222222222
CUST07890,202,8,655639.85,2,5,5,12,At Risk,81954.98125
CUST07891,103,7,347003.0,3,5,5,13,Loyal Customers,49571.857142857145
CUST07892,108,8,401949.95,3,5,5,13,Loyal Customers,50243.74375
CUST07893,157,5,20941.2,3,3,1,7,Others,4188.24
CUST07894,320,6,397537.39999999997,1,4,5,10,At Risk,66256.23333333332
CUST07895,85,3,127903.45,4,2,2,8,Potential Loyalists,42634.48333333333
CUST07896,883,1,14721.75,1,1,1,3,Lost Customers,14721.75
CUST07897,9,8,269951.0,5,5,4,14,Champions,33743.875
CUST07898,893,1,89520.4,1,1,2,4,Lost Customers,89520.4
CUST07899,363,6,255503.30000000002,1,4,4,9,At Risk,42583.88333333334
CUST07900,79,3,102483.2,4,2,2,8,Potential Loyalists,34161.066666666666
CUST07901,14,6,62776.85,5,4,1,10,Loyal Customers,10462.808333333332
CUST07902,209,7,98123.95,2,5,2,9,Others,14017.707142857142
CUST07903,579,3,20693.3,1,2,1,4,Lost Customers,6897.766666666666
CUST07904,33,6,361554.8,5,4,5,14,Champions,60259.13333333333
CUST07905,31,5,167771.1,5,3,3,11,Potential Loyalists,33554.22
CUST07906,192,5,417836.15,2,3,5,10,At Risk,83567.23000000001
CUST07907,15,9,332746.75,5,5,5,15,Champions,36971.86111111111
CUST07908,97,4,354298.1,3,2,5,10,Others,88574.525
CUST07909,274,4,246041.0,2,2,4,8,Lost Customers,61510.25
CUST07910,69,8,305764.9,4,5,4,13,Champions,38220.6125
CUST07911,84,7,128152.85,4,5,2,11,Loyal Customers,18307.55
CUST07912,211,3,178296.9,2,2,3,7,Lost Customers,59432.299999999996
CUST07913,103,7,201960.9,3,5,3,11,Loyal Customers,28851.557142857142
CUST07914,252,4,64450.0,2,2,1,5,Lost Customers,16112.5
CUST07915,619,3,120085.15,1,2,2,5,Lost Customers,40028.38333333333
CUST07916,436,4,238717.6,1,2,4,7,Lost Customers,59679.4
CUST07917,5,7,228052.9,5,5,4,14,Champions,32578.985714285714
CUST07918,182,4,57912.3,2,2,1,5,Lost Customers,14478.075
CUST07919,234,7,495120.2,2,5,5,12,At Risk,70731.45714285715
CUST07920,746,2,29853.15,1,1,1,3,Lost Customers,14926.575
CUST07921,3,6,267502.0,5,4,4,13,Champions,44583.666666666664
CUST07922,123,5,256972.59999999998,3,3,4,10,Others,51394.52
CUST07923,583,2,11788.8,1,1,1,3,Lost Customers,5894.4
CUST07924,127,6,180752.05000000002,3,4,3,10,Loyal Customers,30125.34166666667
CUST07925,252,5,116213.55,2,3,2,7,Others,23242.71
CUST07926,172,4,223295.75,2,2,4,8,Lost Customers,55823.9375
CUST07927,263,5,181405.25,2,3,3,8,At Risk,36281.05
CUST07928,65,4,270543.8,4,2,4,10,Potential Loyalists,67635.95
CUST07929,57,8,393769.7,4,5,5,14,Champions,49221.2125
CUST07930,60,3,32217.300000000003,4,2,1,7,Potential Loyalists,10739.1
CUST07931,292,7,164911.84999999998,2,5,3,10,At Risk,23558.83571428571
CUST07932,181,9,255434.5,2,5,4,11,At Risk,28381.61111111111
CUST07933,380,4,129462.4,1,2,2,5,Lost Customers,32365.6
CUST07934,437,2,104195.0,1,1,2,4,Lost Customers,52097.5
CUST07935,541,7,328005.85,1,5,5,11,At Risk,46857.97857142857
CUST07936,262,8,220760.25,2,5,4,11,At Risk,27595.03125
CUST07937,359,5,209348.65,1,3,3,7,At Risk,41869.729999999996
CUST07938,122,5,86064.45,3,3,2,8,Others,17212.89
CUST07939,322,5,245964.35,1,3,4,8,At Risk,49192.87
CUST07940,1,6,241508.4,5,4,4,13,Champions,40251.4
CUST07941,60,5,220435.75,4,3,4,11,Potential Loyalists,44087.15
CUST07942,235,7,202854.75,2,5,3,10,At Risk,28979.25
CUST07943,5,7,329357.3,5,5,5,15,Champions,47051.04285714286
CUST07944,315,4,188254.60000000003,1,2,3,6,Lost Customers,47063.65000000001
CUST07945,295,5,179201.0,1,3,3,7,At Risk,35840.2
CUST07946,3,7,255692.15,5,5,4,14,Champions,36527.45
CUST07947,320,4,474662.05,1,2,5,8,Lost Customers,118665.5125
CUST07948,405,2,41749.55,1,1,1,3,Lost Customers,20874.775
CUST07949,99,7,275336.15,3,5,4,12,Loyal Customers,39333.735714285714
CUST07950,171,7,379454.95,2,5,5,12,At Risk,54207.85
CUST07951,215,4,220312.5,2,2,4,8,Lost Customers,55078.125
CUST07952,70,9,169463.05,4,5,3,12,Loyal Customers,18829.227777777778
CUST07953,257,3,220093.75,2,2,4,8,Lost Customers,73364.58333333333
CUST07954,286,2,108684.75,2,1,2,5,Lost Customers,54342.375
CUST07955,40,8,614764.8999999999,5,5,5,15,Champions,76845.61249999999
CUST07956,22,7,254379.65,5,5,4,14,Champions,36339.95
CUST07957,25,7,341169.44999999995,5,5,5,15,Champions,48738.49285714285
CUST07958,267,6,183840.2,2,4,3,9,At Risk,30640.033333333336
CUST07959,7,10,170453.55,5,5,3,13,Loyal Customers,17045.355
CUST07960,20,6,423995.85,5,4,5,14,Champions,70665.97499999999
CUST07961,137,5,278474.25,3,3,4,10,Others,55694.85
CUST07962,42,3,60594.100000000006,4,2,1,7,Potential Loyalists,20198.033333333336
CUST07963,34,5,90668.75,5,3,2,10,Potential Loyalists,18133.75
CUST07964,81,7,516216.45,4,5,5,14,Champions,73745.20714285715
CUST07965,20,11,644678.75,5,5,5,15,Champions,58607.15909090909
CUST07966,249,3,91765.0,2,2,2,6,Lost Customers,30588.333333333332
CUST07967,246,6,402613.5,2,4,5,11,At Risk,67102.25
CUST07968,1,9,287680.95,5,5,4,14,Champions,31964.550000000003
CUST07969,273,7,137708.95,2,5,3,10,At Risk,19672.707142857143
CUST07970,225,2,10075.0,2,1,1,4,Lost Customers,5037.5
CUST07971,184,7,217229.1,2,5,4,11,At Risk,31032.72857142857
CUST07972,34,6,321551.6,5,4,5,14,Champions,53591.93333333333
CUST07973,74,6,436606.45,4,4,5,13,Champions,72767.74166666667
CUST07974,413,2,42190.200000000004,1,1,1,3,Lost Customers,21095.100000000002
CUST07975,108,5,139933.25,3,3,3,9,Others,27986.65
CUST07976,168,7,710010.4,3,5,5,13,Loyal Customers,101430.05714285714
CUST07977,43,8,189999.35,4,5,3,12,Loyal Customers,23749.91875
CUST07978,11,10,847898.45,5,5,5,15,Champions,84789.845
CUST07979,47,6,147750.05,4,4,3,11,Loyal Customers,24625.00833333333
CUST07980,16,7,334353.1,5,5,5,15,Champions,47764.72857142857
CUST07981,3,6,394216.55,5,4,5,14,Champions,65702.75833333333
CUST07982,368,4,84825.85,1,2,2,5,Lost Customers,21206.4625
CUST07983,105,5,308646.15,3,3,4,10,Others,61729.23
CUST07984,3,7,173086.95,5,5,3,13,Loyal Customers,24726.707142857143
CUST07985,410,1,186654.0,1,1,3,5,Lost Customers,186654.0
CUST07986,56,3,151340.80000000002,4,2,3,9,Potential Loyalists,50446.93333333334
CUST07987,12,4,238393.3,5,2,4,11,Potential Loyalists,59598.325
CUST07988,597,3,52237.3,1,2,1,4,Lost Customers,17412.433333333334
CUST07989,50,6,95489.1,4,4,2,10,Loyal Customers,15914.85
CUST07990,184,7,409808.85,2,5,5,12,At Risk,58544.12142857142
CUST07991,162,3,121207.7,3,2,2,7,Others,40402.566666666666
CUST07992,533,1,88339.65,1,1,2,4,Lost Customers,88339.65
CUST07993,116,3,14380.6,3,2,1,6,Others,4793.533333333334
CUST07994,123,3,92306.95,3,2,2,7,Others,30768.983333333334
CUST07995,95,6,172651.65,3,4,3,10,Loyal Customers,28775.274999999998
CUST07996,250,5,71705.34999999999,2,3,1,6,Others,14341.069999999998
CUST07997,115,9,264475.14999999997,3,5,4,12,Loyal Customers,29386.127777777772
CUST07998,131,4,116256.45,3,2,2,7,Others,29064.1125
CUST07999,87,4,85073.1,4,2,2,8,Potential Loyalists,21268.275
CUST08000,92,3,276552.9,4,2,4,10,Potential Loyalists,92184.3
CUST08001,758,2,57400.05,1,1,1,3,Lost Customers,28700.025
CUST08003,68,2,247618.6,4,1,4,9,Others,123809.3
CUST08004,257,9,187352.15,2,5,3,10,At Risk,20816.905555555553
CUST08005,46,6,96993.4,4,4,2,10,Loyal Customers,16165.566666666666
CUST08006,5,6,646919.15,5,4,5,14,Champions,107819.85833333334
CUST08007,74,5,116875.40000000001,4,3,2,9,Potential Loyalists,23375.08
CUST08008,156,6,256136.65,3,4,4,11,Loyal Customers,42689.441666666666
CUST08009,416,2,170200.4,1,1,3,5,Lost Customers,85100.2
CUST08010,356,6,61723.2,1,4,1,6,Others,10287.199999999999
CUST08011,376,8,184696.05,1,5,3,9,At Risk,23087.00625
CUST08012,162,7,218974.09999999998,3,5,4,12,Loyal Customers,31282.014285714282
CUST08013,12,6,528656.65,5,4,5,14,Champions,88109.44166666667
CUST08014,27,5,118471.35,5,3,2,10,Potential Loyalists,23694.27
CUST08015,375,4,197398.5,1,2,3,6,Lost Customers,49349.625
CUST08016,68,6,341835.64999999997,4,4,5,13,Champions,56972.60833333333
CUST08017,366,4,121124.9,1,2,2,5,Lost Customers,30281.225
CUST08018,129,6,191732.0,3,4,3,10,Loyal Customers,31955.333333333332
CUST08019,103,9,599597.5,3,5,5,13,Loyal Customers,66621.94444444444
CUST08020,52,7,208065.9,4,5,3,12,Loyal Customers,29723.7
CUST08021,72,5,409667.65,4,3,5,12,Potential Loyalists,81933.53
CUST08022,135,7,231300.2,3,5,4,12,Loyal Customers,33042.885714285716
CUST08023,80,4,105763.8,4,2,2,8,Potential Loyalists,26440.95
CUST08024,132,3,176113.4,3,2,3,8,Others,58704.46666666667
CUST08025,103,6,202201.65,3,4,3,10,Loyal Customers,33700.275
CUST08026,302,5,323505.15,1,3,5,9,At Risk,64701.030000000006
CUST08027,301,3,44944.5,1,2,1,4,Lost Customers,14981.5
CUST08028,163,5,255480.09999999998,3,3,4,10,Others,51096.02
CUST08029,72,6,88482.80000000002,4,4,2,10,Loyal Customers,14747.133333333337
CUST08030,218,4,211411.15000000002,2,2,4,8,Lost Customers,52852.787500000006
CUST08031,147,2,19926.15,3,1,1,5,Others,9963.075
CUST08032,124,7,126630.55,3,5,2,10,Loyal Customers,18090.07857142857
CUST08033,146,5,38779.15,3,3,1,7,Others,7755.83
CUST08034,79,3,188739.9,4,2,3,9,Potential Loyalists,62913.299999999996
CUST08035,266,5,50255.65,2,3,1,6,Others,10051.130000000001
CUST08036,235,3,21556.5,2,2,1,5,Lost Customers,7185.5
CUST08037,163,10,533374.25,3,5,5,13,Loyal Customers,53337.425
CUST08038,302,5,276840.55,1,3,4,8,At Risk,55368.11
CUST08039,91,5,73854.20000000001,4,3,1,8,Potential Loyalists,14770.840000000002
CUST08040,8,7,282734.0,5,5,4,14,Champions,40390.57142857143
CUST08041,584,2,24736.6,1,1,1,3,Lost Customers,12368.3
CUST08042,94,2,23982.8,4,1,1,6,Others,11991.4
CUST08043,277,2,41189.0,2,1,1,4,Lost Customers,20594.5
CUST08044,654,3,392072.15,1,2,5,8,Lost Customers,130690.71666666667
CUST08045,87,6,155617.4,4,4,3,11,Loyal Customers,25936.233333333334
CUST08046,64,3,205395.25,4,2,3,9,Potential Loyalists,68465.08333333333
CUST08047,91,3,50259.2,4,2,1,7,Potential Loyalists,16753.066666666666
CUST08048,106,4,238570.8,3,2,4,9,Others,59642.7
CUST08049,27,5,250683.3,5,3,4,12,Potential Loyalists,50136.659999999996
CUST08050,365,4,246013.05,1,2,4,7,Lost Customers,61503.2625
CUST08051,458,2,91125.15000000001,1,1,2,4,Lost Customers,45562.575000000004
CUST08052,15,5,114575.15,5,3,2,10,Potential Loyalists,22915.03
CUST08053,83,9,339327.55,4,5,5,14,Champions,37703.06111111111
CUST08054,453,5,133046.65,1,3,2,6,Others,26609.329999999998
CUST08055,135,9,406545.75,3,5,5,13,Loyal Customers,45171.75
CUST08056,354,4,170647.35,1,2,3,6,Lost Customers,42661.8375
CUST08057,248,3,70659.05,2,2,1,5,Lost Customers,23553.016666666666
CUST08058,38,4,123225.65000000001,5,2,2,9,Potential Loyalists,30806.412500000002
CUST08059,203,3,35491.899999999994,2,2,1,5,Lost Customers,11830.633333333331
CUST08060,134,6,416662.65,3,4,5,12,Loyal Customers,69443.77500000001
CUST08061,87,8,97639.25,4,5,2,11,Loyal Customers,12204.90625
CUST08062,13,6,222933.05,5,4,4,13,Champions,37155.50833333333
CUST08063,57,7,212597.85,4,5,4,13,Champions,30371.12142857143
CUST08064,195,6,200756.05000000002,2,4,3,9,At Risk,33459.34166666667
CUST08065,158,7,334513.10000000003,3,5,5,13,Loyal Customers,47787.58571428572
CUST08066,91,10,403266.05,4,5,5,14,Champions,40326.604999999996
CUST08067,192,4,344177.25,2,2,5,9,Lost Customers,86044.3125
CUST08068,80,7,314516.75,4,5,4,13,Champions,44930.96428571428
CUST08069,121,5,166155.0,3,3,3,9,Others,33231.0
CUST08070,10,7,342642.55,5,5,5,15,Champions,48948.93571428571
CUST08071,11,6,601262.95,5,4,5,14,Champions,100210.49166666665
CUST08072,296,7,106892.4,1,5,2,8,Others,15270.342857142856
CUST08073,25,6,132696.55,5,4,2,11,Loyal Customers,22116.091666666664
CUST08074,11,8,312865.05,5,5,4,14,Champions,39108.13125
CUST08075,806,1,1725.5,1,1,1,3,Lost Customers,1725.5
CUST08076,246,4,61514.3,2,2,1,5,Lost Customers,15378.575
CUST08077,783,1,25372.8,1,1,1,3,Lost Customers,25372.8
CUST08078,66,6,163333.65,4,4,3,11,Loyal Customers,27222.274999999998
CUST08079,54,6,483622.80000000005,4,4,5,13,Champions,80603.8
CUST08080,270,4,136187.2,2,3,2,7,Others,34046.8
CUST08081,438,4,367890.2,1,3,5,9,At Risk,91972.55
CUST08082,180,3,111943.0,2,2,2,6,Lost Customers,37314.333333333336
CUST08083,19,10,368251.55,5,5,5,15,Champions,36825.155
CUST08084,68,4,88323.3,4,3,2,9,Potential Loyalists,22080.825
CUST08085,314,1,23933.35,1,1,1,3,Lost Customers,23933.35
CUST08086,75,4,80681.04999999999,4,3,2,9,Potential Loyalists,20170.262499999997
CUST08087,18,5,423965.1,5,3,5,13,Potential Loyalists,84793.01999999999
CUST08088,201,4,416980.6,2,3,5,10,At Risk,104245.15
CUST08089,59,6,67491.9,4,4,1,9,Loyal Customers,11248.65
CUST08090,452,5,154526.55,1,3,3,7,At Risk,30905.309999999998
CUST08091,128,3,175628.4,3,2,3,8,Others,58542.799999999996
CUST08092,97,5,120142.7,3,3,2,8,Others,24028.54
CUST08093,447,5,331902.85,1,3,5,9,At Risk,66380.56999999999
CUST08094,41,4,219302.7,5,3,4,12,Potential Loyalists,54825.675
CUST08095,333,11,604176.45,1,5,5,11,At Risk,54925.13181818181
CUST08096,77,6,364997.7,4,4,5,13,Champions,60832.950000000004
CUST08097,81,2,26775.3,4,1,1,6,Others,13387.65
CUST08098,64,10,332220.4,4,5,5,14,Champions,33222.04
CUST08099,227,8,254838.00000000003,2,5,4,11,At Risk,31854.750000000004
CUST08100,783,3,11607.900000000001,1,2,1,4,Lost Customers,3869.3000000000006
CUST08101,63,4,73399.5,4,3,1,8,Potential Loyalists,18349.875
CUST08102,57,8,486353.8,4,5,5,14,Champions,60794.225
CUST08103,7,3,53877.95,5,2,1,8,Potential Loyalists,17959.316666666666
CUST08104,69,9,372838.5,4,5,5,14,Champions,41426.5
CUST08105,72,6,112952.65,4,4,2,10,Loyal Customers,18825.441666666666
CUST08106,14,6,284762.55,5,4,4,13,Champions,47460.424999999996
CUST08107,40,1,153535.2,5,1,3,9,Others,153535.2
CUST08108,125,7,172862.65,3,5,3,11,Loyal Customers,24694.664285714283
CUST08109,71,7,314824.2,4,5,4,13,Champions,44974.885714285716
CUST08110,267,5,81088.95,2,3,2,7,Others,16217.789999999999
CUST08111,411,4,128908.6,1,3,2,6,Others,32227.15
CUST08112,406,3,47340.2,1,2,1,4,Lost Customers,15780.066666666666
CUST08113,95,6,435896.55000000005,3,4,5,12,Loyal Customers,72649.425
CUST08114,67,7,234574.80000000002,4,5,4,13,Champions,33510.68571428572
CUST08115,64,3,203359.55,4,2,3,9,Potential Loyalists,67786.51666666666
CUST08116,236,5,228991.35,2,3,4,9,At Risk,45798.270000000004
CUST08117,80,4,85475.95,4,3,2,9,Potential Loyalists,21368.9875
CUST08118,23,3,94447.7,5,2,2,9,Potential Loyalists,31482.566666666666
CUST08119,58,7,226116.65,4,5,4,13,Champions,32302.37857142857
CUST08120,415,5,69929.4,1,3,1,5,Others,13985.88
CUST08121,248,5,263032.75,2,3,4,9,At Risk,52606.55
CUST08122,104,4,144566.6,3,3,3,9,Others,36141.65
CUST08123,472,2,107604.3,1,1,2,4,Lost Customers,53802.15
CUST08124,43,5,68939.3,4,3,1,8,Potential Loyalists,13787.86
CUST08125,344,3,63281.7,1,2,1,4,Lost Customers,21093.899999999998
CUST08126,3,6,68397.75,5,4,1,10,Loyal Customers,11399.625
CUST08127,254,8,559170.7,2,5,5,12,At Risk,69896.3375
CUST08128,143,6,84100.1,3,4,2,9,Loyal Customers,14016.683333333334
CUST08129,225,5,138008.4,2,3,3,8,At Risk,27601.68
CUST08130,100,3,146516.95,3,2,3,8,Others,48838.98333333334
CUST08131,48,1,28445.25,4,1,1,6,Others,28445.25
CUST08132,26,7,140429.6,5,5,3,13,Loyal Customers,20061.37142857143
CUST08133,106,8,115566.65,3,5,2,10,Loyal Customers,14445.83125
CUST08134,62,5,172339.0,4,3,3,10,Potential Loyalists,34467.8
CUST08135,331,6,483944.44999999995,1,4,5,10,At Risk,80657.40833333333
CUST08136,266,4,122639.3,2,3,2,7,Others,30659.825
CUST08137,127,6,49335.2,3,4,1,8,Loyal Customers,8222.533333333333
CUST08138,396,6,246767.35,1,4,4,9,At Risk,41127.89166666667
CUST08139,447,5,174396.0,1,3,3,7,At Risk,34879.2
CUST08140,246,4,29649.05,2,3,1,6,Others,7412.2625
CUST08141,143,3,230919.30000000002,3,2,4,9,Others,76973.1
CUST08142,140,4,167919.8,3,3,3,9,Others,41979.95
CUST08143,124,5,428237.5,3,3,5,11,Others,85647.5
CUST08144,7,9,359415.8,5,5,5,15,Champions,39935.08888888889
CUST08145,52,10,410524.1,4,5,5,14,Champions,41052.409999999996
CUST08146,123,3,60180.1,3,2,1,6,Others,20060.033333333333
CUST08147,448,5,218986.3,1,3,4,8,At Risk,43797.259999999995
CUST08148,529,9,255151.89999999997,1,5,4,10,At Risk,28350.211111111108
CUST08149,135,6,254456.8,3,4,4,11,Loyal Customers,42409.46666666667
CUST08150,92,3,35552.8,4,2,1,7,Potential Loyalists,11850.933333333334
CUST08151,19,7,83459.25,5,5,2,12,Loyal Customers,11922.75
CUST08152,26,7,678692.0499999999,5,5,5,15,Champions,96956.00714285714
CUST08153,107,13,667396.5499999999,3,5,5,13,Loyal Customers,51338.19615384615
CUST08154,644,1,158320.8,1,1,3,5,Lost Customers,158320.8
CUST08155,171,7,415843.25,2,5,5,12,At Risk,59406.17857142857
CUST08156,225,5,177510.05,2,3,3,8,At Risk,35502.009999999995
CUST08157,18,6,296936.45,5,4,4,13,Champions,49489.40833333333
CUST08158,111,5,32642.85,3,3,1,7,Others,6528.57
CUST08159,249,1,37734.0,2,1,1,4,Lost Customers,37734.0
CUST08160,5,3,335201.7,5,2,5,12,Potential Loyalists,111733.90000000001
CUST08161,59,5,113034.2,4,3,2,9,Potential Loyalists,22606.84
CUST08162,356,5,334627.6,1,3,5,9,At Risk,66925.51999999999
CUST08163,528,4,75519.15,1,3,1,5,Others,18879.7875
CUST08164,304,6,228572.25,1,4,4,9,At Risk,38095.375
CUST08165,70,2,5113.8,4,1,1,6,Others,2556.9
CUST08166,373,4,59314.1,1,3,1,5,Others,14828.525
CUST08167,438,2,139509.2,1,1,3,5,Lost Customers,69754.6
CUST08168,93,8,692153.9,4,5,5,14,Champions,86519.2375
CUST08169,331,5,277326.05,1,3,4,8,At Risk,55465.21
CUST08170,514,5,236346.15000000002,1,3,4,8,At Risk,47269.23
CUST08171,98,2,40612.0,3,1,1,5,Others,20306.0
CUST08172,36,4,292903.3,5,3,4,12,Potential Loyalists,73225.825
CUST08173,144,11,255699.7,3,5,4,12,Loyal Customers,23245.427272727273
CUST08174,60,7,89480.8,4,5,2,11,Loyal Customers,12782.971428571429
CUST08175,190,9,362314.65,2,5,5,12,At Risk,40257.183333333334
CUST08176,35,3,120535.35,5,2,2,9,Potential Loyalists,40178.450000000004
CUST08177,326,5,354143.4,1,3,5,9,At Risk,70828.68000000001
CUST08178,98,5,234817.3,3,3,4,10,Others,46963.46
CUST08179,78,6,150482.4,4,4,3,11,Loyal Customers,25080.399999999998
CUST08180,281,1,61516.2,2,1,1,4,Lost Customers,61516.2
CUST08181,370,2,147434.1,1,1,3,5,Lost Customers,73717.05
CUST08182,65,3,170339.1,4,2,3,9,Potential Loyalists,56779.700000000004
CUST08183,35,4,90059.15,5,3,2,10,Potential Loyalists,22514.7875
CUST08184,259,7,336647.7,2,5,5,12,At Risk,48092.52857142857
CUST08185,64,2,58821.700000000004,4,1,1,6,Others,29410.850000000002
CUST08186,27,7,289093.05,5,5,4,14,Champions,41299.00714285714
CUST08187,109,4,102429.4,3,3,2,8,Others,25607.35
CUST08188,23,10,355535.7,5,5,5,15,Champions,35553.57
CUST08189,79,9,353275.85,4,5,5,14,Champions,39252.87222222222
CUST08190,477,6,112330.75,1,4,2,7,Others,18721.791666666668
CUST08191,3,10,653588.65,5,5,5,15,Champions,65358.865000000005
CUST08192,20,8,727538.35,5,5,5,15,Champions,90942.29375
CUST08193,260,5,304271.6,2,3,4,9,At Risk,60854.31999999999
CUST08194,68,6,262167.9,4,4,4,12,Champions,43694.65
CUST08195,60,8,596998.3,4,5,5,14,Champions,74624.7875
CUST08196,80,2,196341.30000000002,4,1,3,8,Others,98170.65000000001
CUST08197,35,7,122558.95,5,5,2,12,Loyal Customers,17508.42142857143
CUST08198,10,7,377453.55,5,5,5,15,Champions,53921.93571428571
CUST08199,397,3,108722.9,1,2,2,5,Lost Customers,36240.96666666667
CUST08200,253,4,82339.9,2,3,2,7,Others,20584.975
CUST08201,413,7,606850.15,1,5,5,11,At Risk,86692.87857142858
CUST08202,168,3,20335.2,3,2,1,6,Others,6778.400000000001
CUST08203,75,7,232727.15,4,5,4,13,Champions,33246.735714285714
CUST08204,406,4,346958.69999999995,1,3,5,9,At Risk,86739.67499999999
CUST08205,101,2,24034.1,3,1,1,5,Others,12017.05
CUST08206,110,6,144261.0,3,4,3,10,Loyal Customers,24043.5
CUST08207,144,7,271321.75,3,5,4,12,Loyal Customers,38760.25
CUST08208,120,2,53644.0,3,1,1,5,Others,26822.0
CUST08209,4,10,208881.4,5,5,3,13,Loyal Customers,20888.14
CUST08210,22,4,63924.6,5,3,1,9,Potential Loyalists,15981.15
CUST08211,165,5,489284.3,3,3,5,11,Others,97856.86
CUST08212,231,5,344326.95,2,3,5,10,At Risk,68865.39
CUST08213,119,7,271346.9,3,5,4,12,Loyal Customers,38763.84285714286
CUST08214,48,6,477595.65,4,4,5,13,Champions,79599.27500000001
CUST08215,232,4,132802.95,2,3,2,7,Others,33200.7375
CUST08216,50,7,309303.6,4,5,4,13,Champions,44186.22857142857
CUST08217,70,4,72743.0,4,3,1,8,Potential Loyalists,18185.75
CUST08218,86,4,112487.2,4,3,2,9,Potential Loyalists,28121.8
CUST08219,182,2,78199.4,2,1,2,5,Lost Customers,39099.7
CUST08220,72,4,150773.15,4,3,3,10,Potential Loyalists,37693.2875
CUST08221,342,4,295897.85,1,3,4,8,At Risk,73974.4625
CUST08222,247,3,23879.350000000002,2,2,1,5,Lost Customers,7959.783333333334
CUST08223,113,2,95190.0,3,1,2,6,Others,47595.0
CUST08224,92,4,68592.65,4,3,1,8,Potential Loyalists,17148.1625
CUST08225,287,7,156262.5,2,5,3,10,At Risk,22323.214285714286
CUST08226,276,4,208372.35,2,3,3,8,At Risk,52093.0875
CUST08227,58,3,126054.6,4,2,2,8,Potential Loyalists,42018.200000000004
CUST08228,137,6,470509.4,3,4,5,12,Loyal Customers,78418.23333333334
CUST08229,298,1,12411.0,1,1,1,3,Lost Customers,12411.0
CUST08230,185,2,38140.5,2,1,1,4,Lost Customers,19070.25
CUST08231,296,3,58693.100000000006,1,2,1,4,Lost Customers,19564.36666666667
CUST08232,139,6,179631.65000000002,3,4,3,10,Loyal Customers,29938.608333333337
CUST08233,39,8,243290.2,5,5,4,14,Champions,30411.275
CUST08234,490,1,7250.5,1,1,1,3,Lost Customers,7250.5
CUST08235,74,4,237496.40000000002,4,3,4,11,Potential Loyalists,59374.100000000006
CUST08236,125,5,257620.19999999998,3,3,4,10,Others,51524.03999999999
CUST08237,47,2,146356.5,4,1,3,8,Others,73178.25
CUST08238,9,7,262460.1,5,5,4,14,Champions,37494.299999999996
CUST08239,613,4,284507.9,1,3,4,8,At Risk,71126.975
CUST08240,48,6,330231.9,4,4,5,13,Champions,55038.65
CUST08241,460,3,247815.9,1,2,4,7,Lost Customers,82605.3
CUST08242,684,1,58509.6,1,1,1,3,Lost Customers,58509.6
CUST08243,226,3,116572.79999999999,2,2,2,6,Lost Customers,38857.6
CUST08244,575,3,55307.5,1,2,1,4,Lost Customers,18435.833333333332
CUST08245,30,6,132387.7,5,4,2,11,Loyal Customers,22064.61666666667
CUST08246,93,4,58167.45,4,3,1,8,Potential Loyalists,14541.8625
CUST08247,173,5,91353.6,2,3,2,7,Others,18270.72
CUST08248,485,3,86486.1,1,2,2,5,Lost Customers,28828.7
CUST08249,69,4,97216.6,4,3,2,9,Potential Loyalists,24304.15
CUST08250,62,2,104964.0,4,1,2,7,Others,52482.0
CUST08251,52,2,84506.95,4,1,2,7,Others,42253.475
CUST08252,71,2,182344.95,4,1,3,8,Others,91172.475
CUST08253,254,3,79891.2,2,2,2,6,Lost Customers,26630.399999999998
CUST08254,56,2,60228.8,4,1,1,6,Others,30114.4
CUST08255,60,7,130792.3,4,5,2,11,Loyal Customers,18684.614285714288
CUST08256,261,6,154537.80000000002,2,4,3,9,At Risk,25756.300000000003
CUST08257,498,1,2357.9,1,1,1,3,Lost Customers,2357.9
CUST08258,29,3,32248.5,5,2,1,8,Potential Loyalists,10749.5
CUST08259,57,4,104627.75,4,3,2,9,Potential Loyalists,26156.9375
CUST08261,192,3,86620.5,2,2,2,6,Lost Customers,28873.5
CUST08262,85,9,529641.4,4,5,5,14,Champions,58849.044444444444
CUST08263,80,4,166575.6,4,3,3,10,Potential Loyalists,41643.9
CUST08264,182,4,100697.85,2,3,2,7,Others,25174.4625
CUST08265,563,5,180257.25,1,3,3,7,At Risk,36051.45
CUST08266,13,6,403637.85,5,4,5,14,Champions,67272.97499999999
CUST08267,84,7,351175.25,4,5,5,14,Champions,50167.892857142855
CUST08268,146,5,95031.65,3,3,2,8,Others,19006.329999999998
CUST08269,11,2,68316.0,5,1,1,7,Others,34158.0
CUST08270,129,6,123930.95,3,4,2,9,Loyal Customers,20655.158333333333
CUST08271,188,3,127368.4,2,2,2,6,Lost Customers,42456.13333333333
CUST08272,72,4,109022.2,4,3,2,9,Potential Loyalists,27255.55
CUST08273,3,8,285489.05,5,5,4,14,Champions,35686.13125
CUST08274,176,4,177294.15,2,3,3,8,At Risk,44323.5375
CUST08275,408,6,491624.2,1,4,5,10,At Risk,81937.36666666667
CUST08276,112,3,84486.9,3,2,2,7,Others,28162.3
CUST08277,585,3,19207.9,1,2,1,4,Lost Customers,6402.633333333334
CUST08278,110,5,282772.6,3,3,4,10,Others,56554.52
CUST08279,31,4,149425.35,5,3,3,11,Potential Loyalists,37356.3375
CUST08280,99,3,173841.6,3,2,3,8,Others,57947.200000000004
CUST08281,62,3,18148.8,4,2,1,7,Potential Loyalists,6049.599999999999
CUST08282,322,4,250109.0,1,3,4,8,At Risk,62527.25
CUST08283,258,7,346002.15,2,5,5,12,At Risk,49428.87857142858
CUST08284,197,8,246333.25,2,5,4,11,At Risk,30791.65625
CUST08285,211,4,383241.0,2,3,5,10,At Risk,95810.25
CUST08286,120,5,172782.45,3,3,3,9,Others,34556.490000000005
CUST08287,131,4,71970.9,3,3,1,7,Others,17992.725
CUST08288,385,6,266944.3,1,4,4,9,At Risk,44490.71666666667
CUST08289,162,3,184534.2,3,2,3,8,Others,61511.4
CUST08290,33,4,373680.30000000005,5,3,5,13,Potential Loyalists,93420.07500000001
CUST08291,30,6,32980.55,5,4,1,10,Loyal Customers,5496.758333333334
CUST08292,409,1,43804.0,1,1,1,3,Lost Customers,43804.0
CUST08293,1,5,93200.9,5,3,2,10,Potential Loyalists,18640.18
CUST08294,191,5,196510.2,2,3,3,8,At Risk,39302.04
CUST08295,16,8,371841.85,5,5,5,15,Champions,46480.23125
CUST08296,420,4,59242.9,1,3,1,5,Others,14810.725
CUST08297,350,3,163085.7,1,2,3,6,Lost Customers,54361.9
CUST08298,108,6,364563.44999999995,3,4,5,12,Loyal Customers,60760.57499999999
CUST08299,191,4,46739.0,2,3,1,6,Others,11684.75
CUST08300,101,5,144495.1,3,3,3,9,Others,28899.02
CUST08301,87,4,86230.95,4,3,2,9,Potential Loyalists,21557.7375
CUST08302,59,9,327609.2,4,5,5,14,Champions,36401.02222222222
CUST08303,547,3,114607.29999999999,1,2,2,5,Lost Customers,38202.43333333333
CUST08304,225,9,278244.9,2,5,4,11,At Risk,30916.100000000002
CUST08305,243,5,176865.9,2,3,3,8,At Risk,35373.18
CUST08306,264,2,77325.2,2,1,2,5,Lost Customers,38662.6
CUST08307,24,5,64294.0,5,3,1,9,Potential Loyalists,12858.8
CUST08308,55,9,493594.2,4,5,5,14,Champions,54843.8
CUST08309,115,7,497809.55,3,5,5,13,Loyal Customers,71115.65
CUST08310,325,4,82933.05,1,3,2,6,Others,20733.2625
CUST08311,522,2,138974.0,1,1,3,5,Lost Customers,69487.0
CUST08312,114,7,407332.75,3,5,5,13,Loyal Customers,58190.392857142855
CUST08313,144,9,483854.25,3,5,5,13,Loyal Customers,53761.583333333336
CUST08314,151,8,497741.80000000005,3,5,5,13,Loyal Customers,62217.725000000006
CUST08315,82,3,80378.3,4,2,2,8,Potential Loyalists,26792.766666666666
CUST08316,44,8,446318.6,4,5,5,14,Champions,55789.825
CUST08317,86,5,39620.1,4,3,1,8,Potential Loyalists,7924.0199999999995
CUST08318,85,6,62845.5,4,4,1,9,Loyal Customers,10474.25
CUST08319,83,7,363168.1,4,5,5,14,Champions,51881.15714285714
CUST08320,50,8,548361.2,4,5,5,14,Champions,68545.15
CUST08321,384,4,151635.55,1,3,3,7,At Risk,37908.8875
CUST08322,14,6,70490.55,5,4,1,10,Loyal Customers,11748.425000000001
CUST08323,8,7,205498.09999999998,5,5,3,13,Loyal Customers,29356.871428571427
CUST08324,107,4,91632.85,3,3,2,8,Others,22908.2125
CUST08325,17,6,396761.35,5,4,5,14,Champions,66126.89166666666
CUST08326,460,3,84367.85,1,2,2,5,Lost Customers,28122.61666666667
CUST08327,355,5,236808.7,1,3,4,8,At Risk,47361.740000000005
CUST08328,8,9,256325.4,5,5,4,14,Champions,28480.6
CUST08329,57,4,12797.2,4,3,1,8,Potential Loyalists,3199.3
CUST08330,302,5,254287.8,1,3,4,8,At Risk,50857.56
CUST08331,99,5,171183.5,3,3,3,9,Others,34236.7
CUST08332,28,5,140804.45,5,3,3,11,Potential Loyalists,28160.890000000003
CUST08333,181,3,41705.15,2,2,1,5,Lost Customers,13901.716666666667
CUST08334,68,8,239962.65,4,5,4,13,Champions,29995.33125
CUST08335,93,4,118171.94999999998,4,3,2,9,Potential Loyalists,29542.987499999996
CUST08336,145,3,49706.3,3,2,1,6,Others,16568.766666666666
CUST08337,326,3,64875.75,1,2,1,4,Lost Customers,21625.25
CUST08338,143,2,157287.3,3,1,3,7,Others,78643.65
CUST08339,207,4,106838.8,2,3,2,7,Others,26709.7
CUST08340,310,4,257849.8,1,3,4,8,At Risk,64462.45
CUST08341,227,2,27901.0,2,1,1,4,Lost Customers,13950.5
CUST08342,81,3,105810.5,4,2,2,8,Potential Loyalists,35270.166666666664
CUST08343,266,9,96489.20000000001,2,5,2,9,Others,10721.022222222224
CUST08344,29,8,355117.4,5,5,5,15,Champions,44389.675
CUST08345,212,5,758001.6,2,3,5,10,At Risk,151600.32
CUST08346,9,3,112544.8,5,2,2,9,Potential Loyalists,37514.933333333334
CUST08347,96,4,226113.55,3,3,4,10,Others,56528.3875
CUST08348,382,3,27724.199999999997,1,2,1,4,Lost Customers,9241.4
CUST08349,37,6,322183.0,5,4,5,14,Champions,53697.166666666664
CUST08350,685,1,2979.2,1,1,1,3,Lost Customers,2979.2
CUST08351,61,3,34489.1,4,2,1,7,Potential Loyalists,11496.366666666667
CUST08352,224,1,45101.0,2,1,1,4,Lost Customers,45101.0
CUST08353,154,2,20557.6,3,1,1,5,Others,10278.8
CUST08354,100,1,3633.3,3,1,1,5,Others,3633.3
CUST08355,81,6,104541.6,4,4,2,10,Loyal Customers,17423.600000000002
CUST08356,45,4,402552.25,4,3,5,12,Potential Loyalists,100638.0625
CUST08357,21,4,152906.1,5,3,3,11,Potential Loyalists,38226.525
CUST08358,471,3,73235.1,1,2,1,4,Lost Customers,24411.7
CUST08359,113,7,145139.2,3,5,3,11,Loyal Customers,20734.17142857143
CUST08360,319,2,13779.7,1,1,1,3,Lost Customers,6889.85
CUST08361,179,5,487271.5,2,3,5,10,At Risk,97454.3
CUST08362,202,2,40893.45,2,1,1,4,Lost Customers,20446.725
CUST08363,149,4,20567.95,3,3,1,7,Others,5141.9875
CUST08364,23,8,209903.3,5,5,3,13,Loyal Customers,26237.9125
CUST08365,119,2,135208.6,3,1,2,6,Others,67604.3
CUST08366,14,9,529098.95,5,5,5,15,Champions,58788.772222222215
CUST08367,94,5,263163.35,4,3,4,11,Potential Loyalists,52632.67
CUST08368,416,5,115771.75,1,3,2,6,Others,23154.35
CUST08369,270,2,64683.7,2,1,1,4,Lost Customers,32341.85
CUST08370,112,8,371939.2,3,5,5,13,Loyal Customers,46492.4
CUST08371,113,3,70246.1,3,2,1,6,Others,23415.36666666667
CUST08372,365,5,26280.6,1,3,1,5,Others,5256.12
CUST08373,503,6,57546.25,1,4,1,6,Others,9591.041666666666
CUST08374,53,5,391105.2,4,3,5,12,Potential Loyalists,78221.04000000001
CUST08375,9,3,351040.1,5,2,5,12,Potential Loyalists,117013.36666666665
CUST08376,89,3,49606.4,4,2,1,7,Potential Loyalists,16535.466666666667
CUST08377,25,5,355270.75,5,3,5,13,Potential Loyalists,71054.15
CUST08378,56,4,59350.2,4,3,1,8,Potential Loyalists,14837.55
CUST08379,193,2,40867.5,2,1,1,4,Lost Customers,20433.75
CUST08380,313,1,2080.8,1,1,1,3,Lost Customers,2080.8
CUST08381,9,8,235592.1,5,5,4,14,Champions,29449.0125
CUST08382,91,5,183270.1,4,3,3,10,Potential Loyalists,36654.020000000004
CUST08383,107,2,16278.3,3,1,1,5,Others,8139.15
CUST08384,52,6,402365.9,4,4,5,13,Champions,67060.98333333334
CUST08385,10,7,124136.25,5,5,2,12,Loyal Customers,17733.75
CUST08386,1,5,72380.9,5,3,1,9,Potential Loyalists,14476.179999999998
CUST08387,17,8,202961.05,5,5,3,13,Loyal Customers,25370.13125
CUST08388,33,4,209784.6,5,3,3,11,Potential Loyalists,52446.15
CUST08389,7,5,314672.7,5,3,4,12,Potential Loyalists,62934.54
CUST08390,236,4,47208.4,2,3,1,6,Others,11802.1
CUST08391,496,5,205285.35,1,3,3,7,At Risk,41057.07
CUST08392,9,5,309285.75,5,3,4,12,Potential Loyalists,61857.15
CUST08393,321,2,16271.35,1,1,1,3,Lost Customers,8135.675
CUST08394,584,3,386864.25,1,2,5,8,Lost Customers,128954.75
CUST08395,296,1,1097.25,1,1,1,3,Lost Customers,1097.25
CUST08396,27,4,45101.55,5,3,1,9,Potential Loyalists,11275.3875
CUST08397,75,5,89217.95,4,3,2,9,Potential Loyalists,17843.59
CUST08398,43,8,185004.19999999998,4,5,3,12,Loyal Customers,23125.524999999998
CUST08399,161,3,12015.5,3,2,1,6,Others,4005.1666666666665
CUST08400,104,8,310812.3,3,5,4,12,Loyal Customers,38851.5375
CUST08401,272,1,105969.6,2,1,2,5,Lost Customers,105969.6
CUST08402,215,5,88839.7,2,3,2,7,Others,17767.94
CUST08403,49,2,118281.1,4,1,2,7,Others,59140.55
CUST08404,12,8,266380.5,5,5,4,14,Champions,33297.5625
CUST08405,51,5,156068.85,4,3,3,10,Potential Loyalists,31213.77
CUST08406,299,6,182382.3,1,4,3,8,At Risk,30397.05
CUST08407,6,6,231842.65,5,4,4,13,Champions,38640.441666666666
CUST08408,36,6,409124.85000000003,5,4,5,14,Champions,68187.475
CUST08409,402,2,100468.0,1,1,2,4,Lost Customers,50234.0
CUST08410,214,8,168120.7,2,5,3,10,At Risk,21015.0875
CUST08411,60,7,228349.85,4,5,4,13,Champions,32621.407142857144
CUST08412,96,7,400036.25,3,5,5,13,Loyal Customers,57148.03571428572
CUST08413,131,7,301219.55,3,5,4,12,Loyal Customers,43031.364285714284
CUST08414,62,3,134395.8,4,2,2,8,Potential Loyalists,44798.6
CUST08415,172,6,151567.7,2,4,3,9,At Risk,25261.283333333336
CUST08416,21,6,325410.25,5,4,5,14,Champions,54235.041666666664
CUST08417,54,4,56520.25,4,3,1,8,Potential Loyalists,14130.0625
CUST08418,106,4,30776.75,3,3,1,7,Others,7694.1875
CUST08419,263,2,158320.8,2,1,3,6,Lost Customers,79160.4
CUST08420,39,4,308398.6,5,3,4,12,Potential Loyalists,77099.65
CUST08421,45,7,186421.05,4,5,3,12,Loyal Customers,26631.57857142857
CUST08422,200,3,219919.2,2,2,4,8,Lost Customers,73306.40000000001
CUST08423,8,4,93422.55,5,3,2,10,Potential Loyalists,23355.6375
CUST08424,300,5,166801.3,1,3,3,7,At Risk,33360.259999999995
CUST08425,19,5,586592.0,5,3,5,13,Potential Loyalists,117318.4
CUST08426,34,7,273051.0,5,5,4,14,Champions,39007.28571428572
CUST08427,285,3,117147.0,2,2,2,6,Lost Customers,39049.0
CUST08428,140,5,449193.2,3,3,5,11,Others,89838.64
CUST08429,136,3,177270.2,3,2,3,8,Others,59090.06666666667
CUST08430,519,1,12492.0,1,1,1,3,Lost Customers,12492.0
CUST08431,75,10,273119.45,4,5,4,13,Champions,27311.945
CUST08432,355,2,37223.35,1,1,1,3,Lost Customers,18611.675
CUST08434,65,5,60237.5,4,3,1,8,Potential Loyalists,12047.5
CUST08435,12,8,246149.55,5,5,4,14,Champions,30768.69375
CUST08436,202,5,120040.6,2,3,2,7,Others,24008.120000000003
CUST08437,28,6,387696.5,5,4,5,14,Champions,64616.083333333336
CUST08438,59,10,275919.8,4,5,4,13,Champions,27591.98
CUST08439,58,4,181338.69999999998,4,3,3,10,Potential Loyalists,45334.674999999996
CUST08440,23,6,184973.0,5,4,3,12,Loyal Customers,30828.833333333332
CUST08441,109,4,32402.199999999997,3,3,1,7,Others,8100.549999999999
CUST08442,127,8,208658.4,3,5,3,11,Loyal Customers,26082.3
CUST08443,289,6,310051.35000000003,2,4,4,10,At Risk,51675.225000000006
CUST08444,294,5,131131.75,1,3,2,6,Others,26226.35
CUST08445,333,3,207101.8,1,2,3,6,Lost Customers,69033.93333333333
CUST08446,124,7,211492.25,3,5,4,12,Loyal Customers,30213.178571428572
CUST08447,100,5,296438.9,3,3,4,10,Others,59287.780000000006
CUST08448,176,5,305137.4,2,3,4,9,At Risk,61027.48
CUST08449,350,3,73731.45,1,2,1,4,Lost Customers,24577.149999999998
CUST08450,238,6,115541.75,2,4,2,8,Others,19256.958333333332
CUST08451,45,8,165343.8,4,5,3,12,Loyal Customers,20667.975
CUST08452,40,9,607667.95,5,5,5,15,Champions,67518.66111111111
CUST08453,159,7,282400.65,3,5,4,12,Loyal Customers,40342.950000000004
CUST08454,347,2,161982.0,1,1,3,5,Lost Customers,80991.0
CUST08455,168,6,187201.7,3,4,3,10,Loyal Customers,31200.283333333336
CUST08456,100,7,402600.1,3,5,5,13,Loyal Customers,57514.299999999996
CUST08457,163,6,151212.45,3,4,3,10,Loyal Customers,25202.075
CUST08458,62,6,429623.0,4,4,5,13,Champions,71603.83333333333
CUST08459,34,7,359218.1,5,5,5,15,Champions,51316.87142857142
CUST08460,248,5,167020.15,2,3,3,8,At Risk,33404.03
CUST08461,121,5,131873.65,3,3,2,8,Others,26374.73
CUST08462,24,9,369945.9,5,5,5,15,Champions,41105.100000000006
CUST08463,54,4,226151.6,4,3,4,11,Potential Loyalists,56537.9
CUST08464,197,5,421819.8,2,3,5,10,At Risk,84363.95999999999
CUST08465,77,10,448508.75,4,5,5,14,Champions,44850.875
CUST08466,18,4,210207.84999999998,5,3,4,12,Potential Loyalists,52551.962499999994
CUST08467,20,7,202676.0,5,5,3,13,Loyal Customers,28953.714285714286
CUST08468,5,4,195426.0,5,3,3,11,Potential Loyalists,48856.5
CUST08469,268,2,262684.5,2,1,4,7,Lost Customers,131342.25
CUST08470,163,6,389735.65,3,4,5,12,Loyal Customers,64955.94166666667
CUST08471,18,8,259413.85,5,5,4,14,Champions,32426.73125
CUST08472,69,4,76384.9,4,3,2,9,Potential Loyalists,19096.225
CUST08473,17,3,177167.30000000002,5,2,3,10,Potential Loyalists,59055.76666666667
CUST08474,316,4,174488.95,1,3,3,7,At Risk,43622.2375
CUST08475,199,4,96834.0,2,3,2,7,Others,24208.5
CUST08476,207,5,80373.05,2,3,2,7,Others,16074.61
CUST08477,102,4,177608.05,3,3,3,9,Others,44402.0125
CUST08478,189,4,321705.7,2,3,5,10,At Risk,80426.425
CUST08479,7,6,413038.8,5,4,5,14,Champions,68839.8
CUST08480,11,5,475367.19999999995,5,3,5,13,Potential Loyalists,95073.43999999999
CUST08481,159,8,393797.4,3,5,5,13,Loyal Customers,49224.675
CUST08482,20,3,109827.0,5,2,2,9,Potential Loyalists,36609.0
CUST08483,673,4,89374.3,1,3,2,6,Others,22343.575
CUST08484,3,5,106738.95000000001,5,3,2,10,Potential Loyalists,21347.79
CUST08485,423,3,107164.0,1,2,2,5,Lost Customers,35721.333333333336
CUST08486,54,3,56426.4,4,2,1,7,Potential Loyalists,18808.8
CUST08487,436,2,74463.2,1,1,1,3,Lost Customers,37231.6
CUST08488,61,4,99570.6,4,3,2,9,Potential Loyalists,24892.65
CUST08489,15,3,201075.5,5,2,3,10,Potential Loyalists,67025.16666666667
CUST08490,112,9,188131.15,3,5,3,11,Loyal Customers,20903.46111111111
CUST08491,52,4,55739.350000000006,4,3,1,8,Potential Loyalists,13934.837500000001
CUST08492,162,4,110004.3,3,3,2,8,Others,27501.075
CUST08493,716,1,2176.5,1,1,1,3,Lost Customers,2176.5
CUST08494,170,4,200111.7,2,3,3,8,At Risk,50027.925
CUST08495,109,4,241487.4,3,3,4,10,Others,60371.85
CUST08496,30,4,219715.1,5,3,4,12,Potential Loyalists,54928.775
CUST08497,277,4,43677.0,2,3,1,6,Others,10919.25
CUST08498,123,5,295491.55,3,3,4,10,Others,59098.31
CUST08499,843,1,4908.6,1,1,1,3,Lost Customers,4908.6
CUST08500,123,4,280071.75,3,3,4,10,Others,70017.9375
CUST08501,117,4,74932.20000000001,3,3,1,7,Others,18733.050000000003
CUST08502,30,3,64966.5,5,2,1,8,Potential Loyalists,21655.5
CUST08503,114,3,306491.85,3,2,4,9,Others,102163.95
CUST08504,191,5,149430.85,2,3,3,8,At Risk,29886.170000000002
CUST08505,167,4,515125.0,3,3,5,11,Others,128781.25
CUST08506,160,5,91810.05,3,3,2,8,Others,18362.010000000002
CUST08507,56,10,282218.45,4,5,4,13,Champions,28221.845
CUST08508,158,4,116357.0,3,3,2,8,Others,29089.25
CUST08509,262,2,77748.6,2,1,2,5,Lost Customers,38874.3
CUST08510,175,7,252397.85,2,5,4,11,At Risk,36056.83571428571
CUST08511,107,7,497746.10000000003,3,5,5,13,Loyal Customers,71106.58571428571
CUST08512,101,5,149533.4,3,3,3,9,Others,29906.68
CUST08513,10,4,60631.50000000001,5,3,1,9,Potential Loyalists,15157.875000000002
CUST08514,562,2,13310.2,1,1,1,3,Lost Customers,6655.1
CUST08515,289,5,167898.1,2,3,3,8,At Risk,33579.62
CUST08516,243,6,104556.75000000001,2,4,2,8,Others,17426.125000000004
CUST08517,192,5,251836.95,2,3,4,9,At Risk,50367.39
CUST08518,277,3,185292.0,2,2,3,7,Lost Customers,61764.0
CUST08519,43,8,170035.65000000002,4,5,3,12,Loyal Customers,21254.456250000003
CUST08520,95,5,103519.9,3,3,2,8,Others,20703.98
CUST08521,199,6,411575.5,2,4,5,11,At Risk,68595.91666666667
CUST08522,24,7,293024.95,5,5,4,14,Champions,41860.70714285714
CUST08523,49,5,83524.6,4,3,2,9,Potential Loyalists,16704.920000000002
CUST08524,12,3,55668.2,5,2,1,8,Potential Loyalists,18556.066666666666
CUST08525,170,3,141634.35,2,2,3,7,Lost Customers,47211.450000000004
CUST08526,296,5,159703.05,1,3,3,7,At Risk,31940.609999999997
CUST08527,1,7,330059.8,5,5,5,15,Champions,47151.4
CUST08528,13,3,100453.65000000001,5,2,2,9,Potential Loyalists,33484.55
CUST08529,41,6,252602.6,5,4,4,13,Champions,42100.433333333334
CUST08530,159,6,222825.0,3,4,4,11,Loyal Customers,37137.5
CUST08531,412,4,154329.5,1,3,3,7,At Risk,38582.375
CUST08532,58,8,301079.65,4,5,4,13,Champions,37634.95625
CUST08533,300,6,284052.35,1,4,4,9,At Risk,47342.05833333333
CUST08534,75,4,127730.95,4,3,2,9,Potential Loyalists,31932.7375
CUST08535,5,8,132455.7,5,5,2,12,Loyal Customers,16556.9625
CUST08536,92,6,171914.6,4,4,3,11,Loyal Customers,28652.433333333334
CUST08537,88,5,156266.6,4,3,3,10,Potential Loyalists,31253.32
CUST08538,48,8,458846.35,4,5,5,14,Champions,57355.79375
CUST08539,154,7,516828.15,3,5,5,13,Loyal Customers,73832.59285714287
CUST08540,28,8,410256.25,5,5,5,15,Champions,51282.03125
CUST08541,163,5,121591.85,3,3,2,8,Others,24318.370000000003
CUST08542,65,8,493405.75,4,5,5,14,Champions,61675.71875
CUST08543,74,4,177457.44999999998,4,3,3,10,Potential Loyalists,44364.362499999996
CUST08544,69,6,113787.15,4,4,2,10,Loyal Customers,18964.524999999998
CUST08545,225,8,282135.85,2,5,4,11,At Risk,35266.98125
CUST08546,116,2,32221.2,3,1,1,5,Others,16110.6
CUST08547,402,4,145341.4,1,3,3,7,At Risk,36335.35
CUST08548,176,4,139798.6,2,3,3,8,At Risk,34949.65
CUST08549,14,3,18018.25,5,2,1,8,Potential Loyalists,6006.083333333333
CUST08550,99,4,220737.2,3,3,4,10,Others,55184.3
CUST08551,23,7,115855.34999999999,5,5,2,12,Loyal Customers,16550.764285714286
CUST08552,365,4,34798.2,1,3,1,5,Others,8699.55
CUST08553,828,2,4389.8,1,1,1,3,Lost Customers,2194.9
CUST08554,278,2,16836.05,2,1,1,4,Lost Customers,8418.025
CUST08555,18,8,243665.9,5,5,4,14,Champions,30458.2375
CUST08556,13,5,55209.2,5,3,1,9,Potential Loyalists,11041.84
CUST08557,45,6,307896.19999999995,4,4,4,12,Champions,51316.033333333326
CUST08558,250,7,511134.9,2,5,5,12,At Risk,73019.27142857143
CUST08559,22,4,96654.8,5,3,2,10,Potential Loyalists,24163.7
CUST08560,94,6,105110.5,4,4,2,10,Loyal Customers,17518.416666666668
CUST08561,243,6,433383.05000000005,2,4,5,11,At Risk,72230.50833333335
CUST08562,5,7,385733.8,5,5,5,15,Champions,55104.82857142857
CUST08563,288,4,33720.35,2,3,1,6,Others,8430.0875
CUST08564,175,6,88311.65,2,4,2,8,Others,14718.608333333332
CUST08565,263,4,198342.05,2,3,3,8,At Risk,49585.5125
CUST08566,423,3,69578.05,1,2,1,4,Lost Customers,23192.683333333334
CUST08567,144,5,126668.55,3,3,2,8,Others,25333.71
CUST08568,11,5,138388.75,5,3,3,11,Potential Loyalists,27677.75
CUST08569,204,5,48352.45,2,3,1,6,Others,9670.49
CUST08570,59,6,134591.0,4,4,2,10,Loyal Customers,22431.833333333332
CUST08571,55,3,43145.75,4,2,1,7,Potential Loyalists,14381.916666666666
CUST08572,132,5,172309.3,3,3,3,9,Others,34461.86
CUST08573,669,4,162645.84999999998,1,3,3,7,At Risk,40661.462499999994
CUST08574,25,6,370973.05,5,4,5,14,Champions,61828.84166666667
CUST08575,23,3,28281.9,5,2,1,8,Potential Loyalists,9427.300000000001
CUST08576,471,5,234334.6,1,3,4,8,At Risk,46866.92
CUST08577,25,5,152581.8,5,3,3,11,Potential Loyalists,30516.359999999997
CUST08578,628,1,3225.75,1,1,1,3,Lost Customers,3225.75
CUST08579,68,5,109662.8,4,3,2,9,Potential Loyalists,21932.56
CUST08580,8,5,130699.25,5,3,2,10,Potential Loyalists,26139.85
CUST08581,133,8,83989.55,3,5,2,10,Loyal Customers,10498.69375
CUST08582,11,2,11148.099999999999,5,1,1,7,Others,5574.049999999999
CUST08583,472,3,207076.75,1,2,3,6,Lost Customers,69025.58333333333
CUST08584,182,4,69589.2,2,3,1,6,Others,17397.3
CUST08585,167,6,413394.55,3,4,5,12,Loyal Customers,68899.09166666666
CUST08586,293,4,43230.40000000001,1,3,1,5,Others,10807.600000000002
CUST08587,112,5,186684.45,3,3,3,9,Others,37336.89
CUST08588,162,9,681828.5,3,5,5,13,Loyal Customers,75758.72222222222
CUST08589,83,3,157411.8,4,2,3,9,Potential Loyalists,52470.6
CUST08590,191,5,415056.45,2,3,5,10,At Risk,83011.29000000001
CUST08591,120,8,177685.9,3,5,3,11,Loyal Customers,22210.7375
CUST08592,165,5,257379.5,3,3,4,10,Others,51475.9
CUST08593,238,2,3051.1499999999996,2,1,1,4,Lost Customers,1525.5749999999998
CUST08594,30,8,322885.69999999995,5,5,5,15,Champions,40360.712499999994
CUST08595,202,1,15754.0,2,1,1,4,Lost Customers,15754.0
CUST08596,289,2,7013.4,2,1,1,4,Lost Customers,3506.7
CUST08597,431,3,136762.90000000002,1,2,2,5,Lost Customers,45587.63333333334
CUST08598,610,1,2347.2,1,1,1,3,Lost Customers,2347.2
CUST08599,56,10,289297.25,4,5,4,13,Champions,28929.725
CUST08600,342,4,238822.5,1,3,4,8,At Risk,59705.625
CUST08601,281,9,312942.75,2,5,4,11,At Risk,34771.416666666664
CUST08602,337,2,72603.6,1,1,1,3,Lost Customers,36301.8
CUST08603,27,6,161653.7,5,4,3,12,Loyal Customers,26942.283333333336
CUST08604,210,2,3653.95,2,1,1,4,Lost Customers,1826.975
CUST08605,87,7,246366.3,4,5,4,13,Champions,35195.18571428571
CUST08606,58,6,310590.7,4,4,4,12,Champions,51765.11666666667
CUST08607,112,5,355391.55,3,3,5,11,Others,71078.31
CUST08608,170,5,301737.45,2,3,4,9,At Risk,60347.490000000005
CUST08609,52,7,597941.15,4,5,5,14,Champions,85420.16428571429
CUST08610,28,3,385118.35000000003,5,2,5,12,Potential Loyalists,128372.78333333334
CUST08611,132,7,225917.55,3,5,4,12,Loyal Customers,32273.93571428571
CUST08612,84,6,99646.85,4,4,2,10,Loyal Customers,16607.808333333334
CUST08613,35,4,178623.7,5,3,3,11,Potential Loyalists,44655.925
CUST08614,172,3,38523.1,2,2,1,5,Lost Customers,12841.033333333333
CUST08615,11,4,259405.15,5,3,4,12,Potential Loyalists,64851.2875
CUST08617,385,4,24568.35,1,3,1,5,Others,6142.0875
CUST08618,91,8,476379.15,4,5,5,14,Champions,59547.39375
CUST08619,45,7,564334.4,4,5,5,14,Champions,80619.2
CUST08620,191,6,163802.6,2,4,3,9,At Risk,27300.433333333334
CUST08621,213,5,454255.7,2,3,5,10,At Risk,90851.14
CUST08622,563,5,274952.25,1,3,4,8,At Risk,54990.45
CUST08623,253,3,400119.1,2,2,5,9,Lost Customers,133373.03333333333
CUST08624,238,5,137598.2,2,3,2,7,Others,27519.640000000003
CUST08625,112,3,63255.95,3,2,1,6,Others,21085.316666666666
CUST08627,132,6,124782.75,3,4,2,9,Loyal Customers,20797.125
CUST08628,51,9,345215.5,4,5,5,14,Champions,38357.27777777778
CUST08629,35,10,265105.55,5,5,4,14,Champions,26510.555
CUST08630,796,1,72242.35,1,1,1,3,Lost Customers,72242.35
CUST08631,297,6,215945.59999999998,1,4,4,9,At Risk,35990.93333333333
CUST08632,18,8,139859.2,5,5,3,13,Loyal Customers,17482.4
CUST08633,230,4,226076.05,2,3,4,9,At Risk,56519.0125
CUST08634,136,4,152542.6,3,3,3,9,Others,38135.65
CUST08635,61,5,119426.85,4,3,2,9,Potential Loyalists,23885.370000000003
CUST08636,284,5,217311.44999999998,2,3,4,9,At Risk,43462.28999999999
CUST08637,44,4,23156.0,4,3,1,8,Potential Loyalists,5789.0
CUST08638,179,7,644616.9,2,5,5,12,At Risk,92088.12857142858
CUST08639,146,7,505104.35000000003,3,5,5,13,Loyal Customers,72157.7642857143
CUST08640,599,4,70640.05,1,3,1,5,Others,17660.0125
CUST08641,50,4,100426.8,4,3,2,9,Potential Loyalists,25106.7
CUST08642,66,7,272957.85000000003,4,5,4,13,Champions,38993.978571428575
CUST08643,11,3,289718.3,5,2,4,11,Potential Loyalists,96572.76666666666
CUST08644,68,3,13170.2,4,2,1,7,Potential Loyalists,4390.066666666667
CUST08645,47,6,70743.0,4,4,1,9,Loyal Customers,11790.5
CUST08646,204,6,103314.34999999999,2,4,2,8,Others,17219.05833333333
CUST08647,5,3,124729.4,5,2,2,9,Potential Loyalists,41576.46666666667
CUST08648,173,4,8280.300000000001,2,3,1,6,Others,2070.0750000000003
CUST08649,222,4,194649.6,2,3,3,8,At Risk,48662.4
CUST08650,69,4,335849.6,4,3,5,12,Potential Loyalists,83962.4
CUST08651,287,3,81383.6,2,2,2,6,Lost Customers,27127.86666666667
CUST08652,33,8,121668.95000000001,5,5,2,12,Loyal Customers,15208.618750000001
CUST08653,81,5,511694.8,4,3,5,12,Potential Loyalists,102338.95999999999
CUST08654,503,5,69124.35,1,3,1,5,Others,13824.87
CUST08655,15,2,38884.2,5,1,1,7,Others,19442.1
CUST08656,282,5,108871.75,2,3,2,7,Others,21774.35
CUST08657,89,5,73821.85,4,3,1,8,Potential Loyalists,14764.37
CUST08658,238,4,88443.95,2,3,2,7,Others,22110.9875
CUST08659,490,1,4716.75,1,1,1,3,Lost Customers,4716.75
CUST08660,110,4,272166.35,3,3,4,10,Others,68041.5875
CUST08661,201,5,180846.5,2,3,3,8,At Risk,36169.3
CUST08662,250,5,67533.7,2,3,1,6,Others,13506.74
CUST08663,26,8,545575.3,5,5,5,15,Champions,68196.9125
CUST08664,49,5,446562.95,4,3,5,12,Potential Loyalists,89312.59
CUST08665,48,5,191633.05000000002,4,3,3,10,Potential Loyalists,38326.61
CUST08666,449,3,275375.7,1,2,4,7,Lost Customers,91791.90000000001
CUST08667,165,5,193295.35,3,3,3,9,Others,38659.07
CUST08668,54,4,170586.7,4,3,3,10,Potential Loyalists,42646.675
CUST08669,25,12,454655.5,5,5,5,15,Champions,37887.958333333336
CUST08670,274,2,15972.35,2,1,1,4,Lost Customers,7986.175
CUST08671,29,8,240174.45,5,5,4,14,Champions,30021.80625
CUST08672,97,4,168993.55,3,3,3,9,Others,42248.3875
CUST08673,66,6,181065.6,4,4,3,11,Loyal Customers,30177.600000000002
CUST08674,435,2,74081.2,1,1,1,3,Lost Customers,37040.6
CUST08675,50,4,206258.35,4,3,3,10,Potential Loyalists,51564.5875
CUST08676,171,5,282618.4,2,3,4,9,At Risk,56523.68000000001
CUST08677,132,4,201593.69999999998,3,3,3,9,Others,50398.424999999996
CUST08678,39,7,195329.9,5,5,3,13,Loyal Customers,27904.27142857143
CUST08679,3,6,400917.8,5,4,5,14,Champions,66819.63333333333
CUST08680,104,5,177097.6,3,3,3,9,Others,35419.520000000004
CUST08681,896,1,32824.4,1,1,1,3,Lost Customers,32824.4
CUST08682,438,4,260387.9,1,3,4,8,At Risk,65096.975
CUST08683,320,4,247778.85,1,3,4,8,At Risk,61944.7125
CUST08684,137,3,87362.05,3,2,2,7,Others,29120.683333333334
CUST08685,34,5,127218.75,5,3,2,10,Potential Loyalists,25443.75
CUST08686,113,7,160400.65,3,5,3,11,Loyal Customers,22914.37857142857
CUST08687,344,5,109162.75,1,3,2,6,Others,21832.55
CUST08688,311,2,19702.699999999997,1,1,1,3,Lost Customers,9851.349999999999
CUST08689,195,5,86749.75,2,3,2,7,Others,17349.95
CUST08690,299,6,470877.4,1,4,5,10,At Risk,78479.56666666667
CUST08691,57,6,113285.55000000002,4,4,2,10,Loyal Customers,18880.925000000003
CUST08692,172,4,171969.1,2,3,3,8,At Risk,42992.275
CUST08693,253,6,295545.2,2,4,4,10,At Risk,49257.53333333333
CUST08694,627,1,4225.5,1,1,1,3,Lost Customers,4225.5
CUST08695,239,3,26686.55,2,2,1,5,Lost Customers,8895.516666666666
CUST08696,236,6,213370.45,2,4,4,10,At Risk,35561.74166666667
CUST08697,136,8,298124.35,3,5,4,12,Loyal Customers,37265.54375
CUST08698,60,6,208139.0,4,4,3,11,Loyal Customers,34689.833333333336
CUST08699,111,6,109660.65000000001,3,4,2,9,Loyal Customers,18276.775
CUST08700,135,7,222761.69999999998,3,5,4,12,Loyal Customers,31823.1
CUST08701,168,1,3274.0,3,1,1,5,Others,3274.0
CUST08702,341,3,17008.85,1,2,1,4,Lost Customers,5669.616666666666
CUST08703,134,3,164587.55,3,2,3,8,Others,54862.51666666666
CUST08704,521,3,187595.2,1,2,3,6,Lost Customers,62531.73333333334
CUST08705,363,4,199011.1,1,3,3,7,At Risk,49752.775
CUST08706,16,3,108934.4,5,2,2,9,Potential Loyalists,36311.46666666667
CUST08707,123,6,173828.1,3,4,3,10,Loyal Customers,28971.350000000002
CUST08708,195,8,500730.5,2,5,5,12,At Risk,62591.3125
CUST08709,55,8,1017143.95,4,5,5,14,Champions,127142.99375
CUST08710,15,3,207367.0,5,2,3,10,Potential Loyalists,69122.33333333333
CUST08711,392,8,167994.4,1,5,3,9,At Risk,20999.3
CUST08712,19,6,250622.95,5,4,4,13,Champions,41770.49166666667
CUST08713,54,4,195011.85,4,3,3,10,Potential Loyalists,48752.9625
CUST08714,141,4,71842.95,3,3,1,7,Others,17960.7375
CUST08715,166,5,171830.3,3,3,3,9,Others,34366.06
CUST08716,254,8,682911.95,2,5,5,12,At Risk,85363.99375
CUST08717,164,7,465117.35,3,5,5,13,Loyal Customers,66445.33571428571
CUST08718,259,5,239622.35,2,3,4,9,At Risk,47924.47
CUST08719,377,4,157677.09999999998,1,3,3,7,At Risk,39419.274999999994
CUST08720,117,4,297812.25,3,3,4,10,Others,74453.0625
CUST08721,45,7,379138.95,4,5,5,14,Champions,54162.70714285714
CUST08722,120,2,44596.6,3,1,1,5,Others,22298.3
CUST08723,201,6,236445.9,2,4,4,10,At Risk,39407.65
CUST08724,18,2,104893.2,5,1,2,8,Others,52446.6
CUST08725,250,3,67000.4,2,2,1,5,Lost Customers,22333.466666666664
CUST08726,176,7,474977.55,2,5,5,12,At Risk,67853.93571428572
CUST08727,92,1,15487.2,4,1,1,6,Others,15487.2
CUST08728,360,5,192874.5,1,3,3,7,At Risk,38574.9
CUST08729,52,5,340238.2,4,3,5,12,Potential Loyalists,68047.64
CUST08730,152,4,118402.79999999999,3,3,2,8,Others,29600.699999999997
CUST08731,204,6,278207.75,2,4,4,10,At Risk,46367.958333333336
CUST08732,71,8,392686.94999999995,4,5,5,14,Champions,49085.868749999994
CUST08733,36,6,426117.2,5,4,5,14,Champions,71019.53333333334
CUST08734,21,9,151132.0,5,5,3,13,Loyal Customers,16792.444444444445
CUST08735,108,7,363555.55000000005,3,5,5,13,Loyal Customers,51936.50714285715
CUST08736,543,5,134689.85,1,3,2,6,Others,26937.97
CUST08737,201,4,81529.2,2,3,2,7,Others,20382.3
CUST08738,105,8,377367.95,3,5,5,13,Loyal Customers,47170.99375
CUST08739,10,6,125873.1,5,4,2,11,Loyal Customers,20978.850000000002
CUST08740,352,4,134919.95,1,3,2,6,Others,33729.9875
CUST08741,575,3,38030.8,1,2,1,4,Lost Customers,12676.933333333334
CUST08742,145,2,23879.85,3,1,1,5,Others,11939.925
CUST08743,93,7,47815.45,4,5,1,10,Loyal Customers,6830.778571428571
CUST08744,173,1,41163.5,2,1,1,4,Lost Customers,41163.5
CUST08745,109,5,179792.8,3,3,3,9,Others,35958.56
CUST08746,25,2,155643.0,5,1,3,9,Others,77821.5
CUST08747,28,4,198012.3,5,3,3,11,Potential Loyalists,49503.075
CUST08748,135,5,283061.15,3,3,4,10,Others,56612.23
CUST08749,227,4,85778.85,2,3,2,7,Others,21444.7125
CUST08750,87,6,154511.1,4,4,3,11,Loyal Customers,25751.850000000002
CUST08751,123,5,158333.19999999998,3,3,3,9,Others,31666.639999999996
CUST08752,129,1,751.0,3,1,1,5,Others,751.0
CUST08753,91,6,310633.75,4,4,4,12,Champions,51772.291666666664
CUST08754,55,4,124964.35,4,3,2,9,Potential Loyalists,31241.0875
CUST08755,87,7,309349.05,4,5,4,13,Champions,44192.72142857143
CUST08756,496,5,252727.94999999998,1,3,4,8,At Risk,50545.59
CUST08757,654,1,19538.1,1,1,1,3,Lost Customers,19538.1
CUST08758,1,6,128628.65,5,4,2,11,Loyal Customers,21438.108333333334
CUST08759,69,5,105466.6,4,3,2,9,Potential Loyalists,21093.32
CUST08760,352,5,134875.5,1,3,2,6,Others,26975.1
CUST08761,89,3,106721.04999999999,4,2,2,8,Potential Loyalists,35573.68333333333
CUST08762,107,5,53581.05,3,3,1,7,Others,10716.210000000001
CUST08763,299,2,94535.45,1,1,2,4,Lost Customers,47267.725
CUST08764,93,7,254967.0,4,5,4,13,Champions,36423.857142857145
CUST08765,15,5,101444.0,5,3,2,10,Potential Loyalists,20288.8
CUST08766,11,5,128186.85,5,3,2,10,Potential Loyalists,25637.370000000003
CUST08767,134,7,425308.7,3,5,5,13,Loyal Customers,60758.385714285716
CUST08768,41,5,116870.84999999999,5,3,2,10,Potential Loyalists,23374.17
CUST08769,100,4,262788.89999999997,3,3,4,10,Others,65697.22499999999
CUST08770,40,8,300203.45,5,5,4,14,Champions,37525.43125
CUST08771,678,2,229326.0,1,1,4,6,Lost Customers,114663.0
CUST08772,648,4,358539.89999999997,1,3,5,9,At Risk,89634.97499999999
CUST08773,304,5,180504.80000000002,1,3,3,7,At Risk,36100.96000000001
CUST08774,40,8,268075.3,5,5,4,14,Champions,33509.4125
CUST08775,187,11,379800.89999999997,2,5,5,12,At Risk,34527.354545454546
CUST08776,134,6,463577.85,3,4,5,12,Loyal Customers,77262.97499999999
CUST08777,533,2,5168.0,1,1,1,3,Lost Customers,2584.0
CUST08778,366,4,30551.2,1,3,1,5,Others,7637.8
CUST08779,91,7,183311.05,4,5,3,12,Loyal Customers,26187.292857142857
CUST08780,226,5,24341.3,2,3,1,6,Others,4868.26
CUST08781,25,5,101250.05,5,3,2,10,Potential Loyalists,20250.010000000002
CUST08782,46,5,454627.2,4,3,5,12,Potential Loyalists,90925.44
CUST08783,1,5,271192.9,5,3,4,12,Potential Loyalists,54238.58
CUST08784,78,5,120932.85,4,3,2,9,Potential Loyalists,24186.57
CUST08785,18,2,94980.04999999999,5,1,2,8,Others,47490.024999999994
CUST08786,54,8,379882.0,4,5,5,14,Champions,47485.25
CUST08787,121,7,462241.15,3,5,5,13,Loyal Customers,66034.45
CUST08788,69,5,156205.0,4,3,3,10,Potential Loyalists,31241.0
CUST08789,16,6,499093.60000000003,5,4,5,14,Champions,83182.26666666668
CUST08790,29,7,310293.9,5,5,4,14,Champions,44327.700000000004
CUST08791,486,2,136425.0,1,1,2,4,Lost Customers,68212.5
CUST08792,23,4,46930.65,5,3,1,9,Potential Loyalists,11732.6625
CUST08793,325,3,125134.0,1,2,2,5,Lost Customers,41711.333333333336
CUST08794,48,9,201847.35,4,5,3,12,Loyal Customers,22427.483333333334
CUST08795,129,4,57431.8,3,3,1,7,Others,14357.95
CUST08796,331,3,213532.5,1,2,4,7,Lost Customers,71177.5
CUST08797,62,5,160917.2,4,3,3,10,Potential Loyalists,32183.440000000002
CUST08798,116,8,554645.35,3,5,5,13,Loyal Customers,69330.66875
CUST08799,123,5,89617.25,3,3,2,8,Others,17923.45
CUST08800,70,6,136909.95,4,4,2,10,Loyal Customers,22818.325
CUST08801,15,5,65571.95,5,3,1,9,Potential Loyalists,13114.39
CUST08802,510,2,149951.0,1,1,3,5,Lost Customers,74975.5
CUST08803,105,4,78315.1,3,3,2,8,Others,19578.775
CUST08804,316,3,9402.900000000001,1,2,1,4,Lost Customers,3134.3000000000006
CUST08805,358,4,50627.65,1,3,1,5,Others,12656.9125
CUST08806,127,7,374694.7,3,5,5,13,Loyal Customers,53527.81428571429
CUST08807,19,7,261651.55000000002,5,5,4,14,Champions,37378.79285714286
CUST08808,64,4,259109.1,4,3,4,11,Potential Loyalists,64777.275
CUST08809,235,9,371135.8,2,5,5,12,At Risk,41237.31111111111
CUST08810,42,7,255937.75000000003,4,5,4,13,Champions,36562.53571428572
CUST08811,151,5,146700.55,3,3,3,9,Others,29340.109999999997
CUST08812,7,6,163453.25,5,4,3,12,Loyal Customers,27242.208333333332
CUST08813,88,5,92843.2,4,3,2,9,Potential Loyalists,18568.64
CUST08814,376,3,123159.9,1,2,2,5,Lost Customers,41053.299999999996
CUST08815,182,5,392983.05000000005,2,3,5,10,At Risk,78596.61000000002
CUST08816,322,4,98269.15,1,3,2,6,Others,24567.2875
CUST08817,152,8,348824.75,3,5,5,13,Loyal Customers,43603.09375
CUST08818,368,3,32063.65,1,2,1,4,Lost Customers,10687.883333333333
CUST08819,102,9,367533.45,3,5,5,13,Loyal Customers,40837.05
CUST08820,252,5,373199.7,2,3,5,10,At Risk,74639.94
CUST08821,243,4,147040.7,2,3,3,8,At Risk,36760.175
CUST08822,171,7,125338.6,2,5,2,9,Others,17905.514285714286
CUST08823,191,2,213946.5,2,1,4,7,Lost Customers,106973.25
CUST08824,42,6,51398.75,4,4,1,9,Loyal Customers,8566.458333333334
CUST08825,160,7,315606.65,3,5,4,12,Loyal Customers,45086.66428571429
CUST08826,234,3,154120.5,2,2,3,7,Lost Customers,51373.5
CUST08827,285,3,175610.5,2,2,3,7,Lost Customers,58536.833333333336
CUST08828,135,3,122042.3,3,2,2,7,Others,40680.76666666667
CUST08829,25,10,528555.3,5,5,5,15,Champions,52855.530000000006
CUST08830,26,4,53540.9,5,3,1,9,Potential Loyalists,13385.225
CUST08831,58,8,327754.3,4,5,5,14,Champions,40969.2875
CUST08832,45,1,383.35,4,1,1,6,Others,383.35
CUST08833,154,8,447046.55000000005,3,5,5,13,Loyal Customers,55880.818750000006
CUST08834,387,7,238124.25,1,5,4,10,At Risk,34017.75
CUST08835,50,4,228714.80000000002,4,3,4,11,Potential Loyalists,57178.700000000004
CUST08836,197,6,454979.05,2,4,5,11,At Risk,75829.84166666666
CUST08837,23,8,656701.15,5,5,5,15,Champions,82087.64375
CUST08838,43,4,87073.3,4,3,2,9,Potential Loyalists,21768.325
CUST08839,217,4,255312.8,2,3,4,9,At Risk,63828.2
CUST08840,421,7,584977.5,1,5,5,11,At Risk,83568.21428571429
CUST08841,116,5,221246.95,3,3,4,10,Others,44249.39
CUST08842,305,2,86920.4,1,1,2,4,Lost Customers,43460.2
CUST08843,60,3,295830.6,4,2,4,10,Potential Loyalists,98610.2
CUST08844,116,7,468386.85,3,5,5,13,Loyal Customers,66912.40714285713
CUST08845,45,7,341234.65,4,5,5,14,Champions,48747.80714285715
CUST08846,73,2,10517.8,4,1,1,6,Others,5258.9
CUST08847,140,6,345154.3,3,4,5,12,Loyal Customers,57525.71666666667
CUST08848,268,3,20308.05,2,2,1,5,Lost Customers,6769.349999999999
CUST08849,501,1,14499.2,1,1,1,3,Lost Customers,14499.2
CUST08850,81,6,118942.05,4,4,2,10,Loyal Customers,19823.675
CUST08851,197,8,263905.1,2,5,4,11,At Risk,32988.1375
CUST08852,17,8,438152.2,5,5,5,15,Champions,54769.025
CUST08853,226,4,244144.85,2,3,4,9,At Risk,61036.2125
CUST08854,105,4,55248.45,3,3,1,7,Others,13812.1125
CUST08855,746,4,99420.0,1,3,2,6,Others,24855.0
CUST08856,157,7,364364.4,3,5,5,13,Loyal Customers,52052.05714285715
CUST08857,258,5,239498.1,2,3,4,9,At Risk,47899.62
CUST08858,53,4,100638.05,4,3,2,9,Potential Loyalists,25159.5125
CUST08859,137,7,211651.1,3,5,4,12,Loyal Customers,30235.87142857143
CUST08860,176,5,43669.1,2,3,1,6,Others,8733.82
CUST08861,196,4,50186.700000000004,2,3,1,6,Others,12546.675000000001
CUST08862,1,12,355090.9,5,5,5,15,Champions,29590.908333333336
CUST08863,332,2,39201.65,1,1,1,3,Lost Customers,19600.825
CUST08864,275,1,239.0,2,1,1,4,Lost Customers,239.0
CUST08865,699,3,20220.95,1,2,1,4,Lost Customers,6740.316666666667
CUST08866,49,5,86961.95,4,3,2,9,Potential Loyalists,17392.39
CUST08867,247,6,160655.35,2,4,3,9,At Risk,26775.891666666666
CUST08868,223,6,208846.65,2,4,3,9,At Risk,34807.775
CUST08869,93,2,37781.5,4,1,1,6,Others,18890.75
CUST08870,23,4,107343.4,5,3,2,10,Potential Loyalists,26835.85
CUST08871,187,7,294306.7,2,5,4,11,At Risk,42043.81428571429
CUST08872,162,5,86529.85,3,3,2,8,Others,17305.97
CUST08873,26,7,268525.8,5,5,4,14,Champions,38360.82857142857
CUST08874,203,7,748457.1,2,5,5,12,At Risk,106922.44285714286
CUST08875,97,5,219807.44999999998,3,3,4,10,Others,43961.49
CUST08876,74,4,100138.3,4,3,2,9,Potential Loyalists,25034.575
CUST08877,158,5,228993.3,3,3,4,10,Others,45798.659999999996
CUST08878,243,6,264271.89999999997,2,4,4,10,At Risk,44045.31666666666
CUST08879,249,3,111865.4,2,2,2,6,Lost Customers,37288.46666666667
CUST08880,410,6,163364.3,1,4,3,8,At Risk,27227.38333333333
CUST08881,58,2,61550.399999999994,4,1,1,6,Others,30775.199999999997
CUST08882,100,4,121688.4,3,3,2,8,Others,30422.1
CUST08883,116,5,139894.75,3,3,3,9,Others,27978.95
CUST08884,49,7,340106.65,4,5,5,14,Champions,48586.66428571429
CUST08885,164,7,308086.2,3,5,4,12,Loyal Customers,44012.31428571429
CUST08886,5,10,364191.25,5,5,5,15,Champions,36419.125
CUST08887,19,6,183135.7,5,4,3,12,Loyal Customers,30522.61666666667
CUST08888,119,4,231747.2,3,3,4,10,Others,57936.8
CUST08889,11,6,349604.35,5,4,5,14,Champions,58267.39166666666
CUST08890,848,1,5823.0,1,1,1,3,Lost Customers,5823.0
CUST08891,421,3,168742.8,1,2,3,6,Lost Customers,56247.6
CUST08892,140,1,98820.0,3,1,2,6,Others,98820.0
CUST08893,200,7,154615.8,2,5,3,10,At Risk,22087.971428571425
CUST08894,133,3,58226.0,3,2,1,6,Others,19408.666666666668
CUST08895,206,5,173496.1,2,3,3,8,At Risk,34699.22
CUST08896,546,2,87526.35,1,1,2,4,Lost Customers,43763.175
CUST08897,48,7,319332.3,4,5,4,13,Champions,45618.9
CUST08898,53,7,315434.65,4,5,4,13,Champions,45062.09285714286
CUST08899,368,3,275715.2,1,2,4,7,Lost Customers,91905.06666666667
CUST08900,93,10,646612.2,4,5,5,14,Champions,64661.219999999994
CUST08901,164,2,9470.4,3,1,1,5,Others,4735.2
CUST08902,288,2,97075.6,2,1,2,5,Lost Customers,48537.8
CUST08903,480,3,37079.5,1,2,1,4,Lost Customers,12359.833333333334
CUST08904,160,6,268581.05,3,4,4,11,Loyal Customers,44763.50833333333
CUST08905,12,5,240179.65000000002,5,3,4,12,Potential Loyalists,48035.93000000001
CUST08906,174,2,57583.6,2,1,1,4,Lost Customers,28791.8
CUST08907,260,5,135886.15,2,3,2,7,Others,27177.23
CUST08908,47,6,193107.3,4,4,3,11,Loyal Customers,32184.55
CUST08909,76,5,199833.84999999998,4,3,3,10,Potential Loyalists,39966.77
CUST08910,309,7,156414.80000000002,1,5,3,9,At Risk,22344.971428571433
CUST08911,20,10,570464.85,5,5,5,15,Champions,57046.485
CUST08912,244,6,126290.45000000001,2,4,2,8,Others,21048.408333333336
CUST08913,108,7,168890.55,3,5,3,11,Loyal Customers,24127.221428571425
CUST08914,418,4,89626.65000000001,1,3,2,6,Others,22406.662500000002
CUST08915,169,5,269626.55,3,3,4,10,Others,53925.31
CUST08916,123,2,90197.09999999999,3,1,2,6,Others,45098.549999999996
CUST08917,74,8,548086.25,4,5,5,14,Champions,68510.78125
CUST08918,74,2,4324.1,4,1,1,6,Others,2162.05
CUST08919,61,2,66129.6,4,1,1,6,Others,33064.8
CUST08920,368,3,189925.2,1,2,3,6,Lost Customers,63308.4
CUST08921,85,8,339637.60000000003,4,5,5,14,Champions,42454.700000000004
CUST08922,630,4,187968.55,1,3,3,7,At Risk,46992.1375
CUST08923,147,6,184175.75,3,4,3,10,Loyal Customers,30695.958333333332
CUST08924,665,1,65414.7,1,1,1,3,Lost Customers,65414.7
CUST08925,194,6,111467.45000000001,2,4,2,8,Others,18577.908333333336
CUST08926,88,4,143472.2,4,3,3,10,Potential Loyalists,35868.05
CUST08927,225,7,205411.8,2,5,3,10,At Risk,29344.542857142857
CUST08928,145,7,134757.2,3,5,2,10,Loyal Customers,19251.028571428575
CUST08929,13,6,239203.55,5,4,4,13,Champions,39867.25833333333
CUST08930,147,5,244539.75,3,3,4,10,Others,48907.95
CUST08931,128,4,377256.6,3,3,5,11,Others,94314.15
CUST08932,213,4,448638.2,2,3,5,10,At Risk,112159.55
CUST08933,82,6,174155.0,4,4,3,11,Loyal Customers,29025.833333333332
CUST08934,431,3,447336.9,1,2,5,8,Lost Customers,149112.30000000002
CUST08935,298,4,131340.45,1,3,2,6,Others,32835.1125
CUST08936,199,3,279570.75,2,2,4,8,Lost Customers,93190.25
CUST08937,115,6,482926.55,3,4,5,12,Loyal Customers,80487.75833333333
CUST08938,219,7,233065.2,2,5,4,11,At Risk,33295.02857142857
CUST08939,211,6,256038.9,2,4,4,10,At Risk,42673.15
CUST08940,65,6,84238.4,4,4,2,10,Loyal Customers,14039.733333333332
CUST08941,186,4,110625.4,2,3,2,7,Others,27656.35
CUST08942,162,4,72353.7,3,3,1,7,Others,18088.425
CUST08943,207,11,241801.95,2,5,4,11,At Risk,21981.995454545457
CUST08944,178,5,187184.7,2,3,3,8,At Risk,37436.94
CUST08945,279,8,392962.7,2,5,5,12,At Risk,49120.3375
CUST08946,22,5,184545.7,5,3,3,11,Potential Loyalists,36909.14
CUST08947,6,4,71785.9,5,3,1,9,Potential Loyalists,17946.475
CUST08948,39,5,167580.5,5,3,3,11,Potential Loyalists,33516.1
CUST08949,774,2,277220.0,1,1,4,6,Lost Customers,138610.0
CUST08950,53,4,331312.5,4,3,5,12,Potential Loyalists,82828.125
CUST08951,188,2,28666.25,2,1,1,4,Lost Customers,14333.125
CUST08952,236,5,245129.65,2,3,4,9,At Risk,49025.93
CUST08953,43,7,457622.65,4,5,5,14,Champions,65374.66428571429
CUST08954,146,4,245663.25,3,3,4,10,Others,61415.8125
CUST08955,81,7,134628.5,4,5,2,11,Loyal Customers,19232.64285714286
CUST08956,91,7,127329.3,4,5,2,11,Loyal Customers,18189.9
CUST08957,237,4,235040.35,2,3,4,9,At Risk,58760.0875
CUST08958,18,7,188898.7,5,5,3,13,Loyal Customers,26985.528571428575
CUST08959,190,4,153191.65,2,3,3,8,At Risk,38297.9125
CUST08960,64,2,46197.85,4,1,1,6,Others,23098.925
CUST08961,103,7,288166.4,3,5,4,12,Loyal Customers,41166.62857142858
CUST08962,20,2,58843.15,5,1,1,7,Others,29421.575
CUST08963,3,7,113331.9,5,5,2,12,Loyal Customers,16190.271428571428
CUST08964,120,3,93821.25,3,2,2,7,Others,31273.75
CUST08965,246,4,66683.45,2,3,1,6,Others,16670.8625
CUST08966,10,7,392463.55,5,5,5,15,Champions,56066.22142857143
CUST08967,76,7,400301.0,4,5,5,14,Champions,57185.857142857145
CUST08968,94,6,121066.8,4,4,2,10,Loyal Customers,20177.8
CUST08969,62,3,123606.8,4,2,2,8,Potential Loyalists,41202.26666666667
CUST08970,16,8,150259.25,5,5,3,13,Loyal Customers,18782.40625
CUST08971,450,3,95548.09999999999,1,2,2,5,Lost Customers,31849.366666666665
CUST08972,195,8,506291.1,2,5,5,12,At Risk,63286.3875
CUST08973,115,4,337695.60000000003,3,3,5,11,Others,84423.90000000001
CUST08974,141,5,162139.4,3,3,3,9,Others,32427.879999999997
CUST08975,301,4,145172.0,1,3,3,7,At Risk,36293.0
CUST08976,74,3,63561.45,4,2,1,7,Potential Loyalists,21187.149999999998
CUST08977,9,4,181431.75,5,3,3,11,Potential Loyalists,45357.9375
CUST08978,256,4,133259.05,2,3,2,7,Others,33314.7625
CUST08979,35,8,223072.3,5,5,4,14,Champions,27884.0375
CUST08980,251,7,351254.95,2,5,5,12,At Risk,50179.27857142857
CUST08981,5,4,329282.7,5,3,5,13,Potential Loyalists,82320.675
CUST08982,315,4,108893.3,1,3,2,6,Others,27223.325
CUST08983,285,3,5324.6,2,2,1,5,Lost Customers,1774.8666666666668
CUST08984,214,6,233288.05,2,4,4,10,At Risk,38881.34166666667
CUST08985,158,4,337473.6,3,3,5,11,Others,84368.4
CUST08986,105,6,384979.55,3,4,5,12,Loyal Customers,64163.25833333333
CUST08987,36,2,19499.7,5,1,1,7,Others,9749.85
CUST08988,178,2,32043.6,2,1,1,4,Lost Customers,16021.8
CUST08989,35,5,184970.95,5,3,3,11,Potential Loyalists,36994.19
CUST08990,92,4,244412.0,4,3,4,11,Potential Loyalists,61103.0
CUST08991,144,6,351701.95,3,4,5,12,Loyal Customers,58616.99166666667
CUST08992,167,5,139348.45,3,3,3,9,Others,27869.690000000002
CUST08993,283,3,86674.5,2,2,2,6,Lost Customers,28891.5
CUST08994,29,4,119403.15,5,3,2,10,Potential Loyalists,29850.7875
CUST08995,231,6,619045.25,2,4,5,11,At Risk,103174.20833333333
CUST08996,100,4,299043.2,3,3,4,10,Others,74760.8
CUST08997,168,7,347697.65,3,5,5,13,Loyal Customers,49671.09285714286
CUST08998,192,6,245230.49999999997,2,4,4,10,At Risk,40871.74999999999
CUST08999,127,9,553334.55,3,5,5,13,Loyal Customers,61481.61666666667
CUST09000,574,2,23909.949999999997,1,1,1,3,Lost Customers,11954.974999999999
CUST09001,172,5,121092.4,2,3,2,7,Others,24218.48
CUST09002,3,5,129150.3,5,3,2,10,Potential Loyalists,25830.06
CUST09003,82,4,81848.5,4,3,2,9,Potential Loyalists,20462.125
CUST09004,75,5,194765.55,4,3,3,10,Potential Loyalists,38953.11
CUST09005,17,7,244668.2,5,5,4,14,Champions,34952.6
CUST09006,161,4,108711.3,3,3,2,8,Others,27177.825
CUST09008,6,6,75956.5,5,4,2,11,Loyal Customers,12659.416666666666
CUST09009,272,3,167475.90000000002,2,2,3,7,Lost Customers,55825.30000000001
CUST09010,199,5,319029.65,2,3,4,9,At Risk,63805.93000000001
CUST09011,310,2,68075.8,1,1,1,3,Lost Customers,34037.9
CUST09012,10,6,608217.15,5,4,5,14,Champions,101369.52500000001
CUST09013,159,6,304676.55,3,4,4,11,Loyal Customers,50779.424999999996
CUST09014,20,5,104093.2,5,3,2,10,Potential Loyalists,20818.64
CUST09015,786,4,172031.35,1,3,3,7,At Risk,43007.8375
CUST09016,95,5,223313.25,3,3,4,10,Others,44662.65
CUST09017,276,4,59032.399999999994,2,3,1,6,Others,14758.099999999999
CUST09018,314,2,202099.4,1,1,3,5,Lost Customers,101049.7
CUST09019,384,3,113580.55,1,2,2,5,Lost Customers,37860.183333333334
CUST09020,220,7,450571.65,2,5,5,12,At Risk,64367.37857142858
CUST09021,288,6,180693.4,2,4,3,9,At Risk,30115.566666666666
CUST09022,228,5,209919.40000000002,2,3,3,8,At Risk,41983.880000000005
CUST09023,142,3,101685.1,3,2,2,7,Others,33895.03333333333
CUST09024,142,5,178521.3,3,3,3,9,Others,35704.259999999995
CUST09025,380,4,342261.8,1,3,5,9,At Risk,85565.45
CUST09026,110,5,299844.9,3,3,4,10,Others,59968.98
CUST09027,184,5,149143.35,2,3,3,8,At Risk,29828.670000000002
CUST09028,35,6,453184.55,5,4,5,14,Champions,75530.75833333333
CUST09029,162,8,492425.14999999997,3,5,5,13,Loyal Customers,61553.143749999996
CUST09030,5,8,312046.6,5,5,4,14,Champions,39005.825
CUST09031,573,1,74097.0,1,1,1,3,Lost Customers,74097.0
CUST09032,103,6,292098.65,3,4,4,11,Loyal Customers,48683.10833333334
CUST09033,167,2,25666.15,3,1,1,5,Others,12833.075
CUST09034,235,5,84393.85,2,3,2,7,Others,16878.77
CUST09035,75,6,68187.5,4,4,1,9,Loyal Customers,11364.583333333334
CUST09036,12,5,78705.2,5,3,2,10,Potential Loyalists,15741.039999999999
CUST09037,303,6,166645.5,1,4,3,8,At Risk,27774.25
CUST09038,702,2,48400.549999999996,1,1,1,3,Lost Customers,24200.274999999998
CUST09039,3,7,210405.15,5,5,4,14,Champions,30057.87857142857
CUST09040,326,2,134419.85,1,1,2,4,Lost Customers,67209.925
CUST09041,170,3,211411.25,2,2,4,8,Lost Customers,70470.41666666667
CUST09042,208,5,276242.85,2,3,4,9,At Risk,55248.56999999999
CUST09043,436,3,140310.75,1,2,3,6,Lost Customers,46770.25
CUST09044,439,3,46994.4,1,2,1,4,Lost Customers,15664.800000000001
CUST09045,429,3,48216.899999999994,1,2,1,4,Lost Customers,16072.299999999997
CUST09046,62,7,162214.55,4,5,3,12,Loyal Customers,23173.507142857143
CUST09047,248,2,28684.8,2,1,1,4,Lost Customers,14342.4
CUST09048,18,4,77087.8,5,3,2,10,Potential Loyalists,19271.95
CUST09049,19,4,71748.5,5,3,1,9,Potential Loyalists,17937.125
CUST09050,8,4,32998.65,5,3,1,9,Potential Loyalists,8249.6625
CUST09051,75,7,585233.4,4,5,5,14,Champions,83604.77142857143
CUST09052,201,5,172608.84999999998,2,3,3,8,At Risk,34521.77
CUST09053,164,4,174200.65,3,3,3,9,Others,43550.1625
CUST09054,763,1,25783.9,1,1,1,3,Lost Customers,25783.9
CUST09055,19,5,365020.8,5,3,5,13,Potential Loyalists,73004.16
CUST09056,293,6,243607.2,1,4,4,9,At Risk,40601.200000000004
CUST09057,16,10,261485.65,5,5,4,14,Champions,26148.565
CUST09058,273,4,72289.4,2,3,1,6,Others,18072.35
CUST09059,70,3,5460.95,4,2,1,7,Potential Loyalists,1820.3166666666666
CUST09060,699,3,101664.7,1,2,2,5,Lost Customers,33888.23333333333
CUST09061,18,5,148377.8,5,3,3,11,Potential Loyalists,29675.559999999998
CUST09062,141,5,255773.1,3,3,4,10,Others,51154.62
CUST09063,304,5,79334.15000000001,1,3,2,6,Others,15866.830000000002
CUST09064,89,1,2187.0,4,1,1,6,Others,2187.0
CUST09065,198,4,224551.5,2,3,4,9,At Risk,56137.875
CUST09066,225,5,150501.75,2,3,3,8,At Risk,30100.35
CUST09067,23,7,498967.6,5,5,5,15,Champions,71281.08571428571
CUST09068,116,9,548197.5,3,5,5,13,Loyal Customers,60910.833333333336
CUST09069,111,4,402981.0,3,3,5,11,Others,100745.25
CUST09070,222,3,130465.45,2,2,2,6,Lost Customers,43488.48333333333
CUST09071,99,5,154536.15,3,3,3,9,Others,30907.23
CUST09072,185,6,218289.75,2,4,4,10,At Risk,36381.625
CUST09073,178,1,2172.65,2,1,1,4,Lost Customers,2172.65
CUST09074,125,5,363227.0,3,3,5,11,Others,72645.4
CUST09075,54,9,347999.15,4,5,5,14,Champions,38666.572222222225
CUST09076,179,3,127452.65,2,2,2,6,Lost Customers,42484.21666666667
CUST09077,227,6,295520.0,2,4,4,10,At Risk,49253.333333333336
CUST09078,192,4,293166.8,2,3,4,9,At Risk,73291.7
CUST09079,126,5,74101.65,3,3,1,7,Others,14820.329999999998
CUST09080,22,3,28278.25,5,2,1,8,Potential Loyalists,9426.083333333334
CUST09081,7,8,326012.14999999997,5,5,5,15,Champions,40751.518749999996
CUST09082,19,8,405945.0,5,5,5,15,Champions,50743.125
CUST09083,354,4,133761.45,1,3,2,6,Others,33440.3625
CUST09084,484,5,184458.1,1,3,3,7,At Risk,36891.62
CUST09085,48,5,158171.1,4,4,3,11,Loyal Customers,31634.22
CUST09086,196,8,297799.1,2,5,4,11,At Risk,37224.8875
CUST09087,141,3,66170.0,3,2,1,6,Others,22056.666666666668
CUST09088,120,6,261838.0,3,4,4,11,Loyal Customers,43639.666666666664
CUST09089,131,7,131018.4,3,5,2,10,Loyal Customers,18716.914285714283
CUST09090,47,5,345592.5,4,4,5,13,Champions,69118.5
CUST09091,39,8,600270.6,5,5,5,15,Champions,75033.825
CUST09092,481,6,275877.15,1,4,4,9,At Risk,45979.525
CUST09093,381,4,93464.85,1,3,2,6,Others,23366.2125
CUST09094,7,6,152314.9,5,4,3,12,Loyal Customers,25385.816666666666
CUST09095,2,7,292148.15,5,5,4,14,Champions,41735.450000000004
CUST09096,163,5,60549.0,3,4,1,8,Loyal Customers,12109.8
CUST09097,433,4,149873.44999999998,1,3,3,7,At Risk,37468.362499999996
CUST09098,63,6,201305.9,4,4,3,11,Loyal Customers,33550.98333333333
CUST09099,263,6,421678.05000000005,2,4,5,11,At Risk,70279.675
CUST09100,126,8,442523.95,3,5,5,13,Loyal Customers,55315.49375
CUST09101,269,4,109054.0,2,3,2,7,Others,27263.5
CUST09102,2,5,204110.95,5,4,3,12,Loyal Customers,40822.19
CUST09103,457,2,58000.5,1,1,1,3,Lost Customers,29000.25
CUST09104,202,2,103061.2,2,1,2,5,Lost Customers,51530.6
CUST09105,20,9,831108.35,5,5,5,15,Champions,92345.37222222221
CUST09106,525,3,61954.85,1,2,1,4,Lost Customers,20651.616666666665
CUST09107,252,6,56636.7,2,4,1,7,Others,9439.449999999999
CUST09108,345,8,471331.7,1,5,5,11,At Risk,58916.4625
CUST09109,196,4,293594.05,2,3,4,9,At Risk,73398.5125
CUST09110,2,9,265650.8,5,5,4,14,Champions,29516.755555555555
CUST09111,171,4,142597.25,2,3,3,8,At Risk,35649.3125
CUST09112,40,3,18607.850000000002,5,2,1,8,Potential Loyalists,6202.616666666668
CUST09113,355,6,512469.0,1,4,5,10,At Risk,85411.5
CUST09114,56,8,311257.9,4,5,4,13,Champions,38907.2375
CUST09115,121,4,125924.35,3,3,2,8,Others,31481.0875
CUST09116,57,10,363127.4,4,5,5,14,Champions,36312.740000000005
CUST09117,139,5,411520.25,3,4,5,12,Loyal Customers,82304.05
CUST09118,47,9,195997.3,4,5,3,12,Loyal Customers,21777.477777777778
CUST09119,298,3,24345.9,1,2,1,4,Lost Customers,8115.3
CUST09120,208,2,56871.8,2,1,1,4,Lost Customers,28435.9
CUST09121,441,8,350857.5,1,5,5,11,At Risk,43857.1875
CUST09122,70,3,171943.05,4,2,3,9,Potential Loyalists,57314.35
CUST09123,472,4,270447.8,1,3,4,8,At Risk,67611.95
CUST09124,474,1,55542.0,1,1,1,3,Lost Customers,55542.0
CUST09125,93,5,113696.9,4,4,2,10,Loyal Customers,22739.379999999997
CUST09126,148,5,282576.14999999997,3,4,4,11,Loyal Customers,56515.229999999996
CUST09127,386,4,92634.0,1,3,2,6,Others,23158.5
CUST09128,492,6,419621.65,1,4,5,10,At Risk,69936.94166666667
CUST09129,279,7,327827.4,2,5,5,12,At Risk,46832.485714285714
CUST09130,209,5,184641.0,2,4,3,9,At Risk,36928.2
CUST09131,122,7,236693.85,3,5,4,12,Loyal Customers,33813.40714285714
CUST09132,185,5,241066.6,2,4,4,10,At Risk,48213.32
CUST09133,38,10,369652.5,5,5,5,15,Champions,36965.25
CUST09134,15,7,127001.85,5,5,2,12,Loyal Customers,18143.12142857143
CUST09135,333,6,277869.6,1,4,4,9,At Risk,46311.6
CUST09136,67,5,700119.5,4,4,5,13,Champions,140023.9
CUST09137,36,8,127948.55,5,5,2,12,Loyal Customers,15993.56875
CUST09138,134,3,107347.7,3,2,2,7,Others,35782.566666666666
CUST09139,837,1,2087.0,1,1,1,3,Lost Customers,2087.0
CUST09140,69,4,128195.70000000001,4,3,2,9,Potential Loyalists,32048.925000000003
CUST09141,18,5,172686.59999999998,5,4,3,12,Loyal Customers,34537.31999999999
CUST09142,77,9,528147.4,4,5,5,14,Champions,58683.044444444444
CUST09143,204,5,276429.3,2,4,4,10,At Risk,55285.86
CUST09144,297,2,9619.15,1,1,1,3,Lost Customers,4809.575
CUST09145,98,4,204388.5,3,3,3,9,Others,51097.125
CUST09146,263,1,2659.2,2,1,1,4,Lost Customers,2659.2
CUST09147,275,4,19072.45,2,3,1,6,Others,4768.1125
CUST09148,163,2,94307.4,3,1,2,6,Others,47153.7
CUST09149,4,4,424353.9,5,3,5,13,Potential Loyalists,106088.475
CUST09150,309,2,69329.8,1,1,1,3,Lost Customers,34664.9
CUST09151,158,3,19924.75,3,2,1,6,Others,6641.583333333333
CUST09152,106,5,213467.95,3,4,4,11,Loyal Customers,42693.590000000004
CUST09153,729,2,20433.0,1,1,1,3,Lost Customers,10216.5
CUST09154,64,7,313093.35,4,5,4,13,Champions,44727.62142857142
CUST09155,450,4,164805.45,1,3,3,7,At Risk,41201.3625
CUST09156,439,4,107638.55,1,3,2,6,Others,26909.6375
CUST09157,13,4,224430.3,5,3,4,12,Potential Loyalists,56107.575
CUST09158,267,6,225567.75,2,4,4,10,At Risk,37594.625
CUST09159,110,8,390758.5,3,5,5,13,Loyal Customers,48844.8125
CUST09160,58,4,177690.6,4,3,3,10,Potential Loyalists,44422.65
CUST09161,166,7,92390.75,3,5,2,10,Loyal Customers,13198.67857142857
CUST09162,194,10,555112.05,2,5,5,12,At Risk,55511.205
CUST09163,782,2,108782.0,1,1,2,4,Lost Customers,54391.0
CUST09164,119,5,126323.15,3,4,2,9,Loyal Customers,25264.629999999997
CUST09165,387,4,129488.15,1,3,2,6,Others,32372.0375
CUST09166,17,6,279095.6,5,4,4,13,Champions,46515.93333333333
CUST09167,747,3,200478.89999999997,1,2,3,6,Lost Customers,66826.29999999999
CUST09168,751,2,103453.4,1,1,2,4,Lost Customers,51726.7
CUST09169,312,7,386733.65,1,5,5,11,At Risk,55247.66428571429
CUST09170,172,4,238854.6,2,3,4,9,At Risk,59713.65
CUST09171,93,3,32926.4,4,2,1,7,Potential Loyalists,10975.466666666667
CUST09172,220,2,6618.1,2,1,1,4,Lost Customers,3309.05
CUST09173,97,5,105862.90000000001,3,4,2,9,Loyal Customers,21172.58
CUST09174,11,5,120891.65000000001,5,4,2,11,Loyal Customers,24178.33
CUST09175,504,4,410304.69999999995,1,3,5,9,At Risk,102576.17499999999
CUST09176,355,1,33560.0,1,1,1,3,Lost Customers,33560.0
CUST09177,50,11,212793.5,4,5,4,13,Champions,19344.863636363636
CUST09178,65,10,253290.1,4,5,4,13,Champions,25329.010000000002
CUST09179,205,7,151565.25,2,5,3,10,At Risk,21652.178571428572
CUST09180,39,7,546829.7,5,5,5,15,Champions,78118.52857142857
CUST09181,556,3,577024.7,1,2,5,8,Lost Customers,192341.56666666665
CUST09182,39,5,180815.0,5,4,3,12,Loyal Customers,36163.0
CUST09183,21,6,459303.2,5,4,5,14,Champions,76550.53333333334
CUST09184,20,5,130285.9,5,4,2,11,Loyal Customers,26057.18
CUST09185,210,6,192096.45,2,4,3,9,At Risk,32016.075
CUST09186,91,4,91489.45,4,3,2,9,Potential Loyalists,22872.3625
CUST09187,271,6,205784.0,2,4,3,9,At Risk,34297.333333333336
CUST09188,57,3,71478.7,4,2,1,7,Potential Loyalists,23826.233333333334
CUST09189,41,7,274287.85,5,5,4,14,Champions,39183.97857142857
CUST09190,102,7,98367.55,3,5,2,10,Loyal Customers,14052.507142857143
CUST09191,412,6,219387.15,1,4,4,9,At Risk,36564.525
CUST09192,266,5,636470.0,2,4,5,11,At Risk,127294.0
CUST09193,186,5,471753.1,2,4,5,11,At Risk,94350.62
CUST09194,130,3,42044.15,3,2,1,6,Others,14014.716666666667
CUST09195,114,5,272894.6,3,4,4,11,Loyal Customers,54578.92
CUST09196,282,6,528098.85,2,4,5,11,At Risk,88016.47499999999
CUST09197,9,11,396647.1,5,5,5,15,Champions,36058.82727272727
CUST09198,120,6,95869.55,3,4,2,9,Loyal Customers,15978.258333333333
CUST09199,321,3,7557.25,1,2,1,4,Lost Customers,2519.0833333333335
CUST09200,315,3,95175.9,1,2,2,5,Lost Customers,31725.3
CUST09201,145,3,44722.5,3,2,1,6,Others,14907.5
CUST09202,486,6,198329.2,1,4,3,8,At Risk,33054.86666666667
CUST09203,75,6,319643.6,4,4,5,13,Champions,53273.93333333333
CUST09204,199,6,250323.35,2,4,4,10,At Risk,41720.558333333334
CUST09205,306,5,123909.25,1,4,2,7,Others,24781.85
CUST09206,169,1,6905.4,3,1,1,5,Others,6905.4
CUST09207,5,6,560266.6,5,4,5,14,Champions,93377.76666666666
CUST09208,181,4,259523.65000000002,2,3,4,9,At Risk,64880.912500000006
CUST09209,192,4,97056.35,2,3,2,7,Others,24264.0875
CUST09210,438,1,2934.0,1,1,1,3,Lost Customers,2934.0
CUST09211,240,2,56400.4,2,1,1,4,Lost Customers,28200.2
CUST09212,112,3,46797.6,3,2,1,6,Others,15599.199999999999
CUST09213,397,3,295824.5,1,2,4,7,Lost Customers,98608.16666666667
CUST09214,218,5,351106.0,2,4,5,11,At Risk,70221.2
CUST09215,74,3,180414.75,4,2,3,9,Potential Loyalists,60138.25
CUST09216,180,6,596311.05,2,4,5,11,At Risk,99385.175
CUST09217,210,4,112921.90000000001,2,3,2,7,Others,28230.475000000002
CUST09218,443,4,22893.0,1,3,1,5,Others,5723.25
CUST09219,255,7,102087.65,2,5,2,9,Others,14583.949999999999
CUST09220,68,3,20376.5,4,2,1,7,Potential Loyalists,6792.166666666667
CUST09221,30,8,151766.3,5,5,3,13,Loyal Customers,18970.7875
CUST09222,60,5,252737.85,4,4,4,12,Champions,50547.57
CUST09223,88,2,37441.0,4,1,1,6,Others,18720.5
CUST09224,85,8,154233.4,4,5,3,12,Loyal Customers,19279.175
CUST09225,154,4,394140.19999999995,3,3,5,11,Others,98535.04999999999
CUST09226,125,6,245975.3,3,4,4,11,Loyal Customers,40995.88333333333
CUST09227,198,2,94291.25,2,1,2,5,Lost Customers,47145.625
CUST09228,103,6,162396.7,3,4,3,10,Loyal Customers,27066.11666666667
CUST09229,1,6,224862.0,5,4,4,13,Champions,37477.0
CUST09230,37,7,489004.85,5,5,5,15,Champions,69857.83571428571
CUST09231,9,8,270362.05,5,5,4,14,Champions,33795.25625
CUST09232,175,6,417808.0,2,4,5,11,At Risk,69634.66666666667
CUST09233,113,6,158653.95,3,4,3,10,Loyal Customers,26442.325
CUST09234,412,5,36779.15,1,4,1,6,Others,7355.83
CUST09235,56,6,66917.45,4,4,1,9,Loyal Customers,11152.908333333333
CUST09236,455,3,78109.8,1,2,2,5,Lost Customers,26036.600000000002
CUST09237,1,2,117876.0,5,1,2,8,Others,58938.0
CUST09238,453,4,221221.55,1,3,4,8,At Risk,55305.3875
CUST09239,478,3,103839.25,1,2,2,5,Lost Customers,34613.083333333336
CUST09240,403,3,190433.25,1,2,3,6,Lost Customers,63477.75
CUST09241,238,9,172431.0,2,5,3,10,At Risk,19159.0
CUST09242,494,4,104437.6,1,3,2,6,Others,26109.4
CUST09243,295,4,65971.9,1,3,1,5,Others,16492.975
CUST09244,113,5,55315.0,3,4,1,8,Loyal Customers,11063.0
CUST09245,199,5,46188.1,2,4,1,7,Others,9237.619999999999
CUST09246,55,2,101258.5,4,1,2,7,Others,50629.25
CUST09247,93,9,392566.45,4,5,5,14,Champions,43618.49444444445
CUST09248,148,2,27616.0,3,1,1,5,Others,13808.0
CUST09249,92,7,141942.05,4,5,3,12,Loyal Customers,20277.43571428571
CUST09250,106,4,67262.7,3,3,1,7,Others,16815.675
CUST09251,125,6,352837.25,3,4,5,12,Loyal Customers,58806.208333333336
CUST09252,174,8,393580.6,2,5,5,12,At Risk,49197.575
CUST09253,246,3,30831.3,2,2,1,5,Lost Customers,10277.1
CUST09254,164,3,343347.1,3,2,5,10,Others,114449.03333333333
CUST09255,38,7,293546.4,5,5,4,14,Champions,41935.200000000004
CUST09256,13,3,78505.8,5,2,2,9,Potential Loyalists,26168.600000000002
CUST09257,193,4,221842.59999999998,2,3,4,9,At Risk,55460.649999999994
CUST09258,162,5,288085.0,3,4,4,11,Loyal Customers,57617.0
CUST09259,149,7,135420.7,3,5,2,10,Loyal Customers,19345.81428571429
CUST09260,22,8,256884.75,5,5,4,14,Champions,32110.59375
CUST09261,25,4,288659.5,5,3,4,12,Potential Loyalists,72164.875
CUST09262,23,3,104792.9,5,2,2,9,Potential Loyalists,34930.96666666667
CUST09263,91,3,12533.8,4,2,1,7,Potential Loyalists,4177.933333333333
CUST09264,281,7,538867.85,2,5,5,12,At Risk,76981.12142857142
CUST09265,213,5,79873.8,2,4,2,8,Others,15974.76
CUST09266,123,7,132047.3,3,5,2,10,Loyal Customers,18863.899999999998
CUST09267,9,5,280272.9,5,4,4,13,Champions,56054.58
CUST09268,289,4,350415.8,2,3,5,10,At Risk,87603.95
CUST09269,133,4,323341.9,3,3,5,11,Others,80835.475
CUST09270,444,5,213564.30000000002,1,4,4,9,At Risk,42712.86
CUST09271,600,4,95571.40000000001,1,3,2,6,Others,23892.850000000002
CUST09272,87,10,503852.25,4,5,5,14,Champions,50385.225
CUST09273,15,7,204744.95,5,5,3,13,Loyal Customers,29249.278571428575
CUST09274,433,4,416305.8,1,3,5,9,At Risk,104076.45
CUST09275,619,2,120615.3,1,1,2,4,Lost Customers,60307.65
CUST09276,69,4,29424.15,4,3,1,8,Potential Loyalists,7356.0375
CUST09277,45,7,133067.3,4,5,2,11,Loyal Customers,19009.614285714284
CUST09278,226,2,5148.299999999999,2,1,1,4,Lost Customers,2574.1499999999996
CUST09279,20,5,408125.89999999997,5,4,5,14,Champions,81625.18
CUST09280,157,3,95174.69999999998,3,2,2,7,Others,31724.899999999994
CUST09281,120,5,189408.34999999998,3,4,3,10,Loyal Customers,37881.67
CUST09282,4,8,262277.55,5,5,4,14,Champions,32784.69375
CUST09283,167,8,228582.45,3,5,4,12,Loyal Customers,28572.80625
CUST09284,123,4,9763.5,3,3,1,7,Others,2440.875
CUST09285,270,3,228471.75,2,2,4,8,Lost Customers,76157.25
CUST09286,398,3,172431.69999999998,1,2,3,6,Lost Customers,57477.23333333333
CUST09287,74,5,253972.09999999998,4,4,4,12,Champions,50794.42
CUST09288,190,4,150988.0,2,3,3,8,At Risk,37747.0
CUST09289,392,3,54749.6,1,2,1,4,Lost Customers,18249.866666666665
CUST09290,237,7,289087.4,2,5,4,11,At Risk,41298.200000000004
CUST09291,120,7,238166.75,3,5,4,12,Loyal Customers,34023.82142857143
CUST09292,302,3,66652.1,1,2,1,4,Lost Customers,22217.36666666667
CUST09293,69,8,310701.2,4,5,4,13,Champions,38837.65
CUST09294,64,8,176473.5,4,5,3,12,Loyal Customers,22059.1875
CUST09295,301,7,148992.7,1,5,3,9,At Risk,21284.67142857143
CUST09296,212,4,212383.2,2,3,4,9,At Risk,53095.8
CUST09297,155,3,210993.35,3,2,4,9,Others,70331.11666666667
CUST09298,18,5,190388.75,5,4,3,12,Loyal Customers,38077.75
CUST09299,174,4,379714.8,2,3,5,10,At Risk,94928.7
CUST09300,78,5,312400.2,4,4,4,12,Champions,62480.04
CUST09302,188,4,107781.85,2,3,2,7,Others,26945.4625
CUST09303,193,5,296978.3,2,4,4,10,At Risk,59395.659999999996
CUST09304,30,6,96146.55,5,4,2,11,Loyal Customers,16024.425000000001
CUST09305,111,3,38021.65,3,2,1,6,Others,12673.883333333333
CUST09306,445,7,255651.15,1,5,4,10,At Risk,36521.59285714286
CUST09307,263,3,163074.44999999998,2,2,3,7,Lost Customers,54358.149999999994
CUST09308,266,3,252435.0,2,2,4,8,Lost Customers,84145.0
CUST09309,30,7,220884.95,5,5,4,14,Champions,31554.992857142857
CUST09310,156,4,133284.9,3,3,2,8,Others,33321.225
CUST09311,436,3,167391.2,1,2,3,6,Lost Customers,55797.06666666667
CUST09312,91,4,251873.15,4,3,4,11,Potential Loyalists,62968.2875
CUST09313,327,2,73577.3,1,1,1,3,Lost Customers,36788.65
CUST09314,26,6,247762.5,5,4,4,13,Champions,41293.75
CUST09315,25,8,105699.1,5,5,2,12,Loyal Customers,13212.3875
CUST09316,6,7,181146.9,5,5,3,13,Loyal Customers,25878.12857142857
CUST09317,256,6,184198.9,2,4,3,9,At Risk,30699.816666666666
CUST09318,585,3,53520.8,1,2,1,4,Lost Customers,17840.266666666666
CUST09319,55,4,93692.84999999999,4,3,2,9,Potential Loyalists,23423.212499999998
CUST09320,254,7,151686.45,2,5,3,10,At Risk,21669.492857142857
CUST09321,35,9,341362.0,5,5,5,15,Champions,37929.11111111111
CUST09322,20,4,187737.55000000002,5,3,3,11,Potential Loyalists,46934.387500000004
CUST09323,154,5,80273.8,3,4,2,9,Loyal Customers,16054.76
CUST09324,40,6,243450.8,5,4,4,13,Champions,40575.13333333333
CUST09325,57,4,144239.6,4,3,3,10,Potential Loyalists,36059.9
CUST09326,13,5,121942.95,5,4,2,11,Loyal Customers,24388.59
CUST09327,12,7,374574.6,5,5,5,15,Champions,53510.65714285714
CUST09328,40,8,237270.65000000002,5,5,4,14,Champions,29658.831250000003
CUST09329,41,10,163296.8,5,5,3,13,Loyal Customers,16329.679999999998
CUST09330,273,6,66385.6,2,4,1,7,Others,11064.266666666668
CUST09331,307,2,29041.8,1,1,1,3,Lost Customers,14520.9
CUST09332,60,11,388038.6,4,5,5,14,Champions,35276.23636363636
CUST09333,403,4,161840.8,1,3,3,7,At Risk,40460.2
CUST09334,41,8,441799.1,5,5,5,15,Champions,55224.8875
CUST09335,45,6,216346.25,4,4,4,12,Champions,36057.708333333336
CUST09336,33,5,494445.95,5,4,5,14,Champions,98889.19
CUST09337,597,1,1207.45,1,1,1,3,Lost Customers,1207.45
CUST09338,10,9,604603.7,5,5,5,15,Champions,67178.18888888888
CUST09339,66,4,55099.3,4,3,1,8,Potential Loyalists,13774.825
CUST09340,134,4,300895.25,3,3,4,10,Others,75223.8125
CUST09341,45,9,454061.05,4,5,5,14,Champions,50451.22777777778
CUST09342,278,2,69077.2,2,1,1,4,Lost Customers,34538.6
CUST09343,630,2,22882.0,1,1,1,3,Lost Customers,11441.0
CUST09344,210,4,123889.44999999998,2,3,2,7,Others,30972.362499999996
CUST09345,151,11,598605.75,3,5,5,13,Loyal Customers,54418.704545454544
CUST09346,70,7,345326.1,4,5,5,14,Champions,49332.299999999996
CUST09347,20,9,303838.4,5,5,4,14,Champions,33759.822222222225
CUST09348,23,8,285308.2,5,5,4,14,Champions,35663.525
CUST09349,99,7,339855.45,3,5,5,13,Loyal Customers,48550.77857142857
CUST09350,30,5,393942.8,5,4,5,14,Champions,78788.56
CUST09351,73,2,97819.35,4,1,2,7,Others,48909.675
CUST09352,213,3,122324.9,2,2,2,6,Lost Customers,40774.96666666667
CUST09353,409,3,56549.8,1,2,1,4,Lost Customers,18849.933333333334
CUST09354,285,1,16201.0,2,1,1,4,Lost Customers,16201.0
CUST09355,19,1,53461.25,5,1,1,7,Others,53461.25
CUST09356,537,3,44240.4,1,2,1,4,Lost Customers,14746.800000000001
CUST09357,295,6,348153.05000000005,1,4,5,10,At Risk,58025.50833333334
CUST09358,125,4,224787.9,3,3,4,10,Others,56196.975
CUST09359,10,5,157732.1,5,4,3,12,Loyal Customers,31546.420000000002
CUST09360,2,7,236755.09999999998,5,5,4,14,Champions,33822.15714285714
CUST09361,726,1,157092.0,1,1,3,5,Lost Customers,157092.0
CUST09362,108,4,443088.55,3,3,5,11,Others,110772.1375
CUST09363,39,7,437294.85,5,5,5,15,Champions,62470.69285714285
CUST09364,61,5,127459.59999999999,4,4,2,10,Loyal Customers,25491.92
CUST09365,304,4,138483.9,1,3,3,7,At Risk,34620.975
CUST09366,27,3,27433.5,5,2,1,8,Potential Loyalists,9144.5
CUST09367,348,3,104205.35,1,2,2,5,Lost Customers,34735.11666666667
CUST09368,258,9,536105.9,2,5,5,12,At Risk,59567.322222222225
CUST09369,57,4,230304.85,4,3,4,11,Potential Loyalists,57576.2125
CUST09370,259,4,103897.95000000001,2,3,2,7,Others,25974.487500000003
CUST09371,293,5,474158.7,1,4,5,10,At Risk,94831.74
CUST09372,8,6,345639.25,5,4,5,14,Champions,57606.541666666664
CUST09373,24,12,584657.05,5,5,5,15,Champions,48721.42083333334
CUST09374,35,6,79156.0,5,4,2,11,Loyal Customers,13192.666666666666
CUST09375,201,2,24760.0,2,1,1,4,Lost Customers,12380.0
CUST09376,149,5,279701.6,3,4,4,11,Loyal Customers,55940.31999999999
CUST09377,32,7,358566.25,5,5,5,15,Champions,51223.75
CUST09378,36,3,125932.5,5,2,2,9,Potential Loyalists,41977.5
CUST09379,270,3,80026.6,2,2,2,6,Lost Customers,26675.533333333336
CUST09380,367,5,203766.85,1,4,3,8,At Risk,40753.37
CUST09381,122,7,310014.55,3,5,4,12,Loyal Customers,44287.79285714286
CUST09382,98,5,357543.5,3,4,5,12,Loyal Customers,71508.7
CUST09383,97,6,336589.2,3,4,5,12,Loyal Customers,56098.200000000004
CUST09384,23,4,174388.5,5,3,3,11,Potential Loyalists,43597.125
CUST09385,445,6,150809.5,1,4,3,8,At Risk,25134.916666666668
CUST09386,76,9,401752.75,4,5,5,14,Champions,44639.194444444445
CUST09387,20,7,330980.35000000003,5,5,5,15,Champions,47282.90714285715
CUST09388,83,7,373738.0,4,5,5,14,Champions,53391.142857142855
CUST09389,11,3,136846.8,5,2,2,9,Potential Loyalists,45615.6
CUST09390,63,9,287666.39999999997,4,5,4,13,Champions,31962.93333333333
CUST09391,83,5,100403.75,4,4,2,10,Loyal Customers,20080.75
CUST09392,16,7,260117.25,5,5,4,14,Champions,37159.607142857145
CUST09393,217,4,283860.3,2,3,4,9,At Risk,70965.075
CUST09394,231,5,105004.0,2,4,2,8,Others,21000.8
CUST09395,454,3,17799.300000000003,1,2,1,4,Lost Customers,5933.100000000001
CUST09396,4,7,286492.35,5,5,4,14,Champions,40927.47857142857
CUST09397,179,8,374064.35,2,5,5,12,At Risk,46758.04375
CUST09398,313,3,117334.29999999999,1,2,2,5,Lost Customers,39111.43333333333
CUST09399,223,9,493512.4,2,5,5,12,At Risk,54834.711111111115
CUST09400,12,8,151939.35,5,5,3,13,Loyal Customers,18992.41875
CUST09401,140,8,522785.25,3,5,5,13,Loyal Customers,65348.15625
CUST09402,169,4,341183.55,3,3,5,11,Others,85295.8875
CUST09403,37,10,445462.9,5,5,5,15,Champions,44546.29
CUST09404,277,4,82814.6,2,3,2,7,Others,20703.65
CUST09405,15,5,195749.8,5,4,3,12,Loyal Customers,39149.96
CUST09406,619,1,26323.2,1,1,1,3,Lost Customers,26323.2
CUST09407,205,5,225665.1,2,4,4,10,At Risk,45133.020000000004
CUST09408,222,6,164562.19999999998,2,4,3,9,At Risk,27427.03333333333
CUST09409,6,4,45432.4,5,3,1,9,Potential Loyalists,11358.1
CUST09410,429,2,209945.45,1,1,4,6,Lost Customers,104972.725
CUST09411,104,8,519331.1,3,5,5,13,Loyal Customers,64916.3875
CUST09412,23,4,141151.9,5,3,3,11,Potential Loyalists,35287.975
CUST09413,67,6,122041.3,4,4,2,10,Loyal Customers,20340.216666666667
CUST09414,241,5,164322.3,2,4,3,9,At Risk,32864.46
CUST09415,221,3,46020.450000000004,2,2,1,5,Lost Customers,15340.150000000001
CUST09416,18,6,650991.65,5,4,5,14,Champions,108498.60833333334
CUST09417,42,10,634538.5,4,5,5,14,Champions,63453.85
CUST09418,755,4,278493.5,1,3,4,8,At Risk,69623.375
CUST09420,198,6,170465.05,2,4,3,9,At Risk,28410.841666666664
CUST09421,244,5,276179.25,2,4,4,10,At Risk,55235.85
CUST09422,5,4,72591.35,5,3,1,9,Potential Loyalists,18147.8375
CUST09423,49,4,367961.20000000007,4,3,5,12,Potential Loyalists,91990.30000000002
CUST09424,234,2,83562.9,2,1,2,5,Lost Customers,41781.45
CUST09425,31,5,95267.15,5,4,2,11,Loyal Customers,19053.43
CUST09426,25,6,199874.80000000002,5,4,3,12,Loyal Customers,33312.46666666667
CUST09427,55,3,195532.15,4,2,3,9,Potential Loyalists,65177.38333333333
CUST09428,135,4,461451.1,3,3,5,11,Others,115362.775
CUST09429,62,6,76247.45,4,4,2,10,Loyal Customers,12707.908333333333
CUST09430,18,8,325702.65,5,5,5,15,Champions,40712.83125
CUST09431,144,7,155042.35,3,5,3,11,Loyal Customers,22148.907142857144
CUST09432,107,5,157915.4,3,4,3,10,Loyal Customers,31583.079999999998
CUST09433,5,6,236948.75,5,4,4,13,Champions,39491.458333333336
CUST09434,54,7,210653.1,4,5,4,13,Champions,30093.3
CUST09435,322,4,61143.15,1,3,1,5,Others,15285.7875
CUST09436,47,3,426365.5,4,2,5,11,Potential Loyalists,142121.83333333334
CUST09437,60,4,138183.35,4,3,3,10,Potential Loyalists,34545.8375
CUST09438,116,4,169885.5,3,3,3,9,Others,42471.375
CUST09439,101,4,180092.0,3,3,3,9,Others,45023.0
CUST09440,534,2,287199.5,1,1,4,6,Lost Customers,143599.75
CUST09441,121,3,60820.5,3,2,1,6,Others,20273.5
CUST09442,305,4,113586.0,1,3,2,6,Others,28396.5
CUST09443,140,8,637461.35,3,5,5,13,Loyal Customers,79682.66875
CUST09444,58,4,105909.6,4,3,2,9,Potential Loyalists,26477.4
CUST09445,33,4,70719.7,5,3,1,9,Potential Loyalists,17679.925
CUST09446,348,4,66964.0,1,3,1,5,Others,16741.0
CUST09447,122,4,240242.2,3,3,4,10,Others,60060.55
CUST09448,89,4,295385.75,4,3,4,11,Potential Loyalists,73846.4375
CUST09449,149,8,540138.35,3,5,5,13,Loyal Customers,67517.29375
CUST09450,166,6,137497.25,3,4,2,9,Loyal Customers,22916.208333333332
CUST09451,7,4,71977.4,5,3,1,9,Potential Loyalists,17994.35
CUST09452,106,3,192399.90000000002,3,2,3,8,Others,64133.30000000001
CUST09453,43,4,140124.2,4,3,3,10,Potential Loyalists,35031.05
CUST09454,5,1,23597.0,5,1,1,7,Others,23597.0
CUST09455,152,4,59356.1,3,3,1,7,Others,14839.025
CUST09456,292,2,78668.05,2,1,2,5,Lost Customers,39334.025
CUST09457,318,2,63425.700000000004,1,1,1,3,Lost Customers,31712.850000000002
CUST09458,18,8,683359.1,5,5,5,15,Champions,85419.8875
CUST09459,28,8,591734.1,5,5,5,15,Champions,73966.7625
CUST09460,83,4,53665.1,4,3,1,8,Potential Loyalists,13416.275
CUST09461,72,5,125332.6,4,4,2,10,Loyal Customers,25066.52
CUST09462,140,7,164903.25,3,5,3,11,Loyal Customers,23557.60714285714
CUST09463,247,5,220880.9,2,4,4,10,At Risk,44176.18
CUST09464,152,7,197276.55,3,5,3,11,Loyal Customers,28182.364285714284
CUST09465,436,5,322965.9,1,4,5,10,At Risk,64593.18000000001
CUST09466,124,4,297611.75,3,3,4,10,Others,74402.9375
CUST09467,57,4,137158.7,4,3,2,9,Potential Loyalists,34289.675
CUST09468,304,5,148152.80000000002,1,4,3,8,At Risk,29630.560000000005
CUST09469,70,8,241605.8,4,5,4,13,Champions,30200.725
CUST09470,29,6,63272.100000000006,5,4,1,10,Loyal Customers,10545.35
CUST09471,70,5,81310.4,4,4,2,10,Loyal Customers,16262.079999999998
CUST09472,194,5,76822.7,2,4,2,8,Others,15364.539999999999
CUST09473,115,3,75627.0,3,2,2,7,Others,25209.0
CUST09474,5,3,4816.65,5,2,1,8,Potential Loyalists,1605.55
CUST09475,251,2,34188.5,2,1,1,4,Lost Customers,17094.25
CUST09476,366,3,388260.2,1,2,5,8,Lost Customers,129420.06666666667
CUST09477,501,2,96339.2,1,1,2,4,Lost Customers,48169.6
CUST09478,872,1,807.2,1,1,1,3,Lost Customers,807.2
CUST09479,145,7,63032.1,3,5,1,9,Loyal Customers,9004.585714285715
CUST09480,300,3,245528.25,1,2,4,7,Lost Customers,81842.75
CUST09481,163,7,219892.5,3,5,4,12,Loyal Customers,31413.214285714286
CUST09482,60,6,234990.9,4,4,4,12,Champions,39165.15
CUST09483,215,4,23646.75,2,3,1,6,Others,5911.6875
CUST09484,251,8,216054.69999999998,2,5,4,11,At Risk,27006.837499999998
CUST09485,83,12,1155267.95,4,5,5,14,Champions,96272.32916666666
CUST09486,77,3,103043.9,4,2,2,8,Potential Loyalists,34347.96666666667
CUST09487,64,7,336112.94999999995,4,5,5,14,Champions,48016.13571428571
CUST09488,160,5,218079.65,3,4,4,11,Loyal Customers,43615.93
CUST09489,425,3,57012.850000000006,1,2,1,4,Lost Customers,19004.283333333336
CUST09490,245,4,252474.1,2,3,4,9,At Risk,63118.525
CUST09491,110,4,145435.35,3,3,3,9,Others,36358.8375
CUST09492,44,4,337689.2,4,3,5,12,Potential Loyalists,84422.3
CUST09493,119,3,104545.3,3,2,2,7,Others,34848.433333333334
CUST09494,127,6,246127.45,3,4,4,11,Loyal Customers,41021.24166666667
CUST09495,641,1,24777.9,1,1,1,3,Lost Customers,24777.9
CUST09496,346,5,117266.45,1,4,2,7,Others,23453.29
CUST09497,644,4,191144.9,1,3,3,7,At Risk,47786.225
CUST09498,777,1,15876.8,1,1,1,3,Lost Customers,15876.8
CUST09499,210,3,83795.7,2,2,2,6,Lost Customers,27931.899999999998
CUST09500,146,4,245534.69999999998,3,3,4,10,Others,61383.674999999996
CUST09501,302,3,325579.45,1,2,5,8,Lost Customers,108526.48333333334
CUST09502,234,6,265501.75,2,4,4,10,At Risk,44250.291666666664
CUST09503,630,3,56863.9,1,2,1,4,Lost Customers,18954.633333333335
CUST09504,62,4,91408.3,4,3,2,9,Potential Loyalists,22852.075
CUST09505,184,5,160027.05,2,4,3,9,At Risk,32005.409999999996
CUST09506,34,4,80076.8,5,3,2,10,Potential Loyalists,20019.2
CUST09507,12,2,3437.5,5,1,1,7,Others,1718.75
CUST09508,231,6,295751.15,2,4,4,10,At Risk,49291.85833333334
CUST09509,357,5,309992.1,1,4,4,9,At Risk,61998.42
CUST09510,26,6,171325.95,5,4,3,12,Loyal Customers,28554.325
CUST09511,130,4,190325.4,3,3,3,9,Others,47581.35
CUST09512,203,4,267807.95,2,3,4,9,At Risk,66951.9875
CUST09513,363,3,94798.05,1,2,2,5,Lost Customers,31599.350000000002
CUST09514,257,6,291258.95,2,4,4,10,At Risk,48543.15833333333
CUST09515,508,4,252269.9,1,3,4,8,At Risk,63067.475
CUST09516,237,4,190709.3,2,3,3,8,At Risk,47677.325
CUST09517,25,10,902164.3,5,5,5,15,Champions,90216.43000000001
CUST09518,460,3,107313.09999999999,1,2,2,5,Lost Customers,35771.03333333333
CUST09519,250,4,229263.75,2,3,4,9,At Risk,57315.9375
CUST09520,130,5,209279.4,3,4,3,10,Loyal Customers,41855.88
CUST09521,143,5,338149.05,3,4,5,12,Loyal Customers,67629.81
CUST09522,228,5,82769.65,2,4,2,8,Others,16553.93
CUST09523,369,2,73573.6,1,1,1,3,Lost Customers,36786.8
CUST09524,42,4,214703.75,4,3,4,11,Potential Loyalists,53675.9375
CUST09525,445,6,131844.7,1,4,2,7,Others,21974.11666666667
CUST09526,50,6,313318.9,4,4,4,12,Champions,52219.81666666667
CUST09527,43,6,284435.6,4,4,4,12,Champions,47405.93333333333
CUST09528,652,3,128739.0,1,2,2,5,Lost Customers,42913.0
CUST09529,17,2,18416.7,5,1,1,7,Others,9208.35
CUST09530,65,8,134331.85,4,5,2,11,Loyal Customers,16791.48125
CUST09531,245,2,57981.6,2,1,1,4,Lost Customers,28990.8
CUST09532,452,5,162957.55,1,4,3,8,At Risk,32591.51
CUST09533,21,9,184911.65,5,5,3,13,Loyal Customers,20545.73888888889
CUST09534,5,5,428221.3,5,4,5,14,Champions,85644.26
CUST09535,91,7,334140.3,4,5,5,14,Champions,47734.32857142857
CUST09536,175,4,33991.85,2,3,1,6,Others,8497.9625
CUST09537,213,7,222030.4,2,5,4,11,At Risk,31718.62857142857
CUST09538,41,7,363234.05,5,5,5,15,Champions,51890.57857142857
CUST09539,498,4,308027.85,1,3,4,8,At Risk,77006.9625
CUST09540,111,7,262911.85,3,5,4,12,Loyal Customers,37558.83571428571
CUST09541,329,8,375198.55,1,5,5,11,At Risk,46899.81875
CUST09542,17,6,465023.3,5,4,5,14,Champions,77503.88333333333
CUST09543,327,6,123756.7,1,4,2,7,Others,20626.116666666665
CUST09544,182,5,587544.95,2,4,5,11,At Risk,117508.98999999999
CUST09545,172,4,94050.00000000001,2,3,2,7,Others,23512.500000000004
CUST09546,433,2,6997.4,1,1,1,3,Lost Customers,3498.7
CUST09547,41,4,261997.6,5,3,4,12,Potential Loyalists,65499.4
CUST09548,169,6,134026.35,3,4,2,9,Loyal Customers,22337.725000000002
CUST09549,792,1,11533.5,1,1,1,3,Lost Customers,11533.5
CUST09550,42,2,24658.8,4,1,1,6,Others,12329.4
CUST09551,377,5,210060.59999999998,1,4,4,9,At Risk,42012.119999999995
CUST09552,25,3,59271.4,5,2,1,8,Potential Loyalists,19757.133333333335
CUST09553,17,12,382023.85,5,5,5,15,Champions,31835.32083333333
CUST09554,200,6,96069.25,2,4,2,8,Others,16011.541666666666
CUST09555,223,6,527937.8999999999,2,4,5,11,At Risk,87989.64999999998
CUST09556,172,7,364654.10000000003,2,5,5,12,At Risk,52093.442857142865
CUST09557,236,4,93937.3,2,3,2,7,Others,23484.325
CUST09558,62,7,219379.4,4,5,4,13,Champions,31339.914285714283
CUST09559,107,3,91672.3,3,2,2,7,Others,30557.433333333334
CUST09560,191,2,135784.5,2,1,2,5,Lost Customers,67892.25
CUST09561,431,4,190653.2,1,3,3,7,At Risk,47663.3
CUST09562,76,3,267050.1,4,2,4,10,Potential Loyalists,89016.7
CUST09563,319,4,36588.85,1,3,1,5,Others,9147.2125
CUST09564,62,6,112308.8,4,4,2,10,Loyal Customers,18718.133333333335
CUST09565,260,4,703332.05,2,3,5,10,At Risk,175833.0125
CUST09566,225,4,142147.4,2,3,3,8,At Risk,35536.85
CUST09567,44,7,274191.44999999995,4,5,4,13,Champions,39170.207142857136
CUST09568,365,3,114876.8,1,2,2,5,Lost Customers,38292.26666666667
CUST09569,402,2,204263.0,1,1,3,5,Lost Customers,102131.5
CUST09570,317,2,8736.0,1,1,1,3,Lost Customers,4368.0
CUST09571,229,5,416942.85,2,4,5,11,At Risk,83388.56999999999
CUST09572,102,5,176977.3,3,4,3,10,Loyal Customers,35395.46
CUST09573,17,10,478112.05,5,5,5,15,Champions,47811.205
CUST09574,533,2,4230.4,1,1,1,3,Lost Customers,2115.2
CUST09575,201,5,410774.65,2,4,5,11,At Risk,82154.93000000001
CUST09576,198,7,373758.2,2,5,5,12,At Risk,53394.02857142857
CUST09577,224,3,39914.5,2,2,1,5,Lost Customers,13304.833333333334
CUST09578,167,5,321038.85000000003,3,4,5,12,Loyal Customers,64207.770000000004
CUST09579,123,7,371897.8,3,5,5,13,Loyal Customers,53128.25714285714
CUST09580,147,6,123316.40000000001,3,4,2,9,Loyal Customers,20552.733333333334
CUST09581,23,9,465504.0,5,5,5,15,Champions,51722.666666666664
CUST09582,261,1,8351.1,2,1,1,4,Lost Customers,8351.1
CUST09583,68,5,274792.15,4,4,4,12,Champions,54958.43000000001
CUST09584,151,3,37928.0,3,2,1,6,Others,12642.666666666666
CUST09585,45,9,230738.9,4,5,4,13,Champions,25637.655555555553
CUST09586,564,2,11258.8,1,1,1,3,Lost Customers,5629.4
CUST09587,14,7,484763.85000000003,5,5,5,15,Champions,69251.97857142858
CUST09588,220,7,646386.8,2,5,5,12,At Risk,92340.97142857143
CUST09589,685,2,16753.0,1,1,1,3,Lost Customers,8376.5
CUST09590,314,10,236604.2,1,5,4,10,At Risk,23660.420000000002
CUST09591,125,6,35193.35,3,4,1,8,Loyal Customers,5865.558333333333
CUST09592,34,4,28980.9,5,3,1,9,Potential Loyalists,7245.225
CUST09593,273,10,1136941.45,2,5,5,12,At Risk,113694.14499999999
CUST09594,45,2,80070.6,4,1,2,7,Others,40035.3
CUST09595,238,5,204303.9,2,4,3,9,At Risk,40860.78
CUST09596,281,10,230480.4,2,5,4,11,At Risk,23048.04
CUST09597,623,3,24720.3,1,2,1,4,Lost Customers,8240.1
CUST09598,27,6,167265.1,5,4,3,12,Loyal Customers,27877.516666666666
CUST09599,545,2,201686.15,1,1,3,5,Lost Customers,100843.075
CUST09600,9,6,296852.25,5,4,4,13,Champions,49475.375
CUST09601,110,4,48295.600000000006,3,3,1,7,Others,12073.900000000001
CUST09602,23,5,136964.45,5,4,2,11,Loyal Customers,27392.890000000003
CUST09603,238,4,18993.9,2,3,1,6,Others,4748.475
CUST09604,120,10,193803.7,3,5,3,11,Loyal Customers,19380.370000000003
CUST09605,122,6,246781.1,3,4,4,11,Loyal Customers,41130.183333333334
CUST09606,24,4,241376.85,5,3,4,12,Potential Loyalists,60344.2125
CUST09607,30,2,143181.1,5,1,3,9,Others,71590.55
CUST09608,326,2,34194.8,1,1,1,3,Lost Customers,17097.4
CUST09609,56,6,149477.6,4,4,3,11,Loyal Customers,24912.933333333334
CUST09610,102,3,254161.2,3,2,4,9,Others,84720.40000000001
CUST09611,44,1,8422.7,4,1,1,6,Others,8422.7
CUST09612,451,4,97873.8,1,3,2,6,Others,24468.45
CUST09613,157,6,101407.1,3,4,2,9,Loyal Customers,16901.183333333334
CUST09614,20,4,167746.3,5,3,3,11,Potential Loyalists,41936.575
CUST09615,2,8,456204.35,5,5,5,15,Champions,57025.54375
CUST09616,129,9,360991.05000000005,3,5,5,13,Loyal Customers,40110.11666666667
CUST09617,219,5,123765.09999999999,2,4,2,8,Others,24753.019999999997
CUST09618,7,6,316918.94999999995,5,4,4,13,Champions,52819.82499999999
CUST09619,113,7,413565.35000000003,3,5,5,13,Loyal Customers,59080.76428571429
CUST09620,404,3,81564.8,1,2,2,5,Lost Customers,27188.266666666666
CUST09621,540,6,257474.15,1,4,4,9,At Risk,42912.35833333333
CUST09622,485,3,224595.19999999998,1,2,4,7,Lost Customers,74865.06666666667
CUST09623,47,6,119969.55,4,4,2,10,Loyal Customers,19994.925
CUST09624,95,9,401085.35,3,5,5,13,Loyal Customers,44565.038888888885
CUST09625,39,9,132133.45,5,5,2,12,Loyal Customers,14681.494444444446
CUST09626,143,11,521920.8,3,5,5,13,Loyal Customers,47447.34545454545
CUST09627,26,10,454777.65,5,5,5,15,Champions,45477.765
CUST09628,82,7,390458.1,4,5,5,14,Champions,55779.72857142857
CUST09629,97,5,113455.25,3,4,2,9,Loyal Customers,22691.05
CUST09630,153,3,31578.05,3,2,1,6,Others,10526.016666666666
CUST09631,37,6,324282.2,5,4,5,14,Champions,54047.03333333333
CUST09632,38,5,369728.55000000005,5,4,5,14,Champions,73945.71
CUST09633,434,7,208269.25,1,5,3,9,At Risk,29752.75
CUST09634,46,4,112621.85,4,3,2,9,Potential Loyalists,28155.4625
CUST09635,41,10,787854.35,5,5,5,15,Champions,78785.435
CUST09636,4,5,99903.7,5,4,2,11,Loyal Customers,19980.739999999998
CUST09637,97,6,333576.8,3,4,5,12,Loyal Customers,55596.13333333333
CUST09638,524,6,397064.15,1,4,5,10,At Risk,66177.35833333334
CUST09639,154,2,350516.85,3,1,5,9,Others,175258.425
CUST09640,35,10,444191.1,5,5,5,15,Champions,44419.11
CUST09641,145,6,218122.1,3,4,4,11,Loyal Customers,36353.683333333334
CUST09642,104,3,78192.9,3,2,2,7,Others,26064.3
CUST09643,350,5,223336.25,1,4,4,9,At Risk,44667.25
CUST09644,348,3,72507.6,1,2,1,4,Lost Customers,24169.2
CUST09645,184,7,234444.5,2,5,4,11,At Risk,33492.07142857143
CUST09646,142,3,159342.25,3,2,3,8,Others,53114.083333333336
CUST09647,113,6,314364.5,3,4,4,11,Loyal Customers,52394.083333333336
CUST09648,83,4,291789.25,4,3,4,11,Potential Loyalists,72947.3125
CUST09649,374,6,196880.15,1,4,3,8,At Risk,32813.35833333333
CUST09650,31,1,15180.0,5,1,1,7,Others,15180.0
CUST09651,28,5,303907.3,5,4,4,13,Champions,60781.46
CUST09652,26,8,385807.55,5,5,5,15,Champions,48225.94375
CUST09653,17,9,560781.4,5,5,5,15,Champions,62309.044444444444
CUST09654,412,4,44029.9,1,3,1,5,Others,11007.475
CUST09655,453,3,32045.4,1,2,1,4,Lost Customers,10681.800000000001
CUST09656,386,3,68896.4,1,2,1,4,Lost Customers,22965.466666666664
CUST09657,29,2,9389.55,5,1,1,7,Others,4694.775
CUST09658,512,4,95358.5,1,3,2,6,Others,23839.625
CUST09659,281,4,35480.75,2,3,1,6,Others,8870.1875
CUST09660,66,4,39102.5,4,3,1,8,Potential Loyalists,9775.625
CUST09661,5,9,541714.9,5,5,5,15,Champions,60190.544444444444
CUST09662,337,6,134398.65,1,4,2,7,Others,22399.774999999998
CUST09663,16,5,116655.9,5,4,2,11,Loyal Customers,23331.18
CUST09664,118,4,243057.8,3,3,4,10,Others,60764.45
CUST09665,368,5,284579.15,1,4,4,9,At Risk,56915.83
CUST09666,24,4,177999.1,5,3,3,11,Potential Loyalists,44499.775
CUST09667,128,6,120703.3,3,4,2,9,Loyal Customers,20117.216666666667
CUST09668,11,8,70473.2,5,5,1,11,Loyal Customers,8809.15
CUST09669,78,6,222793.75,4,4,4,12,Champions,37132.291666666664
CUST09670,109,8,216299.6,3,5,4,12,Loyal Customers,27037.45
CUST09671,9,9,745368.35,5,5,5,15,Champions,82818.70555555556
CUST09672,311,7,213688.40000000002,1,5,4,10,At Risk,30526.91428571429
CUST09673,125,4,208960.84999999998,3,3,3,9,Others,52240.212499999994
CUST09674,182,3,55293.8,2,2,1,5,Lost Customers,18431.266666666666
CUST09675,179,5,201511.9,2,4,3,9,At Risk,40302.38
CUST09676,153,3,170736.4,3,2,3,8,Others,56912.13333333333
CUST09677,46,5,201685.05,4,4,3,11,Loyal Customers,40337.009999999995
CUST09678,153,3,88298.65000000001,3,2,2,7,Others,29432.883333333335
CUST09679,3,7,108709.15000000001,5,5,2,12,Loyal Customers,15529.878571428573
CUST09680,522,1,32069.15,1,1,1,3,Lost Customers,32069.15
CUST09681,102,6,257343.9,3,4,4,11,Loyal Customers,42890.65
CUST09682,74,8,236850.5,4,5,4,13,Champions,29606.3125
CUST09683,223,5,137612.3,2,4,3,9,At Risk,27522.46
CUST09684,160,3,39915.45,3,2,1,6,Others,13305.15
CUST09685,97,3,155582.1,3,2,3,8,Others,51860.700000000004
CUST09686,235,5,194290.45,2,4,3,9,At Risk,38858.090000000004
CUST09687,281,4,147903.25,2,3,3,8,At Risk,36975.8125
CUST09688,132,4,186784.3,3,3,3,9,Others,46696.075
CUST09689,565,1,32139.45,1,1,1,3,Lost Customers,32139.45
CUST09690,130,8,248707.1,3,5,4,12,Loyal Customers,31088.3875
CUST09691,36,6,196928.5,5,4,3,12,Loyal Customers,32821.416666666664
CUST09692,47,6,322458.1,4,4,5,13,Champions,53743.01666666666
CUST09693,198,6,380233.4,2,4,5,11,At Risk,63372.23333333334
CUST09694,57,3,19527.3,4,2,1,7,Potential Loyalists,6509.099999999999
CUST09695,426,5,275680.95,1,4,4,9,At Risk,55136.19
CUST09696,28,2,189967.0,5,1,3,9,Others,94983.5
CUST09697,27,7,85638.05,5,5,2,12,Loyal Customers,12234.007142857143
CUST09698,261,3,130655.0,2,2,2,6,Lost Customers,43551.666666666664
CUST09699,8,10,408767.25,5,5,5,15,Champions,40876.725
CUST09700,8,8,182534.6,5,5,3,13,Loyal Customers,22816.825
CUST09701,40,14,488545.2,5,5,5,15,Champions,34896.08571428571
CUST09702,199,8,242460.9,2,5,4,11,At Risk,30307.6125
CUST09703,206,4,176132.3,2,3,3,8,At Risk,44033.075
CUST09704,92,4,45749.45,4,3,1,8,Potential Loyalists,11437.3625
CUST09705,3,6,332594.05,5,4,5,14,Champions,55432.34166666667
CUST09706,18,7,165043.19999999998,5,5,3,13,Loyal Customers,23577.6
CUST09707,281,5,195776.05,2,4,3,9,At Risk,39155.21
CUST09708,79,3,53881.6,4,2,1,7,Potential Loyalists,17960.533333333333
CUST09709,173,3,113844.4,2,2,2,6,Lost Customers,37948.13333333333
CUST09710,17,5,83019.25,5,4,2,11,Loyal Customers,16603.85
CUST09711,57,5,112059.75,4,4,2,10,Loyal Customers,22411.95
CUST09713,21,3,233802.69999999998,5,2,4,11,Potential Loyalists,77934.23333333332
CUST09714,60,5,546728.85,4,4,5,13,Champions,109345.76999999999
CUST09715,17,6,643294.65,5,4,5,14,Champions,107215.77500000001
CUST09716,56,5,276997.35,4,4,4,12,Champions,55399.469999999994
CUST09717,422,3,46696.0,1,2,1,4,Lost Customers,15565.333333333334
CUST09718,30,2,79387.09999999999,5,1,2,8,Others,39693.549999999996
CUST09719,22,3,65880.75,5,2,1,8,Potential Loyalists,21960.25
CUST09720,93,4,65866.5,4,3,1,8,Potential Loyalists,16466.625
CUST09721,30,4,117550.65,5,3,2,10,Potential Loyalists,29387.6625
CUST09722,36,3,39045.75,5,2,1,8,Potential Loyalists,13015.25
CUST09723,65,13,525740.7,4,5,5,14,Champions,40441.592307692306
CUST09724,547,6,183154.4,1,4,3,8,At Risk,30525.733333333334
CUST09725,213,6,183873.69999999998,2,4,3,9,At Risk,30645.616666666665
CUST09726,57,4,214871.4,4,3,4,11,Potential Loyalists,53717.85
CUST09727,223,8,150399.5,2,5,3,10,At Risk,18799.9375
CUST09728,99,9,488374.95,3,5,5,13,Loyal Customers,54263.88333333333
CUST09729,15,8,122767.1,5,5,2,12,Loyal Customers,15345.8875
CUST09730,368,6,544680.25,1,4,5,10,At Risk,90780.04166666667
CUST09731,205,5,283176.0,2,4,4,10,At Risk,56635.2
CUST09732,136,6,108646.2,3,4,2,9,Loyal Customers,18107.7
CUST09733,29,5,199511.55,5,4,3,12,Loyal Customers,39902.31
CUST09734,26,2,26822.600000000002,5,1,1,7,Others,13411.300000000001
CUST09735,153,5,536679.0,3,4,5,12,Loyal Customers,107335.8
CUST09736,52,5,155262.45,4,4,3,11,Loyal Customers,31052.49
CUST09737,151,5,104378.1,3,4,2,9,Loyal Customers,20875.620000000003
CUST09738,130,5,127135.8,3,4,2,9,Loyal Customers,25427.16
CUST09739,285,3,77671.3,2,2,2,6,Lost Customers,25890.433333333334
CUST09740,77,6,128005.15000000001,4,4,2,10,Loyal Customers,21334.19166666667
CUST09741,390,5,303398.35,1,4,4,9,At Risk,60679.67
CUST09742,179,2,191029.84999999998,2,1,3,6,Lost Customers,95514.92499999999
CUST09743,341,3,163017.2,1,2,3,6,Lost Customers,54339.06666666667
CUST09745,636,5,125344.5,1,4,2,7,Others,25068.9
CUST09746,243,6,264182.7,2,4,4,10,At Risk,44030.450000000004
CUST09747,65,6,134532.2,4,4,2,10,Loyal Customers,22422.033333333336
CUST09748,10,5,186175.25,5,4,3,12,Loyal Customers,37235.05
CUST09749,196,5,176611.4,2,4,3,9,At Risk,35322.28
CUST09750,155,3,104014.0,3,2,2,7,Others,34671.333333333336
CUST09751,50,4,30847.4,4,3,1,8,Potential Loyalists,7711.85
CUST09752,40,7,416965.0,5,5,5,15,Champions,59566.42857142857
CUST09753,249,7,166164.5,2,5,3,10,At Risk,23737.785714285714
CUST09754,237,5,457607.25,2,4,5,11,At Risk,91521.45
CUST09755,88,1,61197.1,4,1,1,6,Others,61197.1
CUST09756,18,6,503562.2,5,4,5,14,Champions,83927.03333333334
CUST09757,326,3,134858.45,1,2,2,5,Lost Customers,44952.81666666667
CUST09758,322,6,354449.2,1,4,5,10,At Risk,59074.86666666667
CUST09759,39,5,203302.6,5,4,3,12,Loyal Customers,40660.520000000004
CUST09760,91,7,183441.9,4,5,3,12,Loyal Customers,26205.985714285714
CUST09761,219,2,3261.3500000000004,2,1,1,4,Lost Customers,1630.6750000000002
CUST09762,379,2,14984.4,1,1,1,3,Lost Customers,7492.2
CUST09763,395,3,103621.2,1,2,2,5,Lost Customers,34540.4
CUST09764,2,5,170591.59999999998,5,4,3,12,Loyal Customers,34118.31999999999
CUST09765,609,3,63901.850000000006,1,2,1,4,Lost Customers,21300.61666666667
CUST09766,274,4,109590.55,2,3,2,7,Others,27397.6375
CUST09767,555,1,172145.7,1,1,3,5,Lost Customers,172145.7
CUST09768,72,9,229305.25,4,5,4,13,Champions,25478.36111111111
CUST09769,384,4,126890.25,1,3,2,6,Others,31722.5625
CUST09770,192,6,333070.1,2,4,5,11,At Risk,55511.68333333333
CUST09772,317,3,386966.3,1,2,5,8,Lost Customers,128988.76666666666
CUST09773,177,4,162754.8,2,3,3,8,At Risk,40688.7
CUST09774,26,8,653183.85,5,5,5,15,Champions,81647.98125
CUST09775,143,5,74341.34999999999,3,4,1,8,Loyal Customers,14868.269999999999
CUST09776,204,5,279983.65,2,4,4,10,At Risk,55996.73
CUST09777,4,6,137968.25,5,4,3,12,Loyal Customers,22994.708333333332
CUST09778,84,10,125898.9,4,5,2,11,Loyal Customers,12589.89
CUST09779,31,10,516151.05,5,5,5,15,Champions,51615.104999999996
CUST09780,164,3,299801.8,3,2,4,9,Others,99933.93333333333
CUST09781,205,4,79260.2,2,3,2,7,Others,19815.05
CUST09782,80,6,154843.3,4,4,3,11,Loyal Customers,25807.216666666664
CUST09783,63,1,2455.65,4,1,1,6,Others,2455.65
CUST09784,291,6,165381.6,2,4,3,9,At Risk,27563.600000000002
CUST09785,439,4,125470.05,1,3,2,6,Others,31367.5125
CUST09786,127,2,68654.1,3,1,1,5,Others,34327.05
CUST09787,231,7,421445.0,2,5,5,12,At Risk,60206.42857142857
CUST09788,228,1,2915.55,2,1,1,4,Lost Customers,2915.55
CUST09789,45,3,93240.29999999999,4,2,2,8,Potential Loyalists,31080.099999999995
CUST09790,118,6,244882.45,3,4,4,11,Loyal Customers,40813.74166666667
CUST09791,213,4,340692.55000000005,2,3,5,10,At Risk,85173.13750000001
CUST09792,214,1,1452.0,2,1,1,4,Lost Customers,1452.0
CUST09793,65,8,408796.3,4,5,5,14,Champions,51099.5375
CUST09794,187,3,343774.5,2,2,5,9,Lost Customers,114591.5
CUST09795,86,4,249487.1,4,3,4,11,Potential Loyalists,62371.775
CUST09796,448,4,59280.9,1,3,1,5,Others,14820.225
CUST09797,15,4,43734.6,5,3,1,9,Potential Loyalists,10933.65
CUST09798,260,5,219840.15,2,4,4,10,At Risk,43968.03
CUST09799,313,3,25797.899999999998,1,2,1,4,Lost Customers,8599.3
CUST09800,182,3,35514.6,2,2,1,5,Lost Customers,11838.199999999999
CUST09801,22,4,312465.6,5,3,4,12,Potential Loyalists,78116.4
CUST09802,106,1,116871.6,3,1,2,6,Others,116871.6
CUST09803,339,6,393625.4,1,4,5,10,At Risk,65604.23333333334
CUST09804,109,4,63643.600000000006,3,3,1,7,Others,15910.900000000001
CUST09805,20,6,504035.4,5,4,5,14,Champions,84005.90000000001
CUST09806,56,2,82028.15000000001,4,1,2,7,Others,41014.075000000004
CUST09807,390,3,164720.85,1,2,3,6,Lost Customers,54906.950000000004
CUST09808,108,8,299459.05,3,5,4,12,Loyal Customers,37432.38125
CUST09809,56,6,178189.55,4,4,3,11,Loyal Customers,29698.25833333333
CUST09810,32,8,300310.14999999997,5,5,4,14,Champions,37538.768749999996
CUST09811,203,4,197460.84999999998,2,3,3,8,At Risk,49365.212499999994
CUST09812,230,3,26008.35,2,2,1,5,Lost Customers,8669.449999999999
CUST09813,386,6,247977.95,1,4,4,9,At Risk,41329.65833333333
CUST09814,96,3,39395.6,3,2,1,6,Others,13131.866666666667
CUST09815,147,3,64550.75,3,2,1,6,Others,21516.916666666668
CUST09816,73,6,100358.55,4,4,2,10,Loyal Customers,16726.425
CUST09817,14,6,313315.6,5,4,4,13,Champions,52219.26666666666
CUST09818,101,6,90704.45000000001,3,4,2,9,Loyal Customers,15117.408333333335
CUST09819,123,5,277949.8,3,4,4,11,Loyal Customers,55589.96
CUST09820,85,2,282769.2,4,1,4,9,Others,141384.6
CUST09821,351,2,72030.6,1,1,1,3,Lost Customers,36015.3
CUST09822,252,4,86988.45,2,3,2,7,Others,21747.1125
CUST09823,325,5,46507.7,1,4,1,6,Others,9301.539999999999
CUST09824,33,3,28451.2,5,2,1,8,Potential Loyalists,9483.733333333334
CUST09825,26,5,401312.75,5,4,5,14,Champions,80262.55
CUST09826,88,5,55862.35,4,4,1,9,Loyal Customers,11172.47
CUST09827,224,5,331553.15,2,4,5,11,At Risk,66310.63
CUST09828,624,3,83883.95,1,2,2,5,Lost Customers,27961.316666666666
CUST09829,369,5,393211.0,1,4,5,10,At Risk,78642.2
CUST09830,389,3,274984.3,1,2,4,7,Lost Customers,91661.43333333333
CUST09831,76,7,183884.6,4,5,3,12,Loyal Customers,26269.22857142857
CUST09832,56,3,125600.40000000001,4,2,2,8,Potential Loyalists,41866.8
CUST09833,98,9,350212.55,3,5,5,13,Loyal Customers,38912.50555555555
CUST09834,32,4,65273.55,5,3,1,9,Potential Loyalists,16318.3875
CUST09835,66,5,292898.75,4,4,4,12,Champions,58579.75
CUST09836,86,3,183089.2,4,2,3,9,Potential Loyalists,61029.73333333334
CUST09837,381,2,48036.6,1,1,1,3,Lost Customers,24018.3
CUST09838,53,6,394084.6,4,4,5,13,Champions,65680.76666666666
CUST09839,89,3,384151.79999999993,4,2,5,11,Potential Loyalists,128050.59999999998
CUST09840,548,3,244489.95,1,2,4,7,Lost Customers,81496.65000000001
CUST09841,2,8,173065.3,5,5,3,13,Loyal Customers,21633.1625
CUST09842,32,6,84301.7,5,4,2,11,Loyal Customers,14050.283333333333
CUST09843,218,6,99839.35,2,4,2,8,Others,16639.891666666666
CUST09844,509,3,258495.0,1,2,4,7,Lost Customers,86165.0
CUST09845,51,7,274973.7,4,5,4,13,Champions,39281.95714285714
CUST09846,165,3,85157.2,3,2,2,7,Others,28385.733333333334
CUST09847,62,5,176087.69999999998,4,4,3,11,Loyal Customers,35217.53999999999
CUST09848,121,7,150196.4,3,5,3,11,Loyal Customers,21456.62857142857
CUST09849,307,3,122601.1,1,2,2,5,Lost Customers,40867.03333333333
CUST09850,300,2,49258.6,1,1,1,3,Lost Customers,24629.3
CUST09851,39,4,86223.40000000001,5,3,2,10,Potential Loyalists,21555.850000000002
CUST09852,324,4,92766.65,1,3,2,6,Others,23191.6625
CUST09853,112,7,143499.95,3,5,3,11,Loyal Customers,20499.992857142857
CUST09854,151,6,151110.65,3,4,3,10,Loyal Customers,25185.108333333334
CUST09855,43,2,182001.6,4,1,3,8,Others,91000.8
CUST09856,59,6,80970.25,4,4,2,10,Loyal Customers,13495.041666666666
CUST09858,47,3,63307.5,4,2,1,7,Potential Loyalists,21102.5
CUST09859,145,8,341707.65,3,5,5,13,Loyal Customers,42713.45625
CUST09860,13,8,418252.25,5,5,5,15,Champions,52281.53125
CUST09861,229,6,314101.6,2,4,4,10,At Risk,52350.26666666666
CUST09862,114,10,606993.85,3,5,5,13,Loyal Customers,60699.384999999995
CUST09863,168,4,56222.0,3,3,1,7,Others,14055.5
CUST09864,93,7,235894.0,4,5,4,13,Champions,33699.142857142855
CUST09865,514,3,131042.9,1,2,2,5,Lost Customers,43680.96666666667
CUST09866,292,4,190996.6,2,3,3,8,At Risk,47749.15
CUST09867,81,5,150645.3,4,4,3,11,Loyal Customers,30129.059999999998
CUST09868,350,5,291558.45,1,4,4,9,At Risk,58311.69
CUST09869,507,3,174877.6,1,2,3,6,Lost Customers,58292.53333333333
CUST09870,55,7,485901.8,4,5,5,14,Champions,69414.54285714285
CUST09871,45,5,83786.35,4,4,2,10,Loyal Customers,16757.27
CUST09872,306,3,129253.5,1,2,2,5,Lost Customers,43084.5
CUST09873,94,4,132271.4,4,3,2,9,Potential Loyalists,33067.85
CUST09874,57,5,27359.35,4,4,1,9,Loyal Customers,5471.87
CUST09875,112,4,63083.0,3,3,1,7,Others,15770.75
CUST09876,145,7,332563.6,3,5,5,13,Loyal Customers,47509.08571428571
CUST09877,528,2,85223.0,1,1,2,4,Lost Customers,42611.5
CUST09878,67,2,99924.3,4,1,2,7,Others,49962.15
CUST09879,76,4,71569.95,4,3,1,8,Potential Loyalists,17892.4875
CUST09880,209,5,470600.2,2,4,5,11,At Risk,94120.04000000001
CUST09881,129,10,463566.25,3,5,5,13,Loyal Customers,46356.625
CUST09882,39,3,215127.75,5,2,4,11,Potential Loyalists,71709.25
CUST09883,411,4,502593.5,1,3,5,9,At Risk,125648.375
CUST09884,210,10,354501.45,2,5,5,12,At Risk,35450.145000000004
CUST09885,92,6,694482.5,4,4,5,13,Champions,115747.08333333333
CUST09886,54,8,91794.65000000001,4,5,2,11,Loyal Customers,11474.331250000001
CUST09887,118,4,346687.85,3,3,5,11,Others,86671.9625
CUST09888,256,5,203483.59999999998,2,4,3,9,At Risk,40696.719999999994
CUST09889,189,4,202887.05,2,3,3,8,At Risk,50721.7625
CUST09890,7,6,159770.0,5,4,3,12,Loyal Customers,26628.333333333332
CUST09891,442,3,38465.799999999996,1,2,1,4,Lost Customers,12821.933333333332
CUST09892,13,8,385786.4,5,5,5,15,Champions,48223.3
CUST09893,610,4,62422.0,1,3,1,5,Others,15605.5
CUST09894,220,10,567397.6,2,5,5,12,At Risk,56739.759999999995
CUST09895,133,7,245112.95,3,5,4,12,Loyal Customers,35016.135714285716
CUST09896,48,6,427613.89999999997,4,4,5,13,Champions,71268.98333333332
CUST09897,48,6,269586.85,4,4,4,12,Champions,44931.14166666666
CUST09898,269,9,331795.1,2,5,5,12,At Risk,36866.12222222222
CUST09899,122,4,114808.75,3,3,2,8,Others,28702.1875
CUST09900,35,5,254925.9,5,4,4,13,Champions,50985.18
CUST09901,114,5,155129.1,3,4,3,10,Loyal Customers,31025.82
CUST09902,126,2,54937.2,3,1,1,5,Others,27468.6
CUST09903,5,4,138187.94999999998,5,3,3,11,Potential Loyalists,34546.987499999996
CUST09904,102,4,108800.7,3,3,2,8,Others,27200.175
CUST09905,468,1,61122.4,1,1,1,3,Lost Customers,61122.4
CUST09906,140,5,192353.6,3,4,3,10,Loyal Customers,38470.72
CUST09907,395,4,164438.5,1,3,3,7,At Risk,41109.625
CUST09908,44,7,150597.15,4,5,3,12,Loyal Customers,21513.87857142857
CUST09909,246,4,108308.5,2,3,2,7,Others,27077.125
CUST09910,75,3,152893.3,4,2,3,9,Potential Loyalists,50964.43333333333
CUST09911,15,8,504399.1,5,5,5,15,Champions,63049.8875
CUST09912,226,3,30454.65,2,2,1,5,Lost Customers,10151.550000000001
CUST09913,169,7,177476.75,3,5,3,11,Loyal Customers,25353.821428571428
CUST09914,159,7,201030.6,3,5,3,11,Loyal Customers,28718.657142857144
CUST09915,253,6,147821.95,2,4,3,9,At Risk,24636.99166666667
CUST09916,637,2,41187.25,1,1,1,3,Lost Customers,20593.625
CUST09917,140,3,105646.65,3,2,2,7,Others,35215.549999999996
CUST09918,190,9,256380.55,2,5,4,11,At Risk,28486.727777777778
CUST09919,65,7,132806.25,4,5,2,11,Loyal Customers,18972.321428571428
CUST09920,5,3,231884.0,5,2,4,11,Potential Loyalists,77294.66666666667
CUST09921,80,4,134216.05,4,3,2,9,Potential Loyalists,33554.0125
CUST09922,6,4,121352.25,5,3,2,10,Potential Loyalists,30338.0625
CUST09923,197,6,134671.2,2,4,2,8,Others,22445.2
CUST09924,74,2,78677.55,4,1,2,7,Others,39338.775
CUST09925,81,8,155978.45,4,5,3,12,Loyal Customers,19497.30625
CUST09926,33,5,122824.35,5,4,2,11,Loyal Customers,24564.870000000003
CUST09927,203,5,193543.0,2,4,3,9,At Risk,38708.6
CUST09928,405,3,143660.05,1,2,3,6,Lost Customers,47886.68333333333
CUST09929,138,14,732488.0,3,5,5,13,Loyal Customers,52320.57142857143
CUST09930,3,6,114709.65,5,4,2,11,Loyal Customers,19118.274999999998
CUST09931,242,6,210672.45,2,4,4,10,At Risk,35112.075000000004
CUST09932,272,5,222629.6,2,4,4,10,At Risk,44525.92
CUST09933,347,2,53373.5,1,1,1,3,Lost Customers,26686.75
CUST09934,93,4,106283.35,4,3,2,9,Potential Loyalists,26570.8375
CUST09935,135,3,189993.24999999997,3,2,3,8,Others,63331.08333333332
CUST09936,162,3,115329.90000000001,3,2,2,7,Others,38443.3
CUST09937,110,7,144003.5,3,5,3,11,Loyal Customers,20571.928571428572
CUST09938,102,2,119214.40000000001,3,1,2,6,Others,59607.200000000004
CUST09939,6,5,184945.4,5,4,3,12,Loyal Customers,36989.08
CUST09940,69,4,36339.75,4,3,1,8,Potential Loyalists,9084.9375
CUST09941,425,5,149621.4,1,4,3,8,At Risk,29924.28
CUST09942,100,3,30328.55,3,2,1,6,Others,10109.516666666666
CUST09943,4,7,195139.25,5,5,3,13,Loyal Customers,27877.035714285714
CUST09944,126,6,295569.4,3,4,4,11,Loyal Customers,49261.56666666667
CUST09945,9,6,228769.85,5,4,4,13,Champions,38128.308333333334
CUST09946,227,2,6763.6,2,1,1,4,Lost Customers,3381.8
CUST09947,8,5,108147.9,5,4,2,11,Loyal Customers,21629.579999999998
CUST09948,10,3,284497.8,5,2,4,11,Potential Loyalists,94832.59999999999
CUST09949,17,5,195415.7,5,4,3,12,Loyal Customers,39083.14
CUST09950,92,5,451338.9,4,4,5,13,Champions,90267.78
CUST09951,296,7,252478.1,1,5,4,10,At Risk,36068.3
CUST09952,63,6,111526.0,4,4,2,10,Loyal Customers,18587.666666666668
CUST09953,288,3,56177.6,2,2,1,5,Lost Customers,18725.866666666665
CUST09954,90,4,61981.7,4,3,1,8,Potential Loyalists,15495.425
CUST09955,28,5,106741.8,5,4,2,11,Loyal Customers,21348.36
CUST09956,441,7,433737.9,1,5,5,11,At Risk,61962.55714285715
CUST09957,6,6,348174.4,5,4,5,14,Champions,58029.06666666667
CUST09958,325,4,95007.35,1,3,2,6,Others,23751.8375
CUST09959,30,10,629207.45,5,5,5,15,Champions,62920.744999999995
CUST09960,166,6,142965.5,3,4,3,10,Loyal Customers,23827.583333333332
CUST09961,69,4,78906.15,4,3,2,9,Potential Loyalists,19726.5375
CUST09962,42,6,505364.60000000003,4,4,5,13,Champions,84227.43333333333
CUST09963,273,5,67548.9,2,4,1,7,Others,13509.779999999999
CUST09964,256,5,146393.5,2,4,3,9,At Risk,29278.7
CUST09965,270,4,234864.3,2,3,4,9,At Risk,58716.075
CUST09966,146,7,277813.64999999997,3,5,4,12,Loyal Customers,39687.66428571428
CUST09967,17,2,71455.7,5,1,1,7,Others,35727.85
CUST09968,4,4,216307.95,5,3,4,12,Potential Loyalists,54076.9875
CUST09969,141,7,214659.65000000002,3,5,4,12,Loyal Customers,30665.66428571429
CUST09970,29,11,493685.95,5,5,5,15,Champions,44880.54090909091
CUST09971,34,7,229614.2,5,5,4,14,Champions,32802.02857142857
CUST09972,418,3,33822.6,1,2,1,4,Lost Customers,11274.199999999999
CUST09973,282,7,181786.15,2,5,3,10,At Risk,25969.45
CUST09974,807,1,6812.45,1,1,1,3,Lost Customers,6812.45
CUST09975,38,12,354985.45,5,5,5,15,Champions,29582.120833333334
CUST09976,35,7,151189.8,5,5,3,13,Loyal Customers,21598.542857142857
CUST09977,13,6,74877.0,5,4,1,10,Loyal Customers,12479.5
CUST09978,255,5,370275.65,2,4,5,11,At Risk,74055.13
CUST09979,608,2,69108.45,1,1,1,3,Lost Customers,34554.225
CUST09980,50,6,178691.3,4,4,3,11,Loyal Customers,29781.88333333333
CUST09981,37,11,363323.45,5,5,5,15,Champions,33029.40454545455
CUST09982,5,8,522694.95,5,5,5,15,Champions,65336.86875
CUST09983,118,4,137342.55,3,3,2,8,Others,34335.6375
CUST09984,457,3,88391.2,1,2,2,5,Lost Customers,29463.733333333334
CUST09985,93,5,489920.5,4,4,5,13,Champions,97984.1
CUST09986,105,4,115657.1,3,3,2,8,Others,28914.275
CUST09987,62,7,260069.3,4,5,4,13,Champions,37152.75714285714
CUST09988,232,5,104686.35,2,4,2,8,Others,20937.27
CUST09989,29,9,726405.85,5,5,5,15,Champions,80711.7611111111
CUST09990,420,6,127513.45,1,4,2,7,Others,21252.241666666665
CUST09991,4,6,321956.8,5,4,5,14,Champions,53659.46666666667
CUST09992,166,5,64183.2,3,4,1,8,Loyal Customers,12836.64
CUST09993,9,9,411624.95,5,5,5,15,Champions,45736.10555555556
CUST09994,48,7,308740.4,4,5,4,13,Champions,44105.77142857143
CUST09995,5,2,128032.55,5,1,2,8,Others,64016.275
CUST09996,3,9,208730.35,5,5,3,13,Loyal Customers,23192.26111111111
CUST09997,279,8,211496.44999999998,2,5,4,11,At Risk,26437.056249999998
CUST09998,40,7,142980.6,5,5,3,13,Loyal Customers,20425.8
CUST09999,5,5,66240.40000000001,5,4,1,10,Loyal Customers,13248.080000000002
CUST10000,202,4,183292.65,2,3,3,8,At Risk,45823.1625
